{"type": "FeatureCollection", "features": [{"type": "Feature", "geometry": {"type": "Polygon", "coordinates": [[[83.989797608, 27.56193332700002], [83.990820251, 27.561958220000008], [83.99196632600001, 27.562080143000003], [83.99230752099999, 27.562127549000024], [83.99311113499999, 27.56224041600001], [83.99336529099998, 27.562285558999974], [83.99381188699999, 27.562296861999982], [83.994260704, 27.562231441999984], [83.994902911, 27.562093819999973], [83.995740092, 27.56184563300002], [83.996508898, 27.561748624000018], [83.99695644299999, 27.561721557], [83.99793762399997, 27.561649366999973], [83.99972431999998, 27.561692255000025], [84.0, 27.56172158999999], [84.00070803099999, 27.561520759000018], [84.001443913, 27.561383106999983], [84.00236969299999, 27.56105138700002], [84.004599434, 27.559697427000003], [84.00501182699998, 27.559446939999987], [84.00596826499998, 27.558792514999993], [84.007061394, 27.55776800899997], [84.00781113400001, 27.557149685000013], [84.00894818900002, 27.555700936999983], [84.00932508300002, 27.55510519400002], [84.01013078199998, 27.554182224999977], [84.01122975200002, 27.552282159000015], [84.01192203900001, 27.550646131000008], [84.01259789599999, 27.549432068999977], [84.0131591, 27.547559111999988], [84.014311706, 27.545318280999993], [84.016241202, 27.543325568], [84.01691801999999, 27.542779411000026], [84.01728378600001, 27.542418323999982], [84.01841878200003, 27.54166675900001], [84.01887727000002, 27.541364325000018], [84.01941520000003, 27.541154394999978], [84.02033982799998, 27.540930867999975], [84.02086509399999, 27.540714164000008], [84.02174415399998, 27.540528995999978], [84.02334664099999, 27.540481349000004], [84.02380520600002, 27.540623432000018], [84.024084034, 27.540792622000026], [84.024556889, 27.541144556000006], [84.02471071899998, 27.541304740999976], [84.02511645099997, 27.541485189000014], [84.025751603, 27.541634003000013], [84.02612439199999, 27.541667781], [84.02614591100001, 27.541667776999986], [84.02702731300002, 27.542006085000025], [84.02749916900001, 27.54210302299998], [84.02808055499997, 27.542342097000017], [84.028389807, 27.54263989399999], [84.028944636, 27.54295794799998], [84.0292273, 27.543219645000022], [84.02947256599998, 27.543269236000015], [84.02969597499998, 27.54323082799999], [84.029960873, 27.543316518999973], [84.030952786, 27.543808221000006], [84.03204657499998, 27.54418481099998], [84.03237639299999, 27.544412641999998], [84.03329705300001, 27.544669666999994], [84.03380345599999, 27.544886169999984], [84.03426933100002, 27.545025959999975], [84.03534817600001, 27.545109180999987], [84.035873891, 27.545332441000028], [84.03678172500003, 27.545988849000025], [84.037081876, 27.546415249999995], [84.03709770699999, 27.546437810999976], [84.03726395000001, 27.546728856000016], [84.03792066, 27.547773443999972], [84.03817897599998, 27.547994511000013], [84.03912949, 27.548429753999983], [84.03978173299998, 27.548418286000015], [84.040247185, 27.548201527000003], [84.04041807700003, 27.548196964], [84.04059026499999, 27.548271379000028], [84.04163401, 27.549171418000014], [84.04166662099999, 27.549209769000015], [84.04201173000001, 27.54961132400001], [84.04282788199998, 27.55033315899999], [84.04381157400002, 27.551336999], [84.04419095899999, 27.551941623999994], [84.045064863, 27.55373301200001], [84.04539988300002, 27.554163895999977], [84.04582944999999, 27.55514985000002], [84.04626009399999, 27.55566644800001], [84.046438862, 27.556295954000007], [84.04678273399998, 27.556672676000005], [84.04764252299998, 27.55711240300002], [84.04851042799999, 27.557274570999994], [84.04995258000002, 27.557698284000026], [84.050493507, 27.55777029699999], [84.05091197899998, 27.557903278000026], [84.05176247399999, 27.55803835400002], [84.05267063600002, 27.55830202499999], [84.05309426100001, 27.55861100499999], [84.05334604799998, 27.558960667000008], [84.05419104999999, 27.56077908499998], [84.05430192199998, 27.560968589000026], [84.054371602, 27.561067847999993], [84.05443684599999, 27.561155826000004], [84.05449419000001, 27.561268628999983], [84.05487232000002, 27.561710756000025], [84.055169928, 27.56188890200002], [84.05568056999999, 27.562107578999985], [84.05634688499998, 27.562224648999972], [84.05662862600002, 27.56231479500002], [84.05722661599998, 27.56250860900002], [84.05834323599998, 27.563042936999977], [84.05876364300002, 27.56318943299999], [84.05983198000001, 27.563378522999983], [84.06012228999998, 27.56350250600002], [84.06056809400002, 27.563775349000025], [84.06121854999998, 27.564377551000007], [84.061595856, 27.564975359000016], [84.062100902, 27.565329405], [84.062451603, 27.565322478999974], [84.06303232900001, 27.56516877400003], [84.06432361999998, 27.564439331000017], [84.06510081300002, 27.564145623], [84.066565534, 27.563950869999985], [84.06734088399998, 27.563763205999976], [84.06750069999998, 27.563724767999986], [84.06888194700002, 27.56368121600002], [84.07002321499999, 27.563547512000014], [84.07103636300002, 27.563524432999998], [84.072138053, 27.563374936000002], [84.073613534, 27.563211693000028], [84.07455426299998, 27.563285656000005], [84.075582499, 27.563113606], [84.07693569100002, 27.563252766999994], [84.07749180000002, 27.56324343199998], [84.07821334900001, 27.563098610999987], [84.07895198599999, 27.562951521000002], [84.07900134200003, 27.562924414999998], [84.07907126100002, 27.562881500999993], [84.08013086400001, 27.561897058], [84.08087843800001, 27.561434040999984], [84.08132032700001, 27.56149245199998], [84.08259154799998, 27.56123220400002], [84.08333315499999, 27.56085041199998], [84.08385708499998, 27.560579315999973], [84.084095945, 27.56044603700002], [84.08419971199999, 27.56038504899999], [84.08535601199998, 27.56011130600001], [84.086352912, 27.55999560800001], [84.08676237999998, 27.559882528000003], [84.087170463, 27.559620517999974], [84.08812879300001, 27.559170868000024], [84.08876264100002, 27.55903958800002], [84.08903343899999, 27.55888145900002], [84.089312855, 27.558813584000006], [84.09053406700002, 27.55784024000002], [84.09122668700002, 27.557221503999983], [84.091973935, 27.556841917999975], [84.09226902900002, 27.55660704500002], [84.09257624899999, 27.556491758999982], [84.09287040499999, 27.556272681999985], [84.09337754299997, 27.556035409000003], [84.09450397400002, 27.555702940000003], [84.09727200700002, 27.555335475999982], [84.09778664700002, 27.555364450000013], [84.09827620499999, 27.55530317900002], [84.099296455, 27.555173833000026], [84.10056680000002, 27.555121019000012], [84.101218636, 27.554973872999994], [84.10183591399999, 27.55476356700001], [84.10277187100002, 27.554868934000012], [84.10391459099998, 27.554737207000016], [84.10446185, 27.554788696000003], [84.10483011999997, 27.554991503999986], [84.105781492, 27.555654197000024], [84.106106979, 27.555793852000022], [84.10690125999997, 27.556655229], [84.10714006299997, 27.556826539999975], [84.10751589699998, 27.55730914200001], [84.10849190099998, 27.55820196000002], [84.10886618699999, 27.558388956999977], [84.10944142599999, 27.558548717000008], [84.10937895799998, 27.558749594999995], [84.10915935100002, 27.559115322000025], [84.10882912699998, 27.559964026999978], [84.10877764600002, 27.560074636000024], [84.10875685500002, 27.56017393899998], [84.10820906200001, 27.56154406500002], [84.10805488, 27.561823991999972], [84.10789754199999, 27.56243788400002], [84.10769939900001, 27.56340382100001], [84.1076888, 27.564218428000004], [84.10789232899998, 27.56552252900002], [84.10783953800001, 27.566240139], [84.10794876699998, 27.566269388000023], [84.10863186900002, 27.566636666000022], [84.10967362399998, 27.56703299200001], [84.11160940600001, 27.567891178000025], [84.11185536599999, 27.56790903199999], [84.112273459, 27.56787033500001], [84.11278115900001, 27.567860897000003], [84.11308655099998, 27.567806492999978], [84.11341306000003, 27.56766406700001], [84.11372211999998, 27.567483294], [84.114175848, 27.56731819800001], [84.11481166599998, 27.56724095200002], [84.11535640599999, 27.567240501000015], [84.11552264900001, 27.567303545000016], [84.115665476, 27.567375633999973], [84.11580800500002, 27.567463519], [84.11593281500001, 27.56755818800002], [84.11607507600002, 27.56769120299998], [84.11618479999998, 27.567887427000016], [84.116274756, 27.568246136000027], [84.11627372999999, 27.568474044000027], [84.11665633400003, 27.569297345999985], [84.116719332, 27.56960417800002], [84.116712802, 27.571210812999993], [84.11677556500001, 27.57159436500001], [84.11686064100002, 27.57182445699999], [84.11726472599997, 27.572591326999998], [84.1173923, 27.572895846999984], [84.11777541800001, 27.57358601200002], [84.11817755700002, 27.574887671], [84.11847593499999, 27.575654627000006], [84.118818552, 27.576344823], [84.11894721499999, 27.57647784699998], [84.11905422400002, 27.576784638999982], [84.119482801, 27.577628202000028], [84.11961095499998, 27.57816513900002], [84.11960972100002, 27.578778907000014], [84.11941563900001, 27.579334173000007], [84.11920024699998, 27.57950585200001], [84.118748762, 27.579734144999975], [84.118318547, 27.580021088000024], [84.11799566299999, 27.580325990000006], [84.11784443800002, 27.580707467000025], [84.11782237199998, 27.581091089999973], [84.11786480400002, 27.58139793800001], [84.11799310599997, 27.581781433999993], [84.11825041700001, 27.58231826100001], [84.11852816700002, 27.583313139999973], [84.11853737000001, 27.58333344099998], [84.11863509900002, 27.583543211999995], [84.118741881, 27.583926725000026], [84.118718355, 27.585305464999976], [84.118588504, 27.585842621999973], [84.11839476900002, 27.586147415000028], [84.11772726700002, 27.586892626000008], [84.11759771300001, 27.58712289800002], [84.11744655799998, 27.58758109500002], [84.11710220600003, 27.58796498999999], [84.11703768299998, 27.588021457000025], [84.11677947200002, 27.588136755999983], [84.11609147600001, 27.588383291000014], [84.115854534, 27.588554982000005], [84.115511196, 27.588706453999976], [84.11566054999997, 27.588936492000016], [84.11574605599998, 27.589263613000014], [84.11600348799999, 27.589608641999973], [84.11651791000003, 27.590472449000004], [84.11666750900002, 27.59093039200002], [84.11694602799997, 27.591449151000006], [84.11722499799998, 27.591794160000006], [84.117353525, 27.592080625999984], [84.117718104, 27.592542899000023], [84.118425221, 27.593864603999975], [84.118574959, 27.594439882000017], [84.11859610300002, 27.594670026000017], [84.11874597299999, 27.595071554000015], [84.11902348799998, 27.596107046999975], [84.119451906, 27.597027329000014], [84.119580122, 27.597600366999984], [84.119815421, 27.59823423900002], [84.11981522899998, 27.59834932000001], [84.11987968800003, 27.598520758000006], [84.11998689299998, 27.598694416], [84.120050784, 27.598924522999994], [84.12035086700001, 27.599441000000013], [84.120393525, 27.599653073000013], [84.12045796400002, 27.599804201999973], [84.12069390900001, 27.600151497000013], [84.12101571800002, 27.60055287199998], [84.12159456799998, 27.60147301500001], [84.121980893, 27.601799868], [84.122538771, 27.602356729999997], [84.12335479199999, 27.602990080999973], [84.123676435, 27.603508788], [84.12408407200002, 27.603910079000002], [84.12429892300003, 27.604065585], [84.12464231199999, 27.604487241000015], [84.12477099400002, 27.60460220599998], [84.124999634, 27.604908883000007], [84.12528567300001, 27.605292228999986], [84.12537142500003, 27.605522312999994], [84.12537130499999, 27.605693807000023], [84.125456741, 27.605923890999975], [84.12547806700002, 27.606020901000022], [84.12560677300002, 27.606153918000018], [84.12571385299998, 27.606481012000017], [84.12594964099998, 27.606941122000023], [84.12616371500002, 27.60751633199999], [84.126334724, 27.60808932499998], [84.12637748600002, 27.608378116999972], [84.12659184500001, 27.608646443999987], [84.12666610100001, 27.608786278000025], [84.12698834999998, 27.609253077000005], [84.12728228200001, 27.609600306999994], [84.12799957599998, 27.610222437999994], [84.128359268, 27.610474833000012], [84.12853646600001, 27.610639392999985], [84.12854882800002, 27.61065066399999], [84.129461059, 27.611157526], [84.129925705, 27.611527154999976], [84.13041247500001, 27.611858402999985], [84.13117700499998, 27.612232258999995], [84.13203239299997, 27.61231945100002], [84.13237619199998, 27.612246916000004], [84.13263300400001, 27.612251184], [84.133319744, 27.612182830999984], [84.13357743699999, 27.61213068400002], [84.13400617000002, 27.612116732000004], [84.13426417599999, 27.61206232699999], [84.134950307, 27.61201427499998], [84.13529410299998, 27.61194173299998], [84.13640747699998, 27.611958695], [84.13760902899998, 27.611840170999983], [84.13803922400001, 27.611731432], [84.13872627400002, 27.611663052999972], [84.13934992200001, 27.611538321000012], [84.13962889499999, 27.611540296999976], [84.14005969800002, 27.611413500000026], [84.140146389, 27.611356999999998], [84.1403186, 27.611320722000016], [84.140561751, 27.611291142000027], [84.14091983200001, 27.611250161999976], [84.14135065400001, 27.611141411999995], [84.14160778000002, 27.611145663000002], [84.14186432000002, 27.611186018000012], [84.14229044500001, 27.611363843999982], [84.14284218900002, 27.611713033], [84.14318075199998, 27.61200377099999], [84.14366909400002, 27.61229435299998], [84.144302262, 27.612911973999985], [84.14461784100001, 27.613297504000002], [84.14504016199999, 27.613703230999988], [84.145566895, 27.614280339999993], [84.14596885700001, 27.61460936499998], [84.14605409299998, 27.61464989199999], [84.14649824700001, 27.615035282999997], [84.14694354900001, 27.615328155999975], [84.14738800200001, 27.615695490999997], [84.14780975999997, 27.61613957100002], [84.148507258, 27.616757102999998], [84.14886767399997, 27.617027495000002], [84.14912071700002, 27.61727995000001], [84.14920595199999, 27.61731821799998], [84.14931095399999, 27.617453494000017], [84.14964896700002, 27.617780320999998], [84.14988224799998, 27.617935766000016], [84.15032672500001, 27.618305349000025], [84.15055841499998, 27.618454025999995], [84.15083575, 27.618634242999974], [84.15106700000001, 27.618922822000002], [84.151151949, 27.618981398000017], [84.15153066900001, 27.61942551200002], [84.15184745300002, 27.61973430400002], [84.15218400399999, 27.620137845999977], [84.15281816100003, 27.620717065999997], [84.15383541199998, 27.621453812000027], [84.154090241, 27.621609225999975], [84.154771837, 27.621904067000003], [84.15492136699999, 27.621944516999974], [84.15537079900002, 27.62198688699999], [84.15554244399999, 27.62198895199998], [84.15631305199997, 27.622073832000012], [84.15776700499998, 27.622340708000024], [84.158280757, 27.622403303999988], [84.15913805899999, 27.622431657999982], [84.15956567199999, 27.622494347999975], [84.161189551, 27.622876072999986], [84.162895746, 27.62344948399999], [84.163494437, 27.623552577999988], [84.16375190600002, 27.62355452999998], [84.16469677200001, 27.623469922000027], [84.16521139600002, 27.62347607999999], [84.16555523900001, 27.623423770999977], [84.166498375, 27.623454233000018], [84.16666652999999, 27.623449517999973], [84.168042797, 27.623416266999982], [84.168213869, 27.62345667699998], [84.16855684699999, 27.623460772999977], [84.16944863700002, 27.623461943999985], [84.169586675, 27.623436954], [84.16984325200002, 27.623477256], [84.17035469000001, 27.62367519999998], [84.17082165099998, 27.623986020000018], [84.17101164899998, 27.62417984299998], [84.17141084999997, 27.624698341999988], [84.17168607100001, 27.62491236699998], [84.17178216500002, 27.625000251000017], [84.171929321, 27.625135457], [84.17222524599998, 27.625423920000003], [84.172603331, 27.626001109000015], [84.17275140999999, 27.626118261999977], [84.173025263, 27.626465419], [84.17321583799998, 27.626618622000024], [84.17374118599997, 27.62738968100001], [84.17431407200002, 27.62777707700002], [84.17456751399999, 27.628029484000024], [84.17464597700001, 27.629376503999993], [84.17427705, 27.631195690000027], [84.17421049900003, 27.63196974599998], [84.17450126400001, 27.632783969000002], [84.17450613199998, 27.632858426999974], [84.17459539499998, 27.634223484000017], [84.17464415199998, 27.634611537000012], [84.17496343599998, 27.635427979999974], [84.174957388, 27.635608504999993], [84.17517873100002, 27.636176858], [84.175523989, 27.637584463999985], [84.17604586700003, 27.638915123999993], [84.17621155900002, 27.63933687399998], [84.176552319, 27.639704246000008], [84.17691065499997, 27.639970054000003], [84.17731760599997, 27.640134257], [84.17776496099998, 27.64021266100002], [84.17824633499998, 27.640369996999993], [84.17915730499999, 27.640978071000006], [84.179974491, 27.641175583000006], [84.18031716000002, 27.641150316999983], [84.18072280199999, 27.641282921000027], [84.18133597299999, 27.641647669000008], [84.18137972699998, 27.641674690000002], [84.18194864100002, 27.641897336], [84.18338048300001, 27.642195560999994], [84.18439679800002, 27.64232283199999], [84.18522326800002, 27.642190855000024], [84.18676762899997, 27.64178036200002], [84.18710815100002, 27.64161066700001], [84.18788848600002, 27.640991337999992], [84.188315466, 27.641002042000025], [84.188855853, 27.641206646], [84.18903588400002, 27.641463638999994], [84.19002967199998, 27.644684525999992], [84.19051714400001, 27.645780503000026], [84.19093121600002, 27.646373385999993], [84.19188108200001, 27.647238560000005], [84.192373282, 27.647941898], [84.19248747699999, 27.64857806399999], [84.19256532999998, 27.649442184999998], [84.19259776799998, 27.650419192000015], [84.192510486, 27.650683320999974], [84.19257164800001, 27.651060067000003], [84.19254672900001, 27.651662579000003], [84.19259094799997, 27.651951345999976], [84.19267009599997, 27.65210693199998], [84.19240418700002, 27.652750395999988], [84.19239636499998, 27.652987336000024], [84.19284535899999, 27.65378324699998], [84.19362292800002, 27.654619313000012], [84.19392998400002, 27.65503633100002], [84.193936673, 27.65505662999999], [84.194735482, 27.655714398999976], [84.19595453599999, 27.656297107], [84.19653390600001, 27.656285004999972], [84.19730062299999, 27.656168836000006], [84.197887944, 27.656174768000028], [84.198356924, 27.65625533100001], [84.19922942099998, 27.656301465000013], [84.20081343999999, 27.656712114000015], [84.20113269000001, 27.65684929600002], [84.20212116599998, 27.657084786999974], [84.20261401699997, 27.65705022100002], [84.20323669300001, 27.65715762000002], [84.20383005000002, 27.656998795999982], [84.20415911600003, 27.657131443000026], [84.20450040399999, 27.657191865000016], [84.20582572799998, 27.65781720199999], [84.20613249500002, 27.658218396999985], [84.20636026300002, 27.658892741999978], [84.20672554800001, 27.659413442000016], [84.20696088599999, 27.659898231], [84.20734740199998, 27.660082683999974], [84.20761717900001, 27.66001458599999], [84.20763110899998, 27.66001005200002], [84.20833342100002, 27.659668271999976], [84.20948262399997, 27.659111449000022], [84.21147323500003, 27.658900831999972], [84.21197186500001, 27.65890458299998], [84.21250091299999, 27.65891054299999], [84.212758356, 27.658855992999975], [84.21292974199997, 27.658857985999987], [84.21310165199998, 27.658803566000017], [84.213358852, 27.65878737600002], [84.2140468, 27.65856518099997], [84.21481863399998, 27.658475984999995], [84.21661623099999, 27.658552164000014], [84.21755669800001, 27.658674797000003], [84.21764167200001, 27.658713024000008], [84.218239966, 27.658813624000004], [84.21875296899998, 27.658875996999996], [84.21909570499997, 27.658861915999978], [84.21953807, 27.658926654000027], [84.22046336800003, 27.659065086999988], [84.220675051, 27.65925654900002], [84.22084257799997, 27.65954511000001], [84.22104881000001, 27.660176592000028], [84.22114983900002, 27.66063449400002], [84.22133755499999, 27.661035845000015], [84.22209520400003, 27.662072607000027], [84.22260166299998, 27.662649450000004], [84.22338521199998, 27.663325128999986], [84.224383208, 27.663982405000013], [84.22557518600001, 27.664526534000004], [84.22591686700002, 27.664607210999975], [84.22625878600002, 27.664649526000005], [84.226772649, 27.664653198999986], [84.22720153099999, 27.664618648999976], [84.22754479600002, 27.664545879000002], [84.22788921, 27.664416695], [84.22840387000002, 27.664345898000022], [84.22924650800002, 27.66416624599998], [84.22952010300003, 27.664107124999987], [84.23063503200001, 27.664003733000015], [84.23140768500002, 27.663839979999977], [84.23157907799998, 27.663841950000005], [84.23209428400003, 27.663732777999996], [84.23252312099999, 27.663680161000002], [84.23346771000001, 27.66347774799999], [84.23398402100003, 27.663294103999988], [84.23441340300002, 27.663200862999986], [84.235015525, 27.662999017999994], [84.235616532, 27.662869380000018], [84.23613090600003, 27.662818861999995], [84.23690168899998, 27.662824316000012], [84.23715917099997, 27.662790029000007], [84.237758569, 27.662795770999992], [84.23861406399999, 27.662859738999998], [84.239895725, 27.66310122499999], [84.240580153, 27.663165476000017], [84.242032113, 27.66348336599998], [84.24271627299998, 27.663567914999987], [84.24314427899998, 27.663571677999983], [84.24382843500001, 27.66365396499998], [84.24564839599998, 27.663768087999983], [84.24596777599999, 27.66378782999999], [84.24767802000002, 27.663994634999995], [84.24810466299999, 27.664095412999984], [84.248445259, 27.66425049899999], [84.24878636199998, 27.664349171000026], [84.24938354, 27.664490254999976], [84.249844242, 27.66452101599998], [84.24999996999998, 27.664459810999972], [84.25012278100002, 27.664412202999983], [84.250507389, 27.66441602200001], [84.25069991800001, 27.664377313999978], [84.25159775399999, 27.664384713000004], [84.25230196899997, 27.664505281999993], [84.25268598399998, 27.664527147], [84.25339024099998, 27.664665762000027], [84.254671186, 27.664848443999972], [84.255246909, 27.665023388999998], [84.25652686299998, 27.665321135], [84.25671889400002, 27.66534108799999], [84.257486659, 27.665538232000017], [84.25863808000003, 27.665870043999973], [84.258893704, 27.665986902999975], [84.25927732100001, 27.666105777999974], [84.259532987, 27.666240688000016], [84.26004473, 27.66641573200002], [84.26023631700002, 27.666514656999993], [84.26073913900001, 27.666667151000013], [84.260811424, 27.666689580000025], [84.261193962, 27.66688517199998], [84.26151295099999, 27.667001905999996], [84.26204448300001, 27.667235574000017], [84.26293601999998, 27.667777692000016], [84.26350951400002, 27.668067685999972], [84.264339054, 27.668382011000006], [84.26478501000003, 27.668595523000022], [84.265488178, 27.668790489999992], [84.26689655400003, 27.668975070999977], [84.26740759400002, 27.669111729999997], [84.26753559399998, 27.66911373900001], [84.26785513499999, 27.669192097999996], [84.269712088, 27.66935773099999], [84.27041733700003, 27.669363126000007], [84.270609966, 27.66936500700001], [84.27138024499999, 27.66927549799999], [84.27285621200002, 27.669114648000004], [84.273625993, 27.66908153999998], [84.27398912000001, 27.669103387000007], [84.27424457400002, 27.669143497999983], [84.27460769999999, 27.66916534400002], [84.27556796099998, 27.669287542999996], [84.27601609099997, 27.669347576000007], [84.276399099, 27.669464147999975], [84.27697474399997, 27.669584848], [84.278380024, 27.67003557999999], [84.279272585, 27.670442202999993], [84.28010126100003, 27.67088956499998], [84.28035623099998, 27.67098607700001], [84.281565312, 27.67176210399998], [84.28188277700002, 27.672011924999993], [84.28251942100002, 27.67243709899998], [84.28340730999997, 27.673229558000003], [84.28429691100001, 27.67394303200001], [84.28487244500002, 27.674253240999974], [84.285576569, 27.674545131000002], [84.28578977900003, 27.674659770999995], [84.28615274399999, 27.674855332999982], [84.28692247700002, 27.675032002000023], [84.28724229699998, 27.675205086000005], [84.287498551, 27.675301581999975], [84.288588603, 27.675597168000024], [84.28916666800001, 27.675656887000002], [84.29025778699997, 27.675873481999986], [84.29062162500003, 27.675915592000024], [84.29081426699997, 27.675917443999992], [84.29166687399999, 27.676037500999996], [84.29209856400001, 27.676097516000027], [84.292806386, 27.67610053499999], [84.293513728, 27.67616221899999], [84.29409292000003, 27.67616776], [84.29499194200002, 27.676344109000013], [84.29556969599997, 27.676521138], [84.296019236, 27.67661946200002], [84.296254487, 27.676677627000004], [84.29655331800001, 27.676814632000003], [84.297644725, 27.677128195000023], [84.29873502499998, 27.677498162999996], [84.29931326399998, 27.677616506999982], [84.30046815999998, 27.677968270999997], [84.30059679700003, 27.677967991999992], [84.30085365399998, 27.67804640999998], [84.30136636100002, 27.67829801800002], [84.30213524499999, 27.678609990999973], [84.30254128600001, 27.678785108], [84.30305299600002, 27.679131482999992], [84.30375751700001, 27.679538358000002], [84.30471684899999, 27.68019513600001], [84.30490859999998, 27.68033010099998], [84.305420905, 27.680658413999993], [84.305889014, 27.681043235000004], [84.30644184200003, 27.681583561000025], [84.306570007, 27.681639689000008], [84.306953099, 27.681986333999987], [84.30733714600001, 27.682220153000003], [84.30772081999999, 27.682546487000025], [84.30932112400001, 27.683513197000025], [84.31021588599998, 27.684170079000012], [84.31079280799997, 27.684477920000006], [84.31082899299997, 27.684500403000015], [84.311304516, 27.684806212000012], [84.31258629899997, 27.68539000300001], [84.31316213299999, 27.685756502999993], [84.31393131599998, 27.686142871000015], [84.31406002099999, 27.686162888000013], [84.31450867199999, 27.686373976000027], [84.315793203, 27.68679977900001], [84.31630650800003, 27.687012970000012], [84.316334412, 27.687019675999977], [84.31849141200001, 27.687594639999986], [84.318812423, 27.687711236999974], [84.31894066000001, 27.687787661000016], [84.31926161899997, 27.687886205999973], [84.32041601700001, 27.688443139000015], [84.32144422599998, 27.68875440300002], [84.321828842, 27.68894756399999], [84.322278041, 27.689120265999975], [84.32375489100002, 27.68962452300002], [84.324141075, 27.68970259500003], [84.324977693, 27.68972545600002], [84.32536509699997, 27.68957336400001], [84.32562443, 27.68940352200002], [84.32588173699997, 27.68940517300001], [84.32616059100002, 27.689406772999973], [84.32620368599999, 27.68940667200002], [84.326237704, 27.689400732000024], [84.326740825, 27.689312891999975], [84.32706416299999, 27.689142894999975], [84.327580738, 27.688954389000003], [84.328356982, 27.688499005999972], [84.32848655999999, 27.688385876999973], [84.32863716000003, 27.688308800000016], [84.32889694900001, 27.688082538999993], [84.32906909600001, 27.688005411000006], [84.329674507, 27.68743534700002], [84.330108171, 27.68686568999999], [84.33012396499998, 27.68682960199999], [84.330283146, 27.686465881999993], [84.33026482700001, 27.686064278999993], [84.32999088999998, 27.685376715000018], [84.32969327199999, 27.68503218799998], [84.32937364499998, 27.684744122999973], [84.32911715699998, 27.684589038000013], [84.328860211, 27.684492621000004], [84.32858310799998, 27.684224760999996], [84.32836983599998, 27.684110187999977], [84.32740941999998, 27.683361063999996], [84.32674777300002, 27.68291810599999], [84.32640528299999, 27.682821886], [84.32606325299997, 27.682666997000013], [84.32546469200003, 27.682338963000007], [84.325230234, 27.682129664], [84.32506980099998, 27.681725608000022], [84.324956332, 27.681439833000013], [84.32478450999997, 27.680970730000013], [84.32476722899997, 27.68092354999999], [84.324791156, 27.680657232999977], [84.324943668, 27.68037256299999], [84.32518450700002, 27.679742449000003], [84.32518868699998, 27.67922796900001], [84.32516754800002, 27.67915129900001], [84.32499575600002, 27.67892803799998], [84.32482785299999, 27.67870983199998], [84.32459473699998, 27.678308730000026], [84.32436068999999, 27.678020452999988], [84.32414912299998, 27.677619300000003], [84.32391850200003, 27.676988032999986], [84.32383325, 27.67687315400002], [84.32380508900002, 27.676796524999986], [84.32374956799998, 27.676645447999988], [84.32366710100001, 27.676185325000006], [84.32350428400002, 27.675672888999998], [84.32337480400003, 27.67526537499998], [84.32335016000002, 27.675154340999995], [84.32320912099999, 27.674518877000025], [84.32310870700002, 27.673772225999983], [84.32311475300003, 27.67302758300002], [84.32284726799998, 27.671705926000016], [84.32263634600002, 27.67130251200001], [84.32215034500001, 27.670439422000015], [84.32180986999998, 27.670151386999976], [84.32159750400001, 27.66990141399998], [84.32125645100001, 27.66963142999998], [84.321082784, 27.669401859000004], [84.32102300600002, 27.66932283699998], [84.32058860199999, 27.668930090000003], [84.32032099100002, 27.668688142000008], [84.320214781, 27.668552999999974], [84.31991635999998, 27.66834158299997], [84.319660967, 27.668109758000014], [84.31944855699999, 27.667841728999974], [84.31910856100001, 27.667495019], [84.318831681, 27.667281292999974], [84.31861880600002, 27.667069675999983], [84.318512134, 27.666993202000015], [84.31825733, 27.666743321000013], [84.31818234100001, 27.666666772999974], [84.31808701800003, 27.666569965000008], [84.31770592599997, 27.666031546], [84.317026537, 27.665320063000024], [84.316876734, 27.665225634000024], [84.31668545999997, 27.665032015999998], [84.31568473499999, 27.664280642999984], [84.31491674699998, 27.663817559999984], [84.31453432699999, 27.66347093500002], [84.314448674, 27.66343051299998], [84.314171354, 27.663277703000006], [84.31376582000001, 27.663043949999974], [84.31316772999998, 27.662830939000003], [84.31248048200001, 27.662902439999982], [84.31136439400001, 27.663011004999987], [84.31016123699999, 27.663250630999983], [84.30964622099998, 27.663285628999972], [84.30913231199997, 27.663264212], [84.30861970900003, 27.663030682], [84.308277347, 27.662952468000015], [84.30793540600001, 27.662797533000003], [84.307530466, 27.662545709000028], [84.30659329100001, 27.661832488000016], [84.30640157200003, 27.661697525000022], [84.30544339699998, 27.660945982999976], [84.30503846900001, 27.660694150999973], [84.30452583700003, 27.660442554999975], [84.304269653, 27.66036414199999], [84.30418396300001, 27.660307918], [84.30350020700001, 27.660034128999996], [84.30255875, 27.659819567], [84.30213028700001, 27.659759577999978], [84.30153170300002, 27.659582621000027], [84.30110482600003, 27.659407545000022], [84.30078539800002, 27.65913746299998], [84.30057363499998, 27.658851352], [84.30053197799998, 27.658677694999994], [84.30053452200002, 27.658449787999984], [84.300472437, 27.658219762999977], [84.300262632, 27.657721541], [84.300092307, 27.657527854000023], [84.29983655699999, 27.657372711999983], [84.29874597999998, 27.657061418000012], [84.29836061100002, 27.65700132400002], [84.29806130200001, 27.656902683999988], [84.29754732100002, 27.65684286300001], [84.29703126999999, 27.65695453699999], [84.29668855699998, 27.656971065999983], [84.296171975, 27.657121097000015], [84.29582867699997, 27.657155676000002], [84.29548644599998, 27.657115789999978], [84.29514309899997, 27.65713231699999], [84.29462906499998, 27.657052178000015], [84.294457846, 27.656993872999976], [84.293857323, 27.65702899500002], [84.29351499, 27.656950744000028], [84.29317164399998, 27.65696726499999], [84.29287186200003, 27.656927283000016], [84.292273309, 27.656750285999976], [84.29192991500003, 27.656748752999988], [84.29166682699997, 27.656688382000027], [84.29141705, 27.65663023899998], [84.29124535099999, 27.656628344000012], [84.29111731799998, 27.65660830500002], [84.290861151, 27.656529866000028], [84.29073302500001, 27.656473722999976], [84.290454781, 27.656431434000012], [84.29019813600001, 27.65641166299997], [84.28987792800001, 27.656313049000005], [84.28953560100001, 27.656234788000006], [84.289279969, 27.656117986000027], [84.28893721100002, 27.65611644400002], [84.28863801300002, 27.656056143], [84.28838185000001, 27.655977699999994], [84.28825377200002, 27.655939606999993], [84.28808309200002, 27.65584293400002], [84.28748368599997, 27.655819356999984], [84.28727002, 27.655758875000004], [84.28701332499998, 27.655718791000027], [84.28652099599998, 27.65569724400001], [84.28643541500003, 27.655677113000024], [84.28598606700001, 27.655617115999974], [84.28538714400003, 27.65553486099998], [84.28487424500003, 27.655398272000014], [84.28393310199999, 27.655276097000012], [84.28333521100001, 27.655101317000003], [84.28188375600001, 27.654612367000027], [84.28162750299998, 27.654495552000014], [84.28128674200002, 27.654281878999996], [84.28094501300001, 27.65418554500002], [84.280668392, 27.654030408999972], [84.27957959999998, 27.653639983999994], [84.27900414300001, 27.653311700000017], [84.27859984100002, 27.653021428999978], [84.27845080999998, 27.65296306099998], [84.27813155400003, 27.652731286000005], [84.27794090600003, 27.652499252999974], [84.27762116600002, 27.652326146000007], [84.277430036, 27.652152779999994], [84.27715542700003, 27.651787782999975], [84.27709134399998, 27.651749551000023], [84.27658452999998, 27.650999160000026], [84.27631130200001, 27.65042430699998], [84.275679465, 27.649328922999985], [84.275340648, 27.648869278000006], [84.27500148299998, 27.648522454999977], [84.27489588499998, 27.64834891700002], [84.27436560400002, 27.64782872400002], [84.27394288300002, 27.647251903999972], [84.27375275100002, 27.64696570900003], [84.27324436800001, 27.646330388000024], [84.27286522999998, 27.645697068000004], [84.27257259800001, 27.644948496999973], [84.27223542399997, 27.644373760000008], [84.271580019, 27.64345215100002], [84.27101176100001, 27.642415287999995], [84.27084264000001, 27.642165149999983], [84.27069402799998, 27.642012001000012], [84.27023038099998, 27.641261500999974], [84.26999718799999, 27.640973127999985], [84.269786619, 27.640610245999994], [84.26970208099999, 27.640493074000005], [84.26938494799998, 27.640071730999978], [84.26919326199999, 27.639916406999987], [84.26904524000003, 27.639742946000013], [84.26898224600001, 27.639627987999972], [84.26879110599998, 27.63943655899999], [84.268642006, 27.639339819999975], [84.268303877, 27.638877897999976], [84.26794322799998, 27.638531100000023], [84.267347427, 27.63812608500001], [84.26709186099998, 27.63800924100002], [84.26666458199998, 27.63787241900002], [84.266322371, 27.63781215099999], [84.26615075000001, 27.637830533], [84.26435644899999, 27.63741651700002], [84.26410025500002, 27.637299669000015], [84.26339796000002, 27.63685422399999], [84.263079323, 27.63658405199999], [84.26265571200003, 27.636122279000006], [84.26227504399998, 27.635604010999998], [84.26204401000001, 27.63514412799998], [84.26170533200002, 27.634700242000008], [84.26106808600002, 27.634162146999984], [84.26025980999998, 27.633619855999996], [84.25991865999998, 27.633464799000024], [84.25940584699998, 27.633307806000005], [84.25863654, 27.633169341999974], [84.25820828799999, 27.633145318000004], [84.25795129199997, 27.633220259999973], [84.25760833200002, 27.633372081000005], [84.257092516, 27.633826589000023], [84.25666416500002, 27.634032720999983], [84.25644924099998, 27.634222662000013], [84.25627716899999, 27.634317752000015], [84.255849813, 27.634408800000017], [84.255422237, 27.634405075000018], [84.25422725300001, 27.63426285600002], [84.25371621400001, 27.63404942699998], [84.25348216700002, 27.63391446700001], [84.25261146100001, 27.633200752999983], [84.25142304600001, 27.632045342000026], [84.25104252699998, 27.63156314600002], [84.25083048300002, 27.631351422000023], [84.25047024399998, 27.63087144399998], [84.25032180599999, 27.630774683000027], [84.25015128400003, 27.630716323], [84.25000049200003, 27.630698542999994], [84.24995550900002, 27.630694111000025], [84.24956970699998, 27.630669984000008], [84.248118471, 27.630349911999986], [84.24760809499998, 27.630136459000028], [84.24726760099998, 27.62997911299999], [84.24694856299999, 27.62978562500001], [84.24654620500002, 27.629438843999992], [84.24614284199998, 27.629207142999974], [84.24578273600002, 27.628916695999976], [84.245612768, 27.628819969000006], [84.24489253000002, 27.628223277000018], [84.244450911, 27.627589985999975], [84.24409183199998, 27.62718670999999], [84.24350257600003, 27.626379927000016], [84.24314597400002, 27.62580515100001], [84.24279608199998, 27.625110769999992], [84.24313283499998, 27.625017664999973], [84.243128361, 27.624999620999972], [84.24309322599998, 27.62486429400002], [84.24205227200002, 27.624146298000028], [84.24102984799998, 27.623640371000022], [84.240136829, 27.623075544000017], [84.23988211300002, 27.622884183999986], [84.23973447700001, 27.62271069000002], [84.23963156000002, 27.622422039000014], [84.23963458700001, 27.622212182], [84.23963679100001, 27.62206099399998], [84.239473949, 27.62144751300002], [84.239283564, 27.62127409300001], [84.23898578199999, 27.621080549], [84.238326014, 27.620729674000017], [84.23781797200002, 27.620247658999972], [84.23765073800001, 27.619941064999978], [84.23761018900001, 27.619787694000024], [84.23754948700002, 27.619539584999984], [84.23744874099998, 27.619079435999993], [84.23734000899998, 27.617705426999976], [84.237261907, 27.617170774999977], [84.237199826, 27.617017440999973], [84.237202029, 27.616863996000006], [84.237269621, 27.616635976999987], [84.237272931, 27.61640806700001], [84.23727430899999, 27.616313291999973], [84.23717003000002, 27.616121669999984], [84.23648899900002, 27.615732460999993], [84.235976891, 27.615555071000017], [84.23578537600002, 27.615438059999974], [84.235593032, 27.61537746099998], [84.235400459, 27.61535748], [84.23463113499997, 27.615137647999973], [84.23418138599999, 27.615095533999977], [84.23353956900002, 27.614972509999973], [84.23296066199998, 27.614948661000028], [84.23186960999999, 27.614724840999997], [84.23110061800003, 27.614507245000027], [84.23058876099998, 27.614291474000026], [84.22943597300002, 27.613916553000024], [84.22917907499999, 27.61387410399999], [84.228535889, 27.613848087000008], [84.22731074799998, 27.614005796000015], [84.22653840200002, 27.613998032999973], [84.22621722399998, 27.613955684000018], [84.225640538, 27.613776105], [84.22506524800002, 27.61350400499998], [84.22353619799998, 27.612454956000022], [84.22334442699997, 27.612358235999977], [84.22300283300001, 27.612239192000004], [84.22268193999997, 27.612178782], [84.22248909500001, 27.612176835000014], [84.22229676799998, 27.612118474], [84.22184703099998, 27.612074065], [84.22114263999998, 27.611838257999977], [84.21992908099998, 27.611289605000024], [84.21941956500001, 27.610958708999988], [84.21858975800001, 27.610547081999982], [84.217003697, 27.609116703999973], [84.21660716299999, 27.608424582999987], [84.21635339400001, 27.60819256100001], [84.21609823199998, 27.608057570000028], [84.215329946, 27.607837629000016], [84.21475167400001, 27.607793394999987], [84.21443167000001, 27.607692348], [84.21423911400001, 27.607672336999997], [84.21402390399999, 27.607726824999986], [84.21350935200002, 27.607720847999985], [84.21331735000001, 27.607660217999978], [84.21312619000003, 27.607543174], [84.21295656500001, 27.60742835399998], [84.212386165, 27.606867362999992], [84.21204999499997, 27.606425607000006], [84.211799913, 27.605963409000026], [84.21149035500002, 27.60519667599999], [84.21128894499998, 27.604355313999974], [84.21128036900001, 27.603515915000003], [84.21110049499998, 27.602674519999994], [84.21111089099998, 27.60198627599999], [84.21080303299999, 27.601106714000025], [84.21068264000002, 27.600569853000025], [84.21043594100001, 27.599879741999985], [84.21034044999999, 27.59911719500002], [84.21017395400003, 27.598808308000002], [84.21003091699998, 27.59834820100002], [84.20986298999998, 27.598118294000017], [84.20946142100001, 27.59773078400002], [84.20924906800002, 27.597613766999984], [84.20899394100002, 27.59747876199998], [84.20843809399997, 27.59737579900002], [84.20833331300003, 27.597384982999984], [84.208244992, 27.59739188499998], [84.20798761700001, 27.597408066000014], [84.20762206900002, 27.597480820999976], [84.20614314400001, 27.597462715999995], [84.20537379500001, 27.597301388999995], [84.20409366899997, 27.596921930999997], [84.2035823, 27.596726366999974], [84.202622109, 27.596427659000028], [84.20166364900001, 27.596034169000006], [84.20159937800003, 27.59603426199999], [84.201279983, 27.59589482299998], [84.20096144000001, 27.595701227000006], [84.199747876, 27.595170446999987], [84.199493045, 27.595015115000024], [84.198917419, 27.594817369999987], [84.19815293300002, 27.594351370000027], [84.19758182800001, 27.593846729999996], [84.197540216, 27.593770069000016], [84.19730833300002, 27.593519927999978], [84.19701386999998, 27.593152539000016], [84.19678428700001, 27.592769261], [84.19665743799999, 27.592652102999978], [84.19623243199999, 27.592399978000003], [84.19578765799997, 27.592068901999994], [84.19530209599998, 27.59158669599998], [84.19521686399997, 27.591548455999998], [84.19502659699998, 27.591372717000013], [84.194712073, 27.590930886000024], [84.19401532799998, 27.590254914000013], [84.19386667700002, 27.590158093000014], [84.19354957600001, 27.589867448000007], [84.19314671299998, 27.589594974000022], [84.192765635, 27.589286363999975], [84.191301657, 27.58833163600002], [84.19104798799998, 27.588099566999972], [84.19072977100001, 27.587887894000005], [84.19011684700001, 27.58732686799999], [84.19001239200003, 27.587153261000026], [84.189930318, 27.586923211], [84.18988899599998, 27.586826238000015], [84.18935304899998, 27.586840509000012], [84.188321013, 27.587035970999978], [84.18812849699998, 27.587015923000024], [84.18774200600001, 27.587048036999988], [84.18626265500001, 27.587068080999984], [84.18529662100002, 27.58717091599999], [84.18471619000002, 27.587277744000005], [84.18400779299998, 27.587346379999985], [84.183362236, 27.587509700999988], [84.18233107399999, 27.58766901299998], [84.18220222100001, 27.587666925999997], [84.18213852500003, 27.58762864900001], [84.181881454, 27.587624473000005], [84.18136959200001, 27.58746493199999], [84.18105110800002, 27.587271289], [84.180629039, 27.586845360999973], [84.17966069599998, 27.585727397000028], [84.179196472, 27.58526315900002], [84.17890352500001, 27.584803211999997], [84.178758351, 27.584494258999996], [84.17853113000001, 27.58395750599999], [84.178429843, 27.583576289000007], [84.17843358599998, 27.583346122000023], [84.17842185400002, 27.583334853999986], [84.17837017699998, 27.58328753400002], [84.17829020800002, 27.581798349999985], [84.17798983300003, 27.58065018000002], [84.17784676100001, 27.580266758999983], [84.17751350399999, 27.579727882999975], [84.17721981099999, 27.579380758000013], [84.17688220899998, 27.579090099999974], [84.176526002, 27.578646022999976], [84.17640186099999, 27.578416018999974], [84.17632159800002, 27.57810923699998], [84.17643704400001, 27.577653278000014], [84.17644142400002, 27.577423109999984], [84.17638269100001, 27.577118557999995], [84.17629982199998, 27.576962965000007], [84.17619454300001, 27.576848016999975], [84.17593981700003, 27.576710692999995], [84.17562025799998, 27.57661181200001], [84.17536349800002, 27.576589571], [84.17485201599999, 27.57643000500002], [84.17453303100001, 27.57629276], [84.17415357200002, 27.575945735999994], [84.17392504899999, 27.575560161], [84.17363109000001, 27.57523107999998], [84.173376082, 27.575111804000016], [84.17286228400002, 27.575085366999986], [84.17215949400003, 27.574847051000006], [84.17171345999998, 27.574630979000005], [84.171332291, 27.57439677399998], [84.17120551900001, 27.574297644000012], [84.17108107799999, 27.574067635000006], [84.170748188, 27.573528742000008], [84.17051764000001, 27.573255989000018], [84.17022134299998, 27.573041984999975], [84.170009107, 27.572942958999988], [84.16943718300001, 27.572573592000026], [84.16912085799999, 27.57230094099998], [84.16897492599998, 27.572089007999978], [84.16881243900002, 27.571608571000013], [84.16864641799998, 27.571299631999977], [84.16820713099997, 27.570720245000018], [84.167826273, 27.57046797700002], [84.16693923399998, 27.569767275000004], [84.16666673700001, 27.569582568999977], [84.16662174599998, 27.569553288999998], [84.16601186399998, 27.568971841999996], [84.16580315099998, 27.568681002999995], [84.16548831699998, 27.568333876999986], [84.16526130699998, 27.56787156500002], [84.16503167899998, 27.567562697000028], [84.164803205, 27.56717710700002], [84.16415470499999, 27.566365534], [84.16400703099998, 27.566248370999972], [84.163818676, 27.566018429999986], [84.163296624, 27.565303733999997], [84.16290542399997, 27.564458005000006], [84.16284263699998, 27.564379100999986], [84.16270142500002, 27.563918940000008], [84.162724104, 27.563844448999987], [84.16292038, 27.563654672999974], [84.163999321, 27.563190820999978], [84.16434355299998, 27.563100153999983], [84.16503348100002, 27.562842095000008], [84.16572398199997, 27.56254567100001], [84.16615660299999, 27.562301451999986], [84.16658718100001, 27.562174572999993], [84.16666657500002, 27.562140629999988], [84.16693258499998, 27.562025229000028], [84.167794367, 27.561769206000008], [84.168119139, 27.561583781000024], [84.16820577700003, 27.561527263000016], [84.16838112200003, 27.56131945300001], [84.168557932, 27.561034919000008], [84.168893218, 27.560276326999997], [84.169051717, 27.559818064000012], [84.16918461900002, 27.559592252000016], [84.169445989, 27.559345974999985], [84.16953265500001, 27.559309765000023], [84.169598947, 27.559196858999996], [84.16970710300001, 27.55914031499998], [84.17003390299999, 27.558839799999987], [84.17029354700003, 27.558708604999993], [84.17066309900002, 27.558426089000022], [84.170835796, 27.558353668999985], [84.17116083799999, 27.558147926999993], [84.17150711199997, 27.557960209999976], [84.17167951900001, 27.55790584099998], [84.17191852600001, 27.557736308000017], [84.17312711099999, 27.557256429000006], [84.17355740699998, 27.557167889000027], [84.17424409699998, 27.55710159099999], [84.17450227199998, 27.557047110999974], [84.174673499, 27.55704915199999], [84.174931673, 27.556994670999984], [84.17621813400001, 27.55693663300002], [84.176560333, 27.55697907299998], [84.177498786, 27.557203527000013], [84.177927044, 27.55722780100001], [84.178951558, 27.557434084000022], [84.18271390000001, 27.557905310000024], [84.18296973000002, 27.55796589900001], [84.183224709, 27.558085157999983], [84.183736119, 27.558244693999995], [84.183820723, 27.558303250999984], [84.18484177599998, 27.55869904100001], [84.185012438, 27.558739430999992], [84.18543751300001, 27.558937436999997], [84.187565146, 27.559749178000004], [84.187735809, 27.559789565000017], [84.18799079799999, 27.559908813999982], [84.189013052, 27.560248159000025], [84.18960791900003, 27.560522642000024], [84.19045692999998, 27.560972780999975], [84.19147689699997, 27.56144298800001], [84.191815932, 27.561656888000016], [84.19266149700002, 27.562298820000024], [84.193145652, 27.562781039000015], [84.19344165000001, 27.562994994999997], [84.19388449799999, 27.563382495999974], [84.19401042300001, 27.563535762000015], [84.19436983000003, 27.56380829599999], [84.19557713, 27.56458735000001], [84.19600195999999, 27.56480111899998], [84.196700432, 27.565287536000028], [84.196974635, 27.565519567000024], [84.19737678500002, 27.56579203199999], [84.19792523400002, 27.566276399000003], [84.19856119399998, 27.566665865999994], [84.19904740300001, 27.567032978999976], [84.19913145599998, 27.56712988800001], [84.19949173100002, 27.567343739000023], [84.19983196300001, 27.567501204999985], [84.20025709499998, 27.567696908000016], [84.20093837600001, 27.567935112999976], [84.202468211, 27.568659484000023], [84.20323559799999, 27.56889755200001], [84.20434576399998, 27.569121573000018], [84.204943039, 27.569283160999987], [84.20605036299997, 27.56967641], [84.20826848399997, 27.570277843999975], [84.208333095, 27.570298055000023], [84.20869416800002, 27.570417108000015], [84.20954350300002, 27.570790407000004], [84.21000876699998, 27.57110110100001], [84.21070039799997, 27.571930443999975], [84.211352422, 27.572568042], [84.21181115000002, 27.573260086999994], [84.21187110199998, 27.573490158000027], [84.21216744600002, 27.573686021000015], [84.21242360600002, 27.573726247000025], [84.21276236800003, 27.573922042999982], [84.21301482000001, 27.574172126999997], [84.21316084, 27.574384013999975], [84.21335047299999, 27.574559728999986], [84.21373113300001, 27.57481187100001], [84.21407165099998, 27.57493094099999], [84.21432809599997, 27.574953110000024], [84.21492761100001, 27.57494090199998], [84.21527127799999, 27.57488847000002], [84.21561518800002, 27.574797676999992], [84.21587421999999, 27.574686706000023], [84.21664785299998, 27.57452303399998], [84.21716444499998, 27.574357503999977], [84.218971124, 27.573959780999985], [84.21940283700002, 27.573774066999988], [84.21981445300003, 27.573511662999977], [84.22005481399998, 27.573247272999993], [84.220318373, 27.572870019999982], [84.22038517700003, 27.572718728999973], [84.22058133299998, 27.57251082099998], [84.22091566, 27.57175210700001], [84.22116674, 27.57083782699999], [84.221278821, 27.570535278000023], [84.22134423, 27.570478761999993], [84.22207711700003, 27.57022035199998], [84.22250881000002, 27.570034627999974], [84.22276699000003, 27.569980058999988], [84.22319780800001, 27.569832695000002], [84.22362810800001, 27.56974174300001], [84.22440459299997, 27.569447147000005], [84.22483512600002, 27.56931782999999], [84.22613049099999, 27.568760629999986], [84.22662840999999, 27.568461962000015], [84.22701873900002, 27.568179262], [84.22736435799999, 27.568011716], [84.22771195799999, 27.567731342000002], [84.227928507, 27.56760011], [84.22838506699998, 27.567204473000004], [84.22884051599999, 27.566885558000024], [84.229596862, 27.56651198899999], [84.22974828299999, 27.56641922199998], [84.22998690200001, 27.566249589999984], [84.230140576, 27.566023685999994], [84.23047086600002, 27.565492861999985], [84.23060586000003, 27.56511354700001], [84.23072944500001, 27.564122740000016], [84.23104721099998, 27.563057145000016], [84.231073476, 27.562752475000025], [84.23103327500002, 27.5625991], [84.23076007600002, 27.562272361999987], [84.22999267699998, 27.562034444999995], [84.22967421999999, 27.561858965], [84.22944328199998, 27.56160887599998], [84.22936489799997, 27.561205092000023], [84.22916026899998, 27.560668383000007], [84.22859877899998, 27.559746400999984], [84.228454452, 27.559439753999982], [84.22837437499999, 27.55913300200001], [84.228321204, 27.558521579], [84.22839732599999, 27.557835478000015], [84.228506875, 27.557702165000023], [84.22887564500002, 27.557421751999982], [84.22969783799999, 27.556935248000002], [84.23028110899998, 27.556618372999992], [84.23183400599999, 27.55595012399999], [84.23260918199998, 27.555691588000002], [84.23329748200001, 27.555509914000027], [84.234412814, 27.555370390999997], [84.23535439699998, 27.555382338000015], [84.23680634700003, 27.555628087000002], [84.23740331800002, 27.555807587999993], [84.23757316500001, 27.555904327000007], [84.23772094100002, 27.55603946399998], [84.23799355599999, 27.556386497999995], [84.23805304199999, 27.556672972], [84.23805024699999, 27.556844469999987], [84.23795888699999, 27.557187613999986], [84.23769350200001, 27.55770029400003], [84.23760575900002, 27.557813269000007], [84.237388963, 27.557962567999994], [84.237279742, 27.558095888000025], [84.23723504200001, 27.55820878899999], [84.23725345100002, 27.558380251000017], [84.23735878000002, 27.558497408999983], [84.23757080899998, 27.55863243700003], [84.23818959599998, 27.558793845000025], [84.23912515, 27.559223229999986], [84.24035545800001, 27.559981546000017], [84.240860279, 27.560560592], [84.24133127900001, 27.56188208100002], [84.24145616999999, 27.562112027000012], [84.24168859500003, 27.562305681999987], [84.241987241, 27.562386396000022], [84.24267199799999, 27.562452896000025], [84.24335560999998, 27.562573551000014], [84.24420909100002, 27.56279318999998], [84.24549142299998, 27.563000784999986], [84.246257807, 27.563333390000025], [84.24694002199999, 27.56353300699999], [84.247280305, 27.56368809999998], [84.247872599, 27.56415413899998], [84.24810645000002, 27.56427105900002], [84.24836233000002, 27.564331528000025], [84.24921947500002, 27.564341275000004], [84.24947767499998, 27.564306964000025], [84.24999997999998, 27.564330847000008], [84.25030880000003, 27.564287417999992], [84.25056632000002, 27.564232797999978], [84.25067272000001, 27.564255171000013], [84.251093002, 27.56451165200002], [84.25134707900003, 27.564612735000026], [84.25245157299997, 27.564825099000018], [84.25304913299999, 27.564814985999988], [84.25338863000002, 27.564897857999995], [84.253558925, 27.56490206000001], [84.254073974, 27.564797321000015], [84.25433032000001, 27.56478331300002], [84.25467443899998, 27.564674371000024], [84.254930785, 27.564660361999984], [84.255144712, 27.564644172999976], [84.25565971100002, 27.56451912], [84.25583236, 27.564446594000003], [84.25600324099997, 27.564430484000013], [84.25634735800003, 27.564321538], [84.25677634499999, 27.564232742], [84.25763777100002, 27.563906212000006], [84.258152171, 27.563799201999984], [84.25875375999999, 27.563619819999985], [84.26021164000002, 27.563359857000023], [84.26046739200001, 27.563363890999995], [84.26089230399998, 27.56342853199999], [84.261149821, 27.56337614900002], [84.26192521500002, 27.563083602000006], [84.26244368099998, 27.562825383000018], [84.26295690299997, 27.56275897500001], [84.26372939800001, 27.56258150399998], [84.26417813699999, 27.562551316999986], [84.26443565099999, 27.562498928000025], [84.26546046200002, 27.562478922000025], [84.26588537399999, 27.562543548000008], [84.26682301400001, 27.562600418999978], [84.26716540000001, 27.56256817100001], [84.26767754000002, 27.56257846699998], [84.268868629, 27.562734121999995], [84.26903720299998, 27.56281277300002], [84.26928723600003, 27.563067272000012], [84.26937152099998, 27.563105468999993], [84.26971278500002, 27.56313188500002], [84.27031317799998, 27.562990816000024], [84.27065785899998, 27.562861525000017], [84.27134033200002, 27.562891784999977], [84.272197732, 27.56275246199999], [84.27322375900002, 27.562712087000023], [84.273481269, 27.562659682000003], [84.273739949, 27.562568912000017], [84.27399911600003, 27.562419472999977], [84.27425662500002, 27.56236706599998], [84.274687933, 27.562201490000007], [84.27537269499999, 27.562136952999992], [84.27554298199999, 27.56213887199999], [84.27573142799997, 27.562314504000028], [84.275900595, 27.562375094000004], [84.276242389, 27.562360876000014], [84.27692944799998, 27.562201553000023], [84.27701495500003, 27.56222169099999], [84.277271875, 27.562187332000008], [84.27761196300003, 27.562249834], [84.27786605799997, 27.562350869], [84.27812127099997, 27.562393230999987], [84.278965497, 27.562806733000002], [84.27926259399999, 27.562889627000004], [84.279388229, 27.563006712000004], [84.28006441500003, 27.56330320699999], [84.28108246099998, 27.563608034000026], [84.281848696, 27.56371479400002], [84.28189052699997, 27.563735017], [84.28227595800001, 27.56370264399999], [84.28278809599999, 27.563710628000024], [84.28330135599998, 27.563662196999985], [84.28373377499997, 27.563440178000008], [84.28414923899999, 27.563026390999994], [84.28423465100002, 27.563008164999985], [84.28436369299999, 27.56297179699999], [84.284513678, 27.56295569399998], [84.28460025700002, 27.562899104999985], [84.28484139300002, 27.562636856999973], [84.28499594700003, 27.562428942999986], [84.28521268600002, 27.562279569999987], [84.28538812699998, 27.562071613], [84.28577749200002, 27.56184967600001], [84.286208778, 27.56168406500001], [84.28706614999999, 27.561544649999973], [84.287649021, 27.561250100999985], [84.28807913700001, 27.56112284599999], [84.288337748, 27.561011742000005], [84.28857658700002, 27.560844266000004], [84.28892182599998, 27.56069687600001], [84.289265897, 27.560587849], [84.289783747, 27.560365633999993], [84.29055729800001, 27.560131599999977], [84.29081653700001, 27.56002048900001], [84.29101232199997, 27.559850842999992], [84.29166693399998, 27.55964412899999], [84.29308051999999, 27.55920113899998], [84.29368280699998, 27.55907801699999], [84.29462698399999, 27.558981245999973], [84.295311288, 27.558993332], [84.29556771799997, 27.559017607999976], [84.29599336899997, 27.559120500999995], [84.29658713499998, 27.559360679999998], [84.29675582800002, 27.559477657000002], [84.29694430199999, 27.559653260999994], [84.29715202699998, 27.559925851999992], [84.29733822600002, 27.56019623200001], [84.29758333799998, 27.56071695700001], [84.298019151, 27.561298196999985], [84.298059341, 27.561413191999975], [84.29849405300001, 27.562053101999993], [84.29889031800002, 27.56251934400001], [84.299351634, 27.562929032], [84.29997880399998, 27.563570777999985], [84.300166177, 27.56380279199999], [84.30054373500002, 27.564135936000014], [84.30090208899998, 27.564390144000015], [84.301071907, 27.564450701], [84.30153492800002, 27.56478365700002], [84.301874037, 27.564943131999996], [84.302128159, 27.565044121000028], [84.30272481999998, 27.56516918599999], [84.30400979000001, 27.565137046000018], [84.304608142, 27.565185378000024], [84.30512266199997, 27.56513686300002], [84.30606972700002, 27.564924926000003], [84.30649878899999, 27.564876593999998], [84.307353584, 27.564949169999977], [84.30812565899998, 27.564868482999998], [84.308815686, 27.564650328000027], [84.30967664000002, 27.56443630199999], [84.30993645900003, 27.564309358999992], [84.310367826, 27.56418203300001], [84.31062706099999, 27.564073141999984], [84.31119593900002, 27.563548363999985], [84.31139459600001, 27.563283909999996], [84.31152984099998, 27.56298123800002], [84.31178616300002, 27.562066785000013], [84.311921988, 27.561746058999972], [84.31219193999999, 27.56117681699999], [84.31254735200002, 27.560609639999996], [84.31272789899998, 27.560212091999972], [84.31279856399999, 27.559907307000003], [84.31302493999999, 27.55937652199998], [84.31325803800001, 27.558538838999993], [84.31356650700002, 27.55816356600002], [84.31382856300002, 27.557939582000017], [84.31426320999998, 27.55764074299998], [84.314358868, 27.557223077000003], [84.31432654100001, 27.55676282600001], [84.31446681199998, 27.556229976999987], [84.314965357, 27.555035164999993], [84.31532125899997, 27.554429617999972], [84.31560824000002, 27.554072442000006], [84.31610854000002, 27.553719291999982], [84.31643340400001, 27.553551572000003], [84.316585632, 27.553440658], [84.31710403199997, 27.553220596000017], [84.317189541, 27.55324071000001], [84.31737913900002, 27.553359870999998], [84.31771875700002, 27.55348094499999], [84.31786594300002, 27.553597946000025], [84.31828881199999, 27.55383390999998], [84.31845584799999, 27.554029841999977], [84.318792056, 27.554284053999993], [84.31887698499997, 27.554322220000017], [84.31909146200002, 27.554287880000004], [84.319308831, 27.554158760999997], [84.31952672099999, 27.55399127999999], [84.31987813799998, 27.55359558599997], [84.320518139, 27.552747926999984], [84.32173206499999, 27.552063663000013], [84.322077863, 27.551916189999986], [84.32229579699998, 27.551766756000006], [84.322901887, 27.55145395400001], [84.32393419300001, 27.551223645999983], [84.32496435500002, 27.551126468999996], [84.32530616600002, 27.551132438000025], [84.32590450999999, 27.551200988000005], [84.32692729600001, 27.551392643999975], [84.32828750800002, 27.551815913999974], [84.32888136399998, 27.552076263000004], [84.33021224100003, 27.552844826000012], [84.330549684, 27.553080955999974], [84.33126415700002, 27.55366594100002], [84.33160264000003, 27.553825345000007], [84.33198140100001, 27.554117784000027], [84.33204597100001, 27.554119886000024], [84.332342041, 27.554277133000028], [84.33251410600002, 27.55424287400001], [84.33266912800002, 27.55401459799998], [84.332883084, 27.554018598000027], [84.333333552, 27.55436953100002], [84.33378656100001, 27.554722712], [84.33498658899998, 27.55552764700002], [84.33549484299999, 27.555727247999982], [84.33648599100002, 27.556318308000016], [84.33669604300002, 27.556493805000002], [84.33694960100001, 27.55661278399998], [84.33796228400001, 27.557203781], [84.33960607099999, 27.55820616599999], [84.33977589900002, 27.558266676000017], [84.34061827, 27.55883550499999], [84.341375702, 27.55936392000001], [84.34171358399999, 27.559523300000023], [84.34238780200002, 27.559954886000014], [84.34297995499998, 27.560253537999984], [84.345190177, 27.56078736500001], [84.34559378799997, 27.560910467999975], [84.34601828199999, 27.56103126199997], [84.34644169500001, 27.561210725000024], [84.34678188100003, 27.56129336700002], [84.34712041, 27.56145273200002], [84.347629794, 27.561593617000028], [84.34796890199999, 27.561734925999986], [84.34873467699998, 27.561881933999985], [84.349497138, 27.56218013099999], [84.34983732900002, 27.562262765000014], [84.35017586499998, 27.562422121999987], [84.35043116999998, 27.562484659999996], [84.35068475399999, 27.56260361400001], [84.35110932499998, 27.562744699999996], [84.35203935200002, 27.563180105000015], [84.352461704, 27.563418221000006], [84.35315636799999, 27.56388806199999], [84.35330131699999, 27.564081751000003], [84.353447921, 27.564198714999975], [84.35348811099999, 27.564295641], [84.35386519100001, 27.564626384000007], [84.35422177599997, 27.56488271500001], [84.354807757, 27.565409235999994], [84.35547971800003, 27.56589943099999], [84.35600227600003, 27.566385492999984], [84.35678003100003, 27.566895719], [84.35724145500001, 27.56726685299998], [84.35772542900003, 27.567563463], [84.35818743300001, 27.56791654], [84.35885776800001, 27.568481186999975], [84.359023116, 27.568713177000006], [84.35919012199997, 27.568870699], [84.35933787900001, 27.568949293000003], [84.359641646, 27.568725115999996], [84.359940467, 27.568731110999977], [84.36023706600002, 27.56883188400002], [84.36170246500001, 27.569182344000012], [84.36195886500002, 27.569186188999993], [84.362299028, 27.569250739999973], [84.36306753500003, 27.56924422100002], [84.364094163, 27.569187379000027], [84.36495149699999, 27.569049740000025], [84.36572557800002, 27.568815287000007], [84.36613582000001, 27.568631432000018], [84.36620083499997, 27.568574849000015], [84.366458878, 27.56850196099998], [84.36669654299999, 27.568393023], [84.36693192299998, 27.568358553999985], [84.366955663, 27.568263719000015], [84.366448999, 27.568005561999996], [84.36636739300002, 27.567832027999998], [84.36641537999998, 27.567603996999992], [84.36645893399998, 27.567565521999995], [84.366720327, 27.567359493000026], [84.366916075, 27.567210047999993], [84.36710954400002, 27.56713732999998], [84.36734884999998, 27.566951666000023], [84.367693998, 27.566804081999976], [84.368625178, 27.56622846900001], [84.36931547400002, 27.565935549000017], [84.37000355200001, 27.565737404999993], [84.37060388700002, 27.565613955000003], [84.37128918399998, 27.565530892000027], [84.37282236200002, 27.565709561000006], [84.37299222000001, 27.56577003000001], [84.373226525, 27.565794222000022], [84.37384068699998, 27.566015961999994], [84.37418141, 27.56606017500002], [84.37469406500003, 27.566029458999992], [84.374845747, 27.56595684199999], [84.37497140599999, 27.56586398799999], [84.37499983100003, 27.565845858999978], [84.37520006300002, 27.565716699000006], [84.375372696, 27.565662078000003], [84.37561274799998, 27.565514758000006], [84.376248497, 27.565012099], [84.37685584100001, 27.564719368], [84.37729174700002, 27.564460945999997], [84.37845509200002, 27.563492009000015], [84.37904147, 27.563181272999998], [84.37917395199997, 27.563050035999993], [84.37984981599999, 27.562623971999983], [84.38002301199998, 27.562551290999977], [84.38015209100001, 27.56253514299999], [84.38030489800002, 27.56242415700001], [84.38045833899997, 27.562313168999992], [84.38123891200001, 27.561965789], [84.38141323899998, 27.561854743000026], [84.38193055400001, 27.56171341999999], [84.38219154799998, 27.56158634000002], [84.38307457399998, 27.56066777799998], [84.38375097900001, 27.560223640999993], [84.383837002, 27.560205352000025], [84.38399043599998, 27.560094360999983], [84.38468495699999, 27.559765249999998], [84.38494417700002, 27.55967652999999], [84.38568507000002, 27.559214154000017], [84.385858257, 27.559141464999982], [84.386600907, 27.558640718999982], [84.38713184900001, 27.558059325999977], [84.38748281099998, 27.55778080099998], [84.38776353899999, 27.557689759000027], [84.3878507, 27.557635360000006], [84.38810821300001, 27.55760305000001], [84.38862719899998, 27.557405286000005], [84.389744468, 27.557239691000007], [84.38991707999998, 27.557185050999976], [84.39068792, 27.557146782000018], [84.39119955000001, 27.557197241999972], [84.39162459099998, 27.557284046999996], [84.39238405499998, 27.557606838000027], [84.39280345100002, 27.557885456000008], [84.39307338499998, 27.558141932000012], [84.393857212, 27.559080662999975], [84.39443109500002, 27.559898137000005], [84.39464669699998, 27.560536108000008], [84.39462342500002, 27.561285323999982], [84.394696969, 27.562379507000003], [84.39475751600003, 27.562494415000003], [84.39514356500001, 27.563883307000026], [84.395204122, 27.564000470999986], [84.39553257799997, 27.565213520999976], [84.39578848299999, 27.565964198000017], [84.39601044599999, 27.566428399000017], [84.39646453799998, 27.567013787999997], [84.39698532300002, 27.567483904000028], [84.39742578900001, 27.56779855100001], [84.398162335, 27.568236453999987], [84.39851727299998, 27.568531034999978], [84.39874884, 27.56867027200002], [84.39911061800001, 27.568754979000005], [84.39945135800002, 27.568799129000013], [84.39979048800001, 27.568922260000022], [84.40081117599999, 27.569153991999997], [84.402005702, 27.56931526300002], [84.402433116, 27.569343359000015], [84.402774986, 27.569349138000007], [84.40354941499999, 27.56923181100001], [84.40457631599998, 27.56925590100002], [84.40500598, 27.569207264], [84.40646366300001, 27.569142080999995], [84.40723632700002, 27.569063099000005], [84.40749280199998, 27.56908716800001], [84.40792247399997, 27.569040776999998], [84.408178873, 27.569044537000025], [84.40835156999998, 27.56901018299999], [84.408951613, 27.568985853000015], [84.40938239799999, 27.568898837999996], [84.40981542999998, 27.568735095000022], [84.41007352700001, 27.568684690999987], [84.41059314900002, 27.568484587], [84.41085186999999, 27.56843192299999], [84.41128546300001, 27.568250122999984], [84.41197433899998, 27.56811269299999], [84.41232077199999, 27.567985303], [84.41300852199998, 27.567886231999978], [84.41352195899998, 27.567895986999986], [84.41438127700002, 27.567800911000006], [84.416666755, 27.567850486999987], [84.416863014, 27.567854410999985], [84.41780458, 27.567914764000022], [84.41797439499999, 27.56795712600001], [84.41883041800003, 27.567995165000013], [84.41942772599998, 27.568085877999977], [84.41994180400002, 27.56809786399998], [84.420366978, 27.56820263200001], [84.42062346099999, 27.568228933], [84.42147444400001, 27.568438462000017], [84.42190193599998, 27.568486807], [84.42198628599999, 27.568527167000013], [84.42283895600002, 27.568680271000005], [84.42343459599999, 27.56882964099998], [84.42437385800002, 27.568946367000024], [84.424887378, 27.56897638800001], [84.42548302199998, 27.569125749000023], [84.42633681900003, 27.569240467999975], [84.42659386100001, 27.569246448], [84.42693692799998, 27.569234112000004], [84.42736770800002, 27.569149298000013], [84.42749902399999, 27.569056379000017], [84.42763425099997, 27.568830315000014], [84.42771831099998, 27.568141834000016], [84.42770048800003, 27.567300224999997], [84.42774213199999, 27.56661187399999], [84.42768426700002, 27.56638189199998], [84.42756021500003, 27.566224320999993], [84.42743449900001, 27.566127680000022], [84.42724203300003, 27.566121501999987], [84.42704726099998, 27.56617399999999], [84.426851451, 27.566285169000025], [84.42672181900002, 27.56632166999998], [84.42614547599999, 27.566248975999997], [84.425884532, 27.566378395000015], [84.42555292600002, 27.566733677000002], [84.42542441199998, 27.56673181399998], [84.42536263400001, 27.566634975], [84.42547689700001, 27.56638866999998], [84.42557417900002, 27.566007028], [84.42556830900003, 27.565470005999998], [84.42562030800002, 27.565165223999998], [84.42580019299999, 27.564864562000025], [84.42642152600001, 27.56413156000002], [84.426648924, 27.563677310999992], [84.42739484600003, 27.563081566999983], [84.42777172400002, 27.56265167700002], [84.428271225, 27.561686624999993], [84.42900014999998, 27.560957793], [84.42946190499998, 27.56054568899998], [84.429811653, 27.560305422], [84.42994407200001, 27.56017413699999], [84.43072574500002, 27.559828732000028], [84.43127463000002, 27.559362195999995], [84.43180541599997, 27.558800942999994], [84.432305741, 27.55854440600001], [84.43280774099998, 27.558231449999994], [84.43367429099999, 27.557906073000026], [84.43453741899998, 27.557677730000023], [84.43523025500002, 27.557445401999985], [84.43557496, 27.557376626999996], [84.436348786, 27.55729747999999], [84.436862184, 27.557309405000012], [84.43711808400002, 27.55735372999999], [84.43720410600002, 27.557337663999988], [84.43771646099998, 27.557406001999993], [84.438226036, 27.55757137500001], [84.43864839700001, 27.557770867999977], [84.43904765299999, 27.558049408999977], [84.43938566899999, 27.558208550000018], [84.43999389099997, 27.55866468900001], [84.44009697400003, 27.55879975099998], [84.44065992399999, 27.559330493999994], [84.44082590800002, 27.559524023999984], [84.44117544800002, 27.56003062000002], [84.44121515400002, 27.56014557399999], [84.44148201899998, 27.560555404000013], [84.44220318999999, 27.561548214000027], [84.442427001, 27.561953666000022], [84.44285875700001, 27.56259538400002], [84.44295740799998, 27.56288615400001], [84.44314151600003, 27.563176650999992], [84.443441425, 27.56392935399998], [84.44364539600002, 27.56427845600001], [84.44381195300002, 27.564453927999978], [84.44402149400003, 27.564613468000005], [84.44440966399998, 27.56527337199998], [84.44476367700003, 27.565624248000006], [84.44523788200001, 27.566268078999997], [84.44572424, 27.567254850999973], [84.445847759, 27.56743045899998], [84.44592433100001, 27.567737093000005], [84.44609145800001, 27.567894508999984], [84.44642063700002, 27.56836279700002], [84.446879996, 27.568774253000015], [84.44704601500001, 27.56897003199998], [84.44784623200002, 27.56944808100002], [84.44849703800003, 27.569922096000028], [84.44862167500003, 27.57005933800002], [84.44870602600002, 27.57009742499997], [84.44893496200001, 27.570351666000022], [84.4490816, 27.57045047700001], [84.44972908800003, 27.571039575999976], [84.45001975600002, 27.571372591], [84.45119226000003, 27.572318758999984], [84.45137925799997, 27.572532516000024], [84.45213821300001, 27.572972314000026], [84.452730578, 27.573234391000028], [84.45307254599999, 27.573260354000013], [84.45333126399998, 27.573209867999992], [84.45365733199998, 27.573064389000024], [84.454311523, 27.57265834399999], [84.45483227300002, 27.572440019999988], [84.45543682800002, 27.572280087000024], [84.45561117900002, 27.572189256], [84.45612915999999, 27.572067963999984], [84.45716835500002, 27.571689975000027], [84.457599195, 27.57162311899998], [84.45811826900001, 27.571461198999998], [84.45833316, 27.571377000999973], [84.45872440199997, 27.571226782999986], [84.45907355999998, 27.57100449699999], [84.45933274599997, 27.570915637999974], [84.45959421700002, 27.570768102999978], [84.46037404600003, 27.570440589999976], [84.46088584099999, 27.570508843000027], [84.46173296400002, 27.570833216999972], [84.46249794599998, 27.571042780000028], [84.46292372699997, 27.571129364], [84.463351708, 27.571136963000015], [84.46378238099999, 27.57103172799998], [84.46395672300002, 27.570940887999996], [84.464241846, 27.570698494], [84.464501574, 27.570589315000007], [84.46510555600003, 27.57044965], [84.46570448599999, 27.57046343899998], [84.46638446200001, 27.570630392999988], [84.46681411200001, 27.570583820000024], [84.46707391299998, 27.570492688], [84.46768277500001, 27.570161197000004], [84.468141592, 27.56982795099998], [84.46848686099997, 27.569738785000027], [84.46861759400002, 27.569666138000002], [84.46858061, 27.569454155000017], [84.46860434899997, 27.569379611999977], [84.46866994599998, 27.569322978999992], [84.46886461600002, 27.56925011499999], [84.46963676299998, 27.56920914699998], [84.47032391800002, 27.56913010300002], [84.47041112300002, 27.56909370400001], [84.47135191799998, 27.569113080000022], [84.47297066099998, 27.56941671300001], [84.47347695100001, 27.569676738], [84.47364458800001, 27.569795758999987], [84.47447907499998, 27.570560107999995], [84.47464514500001, 27.57075585299998], [84.47520768800001, 27.571286454000017], [84.475501092, 27.571502070000008], [84.475935746, 27.572028593000027], [84.47624518399999, 27.572438207999994], [84.47646749799998, 27.57290227599998], [84.47700255699999, 27.573660867], [84.47720499600001, 27.57406633400001], [84.47774006700001, 27.574824921000015], [84.47790606199999, 27.575000353999997], [84.478337442, 27.575641959999984], [84.47856636799997, 27.575875843000006], [84.47893647000001, 27.576400321999984], [84.47928899099998, 27.576812037000025], [84.47969995099999, 27.57741309300002], [84.48063164899997, 27.578524560999995], [84.48088266500002, 27.57874031199998], [84.480985826, 27.57887759900001], [84.48148888399999, 27.579252683999982], [84.48157380800001, 27.57927269800001], [84.482247825, 27.5796517], [84.48334939799997, 27.580076597000016], [84.483497188, 27.580139262999978], [84.48373107999998, 27.580201629999976], [84.48509075300001, 27.58057597200002], [84.48602898799999, 27.580710334999992], [84.48670906699999, 27.580879444000004], [84.487821091, 27.58094097999998], [84.48850665600003, 27.58091826200001], [84.488785715, 27.580885690000002], [84.48895895599998, 27.580833181999992], [84.489218682, 27.580723956999975], [84.48948067999999, 27.580556055999978], [84.49086151199998, 27.579420700000014], [84.49130487000002, 27.578893377999975], [84.49170955400001, 27.578212753000003], [84.49224096500001, 27.576847971999996], [84.49267154, 27.57601381400002], [84.49335745899998, 27.575228389000017], [84.493891674, 27.574497656000005], [84.49432006, 27.573744733000012], [84.494812378, 27.572991580000007], [84.49494902800001, 27.572688728000003], [84.49548814799999, 27.571786480000014], [84.49578798300001, 27.571029497999973], [84.49601293, 27.570654122999997], [84.49658011600002, 27.569521612000017], [84.496626913, 27.569370262999996], [84.49680660199999, 27.569067254999993], [84.49732952, 27.567246679999982], [84.49733608899999, 27.567018754000003], [84.49740440699998, 27.56686732700001], [84.49750683399998, 27.566278024999974], [84.49769308200001, 27.56574709099999], [84.49778667200002, 27.565444389999982], [84.497823515, 27.56491173400002], [84.497926479, 27.564302122000015], [84.498020699, 27.563999419000027], [84.497988583, 27.56361593600002], [84.49806128, 27.563313310000012], [84.49807877500001, 27.562701747000006], [84.49804229, 27.562471718999973], [84.49813036199998, 27.56010663500001], [84.49817778699997, 27.559955281999976], [84.49819464900003, 27.559343721000005], [84.498271714, 27.558887640000023], [84.49828046599998, 27.558582987000023], [84.49848200600002, 27.55751721500002], [84.49851601699999, 27.557059031999984], [84.49865983699999, 27.556528248000006], [84.49944901100002, 27.555097074000003], [84.49949424699997, 27.555022448999978], [84.49969597500001, 27.554701306000027], [84.49992242899998, 27.554249200000015], [84.49994831800001, 27.554095667000013], [84.500000199, 27.554090968000025], [84.500200415, 27.55399547600001], [84.50054464599998, 27.55369412700003], [84.500802754, 27.553523962999975], [84.50164000299998, 27.553071907000003], [84.50202533999999, 27.55290353800001], [84.50245518399998, 27.552640235000013], [84.503484291, 27.55220778299997], [84.50476966999997, 27.55176085400001], [84.50554020800001, 27.55153692099998], [84.50618215100002, 27.551428531], [84.50675989899997, 27.551261704000012], [84.50765801199998, 27.551116268999976], [84.50810669999998, 27.55110109100002], [84.50842780400001, 27.551007400999993], [84.50868460800001, 27.550970357999972], [84.508876397, 27.550971913000012], [84.50958226099999, 27.550863273000004], [84.50990246200001, 27.55084856000002], [84.51125081200001, 27.55047805999999], [84.51144405999997, 27.550384834], [84.51185223099998, 27.55023214900001], [84.51264329499998, 27.549935892999997], [84.51354349299999, 27.549562510999976], [84.515194936, 27.548773407999988], [84.515580322, 27.54862305299997], [84.51569155700003, 27.54858879300002], [84.51594437699998, 27.548513392000018], [84.51611563400002, 27.548456343999987], [84.51645815799998, 27.548344505999978], [84.51750698199999, 27.548087881000015], [84.51780582399999, 27.548109333000014], [84.51799769299998, 27.548128926000004], [84.51850884700002, 27.548210509], [84.51991490199998, 27.548548238000024], [84.520554543, 27.548629333000008], [84.52170507300002, 27.548868717000005], [84.522067843, 27.548889918999976], [84.52272883500001, 27.54893482], [84.52302813099999, 27.548917899000003], [84.52381788600002, 27.548887847999993], [84.52445933199999, 27.548815477999995], [84.52512167700002, 27.548745284000006], [84.52529257600003, 27.548746895000022], [84.52650912000001, 27.54875808700001], [84.527660916, 27.54886202900002], [84.52829957799997, 27.54900175900002], [84.52874835, 27.549006822000024], [84.52934540799998, 27.549049679000007], [84.530155509, 27.549170695999976], [84.53066631500002, 27.549308646999975], [84.53105016900003, 27.54937036199999], [84.53143446199999, 27.549391457000013], [84.53194572799998, 27.549493298000016], [84.53220152699998, 27.549512627000013], [84.53284200000002, 27.54950114799999], [84.53386881699998, 27.549280587999988], [84.53418980599997, 27.549168787999974], [84.535087057, 27.549117951000028], [84.53523643599999, 27.549119631999986], [84.535514299, 27.549120818000006], [84.53613485, 27.548917602000017], [84.53637047900003, 27.548824178000018], [84.536670577, 27.548712453000007], [84.536905402, 27.548713803], [84.53741621299997, 27.548851728999978], [84.53781979299998, 27.549064531], [84.53818017499998, 27.549374526999998], [84.538392144, 27.54949104100001], [84.53877528599998, 27.549665559999994], [84.53941352099997, 27.54984360100002], [84.53998845400002, 27.550019627999973], [84.540244809, 27.55002314500001], [84.54101233400002, 27.55010590400002], [84.541651108, 27.550263625000014], [84.541666309, 27.55026582199997], [84.54241954399998, 27.550402784000028], [84.543761948, 27.55077662299999], [84.54414634599999, 27.550817990999974], [84.545170262, 27.551037366999992], [84.546260222, 27.55104437], [84.54722249299999, 27.550957095], [84.54818396799999, 27.55096458899999], [84.54831227300002, 27.550927978999994], [84.54908230000001, 27.550875297000005], [84.54978866200003, 27.550748399999975], [84.550472136, 27.550601282000002], [84.55055938999999, 27.550582884999983], [84.55109562899997, 27.55035737100002], [84.551482927, 27.550091829999985], [84.55171977700002, 27.549865244999978], [84.55180567500003, 27.5498288], [84.55199975699998, 27.54965653900001], [84.55215125299998, 27.549448343999984], [84.552538804, 27.549108336000018], [84.55273254399998, 27.54899474299998], [84.55324672199998, 27.54878961700001], [84.55356929300001, 27.548619099000007], [84.55363321800002, 27.548618843999975], [84.554019192, 27.54847063699998], [84.55453266500001, 27.54837833099998], [84.555047027, 27.548211557000002], [84.55579884999997, 27.547815930000013], [84.55657120400002, 27.547476629000016], [84.55689191699997, 27.547441497000023], [84.55727753500003, 27.54734969399999], [84.55791817400001, 27.547374201000025], [84.55823809999998, 27.547433840999986], [84.558813681, 27.547609787], [84.559388297, 27.547844403], [84.55985603200003, 27.548095242999977], [84.56055792199999, 27.548464728], [84.56060095999999, 27.54846455400002], [84.56111252300002, 27.548620441000025], [84.56149639, 27.54868207200002], [84.562009074, 27.548684512000023], [84.562970286, 27.54876862399999], [84.56437807399999, 27.549047227000017], [84.564505935, 27.549048964000008], [84.56457005599998, 27.54908706399999], [84.56501828699999, 27.549110063], [84.565402146, 27.54916942599999], [84.56648933500003, 27.549503465999976], [84.56731930199999, 27.549910754999985], [84.56751041400003, 27.55002731000002], [84.567722941, 27.550123469000027], [84.56793557399999, 27.55023993499998], [84.568063725, 27.550298079000015], [84.568380037, 27.550759357999993], [84.56854876099999, 27.550952721999977], [84.56875896999998, 27.551335457999983], [84.568966966, 27.552025078999975], [84.56894147600002, 27.552483241999994], [84.56889732899998, 27.552636860999996], [84.56872356299999, 27.552939935999973], [84.56867829499998, 27.553244742000004], [84.56841646700002, 27.553778334000015], [84.56832879199999, 27.55408331299998], [84.56838899799999, 27.554466663000028], [84.56868244600003, 27.555155935000016], [84.568785693, 27.555539108000005], [84.56888410300002, 27.556457077999994], [84.56898583899999, 27.55691472000001], [84.569150514, 27.557548107000002], [84.56933287700002, 27.558542451999983], [84.56935405600001, 27.558598775999997], [84.569374273, 27.558713771999976], [84.569494685, 27.559478212999977], [84.56965926200002, 27.560091290999992], [84.56980492899999, 27.560474289000013], [84.56992708799999, 27.561085284], [84.56994576300002, 27.561392083999976], [84.57007164999999, 27.56162172500001], [84.57015362499999, 27.561928265000006], [84.570279513, 27.562157904999992], [84.57040429599999, 27.562540988000023], [84.57052955299997, 27.562770630999978], [84.57074134300001, 27.56296381599998], [84.571014988, 27.563366594], [84.57128950399999, 27.563692650000007], [84.57164938300002, 27.564000303], [84.57198861, 27.564231319999976], [84.57269033799997, 27.56454207500002], [84.573072626, 27.564775167999983], [84.57358278200002, 27.565007733000016], [84.57415730700001, 27.56520167000002], [84.57473261799998, 27.565303088000007], [84.575757517, 27.565310125999986], [84.57691255100002, 27.565145127999983], [84.57731857499999, 27.56507349200001], [84.57744698200003, 27.565054906], [84.577553959, 27.565054461999978], [84.57793821799999, 27.565057377000016], [84.57838674800001, 27.565003611999998], [84.57864313800002, 27.565007057000003], [84.57877207000001, 27.564968161000024], [84.57934813999998, 27.564972528999988], [84.579541017, 27.564935622000007], [84.58075739999998, 27.565002748999973], [84.58114078400001, 27.565080120999994], [84.58167401399999, 27.56512301800001], [84.58201595600002, 27.565144151000027], [84.582334989, 27.565262405], [84.58329389699998, 27.565479513000014], [84.58333315599998, 27.565481605000002], [84.58386954000002, 27.565522224000006], [84.584382968, 27.565411756999993], [84.58470482199999, 27.565225374000022], [84.58483322699999, 27.56520678200002], [84.58511170100002, 27.56507699299999], [84.58603556600002, 27.564416474999973], [84.58661507800002, 27.564116179999985], [84.58693563700001, 27.564044877000015], [84.58723496099998, 27.56402781700001], [84.58764053300001, 27.563992255000016], [84.58872831399998, 27.564041804999988], [84.58904896799999, 27.563988547999998], [84.58975344599997, 27.563976533000016], [84.59007323200001, 27.56399773999999], [84.59058504500001, 27.564061002000017], [84.59094734899998, 27.564102333999983], [84.59113808400002, 27.564257216999977], [84.59183837699999, 27.56464459900002], [84.592349437, 27.564802627999995], [84.59260562100002, 27.564767689000007], [84.593501161, 27.564851867000016], [84.59382020499999, 27.56497009499998], [84.59435055, 27.56529952400001], [84.59486194499999, 27.565401130999987], [84.59511704599998, 27.565517372999977], [84.59575342699998, 27.565905009000005], [84.59653729399997, 27.566524421999986], [84.59734045599998, 27.567315236000013], [84.59759513900002, 27.567469834999997], [84.59810568500001, 27.567645895999988], [84.59868187900003, 27.56767049199999], [84.59900253699999, 27.567617211000027], [84.599515327, 27.567506691000006], [84.60047856099999, 27.567229501999975], [84.60073495699999, 27.567232906000015], [84.601504138, 27.567125782000005], [84.602208099, 27.567131758000016], [84.602721105, 27.567061840999997], [84.60323578999999, 27.566836220000027], [84.60329973699999, 27.566838199000017], [84.60368474799998, 27.56674626900002], [84.60385556300002, 27.566727474999993], [84.60411217000001, 27.56665415399999], [84.604689629, 27.566563640000027], [84.60507507300002, 27.566435602000013], [84.60578071999998, 27.56628811500002], [84.60616499399998, 27.56629320799999], [84.60639931999998, 27.566312493999988], [84.60674022699999, 27.566374184999972], [84.60688878500002, 27.566452512000012], [84.60701676500003, 27.566472260000012], [84.60742086300002, 27.566628444999992], [84.607804182, 27.566689947999976], [84.60812451200002, 27.566693058999988], [84.608445163, 27.56663975700002], [84.60876622199999, 27.56654583699998], [84.60889494600002, 27.566470810999988], [84.609408885, 27.566342196999983], [84.60985665999999, 27.56638310400001], [84.61011231200001, 27.566481264999993], [84.61075065300003, 27.566640923000023], [84.61126343000001, 27.566645436999977], [84.61203322900002, 27.566538251999987], [84.61267335299999, 27.566562508000004], [84.61280165400001, 27.566525839000008], [84.61337878400002, 27.566491702999997], [84.61376252600002, 27.566514829000027], [84.61414606300002, 27.566614673000004], [84.614592695, 27.566790955999977], [84.61548438900002, 27.567315012999984], [84.61618689099998, 27.567512721000014], [84.61650721000001, 27.567513556999984], [84.61663550999998, 27.567476883999973], [84.61695584099999, 27.567479975000026], [84.617212543, 27.567424680999977], [84.61785581700002, 27.567105921000007], [84.618241866, 27.566975587], [84.61882088300001, 27.566713520000008], [84.61914194500002, 27.56662183200001], [84.61991162200002, 27.566494295999973], [84.62016759900001, 27.566536025999994], [84.62048781300001, 27.566518800999972], [84.62144743300001, 27.56662282000002], [84.62195854200002, 27.566780740000013], [84.62259795, 27.566901979000022], [84.62304501400001, 27.56703987399999], [84.62432143000001, 27.56752830099998], [84.62487245199998, 27.567913929999975], [84.624999715, 27.567917869999974], [84.62510545399999, 27.567921907000027], [84.625572492, 27.567897241000026], [84.62578542900002, 27.567939153999987], [84.62625163299998, 27.568101771999977], [84.62754837799997, 27.568375718000027], [84.62806170599998, 27.56836437200002], [84.628490623, 27.568315047], [84.62926446, 27.568140056000004], [84.62977831500001, 27.568110649999994], [84.63029363200002, 27.56800451800001], [84.630806452, 27.568015729000024], [84.63148769499998, 27.568143506000013], [84.63174409300001, 27.568146852999973], [84.63259564499998, 27.56827836399998], [84.63319393799998, 27.568291433000013], [84.634047054, 27.568364261], [84.634471786, 27.56846837400002], [84.63481115299999, 27.568588669999997], [84.635339332, 27.568848000999992], [84.63554862299998, 27.56902530100001], [84.63627168099998, 27.570035125999993], [84.636792663, 27.570581049999987], [84.63746423399999, 27.571112743000015], [84.63805636900003, 27.571371768999995], [84.638905453, 27.57161832999998], [84.63941776299998, 27.57164756200001], [84.63994950900002, 27.571753421999972], [84.64063379599997, 27.571745754999995], [84.64114913100002, 27.571641838000005], [84.641928065, 27.571254649000025], [84.64220797399997, 27.571163098], [84.64229501800003, 27.57110854199999], [84.64291733099998, 27.571004124000012], [84.64317426299999, 27.570989396000016], [84.644024398, 27.57119756100002], [84.64463755600002, 27.571476770000004], [84.6448269, 27.571595480999974], [84.64505930399997, 27.57171624900002], [84.64518614899998, 27.571756275999974], [84.64539858500001, 27.571818468999993], [84.64571800599998, 27.571880163999992], [84.64593033800003, 27.571924304999982], [84.64712642199999, 27.57196612299998], [84.64750823899999, 27.572088447], [84.64778212700003, 27.57226542699999], [84.64849409300001, 27.572873594999976], [84.64872544899998, 27.573030464999988], [84.648935284, 27.573187433999976], [84.64912463399997, 27.57330613900001], [84.64925364700002, 27.57339128000001], [84.64965182899999, 27.573603778999995], [84.65018463299998, 27.573671235000006], [84.65052653200001, 27.573678659999985], [84.65078387599999, 27.573625556000025], [84.65146870000001, 27.573599781999974], [84.65197945400001, 27.573685386000022], [84.652338827, 27.57386421199999], [84.65259368699998, 27.573926195000013], [84.65284762700003, 27.574046848000023], [84.65361429699999, 27.57415831999998], [84.65446550000001, 27.574325799999997], [84.65471881000002, 27.574446453000007], [84.65499063800002, 27.574700146999987], [84.655158986, 27.57479863499998], [84.65565764299998, 27.575403258999984], [84.65596370499998, 27.575983968999992], [84.656105045, 27.576330789999986], [84.65633083900002, 27.576720083999987], [84.65716621899998, 27.577521674000025], [84.65756503699998, 27.577835685000025], [84.65779692799998, 27.57797222900001], [84.65794128099998, 27.57818590400001], [84.658062158, 27.578496717000007], [84.65805851900001, 27.578629863000003], [84.65810002, 27.578688333000002], [84.658094941, 27.578898203999984], [84.658048887, 27.579031551000014], [84.65808883900002, 27.579148695000015], [84.65795067900001, 27.579548735000003], [84.65770562099999, 27.579965076999997], [84.65744007400002, 27.58034315499998], [84.65737300699999, 27.580456293999987], [84.65706336900001, 27.580872940000006], [84.65703987799998, 27.580967820000012], [84.656970855, 27.581177992999983], [84.65703117300001, 27.581313093000006], [84.65726204700002, 27.581490256999984], [84.657578914, 27.58164896300002], [84.658175314, 27.581756702000007], [84.65875265400001, 27.58174719499999], [84.65907460099999, 27.58169602700002], [84.65972097100001, 27.58147859799999], [84.66065140199998, 27.581016122999984], [84.661490775, 27.580784230000006], [84.661835279, 27.58069458799997], [84.66196370099999, 27.580678180999996], [84.66211415800001, 27.580641361000005], [84.662179148, 27.58060494900002], [84.66276309800003, 27.58032688100002], [84.662956619, 27.580292111000006], [84.66410923900003, 27.580354296999985], [84.66456052500001, 27.58023029200001], [84.664864045, 27.58006412100002], [84.66518638500003, 27.579974576999973], [84.66537875900002, 27.579960116999985], [84.66627338, 27.58007316200002], [84.666528261, 27.580135117999987], [84.66666691900002, 27.580136708999987], [84.66691259599997, 27.580142298999988], [84.66742754299997, 27.58007664500002], [84.66781382200003, 27.579986787999985], [84.66902153500001, 27.579529692999984], [84.66947177999998, 27.579444035999984], [84.67024106500003, 27.57945612100002], [84.67049594600002, 27.579518070000006], [84.67068688699999, 27.57958032800002], [84.67093867, 27.579757368000003], [84.67102362600002, 27.579777266000008], [84.67121157999998, 27.579972665000014], [84.67150589200003, 27.58016755], [84.67171732600002, 27.580268065999974], [84.67216314000001, 27.58039001200001], [84.67312337499999, 27.580464335999977], [84.67350863299998, 27.58041508299999], [84.67357269799999, 27.580435079999972], [84.67395898799998, 27.58034746300001], [84.67428298599998, 27.58021953100001], [84.674542272, 27.580069348999984], [84.67525203299999, 27.579871847999982], [84.67551208700002, 27.579744225000013], [84.675705478, 27.57968913000002], [84.67615879599998, 27.579486103000022], [84.67626621199997, 27.579451733999974], [84.67637527699998, 27.579376740999976], [84.67654920400003, 27.57924502200001], [84.67692311299999, 27.57879191799998], [84.67705657200003, 27.578565626], [84.67715562400002, 27.577994271000023], [84.67712373500001, 27.576615758999992], [84.67715728000002, 27.576098876999993], [84.67722924200001, 27.575755551999976], [84.677520259, 27.575208081000028], [84.677915563, 27.57473681800002], [84.67845987999999, 27.574305442000025], [84.67917411399998, 27.573916105000023], [84.67969044699998, 27.573773682000024], [84.679884856, 27.573680217999993], [84.68027111599997, 27.573592582999993], [84.68117625899998, 27.573263224000016], [84.68130621900002, 27.573190381000018], [84.681886486, 27.573047636000013], [84.68201500700002, 27.573049261999984], [84.68246029400001, 27.573191484999995], [84.68271659099997, 27.573176687], [84.683143949, 27.57318361199998], [84.683172436, 27.573183471999982], [84.68337884900001, 27.57318922600001], [84.684086493, 27.573068408999973], [84.68460280300002, 27.572923710999987], [84.68486167600003, 27.572814127000015], [84.68529548200001, 27.57253444899999], [84.68542502999998, 27.572497708000014], [84.68661300399998, 27.571945788999983], [84.68680638799998, 27.571892935999983], [84.68706576300002, 27.571763037999972], [84.68732360400003, 27.571691812999973], [84.68777789500001, 27.57145038499999], [84.688296246, 27.57122894600002], [84.68932821800001, 27.570941776999973], [84.689587082, 27.570832184999972], [84.689974463, 27.57072420999998], [84.691208797, 27.57000053500002], [84.69185503199998, 27.56978295900001], [84.69204994199998, 27.569671423999978], [84.69282649899998, 27.569340373999978], [84.69327832599998, 27.56921401699998], [84.69386060400001, 27.568994495000027], [84.69452773199998, 27.568779059000008], [84.694592833, 27.56876293800002], [84.69491614100002, 27.568634963000022], [84.695303523, 27.568529228999978], [84.69543345300002, 27.568454117999977], [84.696530494, 27.568153031999998], [84.69704575499998, 27.568048909000026], [84.697370208, 27.56790287000001], [84.69782140500001, 27.56777875900002], [84.69814637600001, 27.567614665000008], [84.69892202, 27.56734450800002], [84.69924583599999, 27.567198469000004], [84.700027106, 27.566718432000016], [84.70035091900002, 27.566572389999976], [84.70087166899998, 27.566238070999987], [84.70147994400003, 27.565831103999983], [84.70193766199998, 27.565440690000003], [84.70198213100002, 27.565366003999998], [84.70265382500003, 27.56497901900002], [84.704139177, 27.564531498999997], [84.705170167, 27.564305142000023], [84.70594781, 27.56395821900003], [84.70620766100001, 27.56381023199998], [84.70640165499998, 27.563757348000024], [84.70685486399998, 27.563556479], [84.70730616200001, 27.563452643999995], [84.70747607599998, 27.563494650999985], [84.70764508500002, 27.563593072000003], [84.70798299, 27.563771863], [84.70810684100002, 27.56383666800002], [84.70813034899999, 27.563850086000002], [84.70832026199997, 27.56395065700002], [84.70833298000002, 27.563959617000023], [84.709098471, 27.56448145500002], [84.709415864, 27.564619731999983], [84.709752122, 27.564836887000013], [84.71034043999998, 27.565269365999995], [84.71118605599997, 27.56564862900001], [84.71211063599998, 27.566295993999972], [84.71293679500002, 27.566600885000014], [84.71319166900003, 27.566662756000028], [84.71357595699999, 27.566669807999972], [84.714005724, 27.566563805999976], [84.71433053499999, 27.566379367000025], [84.71503059999998, 27.565687561999994], [84.71540989900001, 27.565218533999996], [84.71547081599999, 27.565143759000023], [84.715910011, 27.564638317999993], [84.71621927500001, 27.564205750999974], [84.71681079400003, 27.56356864999998], [84.717161062, 27.56321258700001], [84.71733594400001, 27.563044709999986], [84.71862696699998, 27.56173609299998], [84.719354474, 27.560795919999975], [84.71955368200003, 27.56047673500001], [84.72007622799998, 27.559169826000016], [84.720187038, 27.55898196999999], [84.720391318, 27.55847096299999], [84.72043983399999, 27.55824281500003], [84.720691993, 27.557503662999977], [84.72089473699998, 27.557049072999973], [84.721129948, 27.55613852099998], [84.721264819, 27.555855769999994], [84.72133511599998, 27.555571097999973], [84.72137968499999, 27.555514457000015], [84.72170123000001, 27.554547044999993], [84.72177215800002, 27.554262370000004], [84.721874915, 27.553521734000014], [84.721944312, 27.55329347700001], [84.72194007600001, 27.552548883999975], [84.72206282000002, 27.55186455500001], [84.72215614599997, 27.551521095999988], [84.722200096, 27.551466714000014], [84.72219191599999, 27.550893628999972], [84.722263855, 27.550570589000017], [84.72224779300001, 27.550340518999974], [84.72229325699999, 27.55022746200001], [84.722324173, 27.549825661], [84.72233328700003, 27.548510127999975], [84.722509355, 27.547367469999983], [84.72266576499999, 27.545252401000027], [84.722930916, 27.543023946000005], [84.72293789999998, 27.542737346000024], [84.72305758499999, 27.542168108], [84.72304305300003, 27.54188161899998], [84.72296886999999, 27.541667646000008], [84.72296307099998, 27.541651881999996], [84.72299704199997, 27.54113724299998], [84.72309098900001, 27.54079378], [84.72324900199999, 27.540472548000025], [84.72346828399998, 27.540229970999974], [84.723646164, 27.53994699399999], [84.72376012699999, 27.53966434900002], [84.723767109, 27.539377748999982], [84.72388105499999, 27.539092847999996], [84.72436670000002, 27.53845401000001], [84.72465052400003, 27.53821109500001], [84.725110707, 27.53774387499999], [84.725551897, 27.537179727000023], [84.72587221399999, 27.536327388000018], [84.72601618700003, 27.53570160999999], [84.72589385200001, 27.534612401999993], [84.725897788, 27.534440894], [84.72596728399998, 27.53423068500001], [84.726592294, 27.533137572999976], [84.72668381800003, 27.53290919699998], [84.72668623999999, 27.532796363999978], [84.72682714899997, 27.532283421999978], [84.726941081, 27.531998518000023], [84.72711691299997, 27.53179226499998], [84.72785833500001, 27.531179155000018], [84.72808315100002, 27.530724438999982], [84.72813316600002, 27.53043986900002], [84.72810167199998, 27.52998198199998], [84.72802383499999, 27.529693569000017], [84.72773905999998, 27.529115160999993], [84.72768059399999, 27.52888531299999], [84.72751884600001, 27.528538672000025], [84.72752975100002, 27.528080563000003], [84.72778218500002, 27.527400062000027], [84.728024458, 27.527098690000003], [84.72824928099999, 27.526646230999972], [84.72835169799998, 27.525959743999977], [84.72844259300001, 27.525733627000022], [84.728687401, 27.52533747199999], [84.72884182400003, 27.525149380000016], [84.72906663999999, 27.524696919000007], [84.72911512500002, 27.524468766999973], [84.729112111, 27.523724166000022], [84.72893125799999, 27.52326254899998], [84.72878749099999, 27.523051199999998], [84.72879090800001, 27.522897746000012], [84.72900873700002, 27.522729629000025], [84.729206578, 27.522505206999995], [84.72938594300001, 27.522165803999997], [84.72945137599999, 27.522109050999973], [84.72964514900002, 27.522035829000004], [84.72977602899999, 27.521924577999982], [84.72997589200003, 27.52162342600002], [84.73009337000002, 27.521207629000003], [84.73028427000003, 27.520412368999985], [84.73055672999999, 27.518075548000013], [84.73065217599998, 27.517677917000015], [84.73088305599998, 27.516997522999986], [84.73091609300002, 27.51653929700001], [84.73098913199999, 27.516198194000026], [84.73100459900002, 27.515570829000012], [84.731057636, 27.515171165000027], [84.73094223200002, 27.514655052000023], [84.73075745900002, 27.51436494500001], [84.73045539499998, 27.513655760000006], [84.73046236099998, 27.51336915899998], [84.73059626600002, 27.51314281399999], [84.730880028, 27.51290214300002], [84.731079373, 27.512621299999978], [84.73114784900002, 27.512451709000004], [84.73120328700003, 27.51193695400002], [84.73107702099998, 27.511021512000013], [84.73114853200002, 27.510736828000006], [84.73163364999999, 27.510138583000014], [84.73217863299999, 27.508836019], [84.73251388599999, 27.508252098000014], [84.732668294, 27.508066258999975], [84.733147809, 27.507675629000005], [84.73352101900002, 27.507283300999973], [84.73361492200002, 27.506942087000027], [84.733624927, 27.506542647999993], [84.73343473599999, 27.505625287999976], [84.73344626400001, 27.505169431000013], [84.73365013099999, 27.50471481599999], [84.7338039, 27.504528978999986], [84.73428454100002, 27.504120288000024], [84.73515267099998, 27.503567394000015], [84.735262014, 27.50345625099999], [84.73578402099997, 27.503085696000028], [84.73624313900001, 27.502677112000015], [84.73650634699999, 27.502395922999995], [84.73727866000002, 27.501423828999975], [84.73757277099998, 27.501173005], [84.73795490499998, 27.50084711400001], [84.73806474000003, 27.50071565899998], [84.73819760499998, 27.500527670999986], [84.73826606400002, 27.500358076999987], [84.73805248500003, 27.500180236999995], [84.737837921, 27.500001576999978], [84.73807037799997, 27.500001532], [84.73827949999998, 27.500001490999978], [84.73821964500002, 27.499658833000012], [84.738386639, 27.499371381999993], [84.73848393999998, 27.498933724999972], [84.73848859499998, 27.498912787999984], [84.73852716900001, 27.498531248000006], [84.738524858, 27.498336521], [84.73851994, 27.497922053000025], [84.73840477800002, 27.497159994000015], [84.738294059, 27.496779247000006], [84.73803114399999, 27.49615335599998], [84.73797663599998, 27.495951149000007], [84.73796433199999, 27.495905504000007], [84.73802020300002, 27.495787758999995], [84.73811031100001, 27.495597857000007], [84.73823365099997, 27.495215868000003], [84.73826690200002, 27.49503699600001], [84.73829411100002, 27.494890622000014], [84.73828917200001, 27.494434851999983], [84.73827251, 27.494272965999983], [84.738265496, 27.494204821999972], [84.738087474, 27.493596533000016], [84.73787745499999, 27.493095802000028], [84.73781441199998, 27.49294549299998], [84.73773713899999, 27.492761257999973], [84.73746991899998, 27.491772104999995], [84.737357326, 27.491498665999984], [84.73703140200001, 27.490707139999984], [84.736992235, 27.490546902999995], [84.73669650300002, 27.489337008000007], [84.73669370599998, 27.48910686800002], [84.73685790799999, 27.48849676399999], [84.73687269300001, 27.487961913999982], [84.73697186300001, 27.487275436000004], [84.73696691599997, 27.48681740799998], [84.73696518499997, 27.48681006800001], [84.73687708900002, 27.486436547999972], [84.73665784999997, 27.48590519200002], [84.73659156299999, 27.485692185000005], [84.73632626199998, 27.484839658], [84.73631688400002, 27.484000318000028], [84.73648361599999, 27.483696195999983], [84.73648437399999, 27.48369481399999], [84.736494596, 27.483684427000014], [84.73667411899999, 27.48350201400001], [84.73688562400002, 27.483347458000026], [84.73724437300001, 27.482982273999994], [84.73732963700002, 27.482826215999978], [84.73747434299997, 27.482561361000023], [84.73753542899999, 27.482330881999985], [84.73755198600003, 27.48187273999997], [84.73759272400002, 27.481721343999993], [84.73759017399999, 27.481484781999995], [84.737589415, 27.481414486999995], [84.73747644500003, 27.480882569000016], [84.73760040399998, 27.480500576999987], [84.73768413800002, 27.480346696000026], [84.73799821, 27.479828310000016], [84.73812433400002, 27.479676460999997], [84.73827295699999, 27.479578646999983], [84.738589192, 27.479290402999993], [84.73884243100002, 27.479040853000015], [84.73893812400001, 27.478921877000005], [84.73907390800002, 27.478753057999995], [84.73956178399999, 27.47850000400001], [84.73970915299998, 27.478309681999974], [84.73972645399999, 27.477964355999973], [84.739132112, 27.476290988000017], [84.73890765099998, 27.475470343999973], [84.73884823999998, 27.475253139000017], [84.73882027399998, 27.475150891999988], [84.73885185099999, 27.475092856000003], [84.73890400099998, 27.47499700999998], [84.73917695699998, 27.47457586600001], [84.739428369, 27.474378863000027], [84.739472681, 27.474344140000028], [84.73972438499999, 27.47396146699998], [84.74002111499999, 27.47378614600001], [84.740147471, 27.47367039599999], [84.74065200199999, 27.472979502999976], [84.74145403400001, 27.47223061400001], [84.74179097199999, 27.471827174999987], [84.74202395200001, 27.471672496999986], [84.74223402299998, 27.47140286299998], [84.74250951099998, 27.471268264999992], [84.742742352, 27.471093278000012], [84.74278434799999, 27.47103664299999], [84.742804326, 27.470903408000027], [84.742802665, 27.470749979000004], [84.74269273200002, 27.470484306999992], [84.74260613000001, 27.470408306000024], [84.74254194999997, 27.47035198200001], [84.742006898, 27.470165294000026], [84.74181451499999, 27.470148268000003], [84.74162314199998, 27.47018764699999], [84.74132464399997, 27.470191492000026], [84.741089752, 27.470154383000022], [84.74085384900002, 27.470060869000008], [84.74045500300002, 27.46982514199999], [84.73993060200002, 27.469515209000008], [84.73980146299999, 27.469403074000013], [84.739692924, 27.46925021300001], [84.739583767, 27.469004842000004], [84.73955944800002, 27.46884161600002], [84.73953808200002, 27.468698211000003], [84.73962067299999, 27.468469873000004], [84.739873751, 27.468200013], [84.74010686100002, 27.468065645000024], [84.74027507099999, 27.46787295500002], [84.74027647899999, 27.467870382], [84.74048438599999, 27.467490505], [84.74061047800001, 27.467336397999986], [84.740759218, 27.467258888000003], [84.74116395499999, 27.467254477999973], [84.741353936, 27.467102286], [84.74139540300001, 27.466966679999985], [84.74122110399998, 27.466626887000018], [84.74104205700002, 27.46642618599998], [84.74098469500001, 27.466361886000016], [84.74091064499999, 27.466321332999996], [84.74081330799999, 27.466268028000002], [84.74074816699999, 27.466173604999994], [84.74070017999998, 27.466056462999973], [84.740689438, 27.466030241], [84.74052957100002, 27.465639993000025], [84.74033592900003, 27.465433431000008], [84.74005486300001, 27.465015229000016], [84.739667569, 27.464599846999988], [84.73951539900003, 27.464352448], [84.73931781700003, 27.463744260999988], [84.73924963899998, 27.463288824000017], [84.73911681999999, 27.46281342200001], [84.73900880100001, 27.46264250600001], [84.73883730099999, 27.462530594999976], [84.73870803699998, 27.462398151000002], [84.73844773399998, 27.461961783999982], [84.73837406199999, 27.461690681999983], [84.73835956300002, 27.461637325000027], [84.73833375999999, 27.46118166299999], [84.738267785, 27.460926633999975], [84.738156548, 27.460496647000014], [84.73823646099999, 27.45996144899999], [84.738396884, 27.459667115000002], [84.73857071200001, 27.45934818400002], [84.73873713799998, 27.458889246000012], [84.73873627199998, 27.458802592999973], [84.73873557600001, 27.458732876], [84.73873333, 27.458507929000007], [84.73869928900001, 27.458334363999995], [84.738643658, 27.458052604999978], [84.73868449399998, 27.457822232000012], [84.738789709, 27.457668237000007], [84.73884808399998, 27.45761580499999], [84.73891606299998, 27.45755474499998], [84.73908627600002, 27.457474866999974], [84.73927610800001, 27.457302371000026], [84.73944570399999, 27.457224752000002], [84.73979634, 27.45694362400002], [84.73980550599998, 27.456936273999986], [84.73995257500002, 27.456705337000017], [84.73997068300002, 27.45656955300001], [84.739972781, 27.456553824000025], [84.73997305199998, 27.45655179099998], [84.73990779799999, 27.456439316], [84.73980130500001, 27.45640152200002], [84.739666656, 27.456395907], [84.739417339, 27.456385508999972], [84.73928936099998, 27.456350085999986], [84.739096098, 27.45619767400001], [84.73900972299998, 27.45604695100002], [84.738943447, 27.45578104399999], [84.73894191099998, 27.455550895999977], [84.73900412500001, 27.455397128000016], [84.73904243300001, 27.455365932000007], [84.73921608699999, 27.455224514999998], [84.73925794299998, 27.455147574000023], [84.739277802, 27.45499628699997], [84.73923365899998, 27.45482503300002], [84.73914714699998, 27.454654002999973], [84.73909383199998, 27.45459483899998], [84.73904622600003, 27.45454201000001], [84.738975133, 27.454463119000025], [84.73896430600001, 27.454454336000026], [84.73869601199999, 27.454236698999978], [84.738566381, 27.45404784599998], [84.73850465700002, 27.453885350999997], [84.73850137199997, 27.453876702000002], [84.738517548, 27.45326737900001], [84.73836285700003, 27.452638653999998], [84.738285502, 27.452491244999976], [84.737867961, 27.451695566000012], [84.73786455700002, 27.451689079000005], [84.73773316, 27.45123397499998], [84.737581525, 27.450968518000025], [84.73738878699999, 27.450798050000003], [84.73711056399998, 27.45070475199998], [84.73691884700003, 27.450687714000026], [84.73640615199997, 27.45051893599998], [84.73619218699997, 27.450389194000024], [84.73597781900003, 27.450198528999977], [84.73572097700003, 27.450087064], [84.73537814299999, 27.44988128199998], [84.73529799800002, 27.449863170000015], [84.73480247499998, 27.449751189999972], [84.73473863499999, 27.449696012000004], [84.73473760399997, 27.44969512099999], [84.73465110299998, 27.449524087999976], [84.734650477, 27.449429321000025], [84.73467032600001, 27.449275778000015], [84.73477504700003, 27.449047326000027], [84.734878116, 27.448665445000017], [84.73487545, 27.448358583000015], [84.73465705799998, 27.447750497000015], [84.73435458099999, 27.447239880999973], [84.734224203, 27.44693594900002], [84.73415995200003, 27.44687762000001], [84.73377098399999, 27.446195968999973], [84.733275773, 27.445607388999974], [84.73299668499999, 27.445380956999998], [84.73279602600002, 27.445276933999992], [84.73241929300002, 27.445081630999994], [84.73196924199999, 27.444722964999983], [84.73169066499997, 27.444573246999994], [84.731546235, 27.444470459], [84.73134760300002, 27.44432909599999], [84.73057838300002, 27.443992408999975], [84.73051426799998, 27.443954385999973], [84.730044868, 27.44392074299998], [84.72991739700001, 27.443959769999992], [84.72962034400001, 27.444076403999986], [84.72938752200002, 27.444249113000012], [84.72896275800002, 27.444368670000017], [84.72858597300001, 27.444391785999983], [84.72823904500001, 27.444413070999985], [84.727917977, 27.444243259000018], [84.72761678400002, 27.44392216099999], [84.72744443699997, 27.443674852000015], [84.72740133299999, 27.443562255000018], [84.72735470100002, 27.443104441999992], [84.72731133500002, 27.443048256999987], [84.72731021200002, 27.442876773000023], [84.72720034000002, 27.442514060000008], [84.72715548000002, 27.442229982000015], [84.72713071700002, 27.441828465000015], [84.727107837, 27.441739649], [84.72704247899998, 27.441485946], [84.726975219, 27.441350802999978], [84.72690608900001, 27.441211905999978], [84.72689126400002, 27.441182115999993], [84.726812666, 27.441094088], [84.726465829, 27.440705637999997], [84.72641799399997, 27.440652064000005], [84.725752135, 27.440161371999977], [84.725278979, 27.43974413699999], [84.72459175199998, 27.43927160300001], [84.72445230300002, 27.439194321000002], [84.724184348, 27.43904581999999], [84.72386193300002, 27.438763182999992], [84.723601981, 27.438362886999982], [84.72349301000003, 27.438135552000006], [84.72297462799997, 27.437470335], [84.72277805499999, 27.43699524499999], [84.722776673, 27.43688017300002], [84.722879643, 27.436477991999993], [84.72306156100001, 27.43623568999999], [84.72311094399998, 27.436169915999983], [84.723110206, 27.43609765399998], [84.72310919400002, 27.435998434999988], [84.72299960800001, 27.435676332000014], [84.72291225499998, 27.43546693600001], [84.72263195, 27.435143461999985], [84.72243799799998, 27.43497297800002], [84.72198724100002, 27.434688745000017], [84.72153425300002, 27.434158570000022], [84.72147014699999, 27.434120542000016], [84.72129732899998, 27.433893536000028], [84.72114461199999, 27.433549089999985], [84.721053654, 27.43297868000002], [84.72107202299998, 27.432692015999976], [84.721100541, 27.432617530000016], [84.72132132299998, 27.43204086999998], [84.72147604499997, 27.431776473000014], [84.721489529, 27.431753431000004], [84.72148839800002, 27.431676717000016], [84.721509395, 27.431599888999983], [84.72159186699997, 27.431351253999992], [84.72163336, 27.431217908000008], [84.72167546999998, 27.43117933100001], [84.72173682800002, 27.430892443999994], [84.72175981800001, 27.428886345000024], [84.72183779400001, 27.428141314000015], [84.72179267500002, 27.42791139000002], [84.72182266800002, 27.42659346900001], [84.72180827400001, 27.426547278999976], [84.72173420899998, 27.42630961499998], [84.721478504, 27.42589052400001], [84.72147490200001, 27.425884622000012], [84.721408946, 27.42577652099999], [84.721343348, 27.425605370000028], [84.72133983999998, 27.42526015200002], [84.721527783, 27.424801119999984], [84.72156583499998, 27.42462134599998], [84.72158850699998, 27.424514236999983], [84.72157555799998, 27.424469132000013], [84.72156651400002, 27.42443763199998], [84.72139382799998, 27.424228675999984], [84.721348708, 27.42401694199998], [84.721337065, 27.42396229899998], [84.721304492, 27.423809439000024], [84.72115305199998, 27.42356201299998], [84.72098111600002, 27.423468130999993], [84.72042607499998, 27.423325546], [84.72040421999998, 27.423319932000027], [84.720311175, 27.42322713599998], [84.72028859900001, 27.42320461999998], [84.72025341300002, 27.423169529000006], [84.720209678, 27.423054675999992], [84.720203089, 27.422937402000002], [84.72020209599998, 27.42291973099998], [84.720183948, 27.422596750000025], [84.72022467599999, 27.422443101], [84.72030339600002, 27.42238273800001], [84.720500206, 27.42223182700002], [84.72077334199997, 27.421846818999995], [84.72079184299997, 27.42158046200001], [84.72078027700002, 27.421550090999972], [84.72074810800001, 27.421465609999984], [84.72051096500002, 27.42116221499998], [84.720253442, 27.42103041500002], [84.72018225400001, 27.421025766000014], [84.719997299, 27.42101368599998], [84.71968990099998, 27.421084586999996], [84.719657058, 27.42109216199998], [84.719443006, 27.421034598999995], [84.71924973099999, 27.420866363000016], [84.71896798, 27.420409757000016], [84.71834387299998, 27.419801475999975], [84.718151084, 27.419707698000025], [84.71802368700003, 27.419694890000017], [84.71780948499998, 27.419673353999997], [84.71730342000001, 27.419865000000016], [84.71719335400002, 27.419906681999976], [84.717107882, 27.419886813999995], [84.71697894099998, 27.41979270600001], [84.71686887499999, 27.419488650999995], [84.71684627299999, 27.419317277000005], [84.71692825299999, 27.41899192699998], [84.71709731099997, 27.418837618999987], [84.71720287599999, 27.418802675999984], [84.71739506, 27.418739060000007], [84.717790272, 27.41821941500001], [84.717963607, 27.417991503999986], [84.71817465200002, 27.417780568000012], [84.71835851100002, 27.41735712899998], [84.71842505199999, 27.417203883000013], [84.71850902900002, 27.417090626999993], [84.71859224500002, 27.416860040000017], [84.71869670400002, 27.41668801200001], [84.71869657299999, 27.41666770400002], [84.718696324, 27.41662934599998], [84.71894948800002, 27.416285060000007], [84.719138805, 27.415941103000023], [84.71930760800001, 27.415748434000022], [84.71951964300001, 27.415593902000012], [84.71979798000001, 27.41532947799999], [84.71996383999999, 27.41517190899998], [84.720112395, 27.41507411499998], [84.72023181200001, 27.415023728999984], [84.72038851999997, 27.414957609], [84.720557085, 27.414728836999984], [84.72061980199999, 27.41455476599998], [84.72061657799998, 27.41415539100001], [84.72054886199999, 27.413754091999976], [84.72046003700001, 27.413521650000007], [84.720200326, 27.41284202999998], [84.71996310600002, 27.41247777199999], [84.71994109600001, 27.41244397600002], [84.719660611, 27.41208213499999], [84.71929543800002, 27.41172298700002], [84.71911861400002, 27.411486200000013], [84.718756617, 27.41100144400002], [84.718627685, 27.410907337000026], [84.71793969499998, 27.41018655900001], [84.71750931700001, 27.409712662999993], [84.71716377500002, 27.409258636000004], [84.71709882599998, 27.409087479999982], [84.717094605, 27.408629441000016], [84.717133999, 27.408171177999975], [84.717164583, 27.406740429000024], [84.717075663, 27.406282825999995], [84.71694586500001, 27.406053335000024], [84.71645848399999, 27.405394614999977], [84.71638536199998, 27.40529578899998], [84.716163429, 27.40504966399999], [84.71580410399997, 27.404651171000012], [84.715408631, 27.404389729000002], [84.715289284, 27.404310830999975], [84.71486178100002, 27.404179892000002], [84.71466965299999, 27.404086104999976], [84.71419806799997, 27.403783899000018], [84.71393592599998, 27.403554514999996], [84.71384780699998, 27.403477408000015], [84.71381094899999, 27.403445155999975], [84.71378507600002, 27.403432883999983], [84.71353324900002, 27.403313446000027], [84.71321144400002, 27.40310524099999], [84.71301808099997, 27.402916687000015], [84.71267308099999, 27.402442338000014], [84.71254192700002, 27.40209777000001], [84.71258135199997, 27.401641763999976], [84.71267103500003, 27.401486550000016], [84.71298018700003, 27.400951506000013], [84.713063675, 27.400664510000013], [84.71287284800002, 27.40021642800002], [84.712650397, 27.39969408799999], [84.71258409000001, 27.39940785700003], [84.71228578699998, 27.398531898999977], [84.71223429600002, 27.398380697999983], [84.711889068, 27.397867986999984], [84.711607808, 27.39737525800001], [84.71128492700001, 27.39699556300002], [84.71110001800002, 27.396720938999977], [84.71093970800001, 27.396482849999984], [84.710767202, 27.396291930000018], [84.710680421, 27.39606446900001], [84.71069248999999, 27.395697782000013], [84.71069735600003, 27.39554991], [84.71080121199998, 27.395186091000028], [84.710885297, 27.395090890999995], [84.71107693900001, 27.39501319499999], [84.7116517, 27.394951596], [84.71210040800003, 27.395044078000012], [84.71222918500001, 27.395117884], [84.71248564500002, 27.395193294000023], [84.71269948899999, 27.395325333000017], [84.71308485600002, 27.395494853999992], [84.71314869100001, 27.395494527999972], [84.71340550000002, 27.395624090000013], [84.713918046, 27.395716239000024], [84.71411017999998, 27.395715256000017], [84.71425909099997, 27.395676133999984], [84.714563876, 27.395534189999978], [84.715214404, 27.39523122999998], [84.71542541899998, 27.394923269000003], [84.71544443099998, 27.39463660199999], [84.71539788799998, 27.394181034999974], [84.715480603, 27.39387373300002], [84.716155985, 27.393048915999998], [84.716516394, 27.392778546999978], [84.716621713, 27.392644874999974], [84.717131155, 27.39235568700002], [84.71779158300001, 27.392350034999993], [84.71791963099997, 27.392311016000008], [84.71811112799998, 27.392310029999976], [84.71846455000002, 27.392413014], [84.718560078, 27.392440850000014], [84.71875282000002, 27.39253462800002], [84.71888401500001, 27.392562825000027], [84.71900914600002, 27.392589719], [84.71912009200003, 27.392654051000022], [84.719202005, 27.39270154799999], [84.71939388200002, 27.392759227], [84.71952082799999, 27.392756339000016], [84.71952216400001, 27.392756308999992], [84.71977737700001, 27.39273694100001], [84.72018161400001, 27.392599467000025], [84.720308665, 27.392504040000006], [84.72049830399999, 27.39221649000001], [84.720561024, 27.392044676000012], [84.72051195699999, 27.391300297999976], [84.72040521500003, 27.391007082999977], [84.720359455, 27.39088138400001], [84.720251668, 27.390730758000018], [84.71997198399998, 27.390483990999996], [84.71993321500003, 27.390469105000022], [84.71962984599998, 27.39035262499999], [84.71920365099999, 27.390318718999993], [84.71886287199999, 27.39039719499999], [84.718606551, 27.390342104000013], [84.71830750800001, 27.390228563999983], [84.71817860200002, 27.390134456], [84.71776954299997, 27.38962208800001], [84.717616916, 27.389279891], [84.71758900499998, 27.389016276000007], [84.71754684899997, 27.388618106000024], [84.71750182699998, 27.388192869000022], [84.71719721199997, 27.38750847099999], [84.71693893399998, 27.387148765000006], [84.716616676, 27.386863849999997], [84.71653111299997, 27.386825928999997], [84.71635862699998, 27.386637271999973], [84.71582279, 27.386258680000026], [84.71565167900002, 27.386185094999973], [84.715437087, 27.38603275600002], [84.71520116099998, 27.385806061999972], [84.71504854699998, 27.385463861999995], [84.71506472099998, 27.38483422600001], [84.715168801, 27.384508761999996], [84.71540078100003, 27.384221002999993], [84.71565611400001, 27.384124922000012], [84.71602427300002, 27.384121408], [84.71616735100002, 27.384120042999996], [84.716423657, 27.38417513899998], [84.71706590899998, 27.384494513999982], [84.71732234699999, 27.384569915999975], [84.717439592, 27.384575928999993], [84.71764223399998, 27.384586323000008], [84.71806743000002, 27.384469056], [84.71870190099997, 27.383876853000004], [84.71890847499998, 27.383767975000012], [84.71895698100002, 27.38374240799999], [84.719148083, 27.383682754999995], [84.71927573699998, 27.38368209700002], [84.719446861, 27.383757935000006], [84.71949021400002, 27.383816378999995], [84.719598109, 27.383985058000007], [84.71968627500002, 27.384327584999994], [84.71977321399999, 27.384480575999987], [84.71990160000001, 27.38459273699999], [84.72015804, 27.38466813299999], [84.72028544699998, 27.384629115999985], [84.72041386500001, 27.384648760999994], [84.72060510099999, 27.38460941400001], [84.72064471099998, 27.384607812000013], [84.72111687, 27.384588717999975], [84.72156490999998, 27.38468117399998], [84.72175689400001, 27.384659872999976], [84.72192640700001, 27.38458453300001], [84.72201109100001, 27.38448706700001], [84.72196701899998, 27.38431806], [84.721512867, 27.383575776999976], [84.72150089600001, 27.383544583999992], [84.72138237000001, 27.38323572600001], [84.721337904, 27.38300579700001], [84.72126077899998, 27.382844804], [84.72122899499999, 27.382778456999972], [84.72116269200001, 27.382494485999985], [84.72116119999998, 27.382264334000013], [84.72120472799998, 27.382161729000018], [84.72126577099999, 27.382017840000003], [84.72145613800001, 27.381845365000004], [84.721732181, 27.381728857999974], [84.72192379, 27.381748174999984], [84.72209478100001, 27.381803702000013], [84.72239505300001, 27.382011998999985], [84.72287029400002, 27.382790273000012], [84.72317043700002, 27.382978261000005], [84.72329972099999, 27.383131030000015], [84.723647186, 27.383889656000008], [84.72368998500002, 27.384177435000026], [84.72371525900002, 27.384347364000007], [84.72385738999998, 27.38483941300001], [84.72391245699998, 27.385030049000022], [84.724024988, 27.385715429000015], [84.72417911500003, 27.38628551300002], [84.72435111300001, 27.386494470999992], [84.72441654599999, 27.386539857999992], [84.72465140100002, 27.386702762000027], [84.72493043999998, 27.386947266999982], [84.72497516499999, 27.38696729100002], [84.72514467899998, 27.387043182000014], [84.725293824, 27.387042405999978], [84.725303682, 27.387038795000024], [84.72547868200002, 27.386974697000028], [84.72550629699998, 27.38696458200002], [84.725569758, 27.38690784099998], [84.725633087, 27.386830792000012], [84.72573451599999, 27.386200712000004], [84.72583819900001, 27.385915859000022], [84.72592264399998, 27.38578228900002], [84.72621880999998, 27.385552845999996], [84.72647412100002, 27.385454488999983], [84.72755947399997, 27.385297650999973], [84.72779306000001, 27.385163302000024], [84.72798317000002, 27.384952460000022], [84.72805037199998, 27.384830713999975], [84.72810933300002, 27.384723898999994], [84.72808734400002, 27.38464729499998], [84.72812730999999, 27.384380824000004], [84.72812369299999, 27.383925037999973], [84.72796454899998, 27.38278409999998], [84.72791645400002, 27.382098386999985], [84.727935817, 27.381870384000024], [84.72789172199998, 27.381699122999976], [84.72791095100001, 27.381450812000026], [84.727994508, 27.381278884999972], [84.72812128800001, 27.381145092999986], [84.72826992300003, 27.381067598000016], [84.728482649, 27.381030383999985], [84.72891497400002, 27.380808289000015], [84.72897077300001, 27.380779625000002], [84.72930963900001, 27.380511592000005], [84.72954196, 27.380282475], [84.72966697800001, 27.379977199999985], [84.72970769, 27.37972877599998], [84.72985382399997, 27.379366978999997], [84.72987380400002, 27.379233742999986], [84.72995810700002, 27.379079863000015], [84.73005784499998, 27.378418927999974], [84.73005863600002, 27.378413680999984], [84.73007840999998, 27.378383928999995], [84.73024824200002, 27.378128375000017], [84.73031192399998, 27.37805670199998], [84.730945174, 27.37734399200002], [84.731028589, 27.37715175599999], [84.73100384700001, 27.37675249199998], [84.73089416900001, 27.376410084999975], [84.73059089399999, 27.375840788000005], [84.73052670099997, 27.375784711999984], [84.73022305900002, 27.375159005], [84.73016009700001, 27.375001381999994], [84.73010549100002, 27.37486360600002], [84.73009583999999, 27.374839253000005], [84.73003695900002, 27.374629710000022], [84.73008288199998, 27.373997971999984], [84.73010013300001, 27.37376064199998], [84.730031312, 27.37353886300002], [84.72983028700003, 27.372891058999983], [84.72943810100003, 27.372155245999977], [84.72721913100003, 27.370072826000012], [84.72705801299998, 27.369881866000014], [84.726582022, 27.369081043999984], [84.72569170600002, 27.367978391999998], [84.72520857799998, 27.36738004199998], [84.72462200799998, 27.36696338500002], [84.72411132100001, 27.366749414000026], [84.72382847099999, 27.3666877], [84.722356015, 27.366562194999972], [84.721676737, 27.36617082700002], [84.72114286300001, 27.36578998599998], [84.72066080600001, 27.365311847999976], [84.71999551300001, 27.364344999000025], [84.71952712299998, 27.363438057999986], [84.71920642100002, 27.362992928999972], [84.71898775900002, 27.362497632999975], [84.71827824100001, 27.36172280300002], [84.71706459500001, 27.360763271999986], [84.71624892199998, 27.359688866], [84.71561846700001, 27.359019671], [84.71387718400001, 27.357451310999977], [84.713481366, 27.357011064999995], [84.71324650100001, 27.356840772999988], [84.713193725, 27.356689859000028], [84.71098528200002, 27.35487337799998], [84.71018337999999, 27.353862046000017], [84.70983444400002, 27.353536630999997], [84.709338791, 27.35289154200001], [84.70882658599999, 27.35143194699998], [84.70851953099998, 27.350736254000026], [84.70836779400003, 27.349825408000015], [84.708396069, 27.347020466000004], [84.70860088500001, 27.34664259499999], [84.70891297899999, 27.345848988], [84.70892210699998, 27.34400765700002], [84.70876846700003, 27.343491702999984], [84.70841392699998, 27.342676657000027], [84.70833331099999, 27.342715425999984], [84.708255221, 27.34275418200002], [84.708054893, 27.34294248499998], [84.70575878300002, 27.34448174099998], [84.70483581899998, 27.344985082999983], [84.70320044699997, 27.346123820999992], [84.70198350700002, 27.346899400999973], [84.699671523, 27.348251349999998], [84.698797049, 27.34904098200002], [84.69750772700002, 27.350374235999993], [84.696994211, 27.350697219999972], [84.69607678300002, 27.351595361000022], [84.69524077900002, 27.35228098099998], [84.69469772299999, 27.352631180999992], [84.69364502799999, 27.35301775900001], [84.69140193999999, 27.35359751499999], [84.68947029399999, 27.353970358000026], [84.68853833200001, 27.35406521499999], [84.68467516200002, 27.355147010999985], [84.683984114, 27.35537830200002], [84.68285684, 27.355462795999983], [84.67212961199999, 27.357933789000015], [84.66966066100002, 27.358394691], [84.668433811, 27.358739042000025], [84.66676408500001, 27.35898621299998], [84.666666894, 27.35900472899999], [84.66571712500001, 27.359196548], [84.665455178, 27.359346725000023], [84.66509059700002, 27.359768168000016], [84.66463938200002, 27.359860576000017], [84.66397752400002, 27.359701257999973], [84.66356557400002, 27.359491106000007], [84.66092951500002, 27.360126399000023], [84.660389237, 27.360117672], [84.65994753899997, 27.360004679999975], [84.65936597899997, 27.359960041000022], [84.658661725, 27.360216091999973], [84.658332164, 27.360260519000008], [84.65578717199998, 27.361132215999987], [84.65439389699998, 27.361339579999992], [84.64953102300001, 27.362506326000016], [84.64772719000001, 27.362744867999993], [84.647360666, 27.36284585300001], [84.64613658299999, 27.36303429899999], [84.644330615, 27.363561636999975], [84.64275860200001, 27.36379227499998], [84.64024667400002, 27.364406299999985], [84.638821399, 27.364665554999988], [84.63766204900003, 27.364799474999984], [84.635912362, 27.365125620000015], [84.63482614499998, 27.365232106000008], [84.63314323899999, 27.365526321999994], [84.63198630300002, 27.365865525000004], [84.62957333399999, 27.366343520999976], [84.62892789799997, 27.366405097999973], [84.62676686499998, 27.36685483299999], [84.62619796000001, 27.367042417999983], [84.62507756899998, 27.367257293000023], [84.624999887, 27.36726441000002], [84.624504715, 27.367304986000022], [84.61878746000002, 27.36856700300001], [84.61217670500002, 27.369970353999975], [84.612178874, 27.369904905999988], [84.61209086899999, 27.369988782000007], [84.59947199300001, 27.372615947999975], [84.59380949299998, 27.373824813], [84.59369619400002, 27.373908785000026], [84.59359626700001, 27.373893414999998], [84.58969850800003, 27.37472227500001], [84.589456891, 27.374800016999984], [84.58940056799997, 27.374904054000012], [84.58923487499999, 27.37499952600001], [84.58915046099997, 27.37504952500001], [84.58842428999998, 27.37539332], [84.58650893100003, 27.375760164999974], [84.58586340300002, 27.37569969399999], [84.58463384499998, 27.375736440000026], [84.58333317799998, 27.37571029100002], [84.58196741199998, 27.375682144999985], [84.58166627399999, 27.37561796199998], [84.58061902200001, 27.375592987000005], [84.57810674900003, 27.37565305800001], [84.57323032900001, 27.37545654600001], [84.569908935, 27.375470146999987], [84.56955189799999, 27.375471604999973], [84.56878368500003, 27.375515354000015], [84.56800919699998, 27.375444044000005], [84.56572222599999, 27.37544656199998], [84.56511791100002, 27.375410649999992], [84.564772318, 27.37530148000002], [84.56434682700001, 27.375262583999984], [84.56360135099999, 27.375303955999982], [84.56283251999997, 27.375225823999983], [84.562457499, 27.375295031000007], [84.56204020299998, 27.37550205399998], [84.561717267, 27.37574931299997], [84.56082055600001, 27.37750622300001], [84.56049724600001, 27.377931744000023], [84.55980220599997, 27.37908309400001], [84.55858472699998, 27.38166038600002], [84.55818872600003, 27.382338920999985], [84.55790158999997, 27.38317723199998], [84.55699493499998, 27.384108276000006], [84.55643795399999, 27.384825809999995], [84.55607113399998, 27.385531301000015], [84.55542269099999, 27.386413919000006], [84.554920358, 27.386815318999993], [84.55441193600001, 27.38739049100002], [84.55178958200003, 27.389650619000008], [84.550897808, 27.390161854999974], [84.55056102999998, 27.390307601000018], [84.54920821600001, 27.39076197600002], [84.54843845900001, 27.390900394000028], [84.54616069999997, 27.391428324000003], [84.54412430000002, 27.39220349200002], [84.54383996799999, 27.392220396000027], [84.54194133499999, 27.392609133000008], [84.54166682200002, 27.392695946000003], [84.54010934000001, 27.39318713199998], [84.53797103900001, 27.393556434000004], [84.537558531, 27.393731774999992], [84.53706590600001, 27.39393901400001], [84.53622830799998, 27.394172400000002], [84.53540959100002, 27.394520789000012], [84.53482952000002, 27.394683225999984], [84.533321355, 27.394795054999975], [84.53301392399999, 27.39474207400002], [84.531765216, 27.394920590000027], [84.53121684799999, 27.39510545600001], [84.53072368400001, 27.39546837300003], [84.530450713, 27.39574921799999], [84.52933439600002, 27.397186338999973], [84.52868083700002, 27.397716838999997], [84.52828401599999, 27.398140308999984], [84.52758735999998, 27.398648401999992], [84.52698620400002, 27.39890340300002], [84.52588617499998, 27.399257311999975], [84.52509877, 27.39982666100002], [84.52443965700002, 27.400393267000027], [84.524189396, 27.400536366999972], [84.52318240900001, 27.400519839000026], [84.52273767999998, 27.400708796000004], [84.52099787499998, 27.401047011999992], [84.51943612399998, 27.401481572000023], [84.51761627799999, 27.402418017000002], [84.51635014499999, 27.40322376900002], [84.51595057200001, 27.40361336699999], [84.51557811999999, 27.403718543000025], [84.51517578599999, 27.403650078], [84.51434075200001, 27.40391717099999], [84.51412489500001, 27.40385027100001], [84.51371412999998, 27.403872093000018], [84.51213533200001, 27.40459998099999], [84.51132312599998, 27.405160318000014], [84.50909249, 27.405867994000005], [84.50858662899998, 27.406106772999976], [84.50727269999999, 27.407266889000027], [84.50691695500001, 27.407990263999977], [84.506394521, 27.40847956800002], [84.50595471999998, 27.408792560999984], [84.50505006499998, 27.409887989000026], [84.50464864399999, 27.410302382999987], [84.504265998, 27.411093543999982], [84.50350639499999, 27.411563385000022], [84.50327042499998, 27.411663523000016], [84.50203214999999, 27.411825942000007], [84.500700618, 27.412196283000014], [84.50022331100001, 27.41218896999999], [84.49999988899998, 27.412268747999974], [84.498988844, 27.41291998700001], [84.498516026, 27.413068350999993], [84.49812862700003, 27.413234460000012], [84.49767839200001, 27.413344380000012], [84.49735539900001, 27.413494462000017], [84.49638888099997, 27.413788995000004], [84.49516173299997, 27.414328150000017], [84.49413035100002, 27.414681567000002], [84.49374432500002, 27.414732576999995], [84.49348673600002, 27.414807954000025], [84.493166213, 27.414804575000005], [84.49278221399999, 27.414742750000016], [84.491885507, 27.414675964000025], [84.491308318, 27.41467122900002], [84.49053801000002, 27.414739380000015], [84.49008759100002, 27.414810914999975], [84.489678217, 27.415015439], [84.48892682399998, 27.415216648000012], [84.48841022699997, 27.415477957000007], [84.48808619900001, 27.415684434000013], [84.48763429500002, 27.415850739999996], [84.48731135999998, 27.41601885], [84.486923865, 27.416169133999972], [84.48634183899998, 27.416505127999983], [84.485761578, 27.416667362], [84.485438106, 27.416858036000008], [84.48517863799998, 27.417084589000012], [84.48489797299999, 27.417234495000002], [84.48451155700002, 27.41734415100001], [84.48431734100001, 27.417457651000007], [84.48380174099998, 27.417662526000015], [84.483412741, 27.417905322000024], [84.48309081299999, 27.418017006000014], [84.48212079000001, 27.418541617000017], [84.480959498, 27.418987903000016], [84.48031295700002, 27.41932409499998], [84.48005525999997, 27.41937913800001], [84.47986157999998, 27.41947232199999], [84.479623968, 27.419640120999986], [84.479427321, 27.41992511699999], [84.47929804500001, 27.420000027000015], [84.47854948700001, 27.419991315000004], [84.47835831200001, 27.419933302000004], [84.47771660500001, 27.419926476], [84.47707701799999, 27.41982486699999], [84.47675648, 27.419821449999972], [84.47566894900001, 27.41963787399999], [84.47541171699999, 27.419654546999993], [84.474899999, 27.419590852], [84.473556734, 27.41932915299998], [84.47310785500002, 27.419323906999978], [84.472786294, 27.419376897999996], [84.47246575700001, 27.41937347099997], [84.47169932899999, 27.41917523699999], [84.47144413799998, 27.419076813999993], [84.47022828899998, 27.418893629000024], [84.46971555099998, 27.41888633100001], [84.46920180699999, 27.418939960999978], [84.468368457, 27.41891117199998], [84.46740480800003, 27.41901594799998], [84.46695537400001, 27.41902873700002], [84.46612306100002, 27.418945774000008], [84.465802526, 27.418942331999972], [84.46567465499999, 27.41890214199998], [84.46522521999998, 27.418914925000024], [84.46516089900001, 27.418953499999986], [84.46483925899997, 27.418988420999995], [84.46458320699998, 27.41898476099999], [84.46413528199997, 27.418905017999975], [84.463623026, 27.418861592999974], [84.46349515499998, 27.418821400000013], [84.46227892500002, 27.418694560000006], [84.46176611300001, 27.418669181999974], [84.46048231200001, 27.418711787999996], [84.45983974799998, 27.41880191299998], [84.45945527800001, 27.418778357999997], [84.45906986199998, 27.418831528], [84.45874727500001, 27.41894315799999], [84.45833328600003, 27.418813641999975], [84.45766103400001, 27.418603738], [84.457404274, 27.418582016000016], [84.457211051, 27.418636805999995], [84.45712355799998, 27.418729610000014], [84.45710111599999, 27.418806404999998], [84.45686292099998, 27.418994476000023], [84.45668866099999, 27.419202645999974], [84.45537695799999, 27.420921884999984], [84.454854538, 27.421485460999975], [84.454635699, 27.421770496000022], [84.45441502, 27.42222477399997], [84.45420268499998, 27.423482342], [84.45409028199998, 27.423823442000014], [84.45384747000003, 27.42427779100001], [84.45325911499998, 27.424956657999985], [84.45286852100003, 27.425296403999994], [84.45221907199999, 27.425724993000017], [84.45065766599998, 27.42702077299998], [84.45061372200001, 27.427097636999974], [84.449942281, 27.427564646000008], [84.44909957200002, 27.428050256999995], [84.44883984799998, 27.428238383999997], [84.44832190300002, 27.42851760100001], [84.44799720200001, 27.428742039999975], [84.44773787000003, 27.42887149400002], [84.44715351100001, 27.429302107000012], [84.445741693, 27.430561248000004], [84.44558889000001, 27.430769336000026], [84.44476357100001, 27.431503081000017], [84.444525726, 27.431632460999992], [84.44426550700001, 27.431858940999973], [84.44359401100002, 27.432325920999972], [84.44301002399999, 27.432700102000013], [84.44264237800002, 27.432942717000003], [84.44242555400001, 27.433112644000005], [84.44240412900001, 27.433130763999998], [84.44231773500002, 27.43318745099998], [84.44196999000002, 27.433506722000004], [84.44105566899998, 27.434448325999995], [84.44016994600003, 27.434952070999998], [84.43978231, 27.435099967999975], [84.43921715699997, 27.43560720800002], [84.43882295899999, 27.436174833999985], [84.438496214, 27.436532391000014], [84.43823597099998, 27.436758859999998], [84.43799810799999, 27.436888228999976], [84.43786766900001, 27.43700146399999], [84.43635941299999, 27.43774632999998], [84.43618564600001, 27.437936421000018], [84.43583947399998, 27.438181207000014], [84.43551687500002, 27.438310836000028], [84.434809745, 27.438416844000017], [84.43416551799999, 27.438601629000004], [84.43358481899998, 27.43886293600002], [84.433262147, 27.438974508], [84.43293849899999, 27.439160548000018], [84.43268081100001, 27.439235812999982], [84.43236173499997, 27.43913526], [84.43195964400002, 27.438825108999993], [84.431385369, 27.43862605800001], [84.43125797800002, 27.438549731000023], [84.43093835299999, 27.438469484999985], [84.430745564, 27.438485877000005], [84.43055236999999, 27.438560939000013], [84.42933121700003, 27.438679788], [84.428880246, 27.438807541000017], [84.42842886599999, 27.43899396400002], [84.42823552200002, 27.439030661999993], [84.42753144099999, 27.438947075999977], [84.42733962, 27.438886738999997], [84.42695460200002, 27.438901457999975], [84.426760279, 27.439012622000007], [84.42643823100002, 27.439124176999997], [84.42592581600002, 27.439060304999998], [84.42547880699999, 27.43890371499998], [84.42490196699998, 27.438858088000018], [84.42470974000003, 27.43885641700001], [84.42432318700003, 27.43896590700001], [84.424000573, 27.439095510000016], [84.42359057700003, 27.439358513000002], [84.422702604, 27.440132935999998], [84.422616124, 27.440171557999975], [84.422097307, 27.440586071999974], [84.42170816700002, 27.440849006000008], [84.42138359799998, 27.44113205100001], [84.42034572799997, 27.44190465600002], [84.419959237, 27.44203444300001], [84.41879450900001, 27.442708131000018], [84.418603249, 27.442629727999986], [84.41821919199998, 27.442567698999994], [84.41783262799999, 27.44267942800002], [84.417447106, 27.442732482999986], [84.41686514899999, 27.44301177599999], [84.41666687100002, 27.44308457699998], [84.41660750900002, 27.44310506300002], [84.41635070199999, 27.443083265999974], [84.41596454500001, 27.44313631900002], [84.415577337, 27.443245787000023], [84.415273544, 27.443510704000005], [84.41509420300002, 27.44408213600002], [84.414984178, 27.444251701999974], [84.41485482899998, 27.444326552000007], [84.41457659500003, 27.444325123], [84.41425828799998, 27.444091393000008], [84.41413040600003, 27.444051156], [84.41336704600002, 27.44350734699998], [84.413175223, 27.443446989999984], [84.41259766600001, 27.443383261999998], [84.41221451299998, 27.443224183999973], [84.41208614300001, 27.443222306999985], [84.411894329, 27.443164205000016], [84.41157560900001, 27.442986882000014], [84.41099658399997, 27.443038234000028], [84.41054691, 27.443014737999988], [84.41041902900002, 27.442974498000012], [84.40938639699999, 27.443306985999982], [84.40925745999999, 27.443323159999977], [84.40880476500001, 27.44350952299999], [84.40822475300001, 27.443637588], [84.407901541, 27.44378520800001], [84.40764319200002, 27.443860428999983], [84.407385326, 27.44389503100001], [84.40691378999998, 27.443946052], [84.406334684, 27.44397707600001], [84.40531060900003, 27.44371604700001], [84.40499134700002, 27.44356127499998], [84.40479847, 27.443557322999993], [84.40344661900002, 27.443753046999973], [84.40306094800002, 27.443767702000002], [84.40248036100002, 27.443913796999993], [84.40170344199998, 27.44432446799999], [84.400928007, 27.444622304000006], [84.40047423099998, 27.444865056000026], [84.40001953699999, 27.445204838999985], [84.39945535099997, 27.44569386500001], [84.39917463400002, 27.44588196000001], [84.39906564500001, 27.44599509699998], [84.398784294, 27.446183193000024], [84.398136781, 27.44653931800002], [84.39768461300002, 27.446705334], [84.39729837099998, 27.446740283999986], [84.39684663000003, 27.446849884000017], [84.396717266, 27.446924717], [84.39643442300002, 27.447227895000026], [84.39630194099999, 27.44749228400002], [84.39625596899998, 27.447722579000015], [84.39612498000002, 27.447874137999975], [84.39597411300002, 27.447949031999997], [84.395544922, 27.44799989400002], [84.39533054600003, 27.447998245999997], [84.39496692699998, 27.447994763999986], [84.39385215800002, 27.448018228000024], [84.392950918, 27.448160676999976], [84.391854604, 27.44839618499998], [84.39127255900002, 27.448677627999984], [84.39082029899998, 27.448823315000027], [84.390432057, 27.449011693999978], [84.38991542999997, 27.449195917999987], [84.389785426, 27.449270747000014], [84.38972155699997, 27.449270925000008], [84.38959155200001, 27.449345753999978], [84.38926936500002, 27.44943691499998], [84.38862528800001, 27.44952446100001], [84.387850776, 27.449745500999995], [84.38759352300002, 27.44978006399998], [84.387206268, 27.449891709999974], [84.38694688800001, 27.45004136099999], [84.38659793199997, 27.45043721899998], [84.386338121, 27.450645538999993], [84.385617346, 27.451593015000014], [84.385355898, 27.451878059000023], [84.38496563199999, 27.452217614999995], [84.384854056, 27.452502244000016], [84.38465710700001, 27.452787108999985], [84.38389593300002, 27.45358124400002], [84.38322675699999, 27.453917049999973], [84.38283747700001, 27.454179876000012], [84.38244913400001, 27.45434792499998], [84.382060351, 27.454572385999995], [84.38145410499999, 27.455005041999982], [84.38143060200002, 27.455158548999975], [84.38125771400001, 27.455271847999995], [84.380223742, 27.455642485], [84.37996647199998, 27.455677035000008], [84.37932077800002, 27.455859315999987], [84.37861378600002, 27.455870264999987], [84.378160987, 27.456056529000023], [84.37796564899998, 27.45626465800001], [84.377831044, 27.456664425999975], [84.37745903799998, 27.45717766299998], [84.37628639799999, 27.458252678999997], [84.37621015299999, 27.458334120000018], [84.37598202999999, 27.458573925999985], [84.37576448800002, 27.45876406000002], [84.37555065599997, 27.458742072000007], [84.37527338299998, 27.458661584000026], [84.37510098500002, 27.45873651400001], [84.37499940100003, 27.458619449000025], [84.37484957100003, 27.45844835700001], [84.37468791600003, 27.458333709999977], [84.37433670500002, 27.458081924], [84.37356658099998, 27.457754540999986], [84.37324568999998, 27.457678680000015], [84.37247413400002, 27.457676231999983], [84.37228080599999, 27.45773316100002], [84.37172138599999, 27.458190471000023], [84.37160865999999, 27.45833293200002], [84.37152742699999, 27.458436947999985], [84.37139753899999, 27.45874192399998], [84.37109558200001, 27.459410656999978], [84.371009318, 27.45952371200002], [84.37088062100003, 27.459618827999975], [84.37070567400002, 27.459689245999982], [84.37060146800002, 27.459732396999982], [84.37025850700002, 27.45986644300001], [84.36987146400003, 27.460057018999976], [84.36967844499998, 27.46020871799999], [84.369570678, 27.46032182900001], [84.369269272, 27.460780700999976], [84.36862349400002, 27.461522547000015], [84.36821570000001, 27.461751533999973], [84.36750748999998, 27.46197905600002], [84.36712182299999, 27.46201617700001], [84.36695049299999, 27.462034679999988], [84.36692897500001, 27.46203022399999], [84.366778969, 27.461994515000015], [84.36658595, 27.461956661999977], [84.366221978, 27.461860590000015], [84.3659437, 27.461859065], [84.36577217500002, 27.46181889799999], [84.36549377699998, 27.46178126799998], [84.365043663, 27.461644800999977], [84.36465901700001, 27.461415644], [84.36433760900002, 27.461375868000005], [84.36405889100001, 27.461433010000007], [84.36369409600002, 27.461470066999993], [84.363479821, 27.461506729999996], [84.36337236499998, 27.46152506300001], [84.36311521599998, 27.46160245499999], [84.36285761200003, 27.461734003999993], [84.362620365, 27.462095664000003], [84.362274512, 27.46289762599997], [84.36190855199999, 27.463354392999975], [84.361070262, 27.464040292999982], [84.36096299600001, 27.464117292000026], [84.360619112, 27.46436414300001], [84.36016834200001, 27.464611268999988], [84.35916004699999, 27.464952349999976], [84.359009764, 27.465027201999987], [84.35836584200001, 27.46519809900002], [84.35819443899999, 27.46519628300001], [84.35798009500002, 27.465214887000002], [84.35746622200003, 27.465116920000014], [84.356822943, 27.465096003999975], [84.35650146799998, 27.465038158000027], [84.35630883200002, 27.464923569000007], [84.35605192499997, 27.464883609000026], [84.355537734, 27.464882665999994], [84.35521593099998, 27.46491959100001], [84.35444379500001, 27.465147209999998], [84.35418553900001, 27.46527874399999], [84.35399282100002, 27.465335647000018], [84.35386410299998, 27.465430748000017], [84.35375637700002, 27.465564156000028], [84.35349720200003, 27.466002577999973], [84.35306687100001, 27.466518154000028], [84.35295881399998, 27.46674633600003], [84.35263608399998, 27.467090143999997], [84.352463693, 27.467374901000028], [84.35239909400002, 27.467546559000027], [84.352375618, 27.468119773000012], [84.352651676, 27.468809566999994], [84.35295067200002, 27.46915405599998], [84.35305702900001, 27.469383950999998], [84.353056756, 27.469496777000018], [84.35299197799998, 27.469612023000025], [84.35288311900001, 27.470185453], [84.35279656199998, 27.470413580000013], [84.35264549099998, 27.470641870999998], [84.35234470699999, 27.47092920900002], [84.35210800499999, 27.471080993999976], [84.35090571900002, 27.471706826000002], [84.35058344800001, 27.471802411], [84.34987585200003, 27.471856091000006], [84.34955421199999, 27.47195167199999], [84.349425419, 27.472026459999995], [84.34910254200003, 27.472331898999983], [84.34884495900002, 27.47248373100001], [84.34858725599997, 27.472597201999974], [84.34826561199998, 27.47269277999999], [84.34800802799998, 27.472844611000028], [84.34749134700002, 27.473473210999998], [84.34699665199997, 27.473853539000004], [84.346374277, 27.474060430999998], [84.34626692799998, 27.474117110999998], [84.345944428, 27.474345819999996], [84.34549404199998, 27.474536484999987], [84.34497873700002, 27.474801775000003], [84.34446303599998, 27.475143785], [84.34323812999997, 27.47584632799999], [84.34287278300002, 27.476131549], [84.34248525700002, 27.47660862700002], [84.34209857399998, 27.476950310999996], [84.34184085300001, 27.477063768999983], [84.34145472900002, 27.477177541999993], [84.340229781, 27.477880058999972], [84.339521644, 27.478184161], [84.33937099399998, 27.478356023000003], [84.33898236300001, 27.479099362], [84.33880974499999, 27.47932768999999], [84.33868106, 27.479443085000014], [84.33829440199997, 27.479592953999997], [84.337779743, 27.479668668999977], [84.33726474000002, 27.479839156000025], [84.33655663100001, 27.479951438], [84.33584829300003, 27.480196852000006], [84.33526813399999, 27.480577343999983], [84.33496733200002, 27.480882697000027], [84.33457992400002, 27.481206310000005], [84.33423546699998, 27.481719365000004], [84.33350376800001, 27.482404842999983], [84.33333327000003, 27.482502280999995], [84.333267594, 27.482538542999976], [84.332599948, 27.483072676000006], [84.33189031199998, 27.483527928], [84.33137419299999, 27.48375706500002], [84.33053544299997, 27.48419230899998], [84.329631882, 27.484745040999996], [84.32905196899998, 27.485010423999995], [84.32853553799998, 27.485352377000027], [84.328277211, 27.485486121000008], [84.32789047099999, 27.48562016599999], [84.32769695600001, 27.485638673999972], [84.32737497199997, 27.485637175000022], [84.32640994500002, 27.48551984599999], [84.326152261, 27.485443728999996], [84.32583103600001, 27.485270730000025], [84.325510329, 27.48505936800001], [84.32527485700001, 27.484791393000023], [84.32480395200002, 27.484483350999994], [84.32461090599998, 27.48444544099999], [84.32431043100001, 27.484443883999973], [84.32415988000002, 27.484444235000012], [84.32372957799998, 27.48482432999998], [84.32310559400003, 27.485166513000024], [84.32259073400002, 27.48518575899999], [84.322139289, 27.485259013000018], [84.32143137499997, 27.485238084000002], [84.32085141200002, 27.48527552600001], [84.32046512599999, 27.485350880999988], [84.32001384799997, 27.485482796999975], [84.31949840499999, 27.48552008500002], [84.319176589, 27.485577235999983], [84.31846649699997, 27.485899286999995], [84.31795055100002, 27.486202838999986], [84.31775720299999, 27.486280002], [84.31717631800001, 27.48666042100001], [84.31700353399998, 27.486850360999995], [84.316938817, 27.48700395100002], [84.31680946099999, 27.48711707199999], [84.316593937, 27.487404138999977], [84.31601232499997, 27.487976358000026], [84.31590400800002, 27.488148099], [84.31564593000002, 27.48837659200001], [84.31506485900002, 27.488698333000002], [84.31442009599999, 27.488869029], [84.31396979300001, 27.48890614999999], [84.313647688, 27.48886625900002], [84.31306770200001, 27.488903667999978], [84.31255323200003, 27.488843899000017], [84.31203771999998, 27.488863106999986], [84.311008206, 27.488763869000024], [84.309978537, 27.488608209000006], [84.30920628299998, 27.488433918999988], [84.30817667500003, 27.48829855499997], [84.30772594500002, 27.488182214000005], [84.30746884500002, 27.488085752000018], [84.30689095999998, 27.487739524000006], [84.306462796, 27.487318500000015], [84.305542478, 27.486666134000018], [84.30470926100003, 27.48593910699998], [84.304581213, 27.485842357000024], [84.30447340900002, 27.485975726999982], [84.30447293100002, 27.48603214100001], [84.30449238099999, 27.486433757999976], [84.30470398099999, 27.487008704999994], [84.30508748699998, 27.487754771000027], [84.305151534, 27.48781104400001], [84.30525844300001, 27.48804097300001], [84.30549282099997, 27.488385705999974], [84.305578223, 27.488615682999978], [84.30568118299999, 27.489705351999987], [84.30576594799999, 27.489933072999975], [84.30583000299998, 27.489991601999975], [84.30608773900002, 27.490088066], [84.306258125, 27.49039457600003], [84.30621400299998, 27.490681250000023], [84.30595400099998, 27.491367802000013], [84.30588789199999, 27.491710936999993], [84.30577987499998, 27.491997750999985], [84.30552034200002, 27.492397724], [84.30541216300003, 27.492625868999994], [84.30515310300001, 27.49296942699999], [84.30498129199998, 27.493064576999984], [84.304787868, 27.493121412999983], [84.30455068399999, 27.493370148999986], [84.30427137800001, 27.49348358499998], [84.30384044499999, 27.493901981000022], [84.303044006, 27.494377584999995], [84.30246313200001, 27.494796302999987], [84.30194705100001, 27.495081744000004], [84.30177475599999, 27.49523330400001], [84.30155854499998, 27.495520349000003], [84.301000552, 27.495517043999996], [84.300871599, 27.49555568400001], [84.30067854200001, 27.495517740000025], [84.30009904000002, 27.49551447800002], [84.29977665400003, 27.495609946000002], [84.29969034300001, 27.495743265999977], [84.29964710799999, 27.495896802000004], [84.29964630699999, 27.496068299], [84.299815508, 27.49664108799999], [84.29981102199997, 27.497787404999997], [84.29976736100002, 27.498017662999985], [84.29946540399999, 27.498417715000016], [84.29905589499998, 27.498817997999993], [84.298776568, 27.498931423999977], [84.29819625099998, 27.49910190700001], [84.29755172400002, 27.499157443], [84.29703583100002, 27.499289422000004], [84.29652089299998, 27.499306316000002], [84.29619919700002, 27.499191918999998], [84.295941653, 27.49917215900001], [84.295491572, 27.499073828999997], [84.29497595499998, 27.499072666000018], [84.29465355600001, 27.499168122000015], [84.29433092300002, 27.499414764999983], [84.294028943, 27.499814805000028], [84.29399780199998, 27.49999990499998], [84.29399842999999, 27.49999990499998], [84.29382587499998, 27.500058937000006], [84.29318814800001, 27.500773340000023], [84.293073279, 27.50111657100001], [84.29289673099998, 27.501342593999993], [84.292282828, 27.501980220999997], [84.291955212, 27.502260716000023], [84.29173796600003, 27.50241010100001], [84.29166656899997, 27.502446355000018], [84.29109034999999, 27.50274316399998], [84.290508913, 27.50298131300002], [84.28999365599998, 27.503124548000017], [84.28986585000001, 27.503122556999983], [84.28928663699998, 27.50324561399998], [84.28896711800002, 27.503239509000025], [84.28877424000001, 27.503273756999988], [84.288583114, 27.503251588000012], [84.28832574900002, 27.50330402100002], [84.28813398900002, 27.503281854000022], [84.287940531, 27.503336409999974], [84.286527551, 27.503501796000023], [84.28588666000002, 27.503507626999976], [84.28569378700001, 27.503544126999998], [84.28415629800003, 27.50351568399998], [84.283266018, 27.50323092299999], [84.28300972099998, 27.503206622999983], [84.282883035, 27.503148210999996], [84.282436728, 27.503043062000017], [84.28211998699999, 27.502885747999983], [84.281802126, 27.502784850000012], [84.28047003900002, 27.502166999999986], [84.28021783700001, 27.502009552999994], [84.280092271, 27.501892467000005], [84.27996553700001, 27.501813744000003], [84.279648797, 27.501654169000005], [84.278572446, 27.501080917000024], [84.27838186100001, 27.501020373000017], [84.278192348, 27.500883105000014], [84.27736712799998, 27.50054176200001], [84.27675742299999, 27.500109726000005], [84.27630100599998, 27.50000232000002], [84.27591824799998, 27.50000308], [84.27447893800002, 27.500001413000007], [84.273936004, 27.500212337999983], [84.27341385400001, 27.50064210300002], [84.27336975200001, 27.500716653999973], [84.27293296800002, 27.501130452999973], [84.27275647099998, 27.50139481100001], [84.27270719799998, 27.501681485000006], [84.272700945, 27.50196807399999], [84.27274108699999, 27.502083078], [84.27268780700001, 27.502541253999993], [84.272704191, 27.502771386000006], [84.27288114499999, 27.503461532000017], [84.27285450699998, 27.503691747999994], [84.272889518, 27.50403466900002], [84.27294941899999, 27.504208302999984], [84.2730037, 27.504668525], [84.27301932799998, 27.505873470999973], [84.272950294, 27.506101514000022], [84.27268090299998, 27.50667068299998], [84.272396346, 27.506991664999987], [84.27226506699998, 27.507122799], [84.27200196899997, 27.507423430000017], [84.27149958000001, 27.50792986900001], [84.27108657100001, 27.50824884299999], [84.269600449, 27.508813600999986], [84.26825240300002, 27.508922262999988], [84.26754924400001, 27.508833357000015], [84.26722907700002, 27.50882720200002], [84.26684730199997, 27.508724136000012], [84.26627028799999, 27.508732011000006], [84.26601172599999, 27.50882276599998], [84.26543535100001, 27.508832892999976], [84.264403448, 27.50911917799999], [84.26394973200001, 27.509359229999973], [84.26377545999998, 27.509508489999973], [84.26348969499998, 27.509867815999996], [84.26330968299999, 27.510265302999983], [84.263237737, 27.510608429], [84.263057231, 27.511064584999986], [84.262826781, 27.51180515599998], [84.26272590899998, 27.512491325999974], [84.262742274, 27.512721458999977], [84.26266919300002, 27.513120999000023], [84.26266228600002, 27.513409845000012], [84.26264027500002, 27.513466299000015], [84.26261591399998, 27.513599478999993], [84.26246825099997, 27.513500471999976], [84.26221772000002, 27.513248214999976], [84.26205202599999, 27.513016107], [84.261950238, 27.512783877999993], [84.26179141099999, 27.512244871000007], [84.26178335999998, 27.510714973000006], [84.26170309399998, 27.510484959999985], [84.26167036800001, 27.51002469299999], [84.26157093799998, 27.509717994000027], [84.26158810999999, 27.508953005000023], [84.26149320000002, 27.508416134000015], [84.26146047600002, 27.50795586700002], [84.26151208900001, 27.507574420000026], [84.26154471500001, 27.506121165000025], [84.261487681, 27.505814385999997], [84.26149455299998, 27.505509743999994], [84.26141771800002, 27.505124024999986], [84.26144375299998, 27.504896068999983], [84.26141338000002, 27.504359076000014], [84.26128467400002, 27.503440916999978], [84.26116481899999, 27.503055277999977], [84.26089971599998, 27.502514211999994], [84.26085958599998, 27.502399205000017], [84.260842642, 27.502189380999994], [84.260934926, 27.501884578999977], [84.26115908600002, 27.501430599000003], [84.261391194, 27.500592997000012], [84.26150327099998, 27.500364879000017], [84.26168588299998, 27.500001236999992], [84.26149597599999, 27.499687938000022], [84.26143230600002, 27.499516562999986], [84.26128322599999, 27.49934534800002], [84.26115615200001, 27.49911542199999], [84.26107182599998, 27.49877033299998], [84.26109519300002, 27.498483711999995], [84.26127057500003, 27.497738733000006], [84.26174818700002, 27.496652451999978], [84.26224607400002, 27.495850452000013], [84.26256966800003, 27.495450439000024], [84.26308675899998, 27.49501395499999], [84.26351748799999, 27.49470851000001], [84.264314233, 27.494023275000018], [84.264831754, 27.493507806000025], [84.26498303699998, 27.493279610000002], [84.26532821500001, 27.492917910000017], [84.265502217, 27.492403093000007], [84.26578815699997, 27.49108474100001], [84.26579035600002, 27.49068307700003], [84.26574967800002, 27.49034016500002], [84.26545313700001, 27.489611876000026], [84.26530397300002, 27.48940230400001], [84.26509037099999, 27.489228959000002], [84.26483443500001, 27.48907600299998], [84.26440643199999, 27.488923374000024], [84.26389329300002, 27.488615203999984], [84.26372176900003, 27.488577168999996], [84.26357224600002, 27.48848042200001], [84.26314505699997, 27.488135983000006], [84.26291144499999, 27.48779117700002], [84.262487056, 27.486758493000025], [84.26242424399999, 27.486413363999986], [84.26225538599999, 27.485896939999975], [84.26221309099998, 27.485666853999987], [84.26219754300001, 27.48444385099998], [84.26239291299999, 27.483870326999977], [84.26256605600003, 27.483527009], [84.26304187900001, 27.48278371599997], [84.26355981, 27.482193784999993], [84.26381807400003, 27.48200374800001], [84.264182925, 27.481946644000004], [84.264333023, 27.482023079999976], [84.264674662, 27.48231126600001], [84.26484591000002, 27.482502743999987], [84.26503767899999, 27.482809266000004], [84.26535781400003, 27.483097489999977], [84.26548690499999, 27.483117553], [84.265615857, 27.483078945999978], [84.26608896200003, 27.482793721000007], [84.26634722300003, 27.48260368000001], [84.266584653, 27.482431729999973], [84.26667139699998, 27.482203654999978], [84.26669522600002, 27.481592093000017], [84.26673864399999, 27.481497235999996], [84.26695442300002, 27.48126665799998], [84.26744902899998, 27.480983643000002], [84.26770777399997, 27.480734928999993], [84.26792404600002, 27.480447934999972], [84.26829178999998, 27.47976124500002], [84.26887445900002, 27.479017725999995], [84.26928400399999, 27.478617530000008], [84.26941325799999, 27.47844578500002], [84.26956536, 27.478046086000006], [84.26952488500001, 27.477529421999975], [84.26941954, 27.477127965000022], [84.26942074200002, 27.476841385], [84.26950747500001, 27.476613308000026], [84.26985258100001, 27.47624933999998], [84.27023976700002, 27.476022936999982], [84.27051946099999, 27.475812537000024], [84.270692704, 27.47552562300001], [84.270715269, 27.475182587999996], [84.270529323, 27.47363497499998], [84.27053171300003, 27.47305955799999], [84.27090061500002, 27.472086279999985], [84.27098699099997, 27.47197328599998], [84.27111771099999, 27.47163003999998], [84.27120527800002, 27.471228209000003], [84.27120696200001, 27.470882957000015], [84.27103914700001, 27.470023549000018], [84.27097547199998, 27.46984992099999], [84.27088980500002, 27.469735005000018], [84.27089016299999, 27.46962217800001], [84.27076291499998, 27.46931553799999], [84.270677788, 27.46916226000002], [84.27057164399997, 27.468950353000025], [84.270508071, 27.468817342000023], [84.27031746699998, 27.468206194000004], [84.27021118900001, 27.467937873999972], [84.269849276, 27.467363163000016], [84.26931528799997, 27.46676847399999], [84.26882360399998, 27.466403866999997], [84.268480479, 27.466269137999973], [84.26762360200001, 27.466056417000004], [84.26719535900003, 27.465768404000016], [84.26693838800003, 27.465689919], [84.266337991, 27.46561208999998], [84.26582347499999, 27.46547768099998], [84.26539532499999, 27.465225766999993], [84.26505279700001, 27.465072975999988], [84.26436683899999, 27.464918579000027], [84.26374583900002, 27.464685078000002], [84.26363872799999, 27.464590507000025], [84.26351105700002, 27.464360582999973], [84.26319093799998, 27.464054300999976], [84.261800924, 27.463036971000008], [84.26101003999997, 27.462363754000023], [84.26058241999999, 27.46205766700001], [84.26028318499999, 27.46175133899999], [84.25989852599997, 27.461424861000012], [84.259300516, 27.460733221999988], [84.25904533800002, 27.46033203500002], [84.25855394899997, 27.459795894000024], [84.25782711900001, 27.459181209999997], [84.257378926, 27.458721706999995], [84.257128217, 27.458334046999994], [84.256932098, 27.458032033999984], [84.25687031899997, 27.457571816999973], [84.25687405000002, 27.45699865199998], [84.25681127399997, 27.456653518999985], [84.25660061299999, 27.456078492000017], [84.256451465, 27.455848601000014], [84.25630331500003, 27.455503625000006], [84.25609252999999, 27.45487218400001], [84.25605189100003, 27.454527009999993], [84.256097495, 27.454010181], [84.25635948299998, 27.453265045000023], [84.25649172700003, 27.452750311999978], [84.25649345800002, 27.45240505999999], [84.25643082200003, 27.45211859599999], [84.25639618899999, 27.452035095999975], [84.25636722799999, 27.451965269000027], [84.25631399299999, 27.451915724000003], [84.25628180899997, 27.451945118000026], [84.25567993200002, 27.45228695999998], [84.25447636299998, 27.452781087000005], [84.25416362300001, 27.45288439699999], [84.253789472, 27.45300799300003], [84.25275922999998, 27.453253571000005], [84.25207324799999, 27.453327022999986], [84.25147377600001, 27.453343901999972], [84.25096063900003, 27.453227486999992], [84.25070430099998, 27.453130918], [84.250276079, 27.453091071000017], [84.24999986799997, 27.452874940000015], [84.249970109, 27.45285148900001], [84.249854158, 27.452760118000015], [84.24965123800001, 27.452794330000017], [84.24933015099998, 27.452869369999974], [84.24824114500001, 27.452857775999973], [84.24779121400002, 27.453007507999985], [84.24768328699997, 27.45310247399999], [84.24760437399999, 27.453223336000008], [84.24733665500003, 27.453633373999992], [84.24720511800001, 27.45391792999999], [84.24692446, 27.454259164000007], [84.24643096800003, 27.454445072999988], [84.24623879900003, 27.454481518000023], [84.24598204, 27.45447971499999], [84.24576883100002, 27.454439474000026], [84.24566222599998, 27.45441935299999], [84.24538537699999, 27.45434086199998], [84.2451724, 27.454262259000018], [84.24440646099998, 27.453929637999977], [84.24403366199999, 27.453784582000026], [84.244021009, 27.453779657999974], [84.24400232800002, 27.453772388999994], [84.24374717400002, 27.45363744399998], [84.243680171, 27.45359378400002], [84.24359866499998, 27.45354067300002], [84.24323800600001, 27.453308880999998], [84.24311177700002, 27.45313534799999], [84.24290013400002, 27.452941656000007], [84.24279458900003, 27.45282675599998], [84.242539711, 27.452671500000008], [84.242179883, 27.45238329], [84.24192422200002, 27.452302498999984], [84.24160359400003, 27.452300799], [84.24141102800002, 27.452298875999986], [84.24128269300002, 27.45231715099999], [84.240573579, 27.452520096], [84.24012455500002, 27.45264860499998], [84.23988769200002, 27.452779892000024], [84.239543755, 27.452965518999974], [84.23939175800001, 27.453155329000026], [84.239067949, 27.453437951000012], [84.23898202599997, 27.45347645999999], [84.23851049299998, 27.453585581000027], [84.23787056399999, 27.45346482299999], [84.23729214999997, 27.453571866000004], [84.23690492999998, 27.45377787000001], [84.23651665099999, 27.454080904000023], [84.23634424199997, 27.454191766999998], [84.23608540100003, 27.454399807000016], [84.23541648999998, 27.454926709999995], [84.23496400900001, 27.455227593000018], [84.23485662000002, 27.455284187000018], [84.23459776800001, 27.455489967999995], [84.23448899800002, 27.45564133800002], [84.234079242, 27.45596245500002], [84.23379967699998, 27.456093802999987], [84.23347982199999, 27.45601310500001], [84.23341398600002, 27.455973173000018], [84.23309767500001, 27.455781322000007], [84.232992137, 27.455666414999996], [84.23290888899999, 27.455474749000018], [84.23280390399998, 27.455321481], [84.23265673999998, 27.45510961299999], [84.23191928099999, 27.454167611999992], [84.23173050100002, 27.453861038000014], [84.23154171700003, 27.453552206999973], [84.23143641899998, 27.45339893800002], [84.23131048900001, 27.453207341999985], [84.23107874700003, 27.452918889999978], [84.23088863100003, 27.452727400000015], [84.23078337099997, 27.45259218299998], [84.23052929900001, 27.452360181000017], [84.23040254, 27.45222499900001], [84.230150133, 27.451880166000024], [84.22981286700002, 27.45147680399998], [84.22911466, 27.450839355000028], [84.22873253799997, 27.45060755999998], [84.22834938800003, 27.450488592], [84.22783726900002, 27.450387886999977], [84.22732495499997, 27.450345848999973], [84.226811494, 27.450360224999997], [84.22623633500001, 27.450200946999985], [84.22615092299998, 27.450180776000025], [84.22604515900002, 27.450104226000008], [84.22560075799998, 27.449716822000028], [84.22549519699999, 27.449583857999983], [84.22515632900001, 27.449313621999977], [84.22484058700002, 27.448910211999987], [84.22407930899999, 27.44817580900002], [84.22367681899999, 27.447867309999992], [84.223443239, 27.447750344999974], [84.22316745500001, 27.447556725000027], [84.22304043499997, 27.447441845000014], [84.222893301, 27.44722996600001], [84.22283320600002, 27.446905121999976], [84.22283670399997, 27.446600483999987], [84.222875993, 27.446172413], [84.22288559100002, 27.446067862999996], [84.22297313899998, 27.445826066999985], [84.22299595499999, 27.445763054999986], [84.22306554599999, 27.44530712300002], [84.22312523400001, 27.44385833199999], [84.22319450200001, 27.44340014400001], [84.223114538, 27.44294219599999], [84.22309764599999, 27.442560867999987], [84.22299506899998, 27.442177420999997], [84.22289010999998, 27.442024145000005], [84.22274565100003, 27.441566298999987], [84.22257841300001, 27.44125742], [84.22219904399998, 27.44079769199999], [84.222093771, 27.440644415999998], [84.22200947800002, 27.440547519000006], [84.221862079, 27.44035594799999], [84.22165025700002, 27.440200584000024], [84.22154362999999, 27.440160135999975], [84.221307749, 27.440147389999993], [84.22113795199999, 27.44013821499999], [84.22094488599998, 27.440192678000017], [84.21952442999998, 27.441018558999986], [84.219073315, 27.441204304999985], [84.21862303699999, 27.44133363399999], [84.21827803500003, 27.441330127000015], [84.21749769799999, 27.44132219400001], [84.21727646699998, 27.441319944999975], [84.21705970900001, 27.44129035499998], [84.21650829999999, 27.441215082999975], [84.21625268600002, 27.441136501000017], [84.21580456499998, 27.441076269000007], [84.21548476700002, 27.44099552900002], [84.21516445100002, 27.440973457999974], [84.21465078799997, 27.441026151000017], [84.21381380499997, 27.441302735000022], [84.213557111, 27.441318923999972], [84.21330017399998, 27.441373474999978], [84.21304292100001, 27.441428024999993], [84.21272124400002, 27.441521034999994], [84.212506711, 27.441595828000004], [84.21188345000002, 27.441874331000008], [84.21149622399997, 27.442080264000026], [84.210980667, 27.442304442000022], [84.210658981, 27.442395191000003], [84.21048656800002, 27.44250827799999], [84.21037805899999, 27.442641578000007], [84.21022525699999, 27.442926132000025], [84.21020186999999, 27.443097663999993], [84.20991524200002, 27.44383823999999], [84.20969657, 27.444235719999995], [84.20952310500002, 27.444463890999998], [84.20915789999998, 27.445121900999993], [84.20895528900002, 27.44548695399999], [84.208756747, 27.445999486000005], [84.20873062300001, 27.446398932000022], [84.20879124099997, 27.446687677], [84.208884608, 27.446833587000015], [84.20893838199999, 27.44691762399998], [84.20904588600001, 27.44702808699998], [84.209107233, 27.447091123999996], [84.209114285, 27.447110576], [84.20923150700003, 27.44743392999999], [84.209393853, 27.4481806], [84.20941094199998, 27.448523566999995], [84.20947240100003, 27.448753641999986], [84.20953060199997, 27.449268044000007], [84.20966602800002, 27.449681269999985], [84.20996375099998, 27.45058972099997], [84.20995860699998, 27.451045549000014], [84.209868825, 27.451388678], [84.20982151999999, 27.451788154999974], [84.20994580600001, 27.45213321799997], [84.210221262, 27.452326863999986], [84.21036837899999, 27.452538757000013], [84.21043067900001, 27.45271015899999], [84.21042795, 27.452938072999984], [84.21036239900002, 27.453053254999986], [84.210124415, 27.453279268000017], [84.21012422400003, 27.453279399999985], [84.20990905000002, 27.453428524000003], [84.20951849300002, 27.453902984000024], [84.20947443799997, 27.454015876000028], [84.20942713, 27.45441535399999], [84.20951005900002, 27.454627343000027], [84.209551417, 27.45476041699999], [84.20957298500002, 27.45479618799999], [84.20965609199999, 27.454934012000024], [84.20969741599998, 27.455049033000023], [84.20976024200002, 27.45516402200002], [84.20984372800001, 27.455335392999984], [84.20994735300002, 27.45562181600002], [84.20994378500001, 27.455908400999988], [84.20989920900001, 27.456079965000015], [84.20981903699999, 27.456246787999987], [84.20978960100001, 27.45630804000001], [84.20943399999999, 27.456741432], [84.20935581499998, 27.456836721000002], [84.20933663300002, 27.45684944300001], [84.20896573599998, 27.45709543800001], [84.20881703600003, 27.457194061999985], [84.208408282, 27.457418071000006], [84.20833341399998, 27.457456544000024], [84.208300877, 27.45747464499999], [84.207741188, 27.45781396000001], [84.20750375300003, 27.458003862999988], [84.20722421900001, 27.458171262000008], [84.20693644900001, 27.458331903999976], [84.20686418899999, 27.45837246299999], [84.206751027, 27.45843597999999], [84.206234371, 27.45879553399999], [84.20622350399998, 27.45881168300002], [84.20608237599998, 27.459021412000027], [84.20599292999998, 27.459384845999978], [84.20605491100002, 27.45955625099998], [84.20622272600002, 27.459844839000027], [84.20704864499999, 27.460500264000018], [84.20738533399998, 27.460962353000014], [84.20750490299997, 27.461266532000025], [84.20763443700002, 27.461596067000016], [84.20782396999999, 27.46182594999999], [84.20807729500001, 27.46202800100002], [84.20816283599999, 27.462096228000007], [84.20833361500002, 27.46227423900001], [84.208458452, 27.46240493099998], [84.208713096, 27.462616663000006], [84.20974926600002, 27.463734346000024], [84.21042933299998, 27.46415980400002], [84.210683706, 27.464391841999998], [84.21083059799997, 27.464642094999988], [84.21085125899998, 27.464698477000013], [84.21095333, 27.465158653999993], [84.210929937, 27.465330186000017], [84.21082032300001, 27.465558261000012], [84.21069000699998, 27.465709645999993], [84.21058231699999, 27.465786530999992], [84.21019385099999, 27.46605113200002], [84.209975176, 27.46646891900002], [84.20988569899998, 27.46681204700002], [84.209663939, 27.467102775], [84.20910336700001, 27.467837687999975], [84.20875331799999, 27.46852419800001], [84.20853769500002, 27.46884682199999], [84.20844837099997, 27.468980472999988], [84.20833354299998, 27.469131833000006], [84.20831808600002, 27.469152165000025], [84.207989698, 27.469423808999977], [84.207930024, 27.469473171999994], [84.20765071, 27.46960446700001], [84.205915382, 27.470065119000026], [84.20456727499999, 27.470263423999995], [84.20379544600002, 27.470506004000015], [84.20321564599999, 27.470786660999977], [84.20269892200002, 27.471146202], [84.20198687999999, 27.47174973], [84.20189418199999, 27.47180004400002], [84.20170759000001, 27.471901322000008], [84.201589136, 27.471911911999996], [84.201322775, 27.471935727000016], [84.20087513300001, 27.471855138000024], [84.200426365, 27.47185127199998], [84.19997654000002, 27.471962487999974], [84.199654549, 27.47211188099999], [84.19926860499999, 27.472223004], [84.19914093800003, 27.472220936999975], [84.19914051900003, 27.47222093099998], [84.198948519, 27.472200896000004], [84.19875732700001, 27.47210413900001], [84.198711721, 27.47206674900002], [84.19854576, 27.471930687999986], [84.19826970700001, 27.47177312399998], [84.198141873, 27.47173494499998], [84.19794990499997, 27.471732961999976], [84.19771383099999, 27.47182581499999], [84.19734370399999, 27.47232848599998], [84.197279719, 27.472415383999987], [84.19719185899999, 27.47262536599999], [84.19695359299999, 27.472910026000022], [84.19682412999998, 27.473023034999983], [84.19658890099998, 27.47305947199999], [84.19633354400003, 27.472980854000014], [84.19620627, 27.47290205500002], [84.19607924799999, 27.472787149999988], [84.19582636400003, 27.472496413999977], [84.195657214, 27.472343207999984], [84.19519408399998, 27.471727826000006], [84.19506762600003, 27.471572302000027], [84.19484053999997, 27.471214410000016], [84.19460556899998, 27.470844090000014], [84.19454246999999, 27.470749404000003], [84.19416498700002, 27.47009553700002], [84.19401788300001, 27.469885884999997], [84.19393440599998, 27.469712248000008], [84.19380930400001, 27.46942584300001], [84.19370404300003, 27.469272546000013], [84.19357730899998, 27.469137330000024], [84.193428541, 27.469060814999978], [84.19323654300001, 27.469038516000012], [84.19310733399999, 27.469115417000012], [84.19306142900001, 27.469212792999997], [84.19291040799999, 27.469533147999982], [84.19277984799999, 27.469743186000017], [84.19271404800003, 27.46991251700001], [84.19240966299998, 27.470368757000017], [84.191954619, 27.470938030000013], [84.19190526900002, 27.470995619000007], [84.19182490399999, 27.471089397000014], [84.19173593400001, 27.471212299], [84.19167283600001, 27.47129946299998], [84.19139189600003, 27.471602225000026], [84.191240924, 27.471715258000017], [84.19100181900001, 27.471825274000025], [84.190832651, 27.471903110000028], [84.190640116, 27.471939479000014], [84.19040513800002, 27.471937544000014], [84.18999878199998, 27.471953894000023], [84.189420831, 27.472044943000014], [84.189185565, 27.47206105800001], [84.18869357099999, 27.472115883000015], [84.188178962, 27.472263252999994], [84.18801932500003, 27.472272448000012], [84.18785799699998, 27.472281738999982], [84.18715469799997, 27.472122472000024], [84.18677012900002, 27.47211847599999], [84.186191323, 27.472268181999993], [84.18599821800001, 27.472342905000005], [84.18582604900001, 27.472455962000026], [84.18552072099999, 27.472672285999977], [84.18548142600002, 27.472700126000007], [84.18515802799999, 27.472966826999993], [84.18509308799997, 27.473006176000013], [84.18487810900001, 27.473136438999973], [84.184363238, 27.473322156999984], [84.18412686699997, 27.47343529599999], [84.183826861, 27.473507901000005], [84.18341967700002, 27.473600955999984], [84.18298887600002, 27.473721265999984], [84.18288387000001, 27.473750591999988], [84.18273373599999, 27.473804944999983], [84.18257277499998, 27.474020786999972], [84.18236484599998, 27.474299609000013], [84.18210588699998, 27.474525600999982], [84.18204653999999, 27.474552163], [84.182019927, 27.474564074], [84.18196785800001, 27.47456414200002], [84.18195604200002, 27.474564156999975], [84.18192752099998, 27.474545826999986], [84.18159512699998, 27.474332205999985], [84.18132128100001, 27.47396700500002], [84.18096096800002, 27.473714743000016], [84.18081166299999, 27.473694627999976], [84.1807316, 27.473716114000013], [84.18053284500002, 27.473769455000024], [84.18036206300002, 27.47376742], [84.17987026100002, 27.473686299000008], [84.17976481, 27.47366890500001], [84.179572522, 27.473666896999987], [84.17938020600002, 27.473646836], [84.17914550699999, 27.473624572000006], [84.17873971400002, 27.473602529000004], [84.17863310299998, 27.473582356999998], [84.17818375799999, 27.473616779999986], [84.17788378, 27.473709681999992], [84.17749669900002, 27.473917776000008], [84.17746548100001, 27.473943071999997], [84.17693606699999, 27.47437205199998], [84.17671922, 27.474636341999997], [84.176481755, 27.474864551999985], [84.176395179, 27.474920051000026], [84.17607261500001, 27.475126826999997], [84.17585802500003, 27.47522187300001], [84.175621895, 27.475296635999996], [84.17525882199999, 27.47529258100002], [84.17500204700002, 27.475310955999987], [84.17491636800003, 27.47532911600001], [84.17465958899999, 27.475345233999974], [84.17427472499998, 27.475361512000006], [84.174189334, 27.47536161900001], [84.17408246600002, 27.47537980499999], [84.17390748100001, 27.475419321999993], [84.173760942, 27.475452415000007], [84.173674979, 27.47549088300002], [84.17354383100002, 27.47575731699999], [84.173542715, 27.475852093000015], [84.17351606300002, 27.476455405000024], [84.17351400400003, 27.476502009], [84.17358752500002, 27.47692093500001], [84.17369494399998, 27.477533016999985], [84.173689653, 27.477991099000008], [84.173425662, 27.47865710399998], [84.173209402, 27.478903334999984], [84.17307990699999, 27.479016322000007], [84.17277959299997, 27.479109213000015], [84.17239414199997, 27.479163846999995], [84.17231918300001, 27.47916150399999], [84.17156103999997, 27.47913779800001], [84.17113318000003, 27.47917442900001], [84.17091911900002, 27.479210796000018], [84.17091674800002, 27.479211018], [84.17074804100002, 27.479226802000028], [84.170533664, 27.479263168999978], [84.16993446599997, 27.479354162999982], [84.169864652, 27.47936987700001], [84.16976310500002, 27.479392732999997], [84.16963414899999, 27.479447047000008], [84.16954789300001, 27.479503565000016], [84.16943907199999, 27.479695503000016], [84.16943875999999, 27.479722991000017], [84.169435169, 27.480038499999978], [84.16945415100002, 27.48024833400001], [84.16949406499998, 27.480496502999983], [84.169501937, 27.480593423000016], [84.16951276100002, 27.480726645999994], [84.16939837000001, 27.48141277000002], [84.16926774799998, 27.481620528999997], [84.16907349500002, 27.481790004999993], [84.16862133199999, 27.482074876000013], [84.16784793099998, 27.482430084999976], [84.16681551699997, 27.483013509999978], [84.16666666999998, 27.48309492300001], [84.166471366, 27.48320121400002], [84.16614812, 27.483409200999972], [84.16573915499998, 27.48361503199999], [84.16524588599998, 27.483705879000013], [84.16477553599998, 27.483683871999972], [84.164582629, 27.483702151999978], [84.164261909, 27.483698017999984], [84.16404749499998, 27.48371632300001], [84.16340435799998, 27.48384344499999], [84.16282424600001, 27.484029159999977], [84.16249101599999, 27.484219354000004], [84.16232903899999, 27.484311804000015], [84.16210453500003, 27.484354054999983], [84.16204011999997, 27.484366177000027], [84.16194295899999, 27.484384463000026], [84.16183812600002, 27.484378434000007], [84.16155832099997, 27.484362343999976], [84.16123796900001, 27.484241021000003], [84.16119597199997, 27.484225116000005], [84.16094027100002, 27.484128381000005], [84.16062122900001, 27.483973048999985], [84.16009115000003, 27.483547176000002], [84.159835423, 27.483430130999977], [84.15964312099999, 27.48343035099998], [84.15960343199998, 27.483441524], [84.15944995000001, 27.483484728999997], [84.15916936100001, 27.483674598999983], [84.15891143200002, 27.483785463000004], [84.15813492500001, 27.483976353999992], [84.15786014999998, 27.484043902999986], [84.15747464499998, 27.484078188000012], [84.15715387300003, 27.484037933000025], [84.15689820199998, 27.483959243000015], [84.15668491299999, 27.483880505000002], [84.15663105599998, 27.48386708800001], [84.156450463, 27.483822099000008], [84.156065512, 27.483799965000003], [84.15605315599998, 27.48380171399998], [84.15603231, 27.48380466499998], [84.155808422, 27.48383635800002], [84.15565736799999, 27.48392904399998], [84.155200606, 27.48457492099999], [84.15501107400002, 27.484927341000002], [84.154894603, 27.48514390700001], [84.15472096399998, 27.485372009000002], [84.15455268400001, 27.485519410999984], [84.154439808, 27.485618283000008], [84.154030842, 27.48584438900002], [84.15385885400002, 27.485898736000024], [84.153579697, 27.48599156199998], [84.15321978999998, 27.48600671600002], [84.15319447500002, 27.486007782], [84.15300214199999, 27.485987684999998], [84.15276708200003, 27.485947324999984], [84.15253230899998, 27.48588665599999], [84.15229783199999, 27.485810190999985], [84.152287113, 27.485805278999976], [84.152042424, 27.485693131000005], [84.15157235700002, 27.485650770000007], [84.151208328, 27.485666960999993], [84.15101485899999, 27.48574163699999], [84.15088446200002, 27.485911018000024], [84.15081658499997, 27.486236030999976], [84.15081008800001, 27.48680693900002], [84.15086835800003, 27.487323620999973], [84.151007489, 27.487797967999995], [84.15105362000003, 27.48795524799999], [84.15105230900002, 27.48807869799998], [84.15104997700001, 27.48829824400002], [84.15093681100001, 27.488812854000003], [84.15078463999998, 27.48902287599998], [84.15039657900002, 27.489285053000003], [84.15020197000001, 27.489456759000007], [84.150072728, 27.48954941599999], [84.14993273200002, 27.489672186000007], [84.14985631899998, 27.489739197999995], [84.14947986099997, 27.49028647099999], [84.14946486999997, 27.490308262999974], [84.149333039, 27.490592726999978], [84.14915937799998, 27.49082082199999], [84.14889914899999, 27.491123474999995], [84.148467504, 27.491444363000028], [84.14807826999998, 27.491785513000025], [84.147709427, 27.49223946699999], [84.147511684, 27.492677442], [84.14746612300002, 27.492905399999984], [84.14750665000003, 27.493079498999975], [84.14752115300001, 27.49314179800001], [84.14760896500002, 27.493519022999976], [84.14773513900002, 27.493728745999988], [84.147966774, 27.494035386999997], [84.14803014199998, 27.494114298], [84.14813536399998, 27.494267630000024], [84.14824058599999, 27.494420961999992], [84.14835374199998, 27.494658312000013], [84.14838681999998, 27.494727693000016], [84.14839350599999, 27.494786413999975], [84.14839828200002, 27.494828360999975], [84.14842586999998, 27.49507064300002], [84.14833760699997, 27.495298647000027], [84.14809887799998, 27.49560353200002], [84.14806367900002, 27.495634177], [84.14790425000001, 27.49577297799999], [84.14706467899998, 27.496204863999992], [84.14669748699998, 27.496487317000003], [84.146634452, 27.49657010300001], [84.146554702, 27.496674841000015], [84.146523812, 27.49671540899999], [84.14656423899999, 27.496907170999975], [84.14664853400001, 27.497022164999976], [84.14690314, 27.49723400900001], [84.14711527999998, 27.497387229000026], [84.147142035, 27.497399609000013], [84.14745585600002, 27.497544824999977], [84.14788072599998, 27.49781515699999], [84.14855878200001, 27.498412413999972], [84.14879241300002, 27.498547556000005], [84.149499967, 27.49910044799998], [84.149683503, 27.499243865999972], [84.15074508599997, 27.499948086000018], [84.15082458799998, 27.500000824999972], [84.15082427200002, 27.50000082600002], [84.15082233200002, 27.50012684500001], [84.15082107500001, 27.500208428999997], [84.15090382300002, 27.500343730999987], [84.15103078099997, 27.50042257199999], [84.15121170200001, 27.500464405999992], [84.15147758400002, 27.50052588599999], [84.15188315799998, 27.500550266000005], [84.15200950799999, 27.500647157999992], [84.15205073999999, 27.50072609099999], [84.15204794099998, 27.50087158399998], [84.15204788800003, 27.500874323999994], [84.152047788, 27.500879537999992], [84.151959423, 27.50103082200002], [84.15139089899998, 27.50167455000002], [84.15097761700002, 27.50203153000001], [84.15080204399999, 27.50225962899998], [84.15073486900002, 27.502410888999975], [84.15056106499998, 27.502544211999975], [84.15045178999998, 27.502675208000028], [84.15044874199998, 27.502818175000016], [84.15044851900001, 27.502828654999973], [84.15048975000002, 27.502907589000017], [84.15065675, 27.503119520999974], [84.15134946799998, 27.503761877999978], [84.151453441, 27.503917464999972], [84.15151291199999, 27.504147564999982], [84.15150995900001, 27.504301011999985], [84.151347864, 27.504712960999996], [84.151329637, 27.50475928200001], [84.15126157499998, 27.504845085], [84.15104478299997, 27.50511837900001], [84.15101771299999, 27.505168930000025], [84.15080261700001, 27.505570605999992], [84.15080055200002, 27.50557446099998], [84.150840308, 27.505730117999974], [84.15104822699999, 27.506018727000026], [84.15134365, 27.506214723000028], [84.15159578499998, 27.506449126999996], [84.15171768800002, 27.50675813700002], [84.15155905900002, 27.507167084000002], [84.15124482599998, 27.507977172999972], [84.15123589900003, 27.508421879000025], [84.15122942599999, 27.508744406999995], [84.15139258599999, 27.509148145999973], [84.151644411, 27.509382549999998], [84.15234191899998, 27.509794731], [84.15259612099999, 27.509914047999985], [84.15278728700002, 27.509974763999992], [84.153173176, 27.509922440000025], [84.15332252500002, 27.509942583999987], [84.15338585299997, 27.509983132000002], [84.15339743700002, 27.510052764000022], [84.15340499400003, 27.510098192999976], [84.15338261099998, 27.510154630999978], [84.15325179400003, 27.51026760100001], [84.15299316699998, 27.51038071200003], [84.15251653199999, 27.51069940399998], [84.15250918700002, 27.51071444500002], [84.15240516900002, 27.510927434999985], [84.15242341499999, 27.511080858000014], [84.152547405, 27.511292835000006], [84.15267984500002, 27.511406394000005], [84.15282075200003, 27.511527213000022], [84.15284018400001, 27.511624222000023], [84.15268640199997, 27.51183199000002], [84.15246989600001, 27.511981158000026], [84.15212433699998, 27.512148518999993], [84.152021408, 27.51226706], [84.15199293699999, 27.512299848999987], [84.15199145999998, 27.512376571999994], [84.15207392999997, 27.512532181999973], [84.15211302, 27.512574778999976], [84.152429746, 27.51291991400001], [84.15244565400002, 27.512956022000026], [84.15263444499999, 27.513384531999975], [84.15266386899998, 27.51407273799998], [84.15274370499998, 27.514381792999984], [84.15276997000001, 27.515302424000026], [84.15291405800002, 27.515629461000003], [84.15310114800002, 27.515938398000003], [84.15320249799998, 27.516245173000016], [84.15317658599997, 27.516495674999987], [84.15303049200003, 27.516652459], [84.15300188700002, 27.516683157999978], [84.15283043400001, 27.51670139800001], [84.15280020099999, 27.51669242600002], [84.15248955300001, 27.516600229000005], [84.15231049599998, 27.516597595999997], [84.15206116600001, 27.51659392900001], [84.15171999799998, 27.516513067000005], [84.15154793699998, 27.51654935800002], [84.15117878900003, 27.51682956799999], [84.150581295, 27.516706107999994], [84.15041013000001, 27.51670403700001], [84.15015174500002, 27.516776524000022], [84.149805856, 27.516946136], [84.14935423600002, 27.517072987000006], [84.14909347000003, 27.51726699400001], [84.14905049800001, 27.51729896400002], [84.14894855099999, 27.517473612000003], [84.14876869800003, 27.51778171799998], [84.14872213400002, 27.517861486000015], [84.148630046, 27.518019243000026], [84.14799837800001, 27.51860435499998], [84.14791234500001, 27.518622498000013], [84.147763301, 27.518602348], [84.14759390199998, 27.51850324100002], [84.147427198, 27.518289048999975], [84.14711084499999, 27.518075015000022], [84.14653671000002, 27.517913151000016], [84.146460155, 27.51780630799999], [84.14640085000002, 27.51772354000002], [84.146203893, 27.517448659000024], [84.14616353299999, 27.51731331000002], [84.14605987099998, 27.51715772], [84.14589285800002, 27.516945781999993], [84.14580833100001, 27.516905253000004], [84.14546631799999, 27.516901098000005], [84.14509982599998, 27.517048154999998], [84.14499169700002, 27.517104680999978], [84.14470885600002, 27.51734867900001], [84.14434416900002, 27.517481377000024], [84.14414912500001, 27.51755234699999], [84.143932812, 27.517676688999984], [84.14388956800002, 27.517701546000012], [84.14371721100002, 27.51775587999998], [84.14337519600002, 27.51775171999998], [84.143036752, 27.517573803999994], [84.142610794, 27.51749074999998], [84.14200653500001, 27.517533156000013], [84.141925571, 27.517538838000007], [84.14158207000003, 27.51760913999999], [84.141410904, 27.51760705700002], [84.141304864, 27.51756654799999], [84.14104973799999, 27.517592012000023], [84.14096226499998, 27.517600743000003], [84.14062202500003, 27.517499543999975], [84.140516279, 27.517440981999982], [84.140430853, 27.517438810999977], [84.13992451299998, 27.517087305000018], [84.13967240199997, 27.516873189000023], [84.13951798400001, 27.516657477000024], [84.139464175, 27.51658230700002], [84.13923875699999, 27.51608539199998], [84.13921861400001, 27.516040988999976], [84.13911374899999, 27.515926010999976], [84.13868870200002, 27.515804584000023], [84.13834727300002, 27.515759792999972], [84.13809307600002, 27.515642706999984], [84.13781927399998, 27.515387913999973], [84.1377152, 27.515291064999985], [84.137715125, 27.515291013000024], [84.1374831, 27.515133338], [84.13700306999999, 27.514551630000028], [84.13691852599999, 27.514493043000016], [84.136834007, 27.51445476599997], [84.136662258, 27.514488782], [84.13631459499999, 27.514771187999997], [84.13597139500001, 27.51482568099999], [84.13580113299997, 27.514782973000024], [84.13560947600001, 27.51461182999998], [84.13521298299997, 27.51425777700001], [84.13495967, 27.514082014999985], [84.13467200299999, 27.51396368600001], [84.13462034899999, 27.513942439000004], [84.13432554299999, 27.513726098000006], [84.13429402000003, 27.513673185000016], [84.13401518400002, 27.513205142000004], [84.13391510600002, 27.512857734000022], [84.133706314, 27.512605205], [84.133537596, 27.51249217899999], [84.13347422800001, 27.51244972799998], [84.13335651300002, 27.512394454999992], [84.13322004100002, 27.512330376000023], [84.132878334, 27.512305880999975], [84.13250320700001, 27.512220990000003], [84.13243150199997, 27.512204763], [84.132305153, 27.512105597000016], [84.13218909599999, 27.511936477000006], [84.13215968700001, 27.511893622000002], [84.13192821400003, 27.511717832999977], [84.13191231000002, 27.511715047999985], [84.131800059, 27.51169538900001], [84.13161184900002, 27.511841241000013], [84.13160472499999, 27.511846761000015], [84.13158408200002, 27.511907318], [84.131559326, 27.511979939000014], [84.13142970500002, 27.512054526999975], [84.131343969, 27.512054608000028], [84.13125884300001, 27.512034379], [84.13091546599998, 27.511766911999985], [84.13087980199998, 27.511739132000002], [84.13054110500002, 27.511581493999984], [84.13028572600001, 27.51152080700001], [84.130121444, 27.51151820199999], [84.129614414, 27.51151016], [84.12934515400002, 27.511505888999977], [84.12930763600002, 27.511510862000023], [84.12908798900003, 27.511539975999995], [84.128577527, 27.51139828800001], [84.12815010999998, 27.51139191300001], [84.12806378699997, 27.51143035299998], [84.12780691699999, 27.511446385], [84.127551245, 27.511403745999985], [84.126704786, 27.510969010999986], [84.12627916100001, 27.510867854000026], [84.12620640900002, 27.510866480000004], [84.12593716499998, 27.510861395000006], [84.12556550199997, 27.511070839000013], [84.12543984299998, 27.51114165299998], [84.125181183, 27.511252454999976], [84.12501050600002, 27.511394768999992], [84.12499977800002, 27.511419601], [84.12489565800001, 27.511667912000007], [84.12472503200001, 27.511855356000012], [84.12428684000002, 27.51183318300002], [84.12402038099998, 27.51204553299999], [84.12316389400002, 27.512256150999974], [84.12264227700001, 27.512322051000012], [84.122357744, 27.51250056600003], [84.12220114500002, 27.512502960999996], [84.12198044799999, 27.512333915], [84.12181936799999, 27.512288925999997], [84.12161147199998, 27.512352597000017], [84.12141927599998, 27.51241145900002], [84.121331693, 27.512438282000005], [84.12118184799999, 27.512542213000017], [84.12103785, 27.512962062999975], [84.12093871600001, 27.513251104999995], [84.12093334299999, 27.51326677200001], [84.12092782500002, 27.513268423], [84.12082918800002, 27.513297943999987], [84.12068380699998, 27.513341454], [84.12048169500002, 27.51328945099999], [84.12024677699998, 27.513229007000007], [84.12021508800001, 27.513242084000012], [84.11962760099999, 27.513484527000003], [84.11939989000001, 27.51384802299998], [84.11928132700001, 27.514211423999996], [84.11924984900003, 27.514653728999974], [84.119324001, 27.515059839000003], [84.11958322999999, 27.515752367999994], [84.11955172400002, 27.515874247], [84.11926997799998, 27.51630322699998], [84.11927330200001, 27.516452155000025], [84.119502265, 27.516948393000007], [84.11946417299998, 27.517495293000025], [84.11944992500003, 27.517699858000015], [84.119321899, 27.518094858999973], [84.119235366, 27.518239349999988], [84.11920963199998, 27.518433432999984], [84.119052205, 27.518851024000014], [84.11900615799999, 27.518885350999994], [84.11875219500001, 27.519074676000002], [84.11774222999998, 27.51902137799999], [84.11595978899999, 27.51909959699998], [84.11545242400001, 27.519215100999986], [84.11525129799998, 27.519307785000024], [84.11508611599999, 27.519573261999994], [84.114984397, 27.51973674499999], [84.114774087, 27.519865201000016], [84.11476243099997, 27.519872319], [84.11471951099998, 27.519855484000004], [84.11446965300001, 27.519757477999974], [84.11399159199999, 27.519453241000008], [84.11352469299999, 27.519232483999986], [84.11340819499998, 27.519232064999983], [84.113012776, 27.519230644000004], [84.11219565200003, 27.519646505000026], [84.11198069300002, 27.519829456000025], [84.11167824400002, 27.52016140799998], [84.11126586500001, 27.520919420999974], [84.11100428499998, 27.521400242000027], [84.11098188800003, 27.521441411000012], [84.11094205799998, 27.521459961000005], [84.11077647600001, 27.521537077999994], [84.110744071, 27.521552170000007], [84.11042508100002, 27.521486983999978], [84.10949151900002, 27.520966466999994], [84.10803759499998, 27.520863803999987], [84.10725461800001, 27.520634244999997], [84.10723585199997, 27.520623848000014], [84.10695760200002, 27.52046969899999], [84.10682346099998, 27.52039538600002], [84.10613576100002, 27.519732552999983], [84.10606121400002, 27.51966070100002], [84.10581989299999, 27.51942810600002], [84.10537378200002, 27.51909222400002], [84.10290959500003, 27.51755737899998], [84.10211708100002, 27.517242049999993], [84.09995093999999, 27.517031511000027], [84.09975202200002, 27.516776666999988], [84.09973873899997, 27.516565703000026], [84.09970869, 27.516088459000002], [84.09974059899997, 27.515337015], [84.09995951600001, 27.514969044999987], [84.100178401, 27.51467951699999], [84.10060130199997, 27.514120131000027], [84.100697723, 27.513901513999997], [84.10073769299999, 27.513810889000013], [84.10110553300001, 27.513354805000006], [84.10111782199999, 27.513250927], [84.10121258800001, 27.512449861999983], [84.10134350099997, 27.51206265000002], [84.101409467, 27.51186753600001], [84.101406983, 27.511754059999987], [84.101383382, 27.51067611100001], [84.10141369500002, 27.510612906999995], [84.10150215200002, 27.510536979999983], [84.10150315499999, 27.510536119999983], [84.10174409299998, 27.510393782999984], [84.10183902300003, 27.510232933999987], [84.10184801399998, 27.51021769800002], [84.10178969200001, 27.510098144999972], [84.10149687, 27.509547767000015], [84.101402694, 27.508623031000013], [84.101395992, 27.508557227999972], [84.10138295299998, 27.508544717000007], [84.10098943399998, 27.508167145000016], [84.10077991600002, 27.508068009999988], [84.10062663899998, 27.50789211199998], [84.10059514400001, 27.507698074000018], [84.10062563600002, 27.50765658199998], [84.10087608600003, 27.507315800000015], [84.10088551299998, 27.50730297199999], [84.10087428600002, 27.506786235999982], [84.10077896500002, 27.506330488000003], [84.10083823000002, 27.50610028], [84.10082271499999, 27.505391741999972], [84.10056805300002, 27.50504216500002], [84.100364544, 27.504933999000002], [84.10032378300002, 27.50493187500001], [84.10023641700002, 27.504927322000015], [84.09997875800002, 27.505108028999985], [84.099871248, 27.505129031000024], [84.09960774799998, 27.50518050400001], [84.09935076300002, 27.505056578999984], [84.09932948800002, 27.504968589999976], [84.09932335299999, 27.504943790000027], [84.09929488099999, 27.504828710000027], [84.09932530100002, 27.504533084000002], [84.099474681, 27.50425316799999], [84.10009988600001, 27.504022554000016], [84.100123859, 27.50398892300001], [84.100151385, 27.503950308000015], [84.100150397, 27.503907434999974], [84.10014709699999, 27.50375624999998], [84.099984586, 27.503156132000015], [84.10004451999998, 27.502966540999978], [84.10007992800001, 27.502936823000027], [84.10014946500002, 27.502878461000023], [84.10057293900002, 27.502760815999977], [84.10066967900002, 27.50269530700001], [84.10067246300002, 27.50268731], [84.10077648200001, 27.50238857400001], [84.10079935700003, 27.502322886], [84.100778548, 27.502254327000003], [84.10074731999998, 27.50215142799999], [84.10040582599999, 27.501968896999983], [84.10022592199999, 27.50172306500002], [84.100229936, 27.501689043], [84.10025574600002, 27.501470313000027], [84.10036488700001, 27.501156734999995], [84.10044978600001, 27.500912810999978], [84.10031887399998, 27.500619556999993], [84.10011180100003, 27.500409849999983], [84.09998143899998, 27.50000157599999], [84.09998173499997, 27.500001511999983], [84.099945263, 27.499897738000016], [84.09994806399999, 27.499496075000025], [84.099967037, 27.499445922999996], [84.10003516299997, 27.499265846000014], [84.10005889399997, 27.49892283700001], [84.09987411999998, 27.497830812000018], [84.09985211700001, 27.49774709899998], [84.09970747800003, 27.497196846999998], [84.099687975, 27.496966696000015], [84.099614132, 27.496765132000007], [84.09958301400002, 27.496680191999985], [84.099498434, 27.496544861000018], [84.099498998, 27.49646813800001], [84.09935077099999, 27.49625838700001], [84.099245543, 27.496026040000004], [84.09884753199998, 27.494875494999974], [84.09865219199997, 27.494520866000016], [84.09859406800001, 27.494415343000014], [84.09859093900002, 27.494393247000005], [84.09851257899999, 27.493839986000012], [84.09826282199998, 27.49291949899998], [84.09822319300002, 27.492461451999986], [84.09814947799998, 27.492128380999986], [84.09805741399998, 27.49171240200002], [84.098057842, 27.49164657900002], [84.09805852800002, 27.491540905000022], [84.09787240899999, 27.49067904200001], [84.09785671700001, 27.490513002], [84.09781270100001, 27.490047256000025], [84.09772952499998, 27.489702066000007], [84.09756066300002, 27.48939303999998], [84.097327328, 27.48914272799999], [84.09666748500001, 27.48873701299999], [84.09632669400003, 27.488581549000003], [84.09624097699998, 27.488581608000004], [84.09598532199999, 27.488484754000012], [84.095814485, 27.488444254], [84.09530784999998, 27.48846020100001], [84.09530146100002, 27.488460401999987], [84.09431129299998, 27.488675402000013], [84.09410258899999, 27.488720718000025], [84.093773387, 27.488686158999997], [84.093525924, 27.488660181], [84.09318510499998, 27.488466347999974], [84.09297325799997, 27.48817765299998], [84.09297778799998, 27.487545822000016], [84.093090932, 27.486686008999982], [84.09308555899997, 27.48647594900001], [84.093074446, 27.486041446], [84.093074253, 27.486033883000005], [84.09298969100001, 27.485900803999982], [84.09290455899998, 27.485842191000017], [84.09281884400002, 27.485842247999983], [84.09277721500001, 27.485858348000022], [84.092625968, 27.485916841999995], [84.09247550700002, 27.486029769000027], [84.09218937899999, 27.486074153000004], [84.091959551, 27.486109804000023], [84.09187652600002, 27.48612268300002], [84.09174840999998, 27.486102458999994], [84.09159935600002, 27.486005525999985], [84.09147302299999, 27.485855119000007], [84.09126027399998, 27.485601830000007], [84.091188176, 27.48556730400003], [84.09045088300002, 27.485214235], [84.09037514099998, 27.485154663000003], [84.09030181499998, 27.485096992000024], [84.090046159, 27.484982075000005], [84.08978993199997, 27.484941622999997], [84.089534276, 27.484824447999983], [84.088936994, 27.48466687299998], [84.08836147900001, 27.48443481700002], [84.08802069699999, 27.484259023999982], [84.08776477499998, 27.484200514999998], [84.087423694, 27.484045029000015], [84.08731708900001, 27.484024788], [84.08725486100002, 27.48398526599999], [84.08710412200003, 27.48388952900001], [84.08704405600002, 27.48380583400001], [84.08678685500001, 27.483447447000003], [84.08655298399998, 27.48327383999998], [84.086126783, 27.483059733999994], [84.08604138599998, 27.483059786000013], [84.085870849, 27.48298317000001], [84.08569789500001, 27.48293753500002], [84.08544624899997, 27.482871138000007], [84.085273583, 27.482825579999997], [84.085102759, 27.48278506700001], [84.08459004600002, 27.48276281400001], [84.08424756800002, 27.482837486999983], [84.08373255700002, 27.483122121000008], [84.08358178999998, 27.48325534700001], [84.08333330599999, 27.483408940000004], [84.08306585399998, 27.483576083000003], [84.08263617699998, 27.483786195999983], [84.08237877699997, 27.483860814000025], [84.082265457, 27.483857193000006], [84.081556207, 27.483834528999978], [84.08092255899999, 27.48381428099998], [84.08066544399998, 27.483850534999988], [84.08023719099998, 27.483848525999974], [84.07995461500002, 27.483743349000008], [84.07987399699999, 27.483713342999977], [84.07982243499998, 27.483653156000003], [84.07972521699998, 27.483539674999975], [84.07953455799998, 27.483381130999987], [84.07944861800001, 27.483309667000015], [84.07936376999999, 27.483192375999977], [84.07921672600003, 27.482790797000007], [84.07920746999997, 27.482780531999992], [84.07902553999998, 27.48257879099998], [84.07894011600001, 27.482540479000022], [84.07862244699999, 27.482557385999996], [84.07859727900001, 27.48255872499999], [84.07847283699999, 27.482546328000012], [84.078169318, 27.482516092000026], [84.07774163599998, 27.482419300999993], [84.07739908600001, 27.48239692599998], [84.077099842, 27.482338421999998], [84.07695050299998, 27.482261783000013], [84.076887167, 27.482146735000015], [84.07682525299998, 27.481801519999976], [84.07674129899999, 27.481629871999985], [84.07665643600001, 27.481456363000007], [84.076636667, 27.48122620800001], [84.07658118699999, 27.48106164699999], [84.07655299800001, 27.48097803500002], [84.07642544499998, 27.480842713000015], [84.07602013299999, 27.480610512], [84.07591835599999, 27.480591772000025], [84.07559247199998, 27.480531767000002], [84.075285028, 27.480410103999986], [84.07525080099998, 27.480396559999974], [84.07490853600001, 27.480317765999985], [84.07473500999998, 27.480311325999992], [84.07430917699998, 27.480295522000006], [84.074052058, 27.480313711000008], [84.07383765700001, 27.480367980999972], [84.07376891000001, 27.480398682999976], [84.07375165600001, 27.480406388000006], [84.073746545, 27.48041362700002], [84.073738418, 27.480425137999987], [84.073643275, 27.480559889999995], [84.073553226, 27.481171458000006], [84.07357269699997, 27.481439975], [84.07350344399998, 27.481525320000003], [84.073464618, 27.481573167000022], [84.07329292700001, 27.48164772299998], [84.07301458699999, 27.481627560999982], [84.07284374699998, 27.48155092799999], [84.07271620900002, 27.481435911999995], [84.07260320900002, 27.481244963999984], [84.07256802699999, 27.481185514000003], [84.07243823200002, 27.48108614900002], [84.07229114400002, 27.480973543999994], [84.07218404000002, 27.48084823900001], [84.07214269600001, 27.48079986800002], [84.071993921, 27.480608140000015], [84.07178357599997, 27.480089245999977], [84.071330236, 27.479474176999986], [84.07119004100002, 27.479283968000004], [84.071147903, 27.479168906999973], [84.07115040999997, 27.478828513999986], [84.071152557, 27.47853707500002], [84.07092746000001, 27.478033288000006], [84.07092071400001, 27.47801819], [84.07081699899999, 27.477557909999973], [84.07066971500001, 27.477212736000013], [84.07067059000002, 27.477097651999998], [84.070603742, 27.47691503499999], [84.07052358499999, 27.47669606300002], [84.07041784299997, 27.476522364000004], [84.07041871799998, 27.47640727999999], [84.07029262600003, 27.476062093999985], [84.070259808, 27.474683368], [84.07036267500001, 27.47395220200002], [84.070372835, 27.473879984999996], [84.07054655899998, 27.473536904000014], [84.07052739, 27.47323228099998], [84.07044314199999, 27.47303826199999], [84.07027289899997, 27.472884903000022], [84.06967650299998, 27.47247902700002], [84.06954866400002, 27.47236400700001], [84.06935809999999, 27.472077522000006], [84.06929061800003, 27.471865364999985], [84.06921170300001, 27.471617261999995], [84.069126874, 27.471499963999975], [84.06906383299997, 27.47132849899998], [84.069068781, 27.470640253], [84.06900885200002, 27.470245320999993], [84.06900749200003, 27.470236363000026], [84.06890291600001, 27.46989116499998], [84.068883169, 27.46966326500001], [84.068777727, 27.469451203000006], [84.06843784, 27.469065501999978], [84.06779822800002, 27.468593224000017], [84.067628522, 27.46846791500002], [84.06745772800002, 27.468429636999986], [84.06728689800002, 27.46833268900002], [84.067200206, 27.46831595200001], [84.06702127599999, 27.468281407999996], [84.066773893, 27.468233648000023], [84.06668847399999, 27.468177276000006], [84.06620944500003, 27.468048897000017], [84.06617576500003, 27.468039870999974], [84.06598247300002, 27.46794982199998], [84.065343504, 27.467652139999984], [84.06493826299999, 27.467419905999975], [84.06484381000001, 27.46733675500002], [84.064783955, 27.467284060999987], [84.064172256, 27.466745557000024], [84.064087438, 27.466630511999995], [84.06402472399998, 27.466459043999976], [84.06402588899999, 27.466285289999973], [84.06409301399998, 27.465883596000026], [84.06426910900001, 27.465253941000014], [84.064270556, 27.465023772999984], [84.06420784300002, 27.464852305000022], [84.064080617, 27.46467861000002], [84.06403909300002, 27.464507132999984], [84.06346775499998, 27.463566418000028], [84.06346863800002, 27.463451334000013], [84.06338470600002, 27.463221205000025], [84.06303908299998, 27.462697418999994], [84.06300363899999, 27.462643704000016], [84.06294089599999, 27.46241356600001], [84.06293761400002, 27.462308812999993], [84.06292350400003, 27.461858464999978], [84.062881403, 27.461781761999987], [84.06281778900001, 27.461687015999985], [84.06256159200001, 27.461587843000018], [84.06196233600002, 27.461565545999974], [84.06136187999999, 27.461658329999977], [84.06112660899998, 27.461658433000025], [84.060913116, 27.461579547999975], [84.06078530899998, 27.461482573000012], [84.06064488499999, 27.461097515999995], [84.06061745900001, 27.46102231200001], [84.06061863000002, 27.460850814000025], [84.06072728499998, 27.460622855999986], [84.060729057, 27.460392689000003], [84.06081652300003, 27.460162482999976], [84.06101175700002, 27.459819403999973], [84.06107800500001, 27.459532793999983], [84.06118739200002, 27.459245253999995], [84.06123083199998, 27.459131062999973], [84.061243348, 27.458850989999974], [84.06125644500003, 27.458557890999998], [84.06128926299999, 27.458492309999997], [84.06136826099998, 27.458334444000002], [84.06140869199999, 27.458253190999983], [84.06177595100002, 27.457930342999987], [84.06222798900001, 27.45766612699998], [84.062614639, 27.457532818000004], [84.06328165299999, 27.457194034999986], [84.06371260600002, 27.456795426999975], [84.063713683, 27.45679443099999], [84.06388023, 27.456466709999972], [84.063975207, 27.45627982000002], [84.063977604, 27.456051908000006], [84.063852188, 27.45570671500002], [84.06341090400002, 27.454844917999992], [84.06326528599999, 27.454697394999982], [84.063050224, 27.454479521999986], [84.062794645, 27.454326191999996], [84.06202464699999, 27.454245302000004], [84.061804113, 27.45419492000002], [84.0617441, 27.454181209000012], [84.06151201799997, 27.454128189000016], [84.06100027600002, 27.453895989999978], [84.06097742899999, 27.45387208599999], [84.06087308999997, 27.453762910000023], [84.06063872099998, 27.453645671999993], [84.06054611500002, 27.45356211799998], [84.06051122899999, 27.45353064400001], [84.060448844, 27.453359174000013], [84.06051632399999, 27.453016149999996], [84.06060290800002, 27.452826791999996], [84.06064738999999, 27.45272951200002], [84.06065067999998, 27.45238651599999], [84.06060887899997, 27.452271451], [84.06059126899999, 27.451869794000004], [84.06044347900001, 27.451639691000025], [84.05989086, 27.451217955999994], [84.059643558, 27.45080537299998], [84.05963799400001, 27.450796090999972], [84.059315862, 27.450518897999984], [84.05923434800002, 27.450448756000014], [84.05838079400002, 27.450158021999982], [84.058039861, 27.45000471999998], [84.05737977199999, 27.44961912399998], [84.056980635, 27.44933499299998], [84.056784171, 27.449195137999993], [84.05667939599999, 27.44896501400001], [84.05668933800001, 27.448825743999976], [84.05670388300001, 27.44862200900002], [84.05666240400001, 27.448506941999995], [84.05666389700002, 27.44833544400001], [84.056580623, 27.448105311000006], [84.05645374400001, 27.447931607999976], [84.05628628, 27.447530011000026], [84.05597043900002, 27.446956976000024], [84.055972844, 27.44670875600002], [84.05580357999997, 27.446496707999984], [84.05554803899997, 27.44636141799998], [84.05520861500003, 27.446034354000005], [84.05510750500002, 27.445837497000014], [84.05506144999998, 27.445747831000006], [84.05503525199998, 27.44546432200002], [84.05502266799999, 27.445328129000018], [84.054885205, 27.445212481], [84.05474653099998, 27.445095814000013], [84.05459844699999, 27.444865703999994], [84.05455846799998, 27.444579138999984], [84.05457548099997, 27.44449226400002], [84.05462564499999, 27.444236117999992], [84.05458445699998, 27.444064636000007], [84.05443729500001, 27.443775856000002], [84.05428892499998, 27.44360216000001], [84.05407936699999, 27.443085493000012], [84.05416836, 27.442742463000002], [84.05416984700003, 27.442550657000027], [84.054121039, 27.44250736700002], [84.05410626999998, 27.44249426800002], [84.05384982700002, 27.442433440000002], [84.053163181, 27.442582635999997], [84.05291863299999, 27.442581297000004], [84.052392043, 27.442578415000014], [84.05110562800002, 27.442741364000028], [84.049649654, 27.442712555000014], [84.04913466199997, 27.442823308000015], [84.04870504600001, 27.442954338999982], [84.048461557, 27.442952881999986], [84.04691613099999, 27.44294364000001], [84.04656362100002, 27.442941530999974], [84.04574798800002, 27.44314714699999], [84.04564079699998, 27.443126872999983], [84.04555603199998, 27.44305017900001], [84.04555905199999, 27.442704925999976], [84.04551787999998, 27.442533442000013], [84.04554149799998, 27.442303267], [84.04552090800001, 27.442208499000003], [84.04539314499999, 27.442131818000007], [84.04522178100001, 27.442129616999978], [84.04496412700001, 27.44218611399998], [84.04481754599999, 27.442271975999972], [84.04470587899999, 27.44233738600002], [84.044620205, 27.44235546499999], [84.04460140999998, 27.442368654000006], [84.04445172700002, 27.442473682000013], [84.04440463899999, 27.442506723000008], [84.04412578799997, 27.442553745999987], [84.04397562600002, 27.442579067999986], [84.04363289700001, 27.442576920000022], [84.04337645499999, 27.442500277000022], [84.04326914400002, 27.442499538999982], [84.04297601899998, 27.442497522999986], [84.04243427, 27.442493796999997], [84.04191988399998, 27.44254811000002], [84.04166663199999, 27.442545929999994], [84.04132042600003, 27.44254377599998], [84.04118650599997, 27.442527901000005], [84.04097863300001, 27.442503258999977], [84.04055175600001, 27.442367991000026], [84.03995566700002, 27.44205901700002], [84.039336859, 27.441865129999996], [84.03930076500001, 27.44183766200001], [84.03920940900002, 27.44176813399997], [84.03912495200001, 27.441653073999987], [84.03910649300002, 27.441307827999992], [84.03908591599998, 27.441233367999985], [84.03907783199998, 27.44122441799999], [84.03897995900002, 27.441116056999988], [84.038831012, 27.44102132400002], [84.03831969999999, 27.44080709299999], [84.03772178700001, 27.440669607000018], [84.03737907200002, 27.440687751999974], [84.036993688, 27.440744268000003], [84.036907703, 27.44078039599998], [84.03671363000001, 27.440933891999975], [84.03651833999999, 27.44123857699998], [84.03632426500002, 27.441389817000015], [84.03631854000002, 27.441391023999984], [84.03623858999998, 27.441407890999983], [84.03602515900002, 27.441349275999983], [84.035918901, 27.44127258100002], [84.03585624599998, 27.441101100000026], [84.035750597, 27.440947682], [84.03557984999998, 27.440889055000014], [84.035576332, 27.440889009999978], [84.03540880499997, 27.440886841999998], [84.03538849799997, 27.440891661000023], [84.03532313099998, 27.440907173000028], [84.03493528799999, 27.44119159600001], [84.034440571, 27.441455734999977], [84.03442482700001, 27.441457397000022], [84.03409785899998, 27.44149192399999], [84.03379906200001, 27.44143332599998], [84.03364980999999, 27.44135663999998], [84.033565974, 27.441182905999995], [84.033594547, 27.440862885], [84.0336375, 27.440381815000023], [84.03353492399998, 27.439921503999983], [84.03355886700001, 27.439634916999978], [84.03349559899999, 27.439475614999992], [84.03330796099999, 27.439003144000026], [84.033265889, 27.438926432000017], [84.03311725999998, 27.438811382999972], [84.03286084299998, 27.438770825999995], [84.03243216099997, 27.438865700999997], [84.03241932399999, 27.438870762000022], [84.03200255000002, 27.439035042], [84.03168479200002, 27.439261798000018], [84.031550219, 27.439357830999995], [84.03103493100002, 27.439545239999973], [84.03069222800002, 27.439599472999987], [84.02992205499999, 27.43957707499999], [84.02977467199997, 27.439543363999974], [84.02960084900002, 27.439503605000027], [84.02940952799997, 27.439459843999998], [84.029068666, 27.439304214000003], [84.02885708600002, 27.43903572800002], [84.02879823699999, 27.439001411999982], [84.02871553300002, 27.438953185999992], [84.02855921999998, 27.43886203599999], [84.02828315900001, 27.43864997700001], [84.02816077799997, 27.438483770000005], [84.02798745000001, 27.438248370999986], [84.02786124599999, 27.438018227999976], [84.02784465000002, 27.437972495999986], [84.02781948500001, 27.43790315299998], [84.02783647000001, 27.43781595500002], [84.02784190300002, 27.437788064000017], [84.02805963200001, 27.437388612000007], [84.028363039, 27.436989142000016], [84.02836436799998, 27.436986796999975], [84.028493551, 27.436758946999987], [84.02901128899998, 27.43630301799999], [84.02924927599997, 27.43601864300001], [84.02931437400002, 27.435903544999974], [84.029359822, 27.43561695400001], [84.02949003100002, 27.435445429000026], [84.029555743, 27.435273918000007], [84.02969117200001, 27.434529227999974], [84.029693324, 27.434301316000017], [84.02957820099999, 27.433862981000004], [84.02950724200002, 27.433592798999996], [84.02944887799998, 27.433550664999984], [84.02934007300001, 27.43347211600002], [84.02929475299999, 27.433439399000008], [84.02895267600002, 27.433398851999982], [84.02852401000001, 27.43349145899998], [84.02800812700002, 27.433737527999995], [84.027933512, 27.433753265000007], [84.02783678600002, 27.433773667000025], [84.027800141, 27.433773674000008], [84.02758007699998, 27.433773717999998], [84.02732366999999, 27.433715097999993], [84.02715324899998, 27.43363615200002], [84.026917309, 27.433468592999986], [84.02626062600001, 27.433002233000025], [84.02608958799999, 27.432981955999992], [84.02574875599998, 27.432846627000004], [84.02549235200001, 27.432788003999974], [84.02514997100002, 27.43278355299998], [84.024806974, 27.432858080000017], [84.02437737499997, 27.43302739699999], [84.02386209600002, 27.433176419000006], [84.02340527400003, 27.43342235099999], [84.02319542800001, 27.43353532200001], [84.02309362099999, 27.433643272999973], [84.022763354, 27.433993472999987], [84.02193908200002, 27.435173780000014], [84.021741314, 27.435376984000015], [84.02167989200001, 27.43544009300001], [84.02146431300002, 27.43561162399999], [84.021055886, 27.43581703199999], [84.02091431999997, 27.435831968000002], [84.020713188, 27.43585318800001], [84.02045708700001, 27.43575619500001], [84.02020223300002, 27.435544116000017], [84.019969801, 27.435196641000005], [84.019778814, 27.435004862000028], [84.01953883499999, 27.434832991000007], [84.01918343400001, 27.434578457999976], [84.018927652, 27.434461151999983], [84.01888534900002, 27.43446097200001], [84.018413915, 27.434458963999987], [84.01787806499999, 27.43456960499998], [84.01753319, 27.434815613000012], [84.01716495400001, 27.43530984199998], [84.01645338899999, 27.435880834999978], [84.01633898900002, 27.435945113999992], [84.01615212299998, 27.436050110999986], [84.01587173000001, 27.436278055000002], [84.01539506400002, 27.436925737000024], [84.01537341400001, 27.436985882999977], [84.01528540100003, 27.437230382999985], [84.01500375500001, 27.43757340899998], [84.01478566899999, 27.43803151200001], [84.01467756099998, 27.438164658999995], [84.01433204199998, 27.438469328999986], [84.01400926899998, 27.43865665499999], [84.013666247, 27.438731156000017], [84.01357956099997, 27.438717449000023], [84.01354428299999, 27.43871187100001], [84.01353788400002, 27.438710859000025], [84.01332509600002, 27.438595796000016], [84.01312824799999, 27.438281899999993], [84.01307180600003, 27.438191898000014], [84.01307274099997, 27.438076814], [84.012968064, 27.437826346999998], [84.01277708600003, 27.437652609999986], [84.01272847899997, 27.437630430000013], [84.01243593700002, 27.437496939000027], [84.01209447999997, 27.437397680999993], [84.01183776300002, 27.437397702999988], [84.011323699, 27.437431593999975], [84.01102336000002, 27.437506084999995], [84.01082894199999, 27.437677597000004], [84.01071989000002, 27.43790551699999], [84.01060802199999, 27.438440327000023], [84.01064601299998, 27.438977383000008], [84.01060327599998, 27.439081725999984], [84.01042696500002, 27.439512201000014], [84.01021042100001, 27.43979654200001], [84.01012317700003, 27.43996804599999], [84.009863946, 27.440216283999973], [84.00969196199998, 27.440311070999996], [84.009434296, 27.440385554999978], [84.00926325199998, 27.440383310000016], [84.00898565300002, 27.440286297], [84.00883735899998, 27.440112552000016], [84.00877568800001, 27.439864336000028], [84.008733318, 27.43980566800002], [84.00852081699998, 27.439639677999992], [84.00843579100001, 27.43957326200001], [84.008082065, 27.439380239000002], [84.00800990800002, 27.439340862999984], [84.00789435500002, 27.439346194999985], [84.007667191, 27.439356678000024], [84.00741823800001, 27.439466815999992], [84.00736621599998, 27.439489831000003], [84.00730078100003, 27.43964102299998], [84.00734220800001, 27.439794466000023], [84.00742600199999, 27.43996821500002], [84.00785000799999, 27.440430784], [84.00801822900002, 27.440737664999972], [84.00810045999998, 27.44112127300002], [84.00807613699999, 27.44142816499999], [84.00801038700001, 27.441599666000002], [84.00775146400002, 27.441847901000017], [84.00757916200001, 27.441960737999977], [84.00732148899999, 27.44203521700001], [84.00715012699999, 27.442035225999973], [84.00709966900001, 27.442020823999997], [84.00693670999999, 27.441974309999978], [84.00670336399997, 27.44174415399999], [84.00644978000003, 27.441396657999974], [84.006215806, 27.441222915000026], [84.00604539, 27.441146199000002], [84.00589584199997, 27.441125897000006], [84.00576653600001, 27.44122067699999], [84.00567959699998, 27.441353816999992], [84.00539916899999, 27.441581739000014], [84.00526860399998, 27.441827708000005], [84.005117482, 27.441942797000024], [84.00508549900002, 27.441953307999995], [84.00477412999999, 27.44205563700001], [84.004488606, 27.441980252000008], [84.00447503200002, 27.441976667999995], [84.00446945300001, 27.441972120000003], [84.004349107, 27.44187400300001], [84.00428406200001, 27.441820972000016], [84.00427100399997, 27.441785111], [84.00420026799998, 27.44159080700001], [84.00411584699998, 27.44147572600002], [84.00411805200002, 27.44124555799999], [84.004205307, 27.441074058000027], [84.004228694, 27.440843889000007], [84.00406237300001, 27.440327145000026], [84.00395645399999, 27.440191755], [84.00392030699999, 27.440179334999982], [84.00391724399998, 27.440178281999977], [84.00378572400001, 27.440133090000018], [84.00352805400001, 27.440207563], [84.00335606499999, 27.440302341999995], [84.002961288, 27.440630520000013], [84.002536271, 27.440983835999987], [84.002450275, 27.441022198999974], [84.00227456200003, 27.441160689000014], [84.00204084699999, 27.441344892000018], [84.00152265899999, 27.441818773000023], [84.00143634699998, 27.441877444], [84.00109299000002, 27.441988018000018], [84.000908573, 27.44195491900001], [84.00087926100002, 27.441949658], [84.00079452699998, 27.441852627000003], [84.000817606, 27.441681130000006], [84.000874151, 27.441581213999996], [84.000882736, 27.441566045000002], [84.00088619799999, 27.441199168000026], [84.00088652800002, 27.441164379999975], [84.00088971500003, 27.44115603099999], [84.00093047299998, 27.441049296000017], [84.00091023700003, 27.440916159999972], [84.000880376, 27.440877408999995], [84.000656354, 27.440586705999976], [84.00050775900002, 27.440471622000018], [84.000422394, 27.44043326100001], [84.00020803500001, 27.440451313999972], [84.00009895800002, 27.440679224999997], [84.00011476899999, 27.441293006000024], [84.00009200400001, 27.44142614200001], [84.00002719000003, 27.441502865000018], [84.0, 27.441753342000027], [83.99954187100002, 27.442570209999985], [83.99928450700003, 27.443123062999973], [83.99913463799999, 27.443486366000002], [83.999068867, 27.44434610899998], [83.999153917, 27.444517607000023], [83.99934520199997, 27.444747775999986], [83.99945143500003, 27.444939583000007], [83.99947229999998, 27.44522616400002], [83.99938661700003, 27.445397661000015], [83.99927974799999, 27.445548848999977], [83.998916457, 27.44583542800001], [83.99825500999998, 27.445966301], [83.997913536, 27.446004657000003], [83.99720972300003, 27.446000131999995], [83.99674083299999, 27.44588503799997], [83.99542019500001, 27.444925968999996], [83.99501550299999, 27.444655169999976], [83.994121071, 27.444118076999985], [83.99371606199998, 27.443982667], [83.99337491199998, 27.44396234200002], [83.99294807400003, 27.444036787000016], [83.99241468899999, 27.44405481199999], [83.991625844, 27.44395547900001], [83.99060241400002, 27.443704937000007], [83.99026159300001, 27.443549211999994], [83.9894304, 27.443318983999973], [83.98874778499999, 27.44333472599999], [83.98795796500002, 27.443560314000024], [83.987659168, 27.443693424000003], [83.98729651000002, 27.443767858], [83.98686999300003, 27.443767818000026], [83.98608084, 27.443668453999976], [83.98567616100001, 27.44349465900001], [83.984781473, 27.442937196999992], [83.98363202799999, 27.441921621000006], [83.982525312, 27.44075259599998], [83.98222720000001, 27.44056075200001], [83.981737533, 27.440138714], [83.98088526999999, 27.439504510000006], [83.98060802600003, 27.439332975000013], [83.98024541500001, 27.43919753099999], [83.979989021, 27.439138823999997], [83.97964725600002, 27.439118466000025], [83.97953455800001, 27.439136279000024], [83.97951889199999, 27.439138755999977], [83.97932601399998, 27.439251555], [83.97928300199999, 27.439328271000022], [83.979282351, 27.439425302000018], [83.97930176599999, 27.439512894000018], [83.97932436600001, 27.439614858000027], [83.97981204199999, 27.440497240000013], [83.980023787, 27.440957605999984], [83.980148525, 27.44177900599999], [83.98008335700001, 27.441988856000023], [83.97988981499998, 27.442257357000017], [83.97969725299998, 27.44233405099999], [83.97811381899999, 27.442654241000014], [83.97742961400002, 27.44273085499998], [83.97706633500002, 27.442728538999972], [83.976426146, 27.442477955000015], [83.97593550599998, 27.44222965199998], [83.975765121, 27.44209422900002], [83.975445197, 27.44192267599999], [83.97501807399999, 27.441843620999975], [83.97484702700001, 27.44184359000002], [83.97471865400001, 27.441881927999987], [83.97454727399997, 27.44195861899999], [83.97441856799998, 27.442071423000016], [83.97409597900003, 27.44249333800002], [83.973774047, 27.442797911000014], [83.97300147800001, 27.44348375300001], [83.972401289, 27.443864991999988], [83.97220806399997, 27.444038707000004], [83.97210053700002, 27.44415151300001], [83.97179976400002, 27.44451475599999], [83.97150000099998, 27.444629779000024], [83.970942826, 27.444913988999986], [83.970600967, 27.445026688999974], [83.96978678400001, 27.44529509900002], [83.969422823, 27.44544620800002], [83.96927216900002, 27.445647700999984], [83.96916472700002, 27.445791402999987], [83.96897148199997, 27.446001217999992], [83.96884276700001, 27.446114017000014], [83.96854266399998, 27.44628544699998], [83.96817870899997, 27.44640044800002], [83.96783660199998, 27.446400369000003], [83.967324098, 27.446321270999988], [83.966854968, 27.446052631999976], [83.96628065200002, 27.445459023000012], [83.96624361300002, 27.445392000000027], [83.965835406, 27.444653328000015], [83.96511124199998, 27.444039368000006], [83.964663627, 27.443770726000025], [83.96432185100002, 27.44375033], [83.96343208899998, 27.443998303], [83.963294512, 27.444036644999983], [83.962930573, 27.444111013999986], [83.96241775099998, 27.444072516000006], [83.961905624, 27.443860260999998], [83.96161025599997, 27.443668721999984], [83.96137299399999, 27.44351486300002], [83.95990112800001, 27.442880358000025], [83.95928488300001, 27.442820520999987], [83.958875509, 27.442780771000002], [83.95833331799997, 27.442679065999982], [83.95810143300002, 27.442635239000026], [83.95682656600002, 27.44239428200001], [83.956399761, 27.442337736000013], [83.956058654, 27.442240597000023], [83.953816732, 27.442178946000013], [83.952194534, 27.442043006000006], [83.95118950599999, 27.441739798000015], [83.95065943100002, 27.441579879000017], [83.94920938799999, 27.441119023], [83.94875569800001, 27.441016858000012], [83.94852686000002, 27.440965327000015], [83.94801435900001, 27.440962879999972], [83.94758685900001, 27.441059752], [83.947072956, 27.441343882000012], [83.94692304699998, 27.441440856999975], [83.946601369, 27.44172731499998], [83.94623733200001, 27.441993447000016], [83.94606449100002, 27.44243340700001], [83.94552801600003, 27.44294994699999], [83.94527016900003, 27.443292841000016], [83.945225714, 27.443676435999976], [83.94524477499999, 27.444134522000013], [83.94530788700001, 27.44438276699998], [83.94540591999998, 27.44453508700002], [83.94545605899998, 27.44461299300002], [83.94611495800001, 27.445283442999994], [83.946263123, 27.44553397599998], [83.94630473799998, 27.445782211999983], [83.94619644800002, 27.446107112999982], [83.94593860399999, 27.44643195499998], [83.945659938, 27.44665975800001], [83.94508212400001, 27.446966421000013], [83.944824993, 27.44711750800002], [83.944267669, 27.447539259999985], [83.94339071899998, 27.447881901000017], [83.94219242899999, 27.448395901000026], [83.94167882400001, 27.448623597999983], [83.94142236599998, 27.448682161000022], [83.94031193299998, 27.448659124000017], [83.93988546000003, 27.448543857000004], [83.93967667099997, 27.448464704000003], [83.938926036, 27.44818013600002], [83.93841386100002, 27.44810093199999], [83.937901652, 27.448082651999982], [83.93619226099997, 27.44825112000001], [83.93550825300002, 27.448422302999973], [83.93456709499998, 27.448744550000015], [83.93431029499999, 27.448839204000024], [83.93413919300002, 27.448915844999988], [83.93332333500001, 27.44935292399998], [83.93328489700002, 27.449373517000026], [83.93347385099997, 27.449585721999995], [83.93364420699999, 27.449700887000006], [83.93477401799998, 27.450123394000002], [83.93537085100002, 27.45035383999999], [83.93647989499999, 27.45062287799999], [83.93707780199998, 27.450643458000002], [83.93750426899999, 27.45077904300001], [83.93773847099999, 27.450950644999978], [83.93792861600002, 27.451314033000017], [83.93805630399999, 27.45141112099998], [83.93844007799999, 27.451564736000023], [83.93871590399999, 27.45194846999999], [83.93890637999999, 27.452291548000005], [83.94037270799998, 27.45382437500001], [83.94071311300002, 27.454093048999994], [83.94100541799997, 27.454433911000024], [83.941417807, 27.45491698500001], [83.94155960199998, 27.455260038000006], [83.94168090300002, 27.455492513000024], [83.94180509900002, 27.455630213999996], [83.94186478, 27.45578594], [83.94198833600001, 27.455941693], [83.94210995399999, 27.456174166999972], [83.942326552, 27.456790292999983], [83.94252936700002, 27.457160449000014], [83.94261216299998, 27.45725751499998], [83.942900673, 27.457627705999982], [83.943205223, 27.45817165699998], [83.943241887, 27.45820551999998], [83.94331296899998, 27.45833417099999], [83.94334108599998, 27.458383826999977], [83.94378817799998, 27.459072252999988], [83.94399453400001, 27.459338607000007], [83.94402326099998, 27.45943564999999], [83.944246948, 27.459823864999976], [83.94438494100001, 27.460209787999986], [83.94499438899999, 27.461295425999992], [83.945030008, 27.461525607], [83.94524919899999, 27.462067262000005], [83.94526588299999, 27.46222071400001], [83.94536601099998, 27.462453175999997], [83.94569209000002, 27.46299713000002], [83.945768466, 27.463304048999987], [83.94616172000002, 27.46423163899999], [83.94623561700001, 27.46443701200002], [83.94657581299998, 27.46523821400001], [83.94666577100003, 27.465588012000012], [83.94605916799998, 27.465720913999974], [83.94560176700003, 27.46597798099998], [83.94508145200001, 27.46619440500001], [83.94429728, 27.466636375000007], [83.94371501699999, 27.466773789], [83.94345726699999, 27.46680527699999], [83.943136289, 27.466798375999986], [83.94274499900001, 27.46699904799999], [83.94241597500002, 27.467258414000014], [83.94209113199997, 27.46738464499998], [83.94137757300001, 27.467616770000006], [83.94066690800003, 27.46775186100001], [83.94053593500001, 27.467844323999998], [83.94014560599999, 27.468006627000022], [83.93982172699998, 27.468094491999977], [83.93956107399998, 27.468223002000002], [83.93826168099997, 27.468707587999972], [83.93786876399997, 27.468964658000004], [83.93760971900002, 27.469036750999976], [83.93728809200002, 27.469047890000013], [83.93709904500002, 27.468928208000023], [83.93697484199998, 27.468788245999974], [83.93621649300002, 27.467682197999977], [83.935871201, 27.467061492000028], [83.93533718999998, 27.466321101000005], [83.93511126300001, 27.466009594000013], [83.935011153, 27.46577712300001], [83.93477668700001, 27.465470125000024], [83.93474382400001, 27.465427234999993], [83.934359115, 27.465178835000017], [83.93342013199998, 27.464794777999998], [83.93335564, 27.464763156000004], [83.93303185899998, 27.464695303999974], [83.932777343, 27.464611690000027], [83.93265153099998, 27.464532650000024], [83.932210887, 27.464234573], [83.931796786, 27.46397261300001], [83.931755689, 27.463952284000015], [83.93111545400001, 27.463742110999988], [83.930474833, 27.463644761000012], [83.92983684500001, 27.463391709000007], [83.92979605099998, 27.463391688], [83.929605407, 27.463328408999985], [83.92935444599999, 27.463131963000023], [83.929276416, 27.463010070999985], [83.92921605100003, 27.462955883000006], [83.92906692499997, 27.46274594900001], [83.92905908400002, 27.462646656999993], [83.92900419300003, 27.461944845999994], [83.92860089700002, 27.46064487299998], [83.928579808, 27.46049367500001], [83.928644599, 27.460053683000012], [83.92866672600002, 27.45957756400003], [83.92862457299998, 27.459234548999973], [83.92853968399999, 27.45896597699999], [83.92852072, 27.458952427999975], [83.92841066300002, 27.458974936999994], [83.92830604599999, 27.458895903999974], [83.92790617600002, 27.45867681300001], [83.927849283, 27.458638423000025], [83.92678950700002, 27.458371597999985], [83.92650051300001, 27.458333084999992], [83.92621310099997, 27.458294572], [83.92531634699998, 27.45825347599998], [83.92429117, 27.458270975000005], [83.923906612, 27.458333948000018], [83.923877205, 27.458333932000016], [83.92294524699997, 27.45844173400002], [83.92268911299999, 27.458441591999986], [83.922624606, 27.458441556000025], [83.92147167899998, 27.458456706999982], [83.92076458100001, 27.45851723300001], [83.919950067, 27.45844230099999], [83.91898655099999, 27.458457539999984], [83.918921716, 27.458473298], [83.91880846700002, 27.45853415900001], [83.91874773, 27.45856571500002], [83.91859428499998, 27.458676196], [83.91823983400002, 27.45907088299998], [83.91783556600001, 27.459691193000026], [83.91758636600002, 27.460144609999986], [83.916918512, 27.46098815900001], [83.91675987100001, 27.461272387999998], [83.91666650600001, 27.461378389000004], [83.91638292599998, 27.461703161000003], [83.91622784999998, 27.461870051999995], [83.915711171, 27.462661785000023], [83.91551177500003, 27.462887318000014], [83.915258994, 27.463453555], [83.91481362799999, 27.464017418000026], [83.91435161499999, 27.464427823999984], [83.91412877099998, 27.464707497999996], [83.91403268699997, 27.465050431999998], [83.9140223, 27.465395676000014], [83.91407935900003, 27.465625878000026], [83.914142577, 27.46566427800002], [83.914264807, 27.46586067200002], [83.91430068, 27.466090860999998], [83.91425442299999, 27.466203658999973], [83.914012012, 27.466426907000027], [83.91394099799999, 27.466654773000016], [83.913935804, 27.466828523000004], [83.91384297000002, 27.46705412], [83.91373089000001, 27.467223290999982], [83.91353310900001, 27.467392408000023], [83.9129254, 27.467662813999993], [83.91189184900003, 27.468555751999986], [83.911780744, 27.468686561000027], [83.91072508399998, 27.47030608099999], [83.91042956500002, 27.470874537999975], [83.91019792600002, 27.471443035999982], [83.91002365499997, 27.472241736], [83.91003638900003, 27.472528323999995], [83.91031118900003, 27.473338597999998], [83.91049307100002, 27.473688476999996], [83.911046182, 27.474505696999984], [83.91130857600001, 27.475027124000007], [83.91151359499997, 27.47532060399999], [83.91205795600001, 27.47642439399999], [83.91222222900001, 27.476656919999982], [83.91240420499997, 27.47690074000002], [83.91349076799997, 27.47787624199998], [83.91410585, 27.478770209999993], [83.91449116299998, 27.479469972000004], [83.91460918299998, 27.47981529399999], [83.91472525900002, 27.48022154099999], [83.91477876200003, 27.480566823000004], [83.91476124000002, 27.481139971999994], [83.91450484299997, 27.481823544000008], [83.91410047099998, 27.48244384100002], [83.91378862599998, 27.48283854099998], [83.913257778, 27.483400087999996], [83.91249860800002, 27.484308994999992], [83.91233021400001, 27.484471358999997], [83.91145196100001, 27.485558450999974], [83.911287963, 27.485756921000018], [83.91123605799999, 27.485797505999983], [83.910880846, 27.48621022399999], [83.910716955, 27.486665937999987], [83.91066548399999, 27.486952484000028], [83.91071886100002, 27.48744218500002], [83.91069812900002, 27.48765428600001], [83.91069685600002, 27.48805594700002], [83.910705302, 27.488173292], [83.91062396199999, 27.489019439000003], [83.91048351799998, 27.489418753999985], [83.91045394399998, 27.490395811999974], [83.910404099, 27.490623689000017], [83.910313497, 27.490795127000013], [83.910181508, 27.490905612000006], [83.910069513, 27.490932617999988], [83.90976971499998, 27.49085795899998], [83.909641927, 27.490857876000007], [83.90842634699999, 27.49087513400002], [83.90797842699999, 27.490910943000017], [83.90746661100002, 27.490948963999983], [83.90715943800001, 27.490996146999976], [83.907010448, 27.491007330000002], [83.906045017, 27.491078890999972], [83.905529382, 27.491143980999993], [83.90384590999997, 27.491605416000027], [83.90319565700003, 27.49187800599998], [83.902936538, 27.491947777000007], [83.90260929700003, 27.49215063600002], [83.90216862699998, 27.492563271999984], [83.90181824000001, 27.492822525999998], [83.90134868400003, 27.493345707999993], [83.90080291999999, 27.493834987000014], [83.90011712, 27.49456786799999], [83.89996163900003, 27.494755048000002], [83.89953104099999, 27.495551292000016], [83.89945802900002, 27.49583556099998], [83.89944759299999, 27.496180802000026], [83.89951929300003, 27.496643441999993], [83.89979439199999, 27.49745598999999], [83.89978428299997, 27.498489472000017], [83.89975984, 27.498584228000027], [83.89954305999998, 27.49938513799998], [83.89947004300001, 27.499671664000005], [83.89944722000001, 27.49972354800002], [83.89935217700003, 27.49988143600001], [83.89932612899997, 27.500001012999974], [83.899309335, 27.500032592000025], [83.89899933599997, 27.50037084600001], [83.89893185400001, 27.500483624000026], [83.89860034200001, 27.50082186100002], [83.89822285600002, 27.501272890999985], [83.89801650099997, 27.501728558000025], [83.897862245, 27.501945071000023], [83.89766467499999, 27.502134474], [83.89706855200001, 27.502625955999974], [83.896867412, 27.502910129999975], [83.896774827, 27.50313797000001], [83.89652902900002, 27.503476266000007], [83.89599994600002, 27.503981333000013], [83.895319927, 27.504522388999987], [83.89494503600002, 27.50487863699999], [83.89461545299997, 27.505158197000014], [83.89393835999999, 27.50560221699999], [83.8932241, 27.505872453999984], [83.89309404599999, 27.50590845800002], [83.89283324899998, 27.50603687900002], [83.89250953800001, 27.506124634000003], [83.892248741, 27.506253054000013], [83.89191979700001, 27.506514556000013], [83.89131157899999, 27.507030826000005], [83.89048109700002, 27.507407014000023], [83.89019872799997, 27.507589569999993], [83.88934976600001, 27.508089844999972], [83.88920130700001, 27.50817773099999], [83.88894241899999, 27.508285838000006], [83.88825772400003, 27.508384577000015], [83.88806539299998, 27.508370882999998], [83.88783660399997, 27.508433880999974], [83.88764394700002, 27.508429213], [83.88719767600003, 27.508322795000026], [83.88700861799998, 27.508203046000006], [83.886690784, 27.508101243999988], [83.88637164900001, 27.508035544999984], [83.88586345700003, 27.50785009399999], [83.88523042700001, 27.507549455999992], [83.88472158399998, 27.507384308999974], [83.88427172000002, 27.507392960999994], [83.88356169999997, 27.507509707999986], [83.88330613, 27.507466620000002], [83.88289832100003, 27.507495612000014], [83.88078434599998, 27.508759725999994], [83.880373609, 27.508856404000028], [83.87940899699998, 27.508891674999973], [83.87895583599999, 27.50901539099999], [83.87875957300002, 27.509125788999995], [83.87851731299997, 27.509348973999977], [83.87796266200002, 27.509989340000004], [83.877805814, 27.510214855000015], [83.87773600499997, 27.510404341000026], [83.877734697, 27.510442700999988], [83.877704978, 27.510711200999992], [83.877714341, 27.511112869999977], [83.87814470900003, 27.512446850999993], [83.87821962100003, 27.512794421000024], [83.87830915299998, 27.513369911999973], [83.878296686, 27.513773818000004], [83.87840247999998, 27.514523075], [83.87839723000002, 27.514694566000003], [83.878522256, 27.515504765999992], [83.878599135, 27.515793667000025], [83.87898466899998, 27.51649126799998], [83.87906319299998, 27.516723757000022], [83.87913811200002, 27.517071326000007], [83.879249163, 27.517649092], [83.87936679500001, 27.51799669799999], [83.87991300099998, 27.519044194999992], [83.88003095300002, 27.519391800999983], [83.88023072300001, 27.519856815000026], [83.880371835, 27.520148027999994], [83.880475166, 27.520265456000004], [83.88079104500002, 27.520446247999985], [83.881384712, 27.52063178999998], [83.88172179200001, 27.52081259900001], [83.88222938500002, 27.521016116], [83.88291075699999, 27.521145312999977], [83.88325308499998, 27.521154626999987], [83.88359311900001, 27.521238402999984], [83.88396931699998, 27.52153432099999], [83.884072317, 27.52167205400002], [83.88433469300003, 27.522195785000008], [83.884677254, 27.522893333000013], [83.88479882500002, 27.52312585499999], [83.88483629500001, 27.523299638000026], [83.884845369, 27.52370130600002], [83.88472652899998, 27.52479336099998], [83.88465181700002, 27.525136289999978], [83.88453603200003, 27.525420515000008], [83.88433317599998, 27.525761080999985], [83.88421050400001, 27.52627546399998], [83.88415534500001, 27.526677077999977], [83.88414485800001, 27.527022316], [83.88426251499999, 27.527369917999977], [83.88440528899997, 27.52760245799999], [83.884488739, 27.527681504999975], [83.88453080099998, 27.527701848999982], [83.88510002999999, 27.528002436999998], [83.88645994199999, 27.528339775000006], [83.88696528399998, 27.528619993999996], [83.88761111600002, 27.529211724999982], [83.88794200799998, 27.529602368999974], [83.88827618200003, 27.529877933000023], [83.88853115, 27.529941319999978], [83.88896188299998, 27.52985591700002], [83.88921946099998, 27.529842583000004], [83.890075352, 27.529861314000016], [83.89055919499998, 27.530141504000028], [83.89098305300001, 27.530286253999975], [83.891574499, 27.53054847200002], [83.89199901299997, 27.53067291100001], [83.89222919399998, 27.530851353999992], [83.892435234, 27.531124551999994], [83.89259694100002, 27.53143381899997], [83.89278991700002, 27.532128974999978], [83.89298812499999, 27.53265263899999], [83.89333632, 27.533176417999982], [83.893771587, 27.533648362999998], [83.89428215499998, 27.534465609999984], [83.89458210100003, 27.535160844000018], [83.894953756, 27.536320972999988], [83.895337826, 27.537077194999995], [83.89556443499998, 27.537370711999984], [83.89602124800001, 27.53784040900001], [83.89679337000001, 27.538511169000003], [83.89701704999999, 27.538899454999978], [83.89719572799999, 27.539362171999983], [83.89748299399997, 27.539773070000024], [83.89773341900002, 27.539989879000018], [83.89862395400002, 27.540277108999987], [83.89921872299999, 27.54044452300002], [83.89964361699998, 27.540550886000005], [83.899985673, 27.540578211000025], [83.90151599699999, 27.540958397999987], [83.90236709499999, 27.541130493000026], [83.902875467, 27.54131588299998], [83.90304404900002, 27.541415287000007], [83.903553375, 27.541598419000024], [83.90378748799998, 27.541668533000006], [83.904044763, 27.541668711], [83.90439105500002, 27.541560636999975], [83.904905928, 27.541554221000013], [83.90541883700001, 27.54162226599999], [83.905598543, 27.541667517999997], [83.90686725, 27.541982028999996], [83.907462657, 27.54216971699998], [83.90771992999998, 27.54217440100001], [83.907892425, 27.542140668000002], [83.90813273700002, 27.541991897000003], [83.90875498600002, 27.54186819900002], [83.90899552899998, 27.541820970000003], [83.91002363199999, 27.54188256499998], [83.91062654000001, 27.541801718999977], [83.911055326, 27.54181102000001], [83.911657585, 27.541748222000024], [83.91268829500001, 27.54171502600002], [83.91337370399998, 27.541749302000028], [83.915763202, 27.54220658600002], [83.916513501, 27.542222833999972], [83.91666666100002, 27.542227438999987], [83.91709228299999, 27.542236720000005], [83.91829548999999, 27.542169736999995], [83.91872590399998, 27.54212034599999], [83.91966858799998, 27.542161511000018], [83.920010639, 27.542209094999976], [83.92068793599998, 27.542529908000006], [83.92083533300001, 27.542629277999993], [83.92121296699997, 27.542927351999992], [83.921902053, 27.543593412000007], [83.92211206899998, 27.54375148600002], [83.922702974, 27.544092549000027], [83.923042119, 27.544234898000013], [83.92369596600003, 27.544632404000026], [83.92413817200003, 27.544930506000014], [83.924264386, 27.545009553], [83.924624725, 27.545172217000015], [83.92513248300003, 27.545413938000024], [83.925469039, 27.545651052999972], [83.92580397500001, 27.545946834999995], [83.92663760200003, 27.54680926499998], [83.92714244799998, 27.547166059000006], [83.92754325499999, 27.547405459000004], [83.92857124199998, 27.548234131000015], [83.92933921899998, 27.548385709], [83.929854122, 27.54837920099999], [83.93087906199997, 27.548555722000003], [83.93122244099999, 27.54854461000002], [83.93148134699999, 27.548492838000016], [83.93198718999997, 27.548294512999973], [83.93217553699998, 27.548220140000012], [83.93243476999999, 27.548150314999987], [83.93275157099998, 27.548125647000006], [83.93325261799998, 27.548004037], [83.93370234000002, 27.547974916999976], [83.93415303199998, 27.54790969300001], [83.93531043600001, 27.547783872000025], [83.93676882800003, 27.547608534999995], [83.93779676000003, 27.54753678999998], [83.93940033000001, 27.547496880999972], [83.93972187899999, 27.54746542999999], [83.939980472, 27.547395590000008], [83.94094415699999, 27.54732379500001], [83.941777092, 27.547342198000024], [83.94329263100002, 27.54739698100002], [83.94431923000002, 27.54744703900002], [83.94497964599998, 27.54755561500002], [83.94545021099998, 27.547603186999993], [83.94716159299998, 27.547777599000028], [83.94750689400001, 27.547707778000017], [83.94853540000003, 27.547751037000012], [83.949470426, 27.548060522000014], [83.95074946699998, 27.548356583999976], [83.95117474900002, 27.54848309900001], [83.95219586899998, 27.548792596], [83.952619863, 27.54897551800002], [83.95312994800003, 27.549140416], [83.953769094, 27.549449772999992], [83.95425196500003, 27.549619171000018], [83.95489122200001, 27.549673536], [83.95566025699998, 27.549671526999987], [83.956107417, 27.549719055000025], [83.957040296, 27.549951768000028], [83.957354796, 27.550150437000013], [83.958186523, 27.550913390999995], [83.958333304, 27.551087186000018], [83.95868096100003, 27.551497975000018], [83.95904978800002, 27.552003542000023], [83.95954680300002, 27.55249335100001], [83.95981891299999, 27.552671694000026], [83.960640066, 27.553014917999974], [83.96114894200002, 27.553103065000016], [83.961824895, 27.553272490999973], [83.961910972, 27.553292822999992], [83.96242145299999, 27.55332455299998], [83.962994578, 27.55341496699998], [83.96382022699999, 27.553604731999997], [83.964202527, 27.55365221699998], [83.964777895, 27.553665903000024], [83.96541847700001, 27.553623190999986], [83.96660033400002, 27.55330531200002], [83.96743621600001, 27.55315432399999], [83.96807838799998, 27.553073239000014], [83.96897468399999, 27.55303508100002], [83.96948548099999, 27.553066785], [83.97120745500001, 27.553146130000016], [83.97197110899998, 27.553241060000005], [83.973050909, 27.553437589999987], [83.97410631600002, 27.553749188999973], [83.974864233, 27.554053957000008], [83.975197116, 27.554329311000004], [83.97532526399999, 27.554464724000013], [83.97558695200001, 27.554674626000008], [83.97594197799998, 27.55502670300001], [83.97666685899998, 27.55596327799998], [83.97685163, 27.55625439900001], [83.977036081, 27.556565827999975], [83.97732304200002, 27.55705328099998], [83.977779333, 27.557536246999973], [83.977969191, 27.55773710699998], [83.97861247999998, 27.558520215999977], [83.97984598800002, 27.559677989000022], [83.98027980500001, 27.560282794999978], [83.98069592899998, 27.560752207999997], [83.98157473399999, 27.561557900000025], [83.98216718999998, 27.56186034900003], [83.98323316, 27.562095159000023], [83.98327620600003, 27.562095164000027], [83.983767737, 27.562162918000013], [83.98428174700001, 27.562194567999995], [83.98454002400001, 27.56216300599999], [83.98497207700001, 27.562056997000013], [83.985296199, 27.56193292400002], [83.98584346000001, 27.56182015500002], [83.98623025, 27.561696085999984], [83.98648630999998, 27.561664520000022], [83.98699683900003, 27.561675852000008], [83.98763301399998, 27.561768427000004], [83.98890695400002, 27.561874590000002], [83.98941653000003, 27.56192427299999], [83.989797608, 27.56193332700002]]]}, "properties": {"objectid": 193982, "site_id": 805, "site_pid": "805", "site_type": "PA", "name_eng": "Chitwan", "name": "चितवन राष्ट्रिय निकुञ्ज", "desig": "राष्ट्रिय पार्क", "desig_eng": "National Park", "desig_type": "National", "iucn_cat": "II", "int_crit": "Not Applicable", "realm": "Terrestrial", "rep_m_area": 0.0, "gis_m_area": 0.0, "rep_area": 932.0, "gis_area": 1213.00265952, "no_take": "Not Applicable", "no_tk_area": 0.0, "status": "Designated", "status_yr": 1973, "gov_type": "Federal or national ministry or agency", "verif": "State Verified", "inlnd_wtrs": "Not Reported", "own_type": "Not Reported", "mang_auth": "Department of National Parks and Wildlife Conservation (DNPWC)", "mang_plan": "Not Reported", "cons_obj": "Not Applicable", "supp_info": "Not Applicable", "metadataid": 1778, "prnt_iso3": "NPL", "iso3": "NPL", "govsubtype": "Not Applicable", "ownsubtype": "Not Applicable", "oecm_asmt": "Not Applicable", "Shape__Area": 0.11078286179301063, "Shape__Length": 3.127514965553453, "source": "UNEP-WCMC WDPCA October2026 site805; boundary-area discrepancy retained"}}]}