{"type": "FeatureCollection", "features": [{"type": "Feature", "geometry": {"type": "MultiPolygon", "coordinates": [[[[-111.1023343492272, 45.10806993937413], [-111.10176813032383, 45.107731259556445], [-111.09997847876703, 45.106162309572554], [-111.09952968943425, 45.10596721983305], [-111.09871897426338, 45.10531130170688], [-111.09871474499501, 45.10530788044726], [-111.09864384815616, 45.10525051979113], [-111.09858203777641, 45.10520049996359], [-111.0983666002117, 45.10495352091443], [-111.09805124932616, 45.10470066955874], [-111.09775350721681, 45.104224149372556], [-111.09747943841015, 45.10410693971633], [-111.09732756743159, 45.10395402069511], [-111.09724659868178, 45.10387248988152], [-111.09690947712531, 45.103533009709075], [-111.09654540700866, 45.10346929972838], [-111.09636621736396, 45.10343333094916], [-111.09615601787573, 45.10332783960337], [-111.09553197801077, 45.10339923959144], [-111.09469517666236, 45.10320580988811], [-111.0944265390699, 45.103083069129625], [-111.09393169760406, 45.10297544985809], [-111.0933448372121, 45.102694299656704], [-111.09330826859352, 45.10268062984136], [-111.0928397872914, 45.10245072992779], [-111.09271365663896, 45.102459000076124], [-111.09232691753613, 45.1025205097029], [-111.0922213160829, 45.102537299166556], [-111.09192870784538, 45.10258382001238], [-111.09138076696311, 45.10260351982183], [-111.09105126671354, 45.10260635029376], [-111.09026608705294, 45.1026814801231], [-111.09016322635962, 45.10271614003171], [-111.08965586687032, 45.102909349472114], [-111.08936275647457, 45.10292939917186], [-111.08912550781477, 45.102948609365825], [-111.08807887708399, 45.10301363053321], [-111.08712228718908, 45.10281387536974], [-111.08711359868366, 45.10281224328902], [-111.08606333336922, 45.102620696675466], [-111.08587632658494, 45.10249728127934], [-111.085384775648, 45.10228220137864], [-111.08477930216334, 45.1017724836466], [-111.08357288000813, 45.10042406171183], [-111.08308359911392, 45.09925373232262], [-111.08313759954058, 45.09889036132139], [-111.0832986602845, 45.09844158135757], [-111.08330430080618, 45.09814294147697], [-111.08331509945421, 45.097569971182985], [-111.08309904295028, 45.0974222293953], [-111.08282641773627, 45.09723580111851], [-111.08264002000976, 45.097007141195796], [-111.08234130861824, 45.09681500121812], [-111.08200460747332, 45.09652317103771], [-111.08193737845578, 45.09646489157228], [-111.08162860862801, 45.09593689164208], [-111.08153965744859, 45.09528158120284], [-111.08096488748203, 45.09482559109714], [-111.08059389674439, 45.09470865132006], [-111.0805915871758, 45.09470691056737], [-111.08032439587096, 45.09450582124774], [-111.08001239659976, 45.094271027589954], [-111.07995989815623, 45.09423151821212], [-111.07951429694438, 45.09389618140989], [-111.07871679599134, 45.09393591043995], [-111.07783700307007, 45.09376927447094], [-111.07749814507015, 45.0937050912887], [-111.07725363622625, 45.09367690137357], [-111.07705751513508, 45.093687241440094], [-111.0768820849399, 45.09354307138159], [-111.07665077504242, 45.09335293133241], [-111.07628837758882, 45.092820806492796], [-111.07613073403624, 45.09258932519251], [-111.0758045449768, 45.092110351736316], [-111.07529121438579, 45.09187658131795], [-111.07503915879515, 45.09157049724143], [-111.07495248843823, 45.09146525033723], [-111.07462049985531, 45.09106209940594], [-111.07445840335387, 45.09086525144365], [-111.07440373188567, 45.09079886243025], [-111.07354222417202, 45.09019942161184], [-111.07366783469986, 45.08993007070975], [-111.07401954309992, 45.089175881299475], [-111.07418529125297, 45.08780479131338], [-111.07401906160291, 45.08754640009109], [-111.07393752152458, 45.08741968136327], [-111.07375913856703, 45.08723026425367], [-111.07306129940655, 45.086483821385464], [-111.0723667004693, 45.08444889976055], [-111.07245266924198, 45.083816951050494], [-111.07227293970986, 45.083540868270354], [-111.07195867309085, 45.083058173707265], [-111.07176624677045, 45.08296450774043], [-111.071691382073, 45.08292806491951], [-111.07070024566723, 45.08105186918094], [-111.07067243652098, 45.08087206355278], [-111.0705233979305, 45.07990783679889], [-111.07035077047897, 45.07879094355734], [-111.07072022419912, 45.077985936681046], [-111.07072030055592, 45.077146735310514], [-111.07022541327602, 45.07627965361419], [-111.06977119452563, 45.07548390230421], [-111.06910258115462, 45.07504237959707], [-111.06855055832769, 45.07495935669201], [-111.06818012454555, 45.07492949863819], [-111.06795956299048, 45.074867167593084], [-111.06771180044859, 45.07482341922296], [-111.06695571003353, 45.07469008047011], [-111.06682473476678, 45.074666982826415], [-111.06672214716131, 45.074630372312456], [-111.06583738835316, 45.074315003650455], [-111.06583656369973, 45.0743147105667], [-111.06583364327673, 45.0743136695484], [-111.06551310551875, 45.07375841967656], [-111.06525007341368, 45.073302779844674], [-111.0648447616423, 45.07307019934117], [-111.06484132378971, 45.07306822954704], [-111.06458634957274, 45.07264396666863], [-111.06406227063934, 45.07233796985631], [-111.06351672017405, 45.07188547233861], [-111.06279498313205, 45.07007199642483], [-111.06201902737278, 45.06934261140231], [-111.06194221872106, 45.0692703903798], [-111.06160264925545, 45.06917203171607], [-111.06120310556652, 45.06905628545646], [-111.06116002056888, 45.06904381365752], [-111.06100409459512, 45.06868792340317], [-111.06038312247688, 45.06842626270363], [-111.06017333262037, 45.06819065126312], [-111.05649756032672, 45.06658334693459], [-111.05625627194308, 45.066477847792584], [-111.05502596807605, 45.06605777363123], [-111.05403848511851, 45.066275397134646], [-111.0537071370344, 45.06623189914798], [-111.05346040575846, 45.06627851174603], [-111.05139357452916, 45.06667078646566], [-111.05036995055112, 45.066865075259415], [-111.05006780220532, 45.067054579557116], [-111.04988779329709, 45.06702041445658], [-111.0496480051, 45.06706436167596], [-111.04958014456679, 45.06740672336084], [-111.04931896927941, 45.06774075642959], [-111.04905571439214, 45.068402819293055], [-111.04915072201321, 45.06877507167825], [-111.0490926099975, 45.06899201550292], [-111.04903177518813, 45.06910585159919], [-111.04898313411044, 45.0691968248936], [-111.04892888574874, 45.069636799703204], [-111.04907205923872, 45.06994449348326], [-111.04899275327051, 45.07015805201037], [-111.04874091237723, 45.07064205714946], [-111.04861485808162, 45.0712783958136], [-111.04858041487698, 45.071839010226626], [-111.0482353791629, 45.07252049219733], [-111.04786825297762, 45.07273124530734], [-111.04677700292667, 45.07335823452898], [-111.04596442375158, 45.073750665568774], [-111.04569105293591, 45.07386030524347], [-111.04507748203727, 45.07400383540692], [-111.04162784624336, 45.07473676419889], [-111.04081923402856, 45.07505830170607], [-111.04078848200147, 45.07508721891913], [-111.04072731301882, 45.075144859183794], [-111.04050669576819, 45.075352777771215], [-111.04000328886612, 45.0758271181603], [-111.03872565815665, 45.07656241445369], [-111.03717201558457, 45.07715623976039], [-111.03684178230971, 45.077380409329436], [-111.03648279755588, 45.07748980352641], [-111.03560854185001, 45.07763081257335], [-111.03507893468435, 45.07771626366694], [-111.03434301953224, 45.078162355782226], [-111.03323959281762, 45.07896723394166], [-111.03315478287166, 45.07902912409686], [-111.03273254594201, 45.07926946225284], [-111.03183679175478, 45.07992808740764], [-111.03106693106471, 45.0804073196963], [-111.03048410410837, 45.08066596775658], [-111.03005575504156, 45.08085608280448], [-111.02951826246435, 45.08115667349935], [-111.02819698531016, 45.08118635386573], [-111.02782536036194, 45.0812521089651], [-111.02692774037386, 45.08110575405221], [-111.02536367554785, 45.081112102810806], [-111.02508915668524, 45.08110960491783], [-111.02397578741704, 45.08093928489711], [-111.02364765619996, 45.08088908392651], [-111.02357710611079, 45.080878294990455], [-111.02281196696588, 45.080826433981954], [-111.02261499696678, 45.0808746350358], [-111.02235664598263, 45.080937845020465], [-111.02163325604054, 45.08111483539646], [-111.02075576550133, 45.08108270530598], [-111.02069983549343, 45.08108066538019], [-111.02067065551806, 45.08109880524029], [-111.0203032472618, 45.081327335395436], [-111.02029428477022, 45.081332910280366], [-111.02002556543106, 45.08150006523618], [-111.01965704685709, 45.081637514848715], [-111.01903479643622, 45.081964222995154], [-111.01876974581668, 45.08210338598752], [-111.01843126780415, 45.082241914982866], [-111.01838207426256, 45.08226253582531], [-111.0183703440616, 45.082398554546636], [-111.01835176420656, 45.08261404488027], [-111.01834112905193, 45.082886367022255], [-111.01905755076237, 45.08353171056405], [-111.02016924377423, 45.08500207256607], [-111.02031414652114, 45.085193463903444], [-111.02031455255964, 45.08547032263822], [-111.02008348161405, 45.08616608072598], [-111.01765098036859, 45.087360920102036], [-111.01677987505444, 45.088598255269886], [-111.0169125804764, 45.08979786756142], [-111.01697831110405, 45.09039197578536], [-111.01723828803885, 45.09110529944886], [-111.01726767103348, 45.09118592193779], [-111.01730129407625, 45.091873723044145], [-111.01731524940418, 45.09215920091663], [-111.01688060494386, 45.092483586140624], [-111.01629528695925, 45.0929204207039], [-111.01569010363042, 45.09312940787119], [-111.01552620690515, 45.093185994967804], [-111.01524052288187, 45.09342925542753], [-111.01488581051551, 45.09373135142639], [-111.01456724186464, 45.093829436348855], [-111.0137596797804, 45.09440636834133], [-111.01091709940435, 45.09519865682912], [-111.01058828277272, 45.09545505075253], [-111.01035366258343, 45.095637997053096], [-111.01033647062552, 45.0956513850925], [-111.00953240119112, 45.0966578190521], [-111.00953223679943, 45.097064281214244], [-111.0095321658325, 45.097269665334885], [-111.00961713208534, 45.097650503378276], [-111.00962293160885, 45.098651473486676], [-111.00935498392249, 45.09859782012951], [-111.00922116638621, 45.09839434312526], [-111.00855757549593, 45.09837564312832], [-111.00733498905551, 45.09798941802002], [-111.00548514228984, 45.09789706823605], [-111.00532356142136, 45.097893588193216], [-111.00450568128778, 45.09786940734302], [-111.00433023222796, 45.097686887345255], [-111.0035320126227, 45.0976298677988], [-111.0029073529202, 45.097492457934116], [-111.00228407302998, 45.09744011992861], [-111.0022792715348, 45.09743971662595], [-111.00191273194942, 45.09740893752376], [-111.00139151055696, 45.09748232781722], [-111.00106345928991, 45.09782345463149], [-111.00078180151573, 45.098116337774655], [-111.00046380149841, 45.097870506905146], [-111.00042989189308, 45.09784428798622], [-111.00036430319923, 45.09779358696621], [-111.00035936156686, 45.09778976766296], [-111.00009477178307, 45.09758523767308], [-110.9985427111442, 45.09713506822513], [-110.99849910063209, 45.09712242816952], [-110.99836162066438, 45.09708254789742], [-110.99836068192491, 45.09708227775902], [-110.99829103284598, 45.0970620769859], [-110.99802328099241, 45.09698441719801], [-110.99684469942447, 45.09647268825519], [-110.99578632950956, 45.09570964699807], [-110.99524506580478, 45.09543865998645], [-110.9952379906736, 45.09543511701332], [-110.99516247020597, 45.09539729844089], [-110.99475364961513, 45.09497191720234], [-110.99473107944361, 45.09494844790101], [-110.99428883254105, 45.094488294435024], [-110.99419759964077, 45.09439336621192], [-110.99404242555691, 45.0943586860311], [-110.99328557876036, 45.09418953621815], [-110.99326667910509, 45.09418531651905], [-110.99294760919427, 45.09411400647404], [-110.99201158982106, 45.093484577062725], [-110.99201129966522, 45.09348437603161], [-110.99197619530055, 45.09346077104117], [-110.99130565773818, 45.093009866414725], [-110.99010217846384, 45.09266946361229], [-110.99009267698308, 45.09266677660588], [-110.9894619284996, 45.09248839511742], [-110.98792337762428, 45.092221395774416], [-110.98782395747853, 45.09227494667796], [-110.98768345827315, 45.09235062534994], [-110.9874211681765, 45.09225287527209], [-110.9871029579534, 45.09236035557541], [-110.98679547720808, 45.092245755318736], [-110.98660544849118, 45.09228820549869], [-110.9863211586532, 45.0920903153603], [-110.98546984591968, 45.09175594580374], [-110.98504444602197, 45.09183386701067], [-110.9849564281921, 45.09182812953047], [-110.98466147804668, 45.09180887373868], [-110.9844740310879, 45.091861813674115], [-110.98432820487288, 45.09177954769369], [-110.98409015671248, 45.091845118101695], [-110.98323091275333, 45.091770372916734], [-110.98274060328811, 45.09154459315861], [-110.98230391695714, 45.09174940797194], [-110.98208685434008, 45.091912911253004], [-110.98210210953025, 45.09156205809007], [-110.98194522505409, 45.09133642717758], [-110.98205160624497, 45.09094925072958], [-110.9818777831358, 45.090792892095635], [-110.98194812840907, 45.09046006112564], [-110.98215289129327, 45.09019298761135], [-110.98215305388833, 45.089874283928246], [-110.98215318414404, 45.08957235969271], [-110.98203528924616, 45.0891701999975], [-110.98203365521066, 45.08907977601931], [-110.98202828328526, 45.08878304882061], [-110.98186628200523, 45.08857361701479], [-110.98176565452374, 45.08844351064104], [-110.98164682447961, 45.088098983513405], [-110.9812835089478, 45.08797469383923], [-110.9808344833581, 45.087865052706114], [-110.98059690591492, 45.087690558015346], [-110.98036614219313, 45.08739226591808], [-110.98019050358879, 45.08701987856666], [-110.9798502064878, 45.086658724409865], [-110.97974467600149, 45.08659760488078], [-110.97967392199477, 45.086556625723944], [-110.979069317181, 45.08620644050227], [-110.9790062940756, 45.08599567493371], [-110.97840373472575, 45.08560596648852], [-110.97832220991876, 45.08555323893853], [-110.97750936214742, 45.08502751850803], [-110.97693257995462, 45.08453469394415], [-110.9763227604206, 45.08368266474368], [-110.97647028355321, 45.08350880677777], [-110.97668770998796, 45.083252628792664], [-110.97645538679085, 45.08297973690647], [-110.97634043477383, 45.08267376562733], [-110.97623305645298, 45.082387947937086], [-110.97618505677241, 45.082260177526955], [-110.97605627519158, 45.081917357419314], [-110.97589437542119, 45.081858867685696], [-110.97583403648187, 45.08183706753966], [-110.97556758628714, 45.08174080782934], [-110.97539743818581, 45.08173128257594], [-110.97517207693214, 45.08171866765443], [-110.97481264571563, 45.08169854771143], [-110.97450846627893, 45.081630546438184], [-110.97444783628548, 45.081641667604856], [-110.97444617530051, 45.0816419714341], [-110.9744387282668, 45.08164333644567], [-110.974120735436, 45.081701616447205], [-110.97379306595298, 45.081499627568746], [-110.97373660504074, 45.081464817772854], [-110.97370871594444, 45.081447627577916], [-110.97368962584633, 45.081451246900606], [-110.9736509857127, 45.081458587667775], [-110.97297238577067, 45.08158738807039], [-110.97251842573509, 45.08138231798357], [-110.9722737246517, 45.08137473807476], [-110.97195435470357, 45.08123187722041], [-110.97132955576222, 45.08123372811834], [-110.97109619411265, 45.08113133683655], [-110.97102579404215, 45.08110044809044], [-110.97088658481752, 45.0811160570677], [-110.97033071540454, 45.08117840793739], [-110.97014085646924, 45.08117193676543], [-110.97000959463993, 45.081167466822954], [-110.9699510352632, 45.08116547701023], [-110.96993766384018, 45.081211117093446], [-110.96990769424566, 45.08131343719033], [-110.96984628541284, 45.081523116985494], [-110.96935423501262, 45.08151243726886], [-110.96934894483391, 45.08151331831228], [-110.96934726498432, 45.08151360311321], [-110.96933981615398, 45.08151487044558], [-110.96917312387154, 45.08154321796123], [-110.96866224478293, 45.08163011701763], [-110.968450684347, 45.08160569712754], [-110.967684453749, 45.08176650830871], [-110.96722905461235, 45.0818620784953], [-110.9671928641845, 45.081869678636956], [-110.96717621391072, 45.081880788339745], [-110.96693873348558, 45.082039219507436], [-110.9663894235708, 45.08240569856198], [-110.96570276933393, 45.08266211947131], [-110.96568935209683, 45.08266723183024], [-110.96563471656125, 45.083309792721636], [-110.96508466373974, 45.083610553812974], [-110.96487913369432, 45.08329666564983], [-110.96464979110735, 45.0832056418574], [-110.96424869153634, 45.082964839471146], [-110.96365750126472, 45.08277593404745], [-110.96281027586573, 45.08266700285238], [-110.96269074244078, 45.082651644842585], [-110.96194826868879, 45.082365601234024], [-110.96174337465057, 45.082403798227304], [-110.96145202944437, 45.08235705289313], [-110.96147283442635, 45.08226408096101], [-110.96132983071796, 45.08219111004135], [-110.96076836300414, 45.08190445076268], [-110.9602731451442, 45.081543901102485], [-110.96022561528251, 45.08131829024022], [-110.9597570657084, 45.0807914049395], [-110.95913812557933, 45.080770167017995], [-110.95904331648593, 45.080766918088514], [-110.95913784799993, 45.08067305490067], [-110.9604854969959, 45.079334938552506], [-110.96030734760032, 45.07904068979946], [-110.96018022969942, 45.0788308017142], [-110.96019764443952, 45.07843074279755], [-110.95965373160296, 45.078038139004896], [-110.95912803929531, 45.077076917551224], [-110.95901722581684, 45.076874308419995], [-110.9585492628426, 45.07667092592686], [-110.95852531645208, 45.07666053774066], [-110.95736063361822, 45.07631361145424], [-110.95709376211363, 45.07648992280325], [-110.95582901863521, 45.07607094164188], [-110.95401139893036, 45.07603483380716], [-110.95271998806444, 45.07600919101392], [-110.95262123446862, 45.0758422470963], [-110.95216446540115, 45.07571625412869], [-110.951891731491, 45.07548959131109], [-110.95134251410272, 45.07503304226993], [-110.9510553065367, 45.074947656944865], [-110.95073887497789, 45.07429515832468], [-110.9504813917663, 45.07406566115589], [-110.95045105386252, 45.07383127131695], [-110.95031410030757, 45.0735277708392], [-110.94888562988547, 45.07321226731075], [-110.94880390385588, 45.07319421122434], [-110.94809504775677, 45.0734583375393], [-110.94756633171987, 45.073246152115296], [-110.9472720445311, 45.07344401935707], [-110.94676869332459, 45.0734751387194], [-110.94666368835273, 45.07357753039903], [-110.9461583922936, 45.07357742826249], [-110.94482745825013, 45.0738472857493], [-110.94387498174088, 45.074213499523125], [-110.94376508903555, 45.07430627965039], [-110.94367844113651, 45.074379487113745], [-110.94304280941114, 45.07491650666566], [-110.9427732025365, 45.07552312205728], [-110.94276776144083, 45.07553536407024], [-110.94265948929626, 45.07577901688401], [-110.9424880646889, 45.07553526130282], [-110.94247945074366, 45.07552301294615], [-110.94228591859714, 45.075247856867044], [-110.94190190947444, 45.07490255678561], [-110.94177192954102, 45.07465223674275], [-110.94175142010478, 45.0746127372661], [-110.94132092945432, 45.07378363717221], [-110.94123245977188, 45.07361325598155], [-110.94106158942506, 45.0732841667908], [-110.94100947905373, 45.07250528688827], [-110.94100285936842, 45.07240638693722], [-110.94097698788822, 45.072030771744295], [-110.9408469890902, 45.071909482115146], [-110.94037883118156, 45.07145690253784], [-110.94167766931827, 45.07005225874724], [-110.94120967490302, 45.06945370667834], [-110.94128675933756, 45.069230425313386], [-110.94143370575172, 45.068804893612075], [-110.94070195429094, 45.068621126681045], [-110.94063131077701, 45.0683048486869], [-110.94059450140993, 45.06814015232126], [-110.94015120527511, 45.067936077645506], [-110.93992875096971, 45.067715050276114], [-110.93963798877013, 45.06758377722019], [-110.93963801302465, 45.06707505170651], [-110.93933255528532, 45.06686413815742], [-110.93920938188681, 45.06660322222026], [-110.9386439112801, 45.06606108874767], [-110.93778153938713, 45.06523429275397], [-110.93703850688301, 45.064878914286155], [-110.93650604397307, 45.064834200831406], [-110.93600080450784, 45.06517690643827], [-110.93559190576356, 45.06567372196003], [-110.93540929174101, 45.06589558774898], [-110.93464573812257, 45.06619543804138], [-110.93353875407941, 45.06634756864599], [-110.93307204245839, 45.066411717217164], [-110.93266095272311, 45.06713267213586], [-110.93171272344854, 45.06721205002239], [-110.93043554189673, 45.067697993621145], [-110.92973209455393, 45.06743281032707], [-110.92984340300416, 45.067053527620786], [-110.93042808677819, 45.0666670412171], [-110.93052575431082, 45.06657346131542], [-110.93145686708596, 45.06568129380002], [-110.93159709230518, 45.06538431690652], [-110.9314040209944, 45.064711010235044], [-110.93115989393449, 45.063859481082815], [-110.93146867274541, 45.06267880104713], [-110.93304307628205, 45.0612103443144], [-110.93308949582604, 45.06110270578375], [-110.93324469236778, 45.06074292273364], [-110.93291853205443, 45.05990886619372], [-110.9333697648048, 45.05925301997227], [-110.9335281323995, 45.059111877378534], [-110.93358596593748, 45.05906034942598], [-110.93442071194052, 45.05831627284715], [-110.93487066728656, 45.05749603604782], [-110.93522292545555, 45.057107805953095], [-110.93538178622534, 45.056416298537506], [-110.93681919039292, 45.055378905287206], [-110.93684346556685, 45.05494118079915], [-110.93589384120865, 45.05426774669531], [-110.9359388665673, 45.05388374274333], [-110.93600319761974, 45.05333487661749], [-110.93537436793773, 45.05318999739946], [-110.93352885015341, 45.05276424856449], [-110.93332767783542, 45.05271783564169], [-110.93309627451316, 45.05218119645643], [-110.93281189574199, 45.05152161372763], [-110.93243754620353, 45.051239479780676], [-110.93194021550605, 45.05036653440313], [-110.93194226815649, 45.050283230682325], [-110.93195237600005, 45.04987242148919], [-110.92997471064753, 45.04894353266745], [-110.92954985243391, 45.04930553573916], [-110.92893362521701, 45.04983063854579], [-110.92843485811338, 45.049739063879734], [-110.92827471814263, 45.049709661025844], [-110.92729020052386, 45.04952888794459], [-110.9270057184464, 45.0496042830636], [-110.92650455823087, 45.049338927623964], [-110.92507188818482, 45.04887033705342], [-110.92444742341675, 45.04898682104134], [-110.92430699607658, 45.04886811827221], [-110.92387173088039, 45.04874151114899], [-110.92339357112938, 45.04845230535192], [-110.92314966685166, 45.04832331603073], [-110.92273020481795, 45.04832368096532], [-110.92198661805331, 45.04824129136704], [-110.92168647295058, 45.04828564334349], [-110.92052071573166, 45.04797583059512], [-110.9200274966232, 45.04769320061168], [-110.91942677522641, 45.04734902247217], [-110.91854212511439, 45.046983447711625], [-110.91829008928671, 45.0468621887163], [-110.91804687761005, 45.04674518313224], [-110.91741413486663, 45.04644079625429], [-110.91732994116495, 45.046400293512974], [-110.91593089416168, 45.045727261518515], [-110.91657462330102, 45.044771059264576], [-110.91659367297494, 45.044742760154], [-110.91688269423952, 45.04431343910813], [-110.91502667425121, 45.04313384516894], [-110.91474930862745, 45.04277610143322], [-110.91314978190726, 45.04200941113615], [-110.91126118721014, 45.04110412472072], [-110.91296393754298, 45.03949819300603], [-110.91311616605103, 45.03935470315962], [-110.9131357484259, 45.03933163186356], [-110.91425419587038, 45.0380132790328], [-110.91402163192481, 45.03750693557867], [-110.91434111326402, 45.036863376015035], [-110.91444828227742, 45.035828817379624], [-110.9145434183576, 45.03491064477145], [-110.91316545391572, 45.03349273335688], [-110.9126295172206, 45.03294126742564], [-110.91258912806708, 45.032929186428255], [-110.90970409690398, 45.03206620047588], [-110.90876772628948, 45.03150400570899], [-110.90906562919727, 45.03065206459782], [-110.90984524738795, 45.02962565023771], [-110.90806729548942, 45.029624421752025], [-110.9037326637321, 45.02962149814656], [-110.90366816110144, 45.02962147021199], [-110.90294946755165, 45.02962142704038], [-110.89786907061516, 45.02961453482236], [-110.89357172612863, 45.029608695863544], [-110.89278867098368, 45.02960859809257], [-110.88769868093826, 45.02960490565081], [-110.88339165979951, 45.029599977738926], [-110.88325737334264, 45.02959981521052], [-110.88280622862717, 45.02959932191142], [-110.8777914904531, 45.02958692721431], [-110.87332348762219, 45.0295770269457], [-110.87278255270081, 45.02957718883929], [-110.86775583369578, 45.029572404407276], [-110.86310083575869, 45.029560593791196], [-110.86283790426492, 45.0295601100149], [-110.8625915323151, 45.029559970976834], [-110.85752406662712, 45.0295640500616], [-110.85293011370514, 45.02956846690064], [-110.85245312356065, 45.029568502453735], [-110.84736756939608, 45.02957112640006], [-110.84245944058497, 45.02957357892947], [-110.84242785402297, 45.029573580834146], [-110.84239307305178, 45.029573579564364], [-110.84178499535115, 45.02957361638724], [-110.8416861573137, 45.02998367998984], [-110.84145931922973, 45.030081482623686], [-110.84059584330727, 45.03077478385462], [-110.84046900208745, 45.031117619940396], [-110.84018968083133, 45.03187258319522], [-110.84025937302938, 45.0326167162261], [-110.84040176588339, 45.03340492313281], [-110.83980558457203, 45.034367908633534], [-110.84004482389851, 45.0346733145166], [-110.83974828193837, 45.035735155266416], [-110.83909235996569, 45.036584592604896], [-110.83890744715434, 45.03688682474024], [-110.83861524675198, 45.03709435242684], [-110.83839313200978, 45.03775276973844], [-110.83884538704295, 45.03847985107756], [-110.83862519020386, 45.039715397726916], [-110.83877959263489, 45.04019728786392], [-110.8382456978104, 45.042354595086216], [-110.83795071981719, 45.04278428310771], [-110.83784283574482, 45.04292253609226], [-110.83744643975267, 45.0434305174463], [-110.83681503549901, 45.04507774186914], [-110.834485039214, 45.044378160793], [-110.83388760924439, 45.044372949801996], [-110.83294593856972, 45.04459689821969], [-110.83244369947752, 45.0450877568766], [-110.83269472919208, 45.04597885004621], [-110.83167536592343, 45.04680412642609], [-110.83086268434042, 45.04747375466458], [-110.83086391233739, 45.04864310447139], [-110.83113402316692, 45.04916092937203], [-110.82859636962587, 45.05137509382707], [-110.82806853214133, 45.052326927357576], [-110.82735490508973, 45.05289448124148], [-110.82604240357757, 45.054165135755035], [-110.82545995481195, 45.05444000685724], [-110.82457018879441, 45.0543629998781], [-110.82390096277236, 45.05481769410527], [-110.82282395101865, 45.0551502136155], [-110.82219665745576, 45.055197233773114], [-110.8220563648629, 45.05520207317607], [-110.82109607121406, 45.05569724930334], [-110.81957582980085, 45.055206979210766], [-110.81891420442443, 45.05514968246104], [-110.81643519470177, 45.054966024570525], [-110.81388620711677, 45.05406644395211], [-110.81312814939122, 45.05425177183402], [-110.81281761976379, 45.054133650501115], [-110.81104967060594, 45.05452945887472], [-110.81048606580006, 45.05434973669783], [-110.80927319643607, 45.05456053713232], [-110.80752029316092, 45.0547579093435], [-110.8052022705203, 45.05480164451522], [-110.80530827352044, 45.05537052044127], [-110.8037264391198, 45.05621970750847], [-110.80160127129597, 45.05628824985714], [-110.80153697348118, 45.05631199521951], [-110.80145731537337, 45.056341413716545], [-110.8005367757691, 45.05668136604137], [-110.80039635292053, 45.0567332229442], [-110.79999174183509, 45.0572592931736], [-110.79994230215512, 45.05732357441469], [-110.79988172516225, 45.05740233198798], [-110.79840067365163, 45.058461974788806], [-110.79783668885838, 45.05868953259396], [-110.79770152474748, 45.058744068663096], [-110.79737747278008, 45.05913818768399], [-110.79657809165315, 45.05956539864635], [-110.79591322964674, 45.060284599118546], [-110.79422935291805, 45.0607854458162], [-110.79284215289672, 45.060729882484516], [-110.78997255748516, 45.06145062860152], [-110.78838030172889, 45.06140159960764], [-110.78689965985005, 45.06185268075545], [-110.78549026515302, 45.061826699110924], [-110.7851036221699, 45.0624079498452], [-110.78349280452491, 45.06266121814985], [-110.78235282086978, 45.063242994651496], [-110.78203818953479, 45.063738150637136], [-110.78121348220505, 45.06414370750789], [-110.7812074068988, 45.06414607162988], [-110.78093358063725, 45.064252561710525], [-110.77909822459543, 45.06475851679577], [-110.77820387267835, 45.06490198479595], [-110.77743865178672, 45.065115644011414], [-110.77711306819178, 45.064920337902976], [-110.77667222715262, 45.06482781536751], [-110.77550338691563, 45.06518803017282], [-110.77482838742125, 45.06555777002494], [-110.77388458684104, 45.06607473433592], [-110.77360072819441, 45.066230212726346], [-110.77238700004098, 45.06689500097276], [-110.77226823198065, 45.06674467751087], [-110.77216138815737, 45.06652636295625], [-110.77212577265131, 45.066396383389225], [-110.77207235073968, 45.06626892744729], [-110.77202070928894, 45.06615030432757], [-110.77198153375939, 45.06603546749257], [-110.7719370132539, 45.06591305861862], [-110.77185510037474, 45.06576793336858], [-110.7717998980022, 45.06564930984373], [-110.77171620376383, 45.06554961571808], [-110.77166456141475, 45.06550292258142], [-110.77162360452603, 45.06541837131664], [-110.77157730535627, 45.065242958497585], [-110.77153100528822, 45.06517986058563], [-110.77142060144149, 45.06508773629095], [-110.77135827453044, 45.065035995461756], [-110.77124965024629, 45.064961539420274], [-110.77105555036454, 45.06486310545205], [-110.77092199423797, 45.06476593330779], [-110.77082049359403, 45.06469526289975], [-110.77069049838926, 45.06464730770366], [-110.77051598627229, 45.06445927251777], [-110.7703343514134, 45.06428385675578], [-110.77021860259073, 45.06415892075187], [-110.77015271565622, 45.06407562887341], [-110.77007080187873, 45.06396583591535], [-110.76994258893147, 45.06383711190568], [-110.76987594202224, 45.06376209531042], [-110.76986516493375, 45.06374996435062], [-110.7698572965902, 45.063741109300366], [-110.76982149782782, 45.0637008155049], [-110.76976901735058, 45.06364790848061], [-110.76969506534147, 45.06357335355279], [-110.76962739884438, 45.06347239378484], [-110.76957041331599, 45.06340045975415], [-110.76948315905415, 45.06329949841185], [-110.76937026058589, 45.06314704751935], [-110.76930643887819, 45.063077586380395], [-110.76920500740452, 45.06299358672123], [-110.76916169962466, 45.06297016329026], [-110.76908648188929, 45.062912009486304], [-110.76901126325559, 45.06283689586649], [-110.76892806758221, 45.062736741893275], [-110.76886171172711, 45.06266996359719], [-110.76879171859343, 45.062558201590264], [-110.76872748545735, 45.06249362484101], [-110.76867392071358, 45.06243870148874], [-110.76864314892354, 45.062380546509665], [-110.76863457899574, 45.062343845638644], [-110.76861269693373, 45.06229318671016], [-110.76856236881993, 45.06223218832359], [-110.76853538163215, 45.06219083445912], [-110.76847338350451, 45.06213914176926], [-110.76841211391056, 45.06207762735661], [-110.76836543385514, 45.06203213760041], [-110.7682910353833, 45.061979409869274], [-110.76825602534174, 45.06194994541502], [-110.76824654272559, 45.06193340353736], [-110.76818454549627, 45.06189928677203], [-110.76814151170258, 45.06188377787565], [-110.76811014702442, 45.061860515792276], [-110.7680664754269, 45.06183777146683], [-110.76796162496525, 45.06177800038972], [-110.76787045225211, 45.06174730867018], [-110.76778839474417, 45.06169561431023], [-110.76771773595888, 45.06165038376915], [-110.76762314335946, 45.0616188816974], [-110.76757527573122, 45.061586574400266], [-110.76751031585808, 45.061538111516775], [-110.76739782971653, 45.06148424055442], [-110.76737711097282, 45.06146299355373], [-110.7673544994788, 45.061443350619996], [-110.76730271250098, 45.06143869829514], [-110.76725384414952, 45.061410266566725], [-110.767178717144, 45.0613694286104], [-110.7671283890302, 45.061342031756865], [-110.76708668833639, 45.061319951572465], [-110.76699426067682, 45.06128822152415], [-110.76691102996911, 45.06125415132873], [-110.76683736182761, 45.06122261858138], [-110.76677536369995, 45.06119263659842], [-110.76671409500432, 45.06117402658055], [-110.76665136744465, 45.06114145887616], [-110.76661708683511, 45.061121815831946], [-110.76657478157512, 45.06111096034564], [-110.76653394056905, 45.06110625469346], [-110.76650621855937, 45.06108821445293], [-110.76649017285176, 45.06107012154097], [-110.76646537396002, 45.061058232399475], [-110.76643036122351, 45.061049961332216], [-110.76638951662417, 45.06102824969572], [-110.76595273507178, 45.0608003515721], [-110.7655409392607, 45.06061892888653], [-110.76525435243055, 45.06050258153686], [-110.76489820545471, 45.0603704594079], [-110.76462831201749, 45.06028369173186], [-110.76446415118751, 45.0601673437], [-110.76423042931353, 45.05998394749172], [-110.76406348370618, 45.05982224376165], [-110.7639188001482, 45.059670397834424], [-110.76382141558489, 45.059526441431444], [-110.76370455464789, 45.05931937901664], [-110.76366838308465, 45.0591931687781], [-110.76358212864771, 45.059090622516166], [-110.76350700433713, 45.05890919567457], [-110.76350422135637, 45.05876129297349], [-110.76347918081782, 45.05852070295022], [-110.76346805069146, 45.05834518964705], [-110.76349587421076, 45.058165731382495], [-110.76348752616681, 45.05799218984178], [-110.76345692056509, 45.057804841574466], [-110.76338457833695, 45.05760566184855], [-110.76330945402637, 45.057408452397176], [-110.76325641120377, 45.05728265358362], [-110.76323711089991, 45.05723688080159], [-110.76315642152615, 45.05711066533171], [-110.76307016708918, 45.05699036760855], [-110.76301451915229, 45.05691345480779], [-110.76290890781759, 45.05671852553804], [-110.76285314040474, 45.056532836326056], [-110.76278636234147, 45.05636915056255], [-110.76271123803089, 45.05622715622266], [-110.76255820553068, 45.05593133529384], [-110.76244412577779, 45.055789341770534], [-110.76227718196708, 45.055639457431845], [-110.76213527959322, 45.05551521137356], [-110.76204067890896, 45.05542843632964], [-110.76194885940883, 45.05534166178859], [-110.76183756263671, 45.05520558247269], [-110.76173925819853, 45.05509560050576], [-110.76158158140828, 45.05494722722418], [-110.76154809401112, 45.054924698449504], [-110.76137529677801, 45.0548588254825], [-110.76115140247323, 45.054752291251795], [-110.76083979666411, 45.05459703358175], [-110.76060909043453, 45.05446864448929], [-110.7604129702417, 45.0543340366422], [-110.76032268865733, 45.05427207151399], [-110.75995647516041, 45.05409625832858], [-110.75955560016823, 45.0539293417888], [-110.75934174813, 45.05386054657734], [-110.75894244249464, 45.05369989357743], [-110.75865519540277, 45.053584323508076], [-110.75863501834316, 45.05357654762517], [-110.75835660977535, 45.05344879783437], [-110.75806269538745, 45.0532496568776], [-110.75766342119313, 45.0529684973428], [-110.75736213972156, 45.05279660336608], [-110.75703190914163, 45.05266583738484], [-110.75684742392835, 45.052599117769454], [-110.7566649248902, 45.052517763687135], [-110.7562484084323, 45.052283009425174], [-110.75589327026451, 45.05210044150214], [-110.75552444087346, 45.05189023489734], [-110.7552504663899, 45.051746445488654], [-110.75492517115416, 45.05156221184528], [-110.75462590550211, 45.05145576476461], [-110.75412388829378, 45.05130000376359], [-110.75384886188301, 45.051191955640306], [-110.7535608009175, 45.05108537903891], [-110.75306189906657, 45.05080251500639], [-110.75280781508003, 45.050613672714995], [-110.75251452142798, 45.05037990385842], [-110.75231896627547, 45.05021774711998], [-110.75219097431378, 45.05009743362724], [-110.75208619212411, 45.050017408751515], [-110.7520616303876, 45.04998109914002], [-110.75202997645192, 45.04995072285619], [-110.75198139556136, 45.049921999822494], [-110.75189539624596, 45.049864192594896], [-110.751734121703, 45.049740397920694], [-110.75166896869206, 45.04965848571892], [-110.75153839587058, 45.04954602998689], [-110.75149235811058, 45.04950238409036], [-110.7514551489932, 45.04945450881097], [-110.75137546932582, 45.049354427864465], [-110.75127545719029, 45.049222377713896], [-110.75117363405114, 45.04914736796459], [-110.75110208144214, 45.049079802050095], [-110.75105746032534, 45.04900537409825], [-110.75102129325369, 45.04895426607002], [-110.75094358538834, 45.04887740275397], [-110.7509197126597, 45.04881491700148], [-110.75088440976732, 45.0487141571141], [-110.75078747975155, 45.048588428027706], [-110.75074090210407, 45.0485467805996], [-110.75069529823034, 45.04850600390407], [-110.75049214782209, 45.048366521732454], [-110.75036372287245, 45.04825020657274], [-110.75022431512015, 45.04814773461809], [-110.75009415552367, 45.04806052697307], [-110.75007252678658, 45.04804383891069], [-110.74997544585383, 45.04796893614488], [-110.74993632691816, 45.047945066095785], [-110.74977762874343, 45.04784823457852], [-110.74958690562882, 45.04772160108016], [-110.74944515327361, 45.047661004130816], [-110.74935141676868, 45.047624012015376], [-110.74916664409452, 45.047557322060264], [-110.74892699244134, 45.047480580629234], [-110.7487370077419, 45.04742249484894], [-110.74850169135826, 45.04734702005774], [-110.74842020517885, 45.04732088394158], [-110.7483733005446, 45.04729618219093], [-110.74812476994316, 45.04716529002553], [-110.74785138026284, 45.04700872398585], [-110.7476157045531, 45.04685188396837], [-110.74745721927913, 45.046731958170575], [-110.74726668121747, 45.04658173465372], [-110.7471366860127, 45.046488319264895], [-110.74702627947102, 45.04639868901614], [-110.74694436569352, 45.04635703110799], [-110.74688025742327, 45.04629769892233], [-110.74682683730826, 45.04622448024708], [-110.74676451309216, 45.04617398475137], [-110.74668972025992, 45.04610581617396], [-110.7465632886719, 45.04598336399604], [-110.74648493581618, 45.04592150596939], [-110.74643151480286, 45.045860910921284], [-110.7463834333756, 45.045820515033185], [-110.74634960012705, 45.04577759365674], [-110.7462997391372, 45.04572078569776], [-110.74624809768648, 45.04567660183176], [-110.74618221075195, 45.045610956859456], [-110.74612522702022, 45.04555793471797], [-110.74605043598461, 45.04552006281776], [-110.74596852310543, 45.04548850425694], [-110.74593112713848, 45.0454695679696], [-110.74591510029549, 45.04544305715684], [-110.74588482796872, 45.04539256097132], [-110.74580825737053, 45.045335753264695], [-110.74570497357072, 45.04529409267839], [-110.7455803215453, 45.04523223517583], [-110.74551443550908, 45.04518678914155], [-110.74540402806909, 45.04510346899101], [-110.74535951025857, 45.04505928401348], [-110.74528471922295, 45.04503403607428], [-110.74517787629802, 45.04501131298292], [-110.74513869897181, 45.044967129203606], [-110.74506390793621, 45.04492546771413], [-110.74496062503474, 45.04488254693555], [-110.74491633090473, 45.0448601170188], [-110.74489829902201, 45.044850986118874], [-110.74487246706771, 45.04480958287093], [-110.74485734213326, 45.0447853401992], [-110.74483419165009, 45.04476766611396], [-110.744761747014, 45.044754685057896], [-110.7447392190633, 45.04475250102603], [-110.74465766281529, 45.04474459509653], [-110.74460447716058, 45.0447159068963], [-110.74449143226691, 45.04467348801558], [-110.74441902176682, 45.0446426449403], [-110.74438851587807, 45.04462965116165], [-110.74426536673408, 45.044580904789406], [-110.74415008323872, 45.04454927335346], [-110.7440658230617, 45.04452022009643], [-110.74388678702894, 45.044453450357295], [-110.7436847532266, 45.04437376604248], [-110.74347076374613, 45.04431324298169], [-110.74336532039639, 45.04429042312758], [-110.74321041940038, 45.044256900083305], [-110.74319499622527, 45.044254283792206], [-110.74286642213875, 45.04419856983798], [-110.74257310513048, 45.044144792345705], [-110.74217639832125, 45.04408339440413], [-110.7420633543259, 45.044073057419816], [-110.74198223645574, 45.04406564012781], [-110.74190320088042, 45.04406029835677], [-110.74180066986884, 45.04405336789049], [-110.74174314804623, 45.044049480253314], [-110.74145548233943, 45.044063690279884], [-110.74117615299848, 45.04408146423301], [-110.74095325402702, 45.04408396818729], [-110.74080560513028, 45.04408196819743], [-110.74062716018899, 45.04408763113268], [-110.74036234402973, 45.04410816736089], [-110.74010918351134, 45.044122818500135], [-110.74003234880846, 45.04412945762361], [-110.73979121673167, 45.044150289614066], [-110.73963735957803, 45.04416483157154], [-110.73962264517365, 45.04416495216741], [-110.73944019733946, 45.04416644755591], [-110.7392270783265, 45.04416240822956], [-110.73896609348196, 45.0441583682682], [-110.73876095240705, 45.044158367633514], [-110.73866635980764, 45.04415675164887], [-110.73846919756907, 45.04414624838245], [-110.73832103932757, 45.04411312258566], [-110.73818199898622, 45.04409292339336], [-110.73810336226288, 45.044075956802544], [-110.73804979751911, 45.04405656559084], [-110.73793355102978, 45.0440468702999], [-110.73781388465413, 45.04401859177671], [-110.73770903509082, 45.044006471861344], [-110.73757113560987, 45.04398223329227], [-110.737385369399, 45.043964760799], [-110.73717346131504, 45.04394203791765], [-110.73717021749856, 45.04394170278682], [-110.73697757917577, 45.043921837395494], [-110.73686473101316, 45.04389966860584], [-110.73682977936208, 45.04389280286135], [-110.73661074763793, 45.04386376640832], [-110.73635610310264, 45.04383220439487], [-110.7361530982215, 45.043813268828714], [-110.73603556983623, 45.04380064299876], [-110.73586105771925, 45.043770345946264], [-110.7356705196576, 45.04375393400472], [-110.73548354161942, 45.04373120850071], [-110.73541487619572, 45.04371964580855], [-110.73531002663239, 45.043711565823], [-110.7351402153993, 45.04371075782443], [-110.73490430343264, 45.043717221813026], [-110.73467978839199, 45.04373095651693], [-110.73443475762689, 45.04374711711613], [-110.73419884655856, 45.04375277310259], [-110.73396521361778, 45.04376489180229], [-110.73375095554104, 45.04375681182314], [-110.73367687597113, 45.04373418914491], [-110.73361191519969, 45.04369055912475], [-110.73355835135423, 45.043659857062195], [-110.73346375875481, 45.043642889073496], [-110.73338512023486, 45.043626729714354], [-110.73326773558004, 45.04358067497615], [-110.73318453810998, 45.04352896609698], [-110.73304777859114, 45.04348291191485], [-110.73296557914938, 45.04345473403384], [-110.7327730944385, 45.04337626890177], [-110.7327653994698, 45.04337313209682], [-110.73275188970622, 45.043367625232946], [-110.7326063159178, 45.04331389075553], [-110.73253642070048, 45.04328808983545], [-110.73228419712493, 45.04317507508005], [-110.73225789625003, 45.04316250813874], [-110.73207791788454, 45.04307650268332], [-110.7319206417429, 45.04299247300692], [-110.73181351405199, 45.04295934717683], [-110.73171322164212, 45.04290844384183], [-110.73149825209968, 45.0428045690854], [-110.73129524811684, 45.042694734013544], [-110.73094978480465, 45.04251546275727], [-110.73088580229854, 45.042476215913766], [-110.73084625756141, 45.042451957019594], [-110.73076730283445, 45.04240352425487], [-110.73069870029285, 45.04236144197332], [-110.73059819228729, 45.04228757908092], [-110.73055267914343, 45.04225413230092], [-110.73041556299339, 45.04214555929979], [-110.73035857926165, 45.042111471986274], [-110.73028346932414, 45.042079670979305], [-110.73023036631442, 45.042057184741374], [-110.73011817931184, 45.04199911122671], [-110.73000065092658, 45.041890537106866], [-110.72989380710334, 45.041818575290726], [-110.72977984053817, 45.041732727135184], [-110.72976050879326, 45.041715076861784], [-110.72966231125463, 45.04162541501401], [-110.72961641542844, 45.04159169998507], [-110.7295145105426, 45.04151684081974], [-110.72943390830542, 45.04145688600702], [-110.72940588536012, 45.04143604097562], [-110.72935424390938, 45.04139059192561], [-110.7293352427445, 45.041386780277044], [-110.7292598642107, 45.04137165428186], [-110.72917438861309, 45.04131484194764], [-110.72904617566586, 45.04123025427964], [-110.72896248052915, 45.041136828882465], [-110.7288467335031, 45.04103204194773], [-110.72874167103906, 45.04094619134246], [-110.72867827603113, 45.04089089310247], [-110.72862699121157, 45.04085776478602], [-110.72858710152137, 45.04081494124645], [-110.7285494926537, 45.04075110926248], [-110.72844692301454, 45.04062910010665], [-110.72834891052885, 45.040540219210136], [-110.72829762481096, 45.040499010251374], [-110.72825431792943, 45.04043921686968], [-110.72814946746777, 45.040350336312954], [-110.7280765296566, 45.04028731122287], [-110.72796712024488, 45.04019762238197], [-110.72783491877777, 45.04008773088969], [-110.72772665022647, 45.04001177796748], [-110.72764117462889, 45.039910775963705], [-110.72753404514137, 45.03983805501995], [-110.72737790896183, 45.03972573930721], [-110.72721721652717, 45.03960453729094], [-110.72706450023391, 45.03949949300837], [-110.72691748285284, 45.03941222711054], [-110.72681035426363, 45.03930718310969], [-110.72675079506199, 45.03923057216463], [-110.72673057578156, 45.039204564372376], [-110.72667473201193, 45.039142344813776], [-110.7266063522525, 45.039076894835645], [-110.72655506743294, 45.03901548510746], [-110.72648098876132, 45.038933066233476], [-110.72636018332193, 45.03877953918178], [-110.72628382472615, 45.03866964623551], [-110.72623367897036, 45.03857510579732], [-110.72620176901485, 45.038513694895805], [-110.726120851469, 45.03842642685969], [-110.72607298563739, 45.03834319906276], [-110.7260342368076, 45.03829875685624], [-110.7259510420325, 45.03822118477219], [-110.72589519646625, 45.038169469779476], [-110.72585075052095, 45.038105634844065], [-110.72582859626941, 45.03803566592957], [-110.72582567674472, 45.038026446340396], [-110.72579490585298, 45.037970692042954], [-110.72574704002139, 45.03792301722575], [-110.7256832183137, 45.03787291812573], [-110.72559432372813, 45.037819587289405], [-110.72553733999642, 45.03775494324616], [-110.72549973023041, 45.03769353082961], [-110.7253937416033, 45.03760302920318], [-110.72532764086975, 45.03753353703511], [-110.72519315947845, 45.03746000498312], [-110.72504424216054, 45.037392013285285], [-110.72504272221109, 45.03739132009443], [-110.72484100012413, 45.037324251935736], [-110.72464155796139, 45.037252335159664], [-110.72449816707912, 45.03720365740706], [-110.72445351182634, 45.03718849793158], [-110.72430991343323, 45.037156984288586], [-110.72417999009369, 45.037104460242126], [-110.72411997814113, 45.037081289010914], [-110.72411808000093, 45.03708055582428], [-110.72406488446474, 45.03706001707348], [-110.72392356509752, 45.03700749293801], [-110.72378224483197, 45.036963050328914], [-110.72362610955072, 45.036925879266136], [-110.72348137209386, 45.03687820294366], [-110.72331384078494, 45.03682891102465], [-110.72318277927995, 45.0367715393671], [-110.72303804002641, 45.03671982306415], [-110.7229730774583, 45.036668107349335], [-110.72286523740343, 45.03660174487421], [-110.7226978480283, 45.03654745240142], [-110.72268158492842, 45.03653529916333], [-110.72263195929716, 45.0364982109815], [-110.72252867639568, 45.03644265706156], [-110.72238977978478, 45.03637573950856], [-110.72221933254446, 45.03636969619868], [-110.72221170674601, 45.03636942513845], [-110.72211376702383, 45.03638583919832], [-110.7219534994923, 45.036361850051705], [-110.72184487430985, 45.03634291137826], [-110.72176690593307, 45.036336250402705], [-110.72169707359785, 45.03633028516929], [-110.72154571016742, 45.036289881281874], [-110.72138078756608, 45.03623329941363], [-110.72138010215151, 45.03623306326694], [-110.7211272371788, 45.03614215623006], [-110.72101861199636, 45.03613458047842], [-110.7208939608692, 45.03610427809668], [-110.72081738847439, 45.03606639930349], [-110.72063753407642, 45.036009582336256], [-110.72044521375723, 45.03596791559333], [-110.72019947332305, 45.03593382459935], [-110.71996085383414, 45.03589468369743], [-110.71967771653469, 45.03587574359979], [-110.71937677282968, 45.035874481603535], [-110.7190954159911, 45.035882057389564], [-110.718991302148, 45.03588345015591], [-110.71890665749201, 45.0358845826514], [-110.71869474940809, 45.0358845826514], [-110.71861007870096, 45.035865005204045], [-110.7185309227514, 45.035846704347506], [-110.7184566033313, 45.035820356664736], [-110.71837777436849, 45.03579240925399], [-110.7183564097361, 45.035784835360445], [-110.71831774444964, 45.03576332425321], [-110.71824265966494, 45.035721553222395], [-110.71813559755107, 45.035633320460924], [-110.71786670753201, 45.03535806823459], [-110.71755863928847, 45.0350032684045], [-110.7174606995663, 45.03489089432048], [-110.71739124991335, 45.03478609467726], [-110.71732002159617, 45.03471791253043], [-110.71726303696613, 45.03463457776819], [-110.71721673959303, 45.03455376820505], [-110.71716687680653, 45.03447674651377], [-110.71706359390507, 45.034384572753176], [-110.71697686695427, 45.034302885509724], [-110.71694428505891, 45.034272196184574], [-110.71678223886313, 45.0340865864552], [-110.71663621771371, 45.03395526920296], [-110.71648129425981, 45.033869409249164], [-110.7163050007836, 45.033770921758034], [-110.7161393918694, 45.03368632230252], [-110.71595419519042, 45.03359035922449], [-110.71585095091652, 45.03354709728981], [-110.71573570065883, 45.03349880426846], [-110.71564437792703, 45.03346053650197], [-110.71550298489794, 45.033399935238855], [-110.71529279079957, 45.033321401721444], [-110.71514813778431, 45.033269254421086], [-110.71494809824189, 45.03319141840991], [-110.71475754041731, 45.033120644860915], [-110.71447084129774, 45.03304235854724], [-110.71425359183112, 45.03299942758418], [-110.71401023642403, 45.032981842544565], [-110.71401017893183, 45.03298183746587], [-110.71397008532409, 45.03297880039566], [-110.71372827322264, 45.032952708502414], [-110.7135181473962, 45.03293629345775], [-110.71324569376044, 45.03293503076181], [-110.71296968010118, 45.03293376743101], [-110.71296947618362, 45.032933782667186], [-110.71296864793692, 45.03293377885813], [-110.71295045615412, 45.03293519264591], [-110.71295038339056, 45.03293519772462], [-110.71273106061227, 45.032951445806795], [-110.71272054134029, 45.032953044967265], [-110.71266551593587, 45.03296140580147], [-110.7126200962168, 45.03296830650423], [-110.7126064085868, 45.03297038560265], [-110.71250912104155, 45.033011996757764], [-110.7124931912166, 45.03301888475768], [-110.71240340460395, 45.03306382496892], [-110.71239773803113, 45.03306587867034], [-110.71239528922368, 45.033026579001735], [-110.7123909117333, 45.032956353750095], [-110.71238988046736, 45.03293979459792], [-110.71238954719239, 45.032930572918055], [-110.71238581199744, 45.03282739678188], [-110.71238288887949, 45.032746653864606], [-110.71237848264302, 45.03262492284258], [-110.71237281876515, 45.0324684395347], [-110.71235614872842, 45.03200784764426], [-110.71233735148111, 45.03148851142437], [-110.71232522242813, 45.03115339364143], [-110.71231330717423, 45.030824190819786], [-110.71230434108938, 45.03057645277115], [-110.7123006741664, 45.030475113504956], [-110.71229674403702, 45.03036653783338], [-110.71227755512422, 45.02983632339274], [-110.71227715627225, 45.0298230113539], [-110.71049442713303, 45.0298239458886], [-110.70868578608942, 45.029824872804774], [-110.70343416397156, 45.02979309544301], [-110.70082602591837, 45.029777350554596], [-110.70061984549267, 45.02977611572346], [-110.70036602291587, 45.029774189513816], [-110.69822887246447, 45.02975549880091], [-110.69822440963415, 45.02975552292619], [-110.69563830186497, 45.02979280594029], [-110.69305350833106, 45.02980391941638], [-110.69012989183155, 45.02981659722035], [-110.68788427430117, 45.029830688886044], [-110.68529951939482, 45.029847071173094], [-110.68271257080254, 45.02986331886223], [-110.6802397046581, 45.02987849234083], [-110.67755839972335, 45.02988913853352], [-110.67370685317974, 45.0298793652919], [-110.67236082204958, 45.02987403425899], [-110.66734074788272, 45.02985289741009], [-110.66651524374733, 45.02984964177723], [-110.6623590677111, 45.02982942231233], [-110.66231123332055, 45.0298292369291], [-110.66053226722404, 45.02982215998772], [-110.6605044410098, 45.02982205840784], [-110.65703612205462, 45.02988852461096], [-110.6570188932658, 45.02988731835153], [-110.6519297521283, 45.02989697096585], [-110.65009440327297, 45.02989831626237], [-110.64682734556901, 45.02990242071795], [-110.64173156408494, 45.029912315851284], [-110.63989237672843, 45.02991366114745], [-110.6366273141827, 45.029917854484154], [-110.63659796801899, 45.02991791225758], [-110.63152480252052, 45.02992513901717], [-110.62970011307439, 45.02992608370816], [-110.62641558044318, 45.02992910506856], [-110.6213131334597, 45.0299363838863], [-110.61951517248653, 45.029937300007816], [-110.6161992419395, 45.02994663200298], [-110.61617931191661, 45.02994667199999], [-110.61110071879719, 45.029959661494814], [-110.60932544028493, 45.02996316980065], [-110.60599433000627, 45.02997131521499], [-110.6008938476383, 45.029986552787065], [-110.59913767898709, 45.02999000458766], [-110.59607535901445, 45.02999447726254], [-110.59577969470836, 45.029995253076365], [-110.59575965149774, 45.02999527910613], [-110.59407951984544, 45.029995726056164], [-110.59067985912743, 45.02999805730683], [-110.58893805902918, 45.02999867059333], [-110.585580295736, 45.03000293502949], [-110.58048788922248, 45.03001275650034], [-110.57875502556466, 45.030013894825814], [-110.57538128573417, 45.03003152013946], [-110.5753396461258, 45.03003174488404], [-110.57026425999194, 45.03005984620754], [-110.56875321103907, 45.030066094612366], [-110.56514762771184, 45.03008115883936], [-110.5600354744317, 45.03010578612465], [-110.55860089456736, 45.03011045623538], [-110.5549454691149, 45.03006919849863], [-110.54838632754145, 45.03011597516806], [-110.53809343999916, 45.0300955062929], [-110.52780055155854, 45.03007503550581], [-110.51750769366065, 45.03005455391859], [-110.5139515967258, 45.030047480814275], [-110.5072148312712, 45.0300340818471], [-110.49692199672951, 45.03001360595908], [-110.49353707197542, 45.0300068604437], [-110.48662919991709, 45.02999309768522], [-110.47633640490125, 45.02997261860818], [-110.47312254722503, 45.02996620830066], [-110.46604363324163, 45.02995211285912], [-110.45575089661632, 45.02993163567201], [-110.45270807098366, 45.0299255593031], [-110.44545815639773, 45.029911131812916], [-110.43516544762018, 45.029890639374166], [-110.43229363157322, 45.029884928688006], [-110.42487273165611, 45.02987016660921], [-110.41458002826847, 45.02984966145832], [-110.41187921821393, 45.0298482507687], [-110.40432059219071, 45.02984587951485], [-110.39402865776096, 45.029841513487185], [-110.39134640420525, 45.0298403808721], [-110.38373671973791, 45.02983714618941], [-110.37344480956266, 45.02983275349634], [-110.37093198006616, 45.02983167421051], [-110.3631528993874, 45.029828358263444], [-110.3528609622627, 45.02982396429993], [-110.35051758467318, 45.029822969452205], [-110.34256905298574, 45.02981956970124], [-110.33227714281048, 45.02981517573705], [-110.33010318928018, 45.029814236123215], [-110.32198523443185, 45.02981075510783], [-110.3116933242566, 45.02980633193877], [-110.30968879478552, 45.02980547485848], [-110.3014014176746, 45.02980191067398], [-110.2911095057027, 45.02979748877401], [-110.28927439849421, 45.029797353545746], [-110.2808430421045, 45.0297933443138], [-110.27055241113021, 45.02978736633573], [-110.26874147309444, 45.0297863156184], [-110.26026177835928, 45.0297813896268], [-110.24997115367319, 45.02977541355214], [-110.24832709566773, 45.02977445552631], [-110.23968060264895, 45.02976947239494], [-110.22939008486239, 45.02976353123712], [-110.2279127559703, 45.029762682409554], [-110.21909953563478, 45.02975759007869], [-110.2088089882038, 45.029751648919635], [-110.20749838573015, 45.029750911194995], [-110.19851846682397, 45.02974570712513], [-110.18822794634247, 45.02973976596484], [-110.1870840747788, 45.02973908283927], [-110.1779373989115, 45.029733798139155], [-110.17463839442105, 45.02973949106393], [-110.16752012434675, 45.029754163024236], [-110.16666970723358, 45.02975411477372], [-110.15725010342001, 45.02972719480288], [-110.1469690278254, 45.02969511455125], [-110.14613666595113, 45.02969253695651], [-110.13668792528134, 45.029663033646806], [-110.12640687394122, 45.02963095335921], [-110.12572226786318, 45.02962882080986], [-110.11612580104155, 45.02959887432342], [-110.10584477844753, 45.02956676733505], [-110.1053078715719, 45.02956677114434], [-110.1003732011374, 45.02956656290467], [-110.09717561734087, 45.029566506400606], [-110.09567545956247, 45.029809489168564], [-110.0931599162555, 45.03124695151849], [-110.09259100959281, 45.03143937103743], [-110.09192327118086, 45.03204540408098], [-110.08864248811766, 45.03183090391742], [-110.08754544752637, 45.03145680291589], [-110.08679928259687, 45.031401199026966], [-110.08489479760068, 45.031196938628064], [-110.08485888026068, 45.0311931047152], [-110.0835110021943, 45.031387531832294], [-110.08242348733832, 45.030917765741385], [-110.08126530830712, 45.03005234773992], [-110.0810216519644, 45.029870278346955], [-110.08035879589603, 45.0299321467447], [-110.07967552112125, 45.02983579073349], [-110.07748086142367, 45.029835755180514], [-110.07708934957171, 45.02977548021397], [-110.07456554895063, 45.03060044243843], [-110.07379449889115, 45.03108844749247], [-110.07253765789228, 45.0319050678962], [-110.07150379222168, 45.03216585267279], [-110.07088479639707, 45.03193916382966], [-110.07050256863357, 45.03274910879736], [-110.06986774449365, 45.03300811408392], [-110.06931191819982, 45.03296670290033], [-110.06741047130589, 45.0336447713119], [-110.06639380118645, 45.03411288922871], [-110.0656649423009, 45.03406161871094], [-110.06475083373577, 45.03439973551081], [-110.06448112714814, 45.03440140446133], [-110.0627117622454, 45.034412334848305], [-110.06032770983815, 45.03469366113874], [-110.05984033516896, 45.03499671836592], [-110.0584927697163, 45.03582000625098], [-110.05785319798008, 45.03662584120121], [-110.05658305293188, 45.037549710811106], [-110.05483268560077, 45.037297225706745], [-110.05397059667713, 45.037037761832174], [-110.0528410334793, 45.037387438987274], [-110.05170891726945, 45.037908806308806], [-110.05014795612273, 45.03899223339924], [-110.04926005860096, 45.041109983453396], [-110.04873529425302, 45.04171601247177], [-110.0484316762634, 45.04185284875774], [-110.04544044806403, 45.043200896997035], [-110.04498898983654, 45.04344062350756], [-110.04406515161855, 45.04344521255497], [-110.04262285522593, 45.04344704055719], [-110.0398172504053, 45.04452063964045], [-110.03891514962056, 45.04506091901377], [-110.03867274373273, 45.04545443480279], [-110.03838453095192, 45.04592232599602], [-110.03772557896178, 45.046992064177374], [-110.03671982516967, 45.04906750232876], [-110.03563072568552, 45.051314779987976], [-110.03479960887623, 45.05268095595147], [-110.03463669131462, 45.05294878612524], [-110.03340084035068, 45.053144949245244], [-110.0331999330357, 45.053141515341416], [-110.02802097294622, 45.05305292550044], [-110.02662827433707, 45.05302907407305], [-110.02601075893604, 45.05314883816811], [-110.02349610316458, 45.05427665398105], [-110.02338914435694, 45.05415477330459], [-110.02284503209442, 45.053534754060976], [-110.02212990665292, 45.05270161728792], [-110.0218743772771, 45.05240391042418], [-110.01773706765847, 45.05171245528287], [-110.01626713100286, 45.05146686578344], [-110.01492682573434, 45.05179826053861], [-110.0129237084149, 45.05269290839305], [-110.01262362349931, 45.052826932445875], [-110.01145342680623, 45.05334954823958], [-110.00966710979576, 45.05357736754206], [-110.00848701726152, 45.052695938705305], [-110.00820514748494, 45.05248539032375], [-110.00830142173058, 45.05224665428966], [-110.00752258237924, 45.05155240422716], [-110.00711303145803, 45.05118733929026], [-110.00690216092826, 45.050855826759815], [-110.00531148710522, 45.05064869359949], [-110.00422931453019, 45.04901809334397], [-110.00342761754645, 45.047810029721106], [-110.00240582343665, 45.04708983139671], [-110.00072380083068, 45.045958492204164], [-110.00035467230065, 45.04547713423419], [-110.00054909557592, 45.04494254258777], [-110.00137429877569, 45.04267375042696], [-110.00245210014852, 45.04167603512586], [-110.0029253622846, 45.04124655967288], [-110.00438075162248, 45.03992715155677], [-110.00441178212735, 45.03959842957595], [-110.00394472555325, 45.037871470181535], [-110.00372438139046, 45.03768500564221], [-110.00245973133687, 45.036614726510564], [-110.00083429989881, 45.03460924016238], [-109.99991211907255, 45.03439861250826], [-109.99962425932966, 45.034109009168866], [-109.9991886608585, 45.033670737193006], [-109.99761367431526, 45.03119408430247], [-109.99807996372809, 45.03052553905441], [-109.99826729300756, 45.0302569544183], [-109.99951336949435, 45.029517453881176], [-110.00007803251563, 45.02918234487347], [-110.00069517870911, 45.028880658046326], [-110.00179999960905, 45.02796408944685], [-110.00179520799531, 45.02718078334671], [-110.00179341944958, 45.026890221598684], [-110.00179400604947, 45.02654281232756], [-110.00175593904098, 45.02464513816031], [-110.00172618863542, 45.02313782702248], [-110.0016502576377, 45.01958869847121], [-110.00159478846554, 45.01748987033718], [-110.00155443344804, 45.01593883647925], [-110.00154337788183, 45.015499218173815], [-110.00151295104483, 45.01280351404734], [-110.00150713355507, 45.01228719925757], [-110.00164538517559, 45.00872182780784], [-110.00165963515096, 45.008354531532795], [-110.0017805376084, 45.00515827006097], [-110.001848461922, 45.003363490017016], [-110.00196550072539, 44.97407155706193], [-110.00196550072539, 44.97407150622254], [-110.00115822789871, 44.97396782620892], [-110.00075301673867, 44.97391575640077], [-110.00042767658717, 44.97386839746605], [-110.00008593679183, 44.97382939715722], [-109.99973244703259, 44.97373628754621], [-109.99907511650153, 44.97361350642314], [-109.99850763726181, 44.973428497610676], [-109.99797789624719, 44.973261817329636], [-109.99776358606817, 44.973187927558634], [-109.99759953573098, 44.97314147742694], [-109.99749793717068, 44.9731495877096], [-109.99739617601527, 44.97316669733908], [-109.99734530531906, 44.9731752575537], [-109.99728205583821, 44.973165696423045], [-109.99719392571896, 44.97312891735371], [-109.99713115683679, 44.97309235623835], [-109.99705617535835, 44.9730286864216], [-109.99697709576557, 44.97292022616093], [-109.99695708579263, 44.97289278759156], [-109.99687005521126, 44.97279300745627], [-109.9968082268652, 44.972702437556734], [-109.99672166610274, 44.97257565750553], [-109.9966102157187, 44.97242164746211], [-109.99657390671322, 44.972322307552204], [-109.99649955675041, 44.97222262747089], [-109.99640015546929, 44.97210472766803], [-109.99626382624345, 44.971923497215286], [-109.99615158534198, 44.97181448768418], [-109.99603872550124, 44.971741477511976], [-109.9958631749318, 44.971622856676554], [-109.99553960535971, 44.97139500664831], [-109.99547489521824, 44.97134943653402], [-109.99517389491935, 44.971157757579256], [-109.9950228360178, 44.971093417677714], [-109.99487099558196, 44.971074077371], [-109.99465591464842, 44.971045176209124], [-109.99446650487079, 44.97099849745911], [-109.99440518586947, 44.97098582760595], [-109.9942390559324, 44.97095148756162], [-109.99409109532027, 44.97092384722374], [-109.99408737449835, 44.97092314750839], [-109.99382141478377, 44.9709028074598], [-109.99351710509139, 44.97090012744098], [-109.99327587509826, 44.970916006725396], [-109.99294526453097, 44.97096710753697], [-109.99265315396015, 44.97099153781049], [-109.99234868526595, 44.97099785684862], [-109.992170853874, 44.97101428774264], [-109.99194215448075, 44.971039276623245], [-109.99154592467691, 44.971215817797635], [-109.99136714376569, 44.971286256677175], [-109.9911503236938, 44.97135635800788], [-109.99094681395941, 44.97139057769616], [-109.99069275422741, 44.97141533762504], [-109.99059099486864, 44.97143243696804], [-109.99057831514841, 44.97143232765834], [-109.9903374040572, 44.971430198025914], [-109.99010964520006, 44.97140118773373], [-109.99000796399474, 44.97138218689958], [-109.98980627514547, 44.971344487721005], [-109.98964175409107, 44.97132502802071], [-109.98928814485588, 44.971240887937455], [-109.98897226396431, 44.97117507816147], [-109.98875718482743, 44.97114617768603], [-109.98861850471049, 44.97109993816609], [-109.98849265343412, 44.971044808239725], [-109.98839169357599, 44.971016908016665], [-109.9882780539976, 44.97098889783399], [-109.98813857438006, 44.97098766809041], [-109.98798626322703, 44.9709953179211], [-109.98783315347167, 44.971047978242126], [-109.98714496311565, 44.97123991812846], [-109.98664196315043, 44.97137964798907], [-109.98538627289345, 44.97172842714757], [-109.98514440419815, 44.97178029748261], [-109.98487749316767, 44.97181392842902], [-109.98466177263364, 44.97182101825884], [-109.98412970318583, 44.97178928878503], [-109.98364866253769, 44.97173999739044], [-109.98333263252579, 44.97168317759963], [-109.98300359131531, 44.971644237450114], [-109.98261068258309, 44.97163173869434], [-109.98167317200648, 44.97157838873472], [-109.981166302099, 44.97155585891631], [-109.98065927139307, 44.9715423388602], [-109.9803556030978, 44.97150361850524], [-109.98002705236748, 44.97143767811333], [-109.97974969213361, 44.971345178533895], [-109.97957393135839, 44.97124458859116], [-109.97944889215903, 44.97114445859189], [-109.97872259077711, 44.97062485890823], [-109.9785470015801, 44.970515268575056], [-109.97840832236149, 44.97046901901347], [-109.97828185124756, 44.97044987868891], [-109.97812970089295, 44.970448518014116], [-109.97802778163408, 44.970474618051306], [-109.97788799119945, 44.97049136876779], [-109.97777307062348, 44.97053534882875], [-109.97753152083008, 44.970569197856825], [-109.97720089049989, 44.97062024877044], [-109.9768965808075, 44.97061752806449], [-109.97664251209233, 44.97064225909268], [-109.97643916135978, 44.97066744896287], [-109.97631156106354, 44.97071130813825], [-109.97604337083212, 44.97081692922282], [-109.9754687805286, 44.97103682921327], [-109.97513718181452, 44.97114187899725], [-109.97455071039307, 44.97131665945783], [-109.97439656038864, 44.97136964931981], [-109.97409135148266, 44.971474569483426], [-109.97361108069072, 44.97163966933852], [-109.97360647053668, 44.971641258136415], [-109.97340935141726, 44.97173963959378], [-109.9731458198489, 44.97187116943778], [-109.97281406033636, 44.971985209600746], [-109.97263445028014, 44.972100618434276], [-109.97242996048381, 44.972188808652255], [-109.97232804032662, 44.97221489963589], [-109.97213687973249, 44.97226718833348], [-109.97184378999798, 44.97234556981411], [-109.9713845802079, 44.97249446992861], [-109.97115457017266, 44.972591420027996], [-109.9709382001567, 44.972634479533845], [-109.97070530024119, 44.97269506948359], [-109.97067064054258, 44.97270408860492], [-109.9703398305493, 44.97276411987075], [-109.97000950923956, 44.97279714905126], [-109.96993343091815, 44.972796469694984], [-109.96985782960215, 44.972768780041235], [-109.9697613595238, 44.972687709671085], [-109.96937057979878, 44.97235930003508], [-109.96902457929406, 44.97185206961868], [-109.96891417993889, 44.97164402963539], [-109.96879125986531, 44.97142687869706], [-109.96873836975632, 44.97136339959456], [-109.96861745921403, 44.97121826011579], [-109.9684430090808, 44.971045649675816], [-109.96830627920635, 44.97089138957464], [-109.9681573591935, 44.97070999894756], [-109.96808289963623, 44.97061931009196], [-109.96804648013797, 44.97052895856016], [-109.96802321916199, 44.97041172957587], [-109.96796757841162, 44.96997912968387], [-109.96791976827558, 44.969816669528015], [-109.96786056929835, 44.969582079393106], [-109.96777553926515, 44.96937426950486], [-109.96774056874943, 44.969202909990116], [-109.96770576891365, 44.96902255886423], [-109.96765714849721, 44.96890509990986], [-109.9675709785019, 44.968760289781095], [-109.96748481838806, 44.96861547992235], [-109.96729947797863, 44.96834374936782], [-109.96706294886937, 44.96809855972217], [-109.9669007095358, 44.96795305988126], [-109.96663865928932, 44.967716639330575], [-109.96615082917428, 44.9673431497322], [-109.96589983808728, 44.96719684970124], [-109.96558546906033, 44.96704996965728], [-109.96544777888684, 44.96694969950074], [-109.9651581189201, 44.96683905980684], [-109.96475515803985, 44.96668236876142], [-109.96460446654926, 44.966599988765935], [-109.96402741755684, 44.96625268982766], [-109.9637271960973, 44.96602491952333], [-109.96360251712238, 44.96590675973858], [-109.96351604708975, 44.96577994941161], [-109.96345508831288, 44.965644369630496], [-109.96339331656071, 44.96555378844225], [-109.96330748792519, 44.965390979525864], [-109.96319614803394, 44.96523692985098], [-109.96305911812217, 44.96510065853396], [-109.96255994677668, 44.964655028899855], [-109.96226022747541, 44.964400259623744], [-109.96207313624947, 44.96422751997779], [-109.96197268753274, 44.96417259955048], [-109.96177130590729, 44.96408974941833], [-109.96164566663333, 44.96402559989659], [-109.96154569761694, 44.96394366990737], [-109.96144573578707, 44.963861748699586], [-109.96129636751488, 44.963707349783476], [-109.96125979709966, 44.9636260098195], [-109.96122371626628, 44.963517650001265], [-109.96118828581315, 44.96337329980164], [-109.96116618635887, 44.963193058740266], [-109.96116813660133, 44.96308504959871], [-109.96125102594924, 44.96270772948341], [-109.96130434635123, 44.962564179397994], [-109.96140917615165, 44.96237608967949], [-109.9614633059357, 44.96218753978825], [-109.9614663970386, 44.96201652873808], [-109.96138171555171, 44.9617907095193], [-109.96128338596071, 44.961618779436236], [-109.96123364534512, 44.961564319250805], [-109.96105957609757, 44.96137369961352], [-109.96093459528872, 44.961273539669996], [-109.96084682539387, 44.961218729557764], [-109.96067129548567, 44.961109109176206], [-109.96050893577785, 44.96097259922448], [-109.95968835530853, 44.9600739395347], [-109.95960368549974, 44.95984811966201], [-109.95955574420965, 44.95969464943711], [-109.95948636462533, 44.95932493934131], [-109.95941567619562, 44.959027228628536], [-109.9592102647278, 44.95846723963849], [-109.95915079535767, 44.95825064905619], [-109.9588940352899, 44.957687278330894], [-109.95884593589633, 44.95758172842129], [-109.95866051463854, 44.95731898938987], [-109.95850445391748, 44.95710143904595], [-109.95815349561072, 44.95661220918214], [-109.95779387395135, 44.95616783902777], [-109.95709576439796, 44.955513329540594], [-109.95640968328624, 44.954894929525594], [-109.95588481293709, 44.954476049465335], [-109.9554974144708, 44.9541664384814], [-109.95519908306665, 44.953839639237465], [-109.95458615356515, 44.95338393812995], [-109.95417587231363, 44.952939089068124], [-109.95341447375353, 44.952365588560745], [-109.95306283362545, 44.952100719454286], [-109.95304758292689, 44.95208938937261], [-109.952625972123, 44.951776268946944], [-109.95241240215579, 44.951617649246316], [-109.95209831160658, 44.95146173927858], [-109.95183377212847, 44.95136929903446], [-109.95144314152378, 44.951239678368346], [-109.95110370141558, 44.95108353914072], [-109.95088904179191, 44.95103655933239], [-109.95043274164503, 44.95103236848521], [-109.95021743164111, 44.951021388489565], [-109.95000277111913, 44.95097440926612], [-109.94982614257133, 44.950927769493994], [-109.94970038202483, 44.950872608737505], [-109.94961297145609, 44.950799789337374], [-109.94951354142887, 44.95069084964863], [-109.94945280094262, 44.95054625928694], [-109.94915962227492, 44.949940429390935], [-109.94906151007622, 44.94975948938972], [-109.94895006238711, 44.949614429395844], [-109.94882562146577, 44.9494872594536], [-109.94871319101975, 44.94939620962754], [-109.94851287210129, 44.94925932913152], [-109.94829921140422, 44.94915834951655], [-109.94807304076849, 44.949048238167975], [-109.94788506021047, 44.948929488391464], [-109.94779848058337, 44.94881165960299], [-109.94766202110183, 44.94864836830786], [-109.947526720447, 44.948422079408026], [-109.94735389177286, 44.948168429500654], [-109.9472934809683, 44.94800583954942], [-109.94725957046465, 44.947780479539276], [-109.94723718983767, 44.947618228634255], [-109.94716378130927, 44.9474735281705], [-109.94706420036509, 44.94737358810607], [-109.94691672035161, 44.94712016944383], [-109.94686948064579, 44.946930699020335], [-109.94685846011389, 44.94684056958321], [-109.94683426039845, 44.946777339208914], [-109.94681007056447, 44.94671409922806], [-109.94677336001207, 44.94664174949166], [-109.946723991299, 44.94656927949844], [-109.94668727984828, 44.94649691940672], [-109.94661353984156, 44.94637020923399], [-109.94653980881799, 44.946243508954325], [-109.94647957048996, 44.94607190931751], [-109.94645833970655, 44.94584666951145], [-109.94644912927994, 44.945657539491854], [-109.94640073973054, 44.94553106907348], [-109.94631432988504, 44.94540423914397], [-109.94617887921156, 44.94518694945789], [-109.94603140907957, 44.94493352940769], [-109.94578320905813, 44.94464317929141], [-109.94564743049958, 44.94444387790283], [-109.94546078932962, 44.9442531193707], [-109.94526099053571, 44.94408923905072], [-109.94516058942966, 44.94403429934756], [-109.9449978093103, 44.943924778389416], [-109.94483453960909, 44.943842249361246], [-109.9446589288525, 44.94374160928611], [-109.94445862790035, 44.943604729293945], [-109.94428451014377, 44.943423078171556], [-109.94412778916099, 44.94327755898845], [-109.94387322996566, 44.943041198892985], [-109.94384515940968, 44.943005459177044], [-109.94358834813792, 44.94267847938753], [-109.94322975864281, 44.942189059171525], [-109.94285683922229, 44.94178952812565], [-109.94274608772753, 44.94160845942272], [-109.94254828768513, 44.94133656916289], [-109.94243203760252, 44.94114721826678], [-109.94237598901701, 44.94105591930845], [-109.94195438899291, 44.94054789897049], [-109.94181829782063, 44.94036659807594], [-109.94164683907731, 44.94004093921834], [-109.9413511388386, 44.93957909919341], [-109.94114282850735, 44.939190089038604], [-109.94093352733435, 44.93885506904354], [-109.9406016474476, 44.93829387914722], [-109.94051691834999, 44.938077038831075], [-109.94034779792135, 44.937625368791764], [-109.9401895165649, 44.9372728276232], [-109.94016798754082, 44.93706557857971], [-109.94015846809374, 44.936894457688595], [-109.94013461692465, 44.93681321897999], [-109.94012293702932, 44.936759098991296], [-109.94004773636193, 44.936713388809835], [-109.93999737680711, 44.936694918915265], [-109.93990867805427, 44.9366940979603], [-109.93945315674675, 44.936653859068784], [-109.93882088651718, 44.9365759788838], [-109.93835252648759, 44.936544619092686], [-109.93782064658429, 44.93652167934536], [-109.93752952595689, 44.936500969083845], [-109.93727675710393, 44.93646260916767], [-109.93709984558683, 44.93643395892362], [-109.9369352760234, 44.936423419364296], [-109.93670718658625, 44.93642129924271], [-109.93641523591553, 44.936445589065045], [-109.93622482541464, 44.93646181936887], [-109.93608560720686, 44.93645151891641], [-109.9357444656895, 44.936394337953985], [-109.93533913595184, 44.93638155934925], [-109.93493479615762, 44.936314777977486], [-109.9344794464283, 44.93626551842302], [-109.93423918661567, 44.93623627922676], [-109.93413847559087, 44.93619932831426], [-109.93402543518877, 44.93614425960162], [-109.93395090646125, 44.936062549255894], [-109.93383885510426, 44.93595347921586], [-109.93366445617501, 44.93578981939659], [-109.93346421540997, 44.9356529191743], [-109.93327647470211, 44.93552513834398], [-109.93308857589075, 44.93540635932113], [-109.93281280387833, 44.93524174851043], [-109.93257421583043, 44.93512248941499], [-109.93238686588973, 44.935040259336816], [-109.93222174476071, 44.93499316910151], [-109.93220278581666, 44.93498866929521], [-109.93190629416219, 44.934918209379916], [-109.93157767515989, 44.93487012954296], [-109.93124972360584, 44.934786039651705], [-109.93036606523391, 44.93459773933011], [-109.93030392427414, 44.93458783981487], [-109.92940572307604, 44.93444470968925], [-109.9288111749019, 44.93438512990148], [-109.92871047375854, 44.934348179705594], [-109.928647624028, 44.93432057960316], [-109.92859743515308, 44.934293109853684], [-109.92858527376077, 44.9342659898543], [-109.92857326508204, 44.934229868839154], [-109.92806833373893, 44.93344195828087], [-109.92782178302437, 44.93307055978697], [-109.92776094372343, 44.93293495931914], [-109.9276630929345, 44.932744999458], [-109.92756625454685, 44.932501039613406], [-109.92749274361053, 44.93236531824149], [-109.92743056312487, 44.93230171833336], [-109.92736905368074, 44.93220211880362], [-109.92721986327498, 44.93204768939575], [-109.92718352282849, 44.93195732927066], [-109.92717286341932, 44.931849198377854], [-109.92717555297529, 44.93170519842689], [-109.92724259424493, 44.931507779732094], [-109.9273908620809, 44.93103206927663], [-109.92746990394443, 44.93087076951073], [-109.927667513544, 44.93046753910128], [-109.92788961391315, 44.93010953926267], [-109.92803200317391, 44.929948838543964], [-109.92813554299354, 44.92983277953137], [-109.92830277426516, 44.92969931913599], [-109.92849718316737, 44.929467089206305], [-109.92869092282469, 44.92927086928849], [-109.92880931359261, 44.9290379189566], [-109.92885117238991, 44.928831269190745], [-109.9289057028226, 44.928624729344605], [-109.92889638369985, 44.928444608103305], [-109.92891341306269, 44.92821070868806], [-109.92888041345073, 44.92805362913985], [-109.92883192239168, 44.92782285918281], [-109.92878291390304, 44.92773237920185], [-109.92873491242584, 44.92758789891986], [-109.92876444274417, 44.927363129114596], [-109.92875495383983, 44.927191999028416], [-109.92873296308167, 44.92701175881183], [-109.92870710238128, 44.92692802757467], [-109.92864930208096, 44.9267409080119], [-109.9285528023582, 44.92647894875861], [-109.92853188239184, 44.926428278979486], [-109.92853105234853, 44.926426257708044], [-109.9284558022738, 44.92624398872271], [-109.92838326241629, 44.92603910850101], [-109.92825114269587, 44.92566593786261], [-109.92806714167456, 44.92534013902697], [-109.92799430177975, 44.92516841903483], [-109.92798448319368, 44.92501528858077], [-109.92802551284598, 44.92485363863439], [-109.92807970191886, 44.92466510857525], [-109.9281191720958, 44.92452780847811], [-109.92813390266983, 44.92447656899284], [-109.92826461203526, 44.92426174873409], [-109.92837082164792, 44.92400168885992], [-109.92859658175357, 44.92344567884602], [-109.92864079144195, 44.92311301836074], [-109.92860613174334, 44.92293264831081], [-109.928624331611, 44.92263575826172], [-109.92855126174746, 44.92208222714265], [-109.92852438145923, 44.92187864810753], [-109.92843241283875, 44.921373677290916], [-109.92833112240058, 44.920688568559825], [-109.92821851139318, 44.919931348145155], [-109.92824737067001, 44.91974257802744], [-109.92825263120432, 44.91877940791073], [-109.92836006072913, 44.91777218782206], [-109.92842463073346, 44.91702562794371], [-109.92832932127843, 44.91670065796434], [-109.9281040606361, 44.91587035780281], [-109.92803375039713, 44.915563627703285], [-109.92795279063046, 44.91514877752941], [-109.92786998033432, 44.91483292757351], [-109.92776826139975, 44.913998836917045], [-109.92775677913379, 44.9139047065146], [-109.9277490805718, 44.913841577917445], [-109.92775198123185, 44.91368549729389], [-109.92775544064402, 44.913499557303666], [-109.92775081881187, 44.91306741772953], [-109.92771532996824, 44.912932047409406], [-109.92764201935624, 44.91278732760259], [-109.92753439040541, 44.91244424657302], [-109.9274877399944, 44.912227757800736], [-109.92752791984041, 44.9121111076016], [-109.92763209926055, 44.91195904739013], [-109.92778660948942, 44.91182546721912], [-109.92805645980752, 44.91162095736827], [-109.92830273923086, 44.911469487512534], [-109.92840246929539, 44.91140814710461], [-109.92871013958525, 44.9112129864666], [-109.92886514927741, 44.91105240720168], [-109.92898149008985, 44.91092746695013], [-109.9290976593241, 44.910811526011585], [-109.92912500044807, 44.910703766931235], [-109.92914017029827, 44.91056887709703], [-109.92911819031993, 44.91038862735331], [-109.92903336959415, 44.91018078697334], [-109.92887557961618, 44.909810226103275], [-109.92865663053703, 44.909322055853224], [-109.92866316039084, 44.908971046008006], [-109.92868017987222, 44.90873714683453], [-109.92890453052115, 44.908253146807425], [-109.92903263926381, 44.90801575566141], [-109.92908820994562, 44.90791278720306], [-109.92918358048608, 44.9077315557025], [-109.9292720492702, 44.90756342676394], [-109.92943987881979, 44.907393966975356], [-109.9297746997908, 44.907100027019034], [-109.93016101039728, 44.90676156675474], [-109.93040665920329, 44.90649380678122], [-109.93062781993466, 44.90618080671429], [-109.93099212900319, 44.905662095558874], [-109.93117495053654, 44.905366735537136], [-109.93120178051913, 44.90528597650992], [-109.93122894916658, 44.90518720626292], [-109.93121062892469, 44.904808946275665], [-109.93125229907577, 44.90461128626435], [-109.93130696964565, 44.90439575546962], [-109.93141061905976, 44.90427069512829], [-109.93170624922989, 44.90403940652305], [-109.93179589929859, 44.90398622532719], [-109.93186005967114, 44.90394181632184], [-109.9318613990592, 44.90386981609065], [-109.93186255878426, 44.90380681645066], [-109.93187755885288, 44.903680926402316], [-109.93181623895326, 44.90357232552619], [-109.93170542906802, 44.90340025542534], [-109.93144498860252, 44.90310074606548], [-109.93119636906785, 44.90284636593807], [-109.93104857823732, 44.90261993535375], [-109.9309512700308, 44.90240297626672], [-109.93087978928703, 44.90215924516042], [-109.93052894955785, 44.901326136272225], [-109.93047405800242, 44.90119580578602], [-109.93029747886196, 44.90077648622051], [-109.9299895678236, 44.900305495955706], [-109.92994606780427, 44.90019163596133], [-109.92991978759066, 44.90012283613279], [-109.92989293784512, 44.90005253579839], [-109.92961052907937, 44.89957278578762], [-109.92953568773808, 44.89948578588473], [-109.92946220734447, 44.899400356285895], [-109.92918899732724, 44.899082725893], [-109.92910201794984, 44.89888874578634], [-109.9289336080886, 44.89851319584369], [-109.92888696755904, 44.89829671505238], [-109.9288531576667, 44.898071345771875], [-109.92882950861852, 44.89798110592556], [-109.92883067732672, 44.89791809601468], [-109.9288573375277, 44.89784633577439], [-109.92887033704818, 44.897828445175506], [-109.92893499688402, 44.89775703608156], [-109.92896098873845, 44.89772127582179], [-109.9290124774756, 44.89767674616351], [-109.92903813695335, 44.89765898468857], [-109.92905619848047, 44.897646485728174], [-109.92907662706834, 44.89763233482977], [-109.92914061855761, 44.89759692575164], [-109.92928158758188, 44.897508225103785], [-109.92934573807295, 44.89746381554889], [-109.9293842263913, 44.897437175781114], [-109.92941038712901, 44.897392406002155], [-109.92944938748707, 44.89733876494583], [-109.92946237802438, 44.897320876098036], [-109.92950220752746, 44.8972222359801], [-109.92952887760993, 44.8971504659626], [-109.92954237749201, 44.897105575691306], [-109.92960769758959, 44.8969981657243], [-109.92975183766683, 44.89673845590319], [-109.92987031736796, 44.89649651565758], [-109.92987262873318, 44.89648693538831], [-109.92991147727595, 44.89632585553772], [-109.92997997740964, 44.89604743571871], [-109.93000931728513, 44.89583166536579], [-109.93002788725867, 44.89525296427749], [-109.93003935694821, 44.89489572565486], [-109.93006868604395, 44.89467995543505], [-109.93003404700657, 44.89449958459458], [-109.92992810688851, 44.89406649524653], [-109.9298706380665, 44.89375088517478], [-109.92978634734678, 44.8935160452267], [-109.92974004638039, 44.893281555605185], [-109.9297563858371, 44.89308366440935], [-109.92984492738478, 44.89291745526129], [-109.92986135757133, 44.892886605568656], [-109.92992734691376, 44.89274318508209], [-109.92998133656066, 44.89256365520853], [-109.93001267698429, 44.89223986489816], [-109.93005917737666, 44.89178119484781], [-109.93007575668354, 44.891692865162575], [-109.93014350672397, 44.89133188525378], [-109.93014634719688, 44.89117887528166], [-109.93008754707165, 44.890935274155346], [-109.93003974771538, 44.890781785180806], [-109.930055576929, 44.89061089490197], [-109.93016021628655, 44.89043183504955], [-109.93031716633973, 44.89016324486211], [-109.93049993666914, 44.88986788477045], [-109.93181594610247, 44.88787273470182], [-109.93218129631843, 44.8872910143837], [-109.93227342573734, 44.887102824429746], [-109.93231060610862, 44.886911804170914], [-109.93231540580719, 44.88688717453973], [-109.93238171674652, 44.886725754662244], [-109.9324339960011, 44.88663377411382], [-109.93256496677627, 44.88640339344144], [-109.93269490628548, 44.88622456425649], [-109.93290114689832, 44.886028444252744], [-109.9329792760735, 44.88591214440999], [-109.93321532727903, 44.88547324304146], [-109.93350424613566, 44.88513244433944], [-109.93361662717433, 44.88499988384455], [-109.93380161724079, 44.8847584428613], [-109.93418766733582, 44.88424903418312], [-109.93438605667305, 44.8837917827982], [-109.93488462614734, 44.88353536384534], [-109.93638578644557, 44.88246910378602], [-109.93674358632154, 44.88229238385326], [-109.93718149615795, 44.88189136240461], [-109.93720781589745, 44.88185291319473], [-109.93738968701325, 44.88158723320066], [-109.93741879692004, 44.88149179260274], [-109.9380769458163, 44.879334102984295], [-109.93787228623839, 44.878071903108605], [-109.93771174561903, 44.877890333108446], [-109.9371901451375, 44.87730038292738], [-109.93695295576651, 44.87679016215222], [-109.93671520494847, 44.87627873308974], [-109.93579524475759, 44.87536095271641], [-109.93558827471273, 44.874965523138954], [-109.93568606531457, 44.87373056254429], [-109.93565101484882, 44.873636302546885], [-109.93557528417543, 44.87343262258133], [-109.93542071555606, 44.87301692279321], [-109.9354276649231, 44.87195474145142], [-109.93538672420404, 44.87154844288698], [-109.93528597455165, 44.8705484824286], [-109.93527786456127, 44.87046800237069], [-109.93528169407934, 44.87026099174318], [-109.93539889368118, 44.86939788269631], [-109.9355558931417, 44.86843611196665], [-109.93568442319423, 44.86764513201119], [-109.9358039745855, 44.86734017241302], [-109.93597050337455, 44.86723369243366], [-109.9362128032612, 44.86713693239207], [-109.93676085373794, 44.866934980927155], [-109.93704311338337, 44.86673056225315], [-109.93726374321041, 44.86643554217557], [-109.93750183359164, 44.865879621531796], [-109.93758573354421, 44.86544830191454], [-109.9374689534556, 44.86491609202454], [-109.93724108410566, 44.864229811851835], [-109.93707927326851, 44.86393640193542], [-109.93670214254591, 44.863252570366036], [-109.93637171254002, 44.86263735066078], [-109.93627412226249, 44.8624384008645], [-109.93627844405732, 44.862204380540646], [-109.93641096352805, 44.86188154127762], [-109.9368916538332, 44.86121086139624], [-109.93786731226665, 44.85977959103407], [-109.93843820330781, 44.85901972104806], [-109.938866732936, 44.858429560867734], [-109.93904371272507, 44.85800265115075], [-109.93907864281657, 44.85791840101891], [-109.93924125225604, 44.85733477060137], [-109.93936242241146, 44.8569398100259], [-109.939795563092, 44.85609763084353], [-109.94003094325603, 44.85568571073279], [-109.94009702243001, 44.85553328924792], [-109.94010115198536, 44.85530827078027], [-109.93986568198983, 44.85503603072312], [-109.93941858328638, 44.85457277065404], [-109.93940890214257, 44.85454930083064], [-109.93927318197451, 44.85422034020772], [-109.93932487193428, 44.853473639680864], [-109.93949913252297, 44.852944129438114], [-109.93949258200793, 44.85283838002767], [-109.93946009174074, 44.852313620502386], [-109.939509301452, 44.85170193049504], [-109.93956404119216, 44.851477389977994], [-109.93954188155071, 44.851306139042414], [-109.93943032157222, 44.85117908008847], [-109.93919256087271, 44.851032839446006], [-109.93910980267884, 44.85098978044425], [-109.93854072084466, 44.850693710406], [-109.937928181212, 44.85028292028383], [-109.93741654035202, 44.84989107020153], [-109.93679285172837, 44.84939916045064], [-109.93610641039221, 44.84887964994455], [-109.93594657045875, 44.848626099338155], [-109.93588828147492, 44.84835548995938], [-109.93600961961529, 44.84795152015651], [-109.93605670121765, 44.847456850102965], [-109.93605185031511, 44.84703370017415], [-109.9357573196829, 44.846535840266704], [-109.93537457089653, 44.84601915028448], [-109.93495203931951, 44.84560112013886], [-109.93434124062186, 44.84510030910191], [-109.93356613916042, 44.844588960239086], [-109.93316827891435, 44.844207150196254], [-109.93279777955519, 44.84395703883941], [-109.93234342875249, 44.84365032002738], [-109.93171834863843, 44.843239380309754], [-109.93151925861527, 44.84305748004603], [-109.93137110935692, 44.84285804030465], [-109.93136378898568, 44.842569908786686], [-109.9315227692314, 44.8421842999565], [-109.9316304682508, 44.8418342300585], [-109.93147383889618, 44.84140965980772], [-109.93130255801928, 44.84109297996595], [-109.93117937743426, 44.84091179014906], [-109.93088425750724, 44.84044991972263], [-109.9307900978958, 44.84033980959051], [-109.93061122805136, 44.84013058988662], [-109.930240257975, 44.83969670972883], [-109.92969815704038, 44.83890844981284], [-109.92951290736082, 44.838663659806606], [-109.9294846670232, 44.83863293963586], [-109.92907882704249, 44.83819148004923], [-109.92853173686477, 44.837673229737504], [-109.92825760787099, 44.83744559984415], [-109.92815974630226, 44.837264639982564], [-109.92811248683346, 44.83708415985699], [-109.92816642707301, 44.83690462003053], [-109.92829493646431, 44.83679779965815], [-109.92877996742892, 44.836568289662985], [-109.92944881615855, 44.83631753934052], [-109.92950618616584, 44.83629602855027], [-109.9301305269664, 44.83605881944745], [-109.93069405631381, 44.83584538940829], [-109.93103515740698, 44.835716199269356], [-109.93221972714458, 44.83528616919505], [-109.93322835734223, 44.83479146874021], [-109.93404639737594, 44.834339989044885], [-109.93469831735402, 44.83397698857161], [-109.93550468737388, 44.83347137889296], [-109.93610781805228, 44.83300887866166], [-109.93674087700266, 44.83229459842729], [-109.93712961755197, 44.831794098554695], [-109.93741352650426, 44.83149065833689], [-109.93775884878092, 44.831286817158784], [-109.93845734730483, 44.83114027819384], [-109.93902835782191, 44.8310465581443], [-109.93970253805277, 44.83084576827037], [-109.94039952830529, 44.83078020787483], [-109.94052716812737, 44.8307183781382], [-109.94092505801787, 44.83040698720495], [-109.94131226873625, 44.82998747786523], [-109.94167284799973, 44.829639737607046], [-109.94221594875926, 44.82899660751861], [-109.9425568387483, 44.82834260761414], [-109.94317810820893, 44.82757416716661], [-109.94369307822534, 44.82708380746369], [-109.94451157729814, 44.82659624629932], [-109.9453415694167, 44.826171805878936], [-109.94645033931063, 44.82554154674714], [-109.94647918870598, 44.825525146864145], [-109.94736187959236, 44.82498414689659], [-109.94843555859636, 44.82437288666936], [-109.94940574898467, 44.82388668647486], [-109.94990160914004, 44.82374720622322], [-109.95012088879919, 44.82368949644196], [-109.95039729861548, 44.82361673631294], [-109.95113214028083, 44.823551456327465], [-109.9515908604891, 44.823366626053975], [-109.95209029953257, 44.82302912585382], [-109.95247721919678, 44.82261856600614], [-109.95325380916665, 44.82164444467544], [-109.95377009880822, 44.82107303558145], [-109.95455424989783, 44.820378045644674], [-109.95500744995866, 44.81979704561758], [-109.95570726900603, 44.81886722515644], [-109.95620244913671, 44.81806154551961], [-109.95638323059607, 44.81785614408818], [-109.95694484922686, 44.81757320519014], [-109.95809140944817, 44.817115554785396], [-109.9589080292454, 44.816717893766324], [-109.95898521069797, 44.81664658474274], [-109.95899946965649, 44.816556693852604], [-109.95898828922446, 44.816475573742046], [-109.9587776899859, 44.81623059477604], [-109.95834206905684, 44.815839525033546], [-109.95792980881676, 44.81555670496413], [-109.9574311387312, 44.8151560546848], [-109.95708697887449, 44.814603783752695], [-109.95696799881173, 44.814188594744124], [-109.95688499986937, 44.81388176463915], [-109.95686152868763, 44.8130803545403], [-109.95698328903619, 44.81264036443243], [-109.95720896829343, 44.812048273515515], [-109.95723313836446, 44.811409344485824], [-109.95717204933189, 44.810999294582665], [-109.95712033871087, 44.81065213316551], [-109.95679502820377, 44.80975794449616], [-109.95656550775037, 44.80916170437052], [-109.95626985781732, 44.80872689447323], [-109.95604668755465, 44.807779634001214], [-109.95587036712901, 44.807039843895105], [-109.95550407727526, 44.80631631389725], [-109.95519449716713, 44.80595339443656], [-109.95452396679127, 44.80527210333274], [-109.95406594547231, 44.80472777302493], [-109.95395801648418, 44.804402714171886], [-109.95392350680422, 44.804213353266185], [-109.95402888727189, 44.80398025385872], [-109.95414543649348, 44.80382828387543], [-109.95449086656798, 44.803606393124376], [-109.9551304859149, 44.80319814380712], [-109.95588387779087, 44.80279092353107], [-109.95648701655409, 44.802301313593965], [-109.95707733725654, 44.801820583557515], [-109.95775662800301, 44.801313653502994], [-109.9578597168684, 44.80120657212748], [-109.9578734871434, 44.80114368317535], [-109.95787413662534, 44.80110767357198], [-109.95778661646216, 44.801052863641374], [-109.9574470667595, 44.80095074336383], [-109.95648983636579, 44.80074395326389], [-109.95576065588335, 44.800512243420805], [-109.95487977600058, 44.800279133520924], [-109.95377281531363, 44.79996293266867], [-109.95289456659633, 44.79958579376955], [-109.95221777496295, 44.79925551346816], [-109.95164065500362, 44.79900716393472], [-109.95068805452688, 44.79854830359665], [-109.95003788446695, 44.79814623287735], [-109.94981269389321, 44.79794042394657], [-109.94978913557489, 44.797918893735655], [-109.94947882423808, 44.79760096394744], [-109.94929051399833, 44.79752721409355], [-109.94841118281113, 44.79721305265833], [-109.9477694236772, 44.79704510308149], [-109.94700108383489, 44.79688499368397], [-109.94657358367603, 44.796755022679264], [-109.94621882459728, 44.79654752271427], [-109.94619828461832, 44.796535504110466], [-109.94590014365698, 44.796244684242986], [-109.94557951427083, 44.79580062426602], [-109.94521473358678, 44.79500505400007], [-109.94490561251773, 44.794624113927625], [-109.9446061725925, 44.7944052935804], [-109.94432988315046, 44.79430371295853], [-109.94402799262112, 44.79421990388637], [-109.94343453320508, 44.79417841398705], [-109.94240949258383, 44.79423194400938], [-109.94173987220137, 44.794207743914214], [-109.94103348287602, 44.79412018438916], [-109.94030115290022, 44.794068384394144], [-109.93911508117945, 44.79394034436295], [-109.93818050090731, 44.7938866546987], [-109.93665513101215, 44.793647414717285], [-109.9360385606388, 44.79348863462184], [-109.93490986970512, 44.7929920046937], [-109.93322718953237, 44.79237315501873], [-109.93293763017692, 44.792307443774575], [-109.93193189884272, 44.79200097476447], [-109.9305231985434, 44.791609703761175], [-109.92980737870418, 44.79135093494695], [-109.9295686487225, 44.79120061410142], [-109.92935750959643, 44.79106765372753], [-109.92909539826452, 44.79088515466036], [-109.92849652829551, 44.790456434977315], [-109.9279495486106, 44.789956185204225], [-109.92741939886253, 44.78923103518654], [-109.92676486748188, 44.78839668486232], [-109.92640601747534, 44.78797920457217], [-109.92557038663176, 44.78736820495081], [-109.92488293648753, 44.78694763397022], [-109.92429408812386, 44.786663024129496], [-109.92381833675613, 44.78641548366845], [-109.92308487669968, 44.785751414213486], [-109.92229192661188, 44.78488872522039], [-109.92182021586629, 44.784425165156065], [-109.92116905586292, 44.78409493516527], [-109.92034450484002, 44.78357402495284], [-109.91981013480677, 44.78308285496352], [-109.91973749613456, 44.78291112469966], [-109.91952987481115, 44.7825220651606], [-109.91914886516318, 44.78194231481437], [-109.91909397540438, 44.78177661495174], [-109.91896938446436, 44.78140048387799], [-109.91864364546088, 44.780569194505006], [-109.9182656748135, 44.779827433977914], [-109.91819742441147, 44.779421684968526], [-109.91805435422775, 44.778961224623174], [-109.91787069456622, 44.77864440449091], [-109.91753588437498, 44.778299144358655], [-109.91683849347383, 44.777743404939045], [-109.91607842352205, 44.777160054783], [-109.9153180436515, 44.77659469461219], [-109.91483314294258, 44.77616698473381], [-109.91450107261298, 44.77567771452994], [-109.91423168313064, 44.775216034394596], [-109.91395152374636, 44.77465523450124], [-109.91381002291944, 44.774113753514065], [-109.91364781323027, 44.77332901368203], [-109.91348949144962, 44.77233726416077], [-109.91332053181942, 44.77191255323483], [-109.91276563258695, 44.77117809327666], [-109.91202391252148, 44.77029781431463], [-109.91099414047363, 44.7692797543559], [-109.91017260060357, 44.768614754370844], [-109.90953855979458, 44.768059564623364], [-109.9091029604251, 44.767704324443194], [-109.90904221993884, 44.767560624006606], [-109.90895778998025, 44.76736085419907], [-109.90894152059212, 44.76730881398319], [-109.9088505311353, 44.76701774417305], [-109.90872858932708, 44.766782513560365], [-109.90829537857793, 44.76630126442625], [-109.907661899216, 44.76571906407491], [-109.90698983900923, 44.76517249446503], [-109.90661676867173, 44.764853854282144], [-109.9061216092023, 44.76430897306699], [-109.90553801957627, 44.763763254359404], [-109.90503828858034, 44.763461383031995], [-109.90452336797128, 44.76329441444454], [-109.90362926758247, 44.76313279417858], [-109.90294892850206, 44.76302724418338], [-109.90228206774415, 44.7628768042999], [-109.90167855707838, 44.76271796444226], [-109.90118909741942, 44.76254221458827], [-109.90066361711419, 44.76226709470115], [-109.89985286690904, 44.76171015430299], [-109.89906945692954, 44.761045444779185], [-109.89813515693176, 44.760343264411816], [-109.89761176610789, 44.7599601144042], [-109.89696119719598, 44.759620754437286], [-109.8965233358686, 44.75939147370459], [-109.89534443539874, 44.75892996445562], [-109.89433931581723, 44.75863217451352], [-109.89314488527276, 44.75832353463806], [-109.89254110511241, 44.75818265453532], [-109.8917608140836, 44.75802204376972], [-109.89100320461736, 44.757996693702616], [-109.8903835242765, 44.758026684997695], [-109.89014437478156, 44.757979354788624], [-109.88998204381983, 44.75787874407809], [-109.8898593447318, 44.75768850396933], [-109.88939415395856, 44.75690979488707], [-109.8889874848328, 44.75637470514761], [-109.88870160407845, 44.75612886497776], [-109.888516813438, 44.75596062490635], [-109.88829182318857, 44.75575578508957], [-109.8878920935484, 44.755517833865184], [-109.88728143319129, 44.755079784875775], [-109.88687254343016, 44.75466169496604], [-109.8865155628177, 44.75417209394852], [-109.88595614236442, 44.75304135500416], [-109.88593484330903, 44.75293640473518], [-109.8856907333171, 44.751733434508814], [-109.88524814325807, 44.75109895470288], [-109.88509329166942, 44.75061132479387], [-109.885162161909, 44.75031492485561], [-109.88548164145156, 44.74995534390061], [-109.88569301234297, 44.74964492430466], [-109.88645915310944, 44.74922028450094], [-109.88616276296462, 44.74820913447125], [-109.88606380185796, 44.74744297404679], [-109.88573524124617, 44.746791604428935], [-109.88452348040322, 44.74542942432421], [-109.88413129032321, 44.744804434247946], [-109.8834361703631, 44.74416748447275], [-109.88293238077873, 44.744090544448675], [-109.88278273043554, 44.74399005311597], [-109.88303466026201, 44.74337135390071], [-109.88366424003732, 44.742819363848135], [-109.88375077025707, 44.74226206372959], [-109.8833674393624, 44.74117803379953], [-109.88333426996886, 44.74027747264444], [-109.8828241292954, 44.73987639348672], [-109.88195363034409, 44.73957084386998], [-109.88188307037343, 44.7395521039344], [-109.88141719957552, 44.73947552402957], [-109.88092643017286, 44.73938069408331], [-109.8804354900903, 44.7392948629447], [-109.88006995841468, 44.739255272728386], [-109.87988105977843, 44.7392264138715], [-109.87970529900319, 44.73917067419329], [-109.87938009988719, 44.739005443768164], [-109.8791175079566, 44.73886783401965], [-109.87882949819503, 44.738738974136396], [-109.87870460901435, 44.738665734222614], [-109.87857988781862, 44.738583484295845], [-109.8784307881427, 44.738455993136775], [-109.8782951892472, 44.738283613953286], [-109.87819364817906, 44.73817174412191], [-109.87812204795934, 44.738092863946264], [-109.87802241940445, 44.73801986377875], [-109.87782228823386, 44.73791887310642], [-109.87752199760406, 44.737771892748235], [-109.87728468785882, 44.73763452382076], [-109.8771222688622, 44.73754290436635], [-109.87694686741308, 44.737469163936595], [-109.87663325746254, 44.73735805379456], [-109.8763447374579, 44.7372561839256], [-109.87603130806876, 44.737136073438464], [-109.87574993775546, 44.7370230642685], [-109.87546089762628, 44.736590323997255], [-109.87574994853526, 44.73610728423706], [-109.87591613776114, 44.73591062311031], [-109.8759867776818, 44.73552421299079], [-109.87574996829821, 44.73512947391088], [-109.87505367693495, 44.73479484414695], [-109.87429900675633, 44.73463437386658], [-109.87362482742381, 44.73423162382973], [-109.87225633661494, 44.73381302383539], [-109.87197870508986, 44.733801274234374], [-109.87062216546751, 44.734066954260754], [-109.8692129953493, 44.73444011416457], [-109.86816179578697, 44.73456516435587], [-109.86811156558954, 44.734571144372275], [-109.86759301488843, 44.73461311359176], [-109.86717578516817, 44.73463598453183], [-109.86678486620431, 44.7346051049318], [-109.8662096461818, 44.73431132354381], [-109.86563706451128, 44.73388253481407], [-109.86508992492624, 44.73344498489276], [-109.86481724491502, 44.733181204990224], [-109.86483357449023, 44.7329923149744], [-109.86486428429653, 44.7327135547286], [-109.86475575433549, 44.73245140455168], [-109.86444625417741, 44.732133244437854], [-109.86429896460677, 44.73191572461646], [-109.86416542375159, 44.730996153323694], [-109.86398184493844, 44.730697254517096], [-109.86375810334725, 44.73051498458249], [-109.86328288378216, 44.73027619425282], [-109.86287098466484, 44.73002903434225], [-109.86266251353516, 44.72971187435497], [-109.86269729270971, 44.72922609478656], [-109.86282011307028, 44.72875919434458], [-109.86288120300121, 44.72821966434973], [-109.86283811261363, 44.72784113330014], [-109.86261949231789, 44.72739784411312], [-109.86229635303886, 44.727133554133545], [-109.86163673360045, 44.72664085430306], [-109.86143807207367, 44.72646783421918], [-109.86113180135901, 44.72598765408879], [-109.86107292218205, 44.72577101298444], [-109.8611308419583, 44.7253934845448], [-109.86106010232461, 44.72516820449251], [-109.86105832276205, 44.725166754401236], [-109.86058718244665, 44.72478491447812], [-109.85983462241065, 44.724525334345095], [-109.85928408270226, 44.72426777439881], [-109.85874386194155, 44.72412734423113], [-109.8580747311409, 44.72412065467071], [-109.85787451103711, 44.72402863468177], [-109.85757470100599, 44.723763394257865], [-109.85745253102566, 44.723655314415296], [-109.85684597147782, 44.72303708438863], [-109.85667082065868, 44.722954314383585], [-109.85648163096826, 44.72294341466567], [-109.85627874017314, 44.7229864046169], [-109.85587049180913, 44.72319837446765], [-109.85532443020242, 44.72335494349356], [-109.85519729074194, 44.7233986843756], [-109.85502997053713, 44.72355904477503], [-109.85487181045326, 44.72371231493306], [-109.85483687048028, 44.723746163790786], [-109.85433934125513, 44.72400224466431], [-109.8540710108865, 44.724161594947], [-109.85378899019292, 44.72437482487131], [-109.85317908082742, 44.72456675493798], [-109.85292391077769, 44.724699225067226], [-109.85253892069468, 44.725010444939045], [-109.85242245142315, 44.72515331488681], [-109.85177001042219, 44.72557887437933], [-109.8511294703021, 44.72604055547956], [-109.8508365898751, 44.72616364530913], [-109.85055793966048, 44.726205854223146], [-109.85005346106826, 44.72617376513743], [-109.84939675935792, 44.72617615468294], [-109.84905802083395, 44.72606471457578], [-109.84885850950093, 44.72593667565451], [-109.84824290930807, 44.72577743557061], [-109.84804251043956, 44.72569438419368], [-109.84786426941584, 44.725640505342135], [-109.84770359943904, 44.72559194425411], [-109.84725248885957, 44.725416355301356], [-109.8465227298621, 44.72528295561758], [-109.84586531938096, 44.72532132550614], [-109.84512043814404, 44.72531379487981], [-109.84471768836785, 44.725246705948656], [-109.84441682910446, 44.72513563550939], [-109.84373794798977, 44.72498473446367], [-109.84334997819496, 44.72480976596003], [-109.84290085828212, 44.724535145546334], [-109.8419730782567, 44.7242016550405], [-109.84139484887797, 44.72406976586183], [-109.8409149275307, 44.72407389601969], [-109.84039388759791, 44.72423965609685], [-109.83969338762758, 44.724538625931075], [-109.83907855729092, 44.72497349621939], [-109.83889910713482, 44.72510670514331], [-109.83862081714463, 44.72513088632989], [-109.83843161847108, 44.72511995638631], [-109.83819263696108, 44.7250725149821], [-109.83770404687132, 44.724878496332494], [-109.83717938672795, 44.7245940861178], [-109.83675826730254, 44.72418469660073], [-109.8363575171762, 44.72401856553873], [-109.83568028626664, 44.72378660521302], [-109.83521407590554, 44.72373684646913], [-109.83506348682289, 44.72369029558088], [-109.83503590674704, 44.72367006526571], [-109.83497637629148, 44.7236263960741], [-109.83499442614048, 44.72335650660306], [-109.83502852618868, 44.72291573612582], [-109.83504549626271, 44.72269985518756], [-109.8349872557879, 44.722456196389814], [-109.83477552557036, 44.7223099962783], [-109.8345138463281, 44.72213628602813], [-109.83433370626587, 44.72167532630408], [-109.83432885626165, 44.721288176403036], [-109.83446088525221, 44.72100144494732], [-109.83460572511706, 44.72070584617265], [-109.83459816579393, 44.72045369601807], [-109.83445083490082, 44.72024514632858], [-109.83426581518994, 44.72002719498911], [-109.83421083559962, 44.71962152575309], [-109.83414594579506, 44.71908072518625], [-109.8339928647858, 44.71853001479062], [-109.8338468148903, 44.71825845595436], [-109.8338897552592, 44.71800682621903], [-109.83399670508365, 44.717710834893694], [-109.83396336501018, 44.71748543555835], [-109.83381405512853, 44.717375886041104], [-109.83331273411454, 44.71719071567741], [-109.83269418565092, 44.71718440512276], [-109.83240421396879, 44.717163435896715], [-109.83225436330129, 44.71708088601203], [-109.83190634428212, 44.71680725599402], [-109.83179654410327, 44.716617076043434], [-109.83182577528262, 44.71641932602155], [-109.83191021512269, 44.71598807596463], [-109.8319944636216, 44.71556582471107], [-109.83204665394297, 44.71485516597443], [-109.83192966364858, 44.714394845972336], [-109.8316426626951, 44.71359970544473], [-109.83136177477712, 44.71312870562016], [-109.8310029732796, 44.71276494564145], [-109.83053112419344, 44.71237300568275], [-109.83010868334625, 44.712035594946585], [-109.82937595272183, 44.71143393481423], [-109.82903969264973, 44.71120542564979], [-109.82851248218927, 44.71105598468044], [-109.82812374343659, 44.710925965418156], [-109.82777360349503, 44.71076032488281], [-109.82752086338816, 44.71069597570428], [-109.82722096172887, 44.71061962572004], [-109.82702028168765, 44.71055454604905], [-109.82644186186612, 44.71044057584989], [-109.82614203207204, 44.71028445579051], [-109.8253570617189, 44.7097722551108], [-109.82494655139698, 44.709470955997425], [-109.82464783102232, 44.70926082557857], [-109.82461341117387, 44.70919601507006], [-109.82444110082764, 44.70887159498337], [-109.8242876012035, 44.708347876017], [-109.82419118053247, 44.7081218260404], [-109.82419538105472, 44.7079148056468], [-109.82423561210474, 44.707798194785795], [-109.82481031110437, 44.707471015828155], [-109.82555255129441, 44.706974515794954], [-109.82612171128198, 44.70629618559806], [-109.82662558081644, 44.70572520505244], [-109.8269408508536, 44.7051162755148], [-109.82694649227359, 44.704837265372845], [-109.82690019220554, 44.70462973394793], [-109.82661574156913, 44.70433873538641], [-109.82633256115054, 44.70398473484829], [-109.82625223020457, 44.70358779485423], [-109.82636648063735, 44.70293179382353], [-109.82642478040098, 44.70254529428747], [-109.82654546007625, 44.70219543493409], [-109.82667087027981, 44.701611574898784], [-109.82662875995423, 44.701197023886465], [-109.82647016149251, 44.70092532369449], [-109.82642441029508, 44.70069079399451], [-109.82645329023316, 44.700511044884585], [-109.82659647001132, 44.700296454450786], [-109.82713123081176, 44.70006788343841], [-109.82753704024978, 44.69990137345001], [-109.82760215103991, 44.69987466466028], [-109.82778210155763, 44.699714464660936], [-109.8282277809229, 44.699520984822804], [-109.82891777060442, 44.69910494447136], [-109.82915036060115, 44.698837254038814], [-109.82923588111453, 44.698352004466905], [-109.82966066027639, 44.69794224410467], [-109.83021163117614, 44.69753377326637], [-109.83063513023873, 44.69718701381629], [-109.83157890027624, 44.69670154416024], [-109.83272076141029, 44.6964071335043], [-109.83343230167547, 44.696171333916894], [-109.83357327159807, 44.69606474339648], [-109.83433546247224, 44.695820453290814], [-109.83546828116465, 44.6953458834817], [-109.83602765131228, 44.69514452307249], [-109.83642099213418, 44.69504050348772], [-109.8366493914901, 44.694979813124114], [-109.83689383116375, 44.69474823320824], [-109.83695676174266, 44.69462800316691], [-109.83728752143027, 44.69399604308877], [-109.83765165173406, 44.69345960285421], [-109.83807814128822, 44.69295980178827], [-109.83818431137504, 44.69269981323093], [-109.83811508270767, 44.692375022902944], [-109.83805992075933, 44.69197835263304], [-109.83815184176909, 44.691799242549294], [-109.83841122132424, 44.69145078260977], [-109.838628431265, 44.69131795154285], [-109.83906121082278, 44.69113330258328], [-109.84000643163947, 44.69056675272037], [-109.840215141721, 44.69022678169695], [-109.84035969143001, 44.68994016265484], [-109.84042799123937, 44.68967979141035], [-109.840644642428, 44.689573962330925], [-109.84106730156581, 44.68926316113667], [-109.84151102260378, 44.68852946209737], [-109.84166076098185, 44.68798183117731], [-109.8416754807761, 44.687243781942435], [-109.8415242116688, 44.686603082203256], [-109.84124533058716, 44.68603310176691], [-109.84123720981697, 44.68580795078018], [-109.84134317149463, 44.68555696171111], [-109.84151472096781, 44.68518060157016], [-109.8415746996827, 44.68470408151185], [-109.8417289709597, 44.684561600939], [-109.84212259115763, 44.684439561408276], [-109.8431873813319, 44.68419828162017], [-109.84370895216901, 44.68398750060914], [-109.84434907097922, 44.68352585125697], [-109.8449278923477, 44.68297355132832], [-109.84578461114259, 44.68240606130138], [-109.84604068130423, 44.682219591049645], [-109.84656383137961, 44.68192779131811], [-109.84692154142404, 44.68170634110909], [-109.84729418146853, 44.68136801070829], [-109.84761386043711, 44.6811551805741], [-109.84770009151786, 44.68113462113495], [-109.84786742250247, 44.68109471965514], [-109.84803937172596, 44.681052850856474], [-109.84804493139924, 44.68105149994052], [-109.84889285119591, 44.68092501063208], [-109.84941223283869, 44.680822210400066], [-109.85011054181807, 44.68060418086716], [-109.85070757203735, 44.68040313073023], [-109.85117224178774, 44.68024080032144], [-109.85158426217762, 44.680096860105735], [-109.85229232236941, 44.6800229602233], [-109.8528234126536, 44.67996526898968], [-109.85321627197848, 44.67987919001101], [-109.85364910363857, 44.67968548996424], [-109.85383922218699, 44.6796423803403], [-109.85416633381622, 44.67969067019429], [-109.8545925826219, 44.67982998882583], [-109.85505509282235, 44.68005067907765], [-109.85546532286989, 44.680202199978815], [-109.85553111368469, 44.68022650021077], [-109.85566704316022, 44.68037190026055], [-109.85577970267661, 44.68041804015334], [-109.85586801335725, 44.68041892033423], [-109.85595720348854, 44.680374800133045], [-109.85599806335925, 44.68022217019173], [-109.85602380278709, 44.68019764895381], [-109.8561009330357, 44.680124170130355], [-109.85657125408753, 44.67994882966034], [-109.85710340438375, 44.67983712998814], [-109.85735854299242, 44.67969563963768], [-109.85761491319134, 44.67949114988303], [-109.85799939392959, 44.67918891006982], [-109.85827922453049, 44.679074668612955], [-109.85854520400802, 44.67902331989479], [-109.85893645355192, 44.67901821944926], [-109.85915250466596, 44.678939358903285], [-109.85940869430354, 44.678743859531636], [-109.85967697256986, 44.67857549970643], [-109.85979386315127, 44.67840561978167], [-109.85997665324359, 44.67809235946775], [-109.86018220395027, 44.67790535920968], [-109.86049917359995, 44.677827499373706], [-109.86070489318992, 44.677631489068254], [-109.86099018375111, 44.67723822852612], [-109.8613883036103, 44.67688209934611], [-109.86153217419294, 44.67662246915941], [-109.8616392650529, 44.676308447996156], [-109.86169819453555, 44.67587691827963], [-109.86172906424197, 44.67558914931603], [-109.8617895747595, 44.675076609112175], [-109.86169148412037, 44.67493158927405], [-109.86163123321595, 44.67478694915903], [-109.86167401368472, 44.67453530867424], [-109.86187080402075, 44.67415016871565], [-109.8627687743518, 44.673393898647234], [-109.86317946343847, 44.673037888936356], [-109.86338868376309, 44.672661867813886], [-109.86351957368986, 44.67242010776928], [-109.86363855375262, 44.67214221838214], [-109.8638190145134, 44.67194595758876], [-109.864289414617, 44.671761577155074], [-109.8651010837987, 44.671544588050004], [-109.86572337374547, 44.67133470840078], [-109.86624790363312, 44.67096180719335], [-109.86665750396165, 44.67065978801213], [-109.86697494432855, 44.6705549073709], [-109.86722773384277, 44.670530406956914], [-109.86764328461172, 44.670570536752635], [-109.8678902242968, 44.67059821796497], [-109.86799575388481, 44.67061004811759], [-109.86815972517024, 44.6706116682312], [-109.86824854429733, 44.67058553814425], [-109.86841550427772, 44.670434156918716], [-109.86867583425044, 44.670022617878026], [-109.86876062533179, 44.66955532666434], [-109.86890444381214, 44.6692956879284], [-109.86917212469882, 44.66915429769371], [-109.86942719413722, 44.66901277678591], [-109.86958292427823, 44.66878925776096], [-109.86985059528347, 44.66864786756865], [-109.87025788424675, 44.668462847356004], [-109.87053922311901, 44.66826757649317], [-109.87072332385334, 44.667882287550384], [-109.87076291440454, 44.667792657631864], [-109.87174193433378, 44.66674903735061], [-109.87216212400288, 44.66589795734645], [-109.8726483838628, 44.665542656772516], [-109.87266455443623, 44.66544143673095], [-109.87282067354778, 44.66446406721371], [-109.87343792394579, 44.66385798657521], [-109.87360746388768, 44.66357157698138], [-109.87355050351215, 44.663255935703035], [-109.87325585340402, 44.662838916693836], [-109.87323725378606, 44.662496635489845], [-109.87356139378834, 44.66139252655997], [-109.874210614329, 44.66043566643267], [-109.87433875361441, 44.65968072537229], [-109.87497568250703, 44.65870572582499], [-109.87525984478424, 44.65770925585594], [-109.87554320306924, 44.65740595481749], [-109.87575024408096, 44.657313175081214], [-109.8766891138086, 44.65685007547612], [-109.8776140937853, 44.655976925808055], [-109.8782307432104, 44.65474064557981], [-109.87882555459093, 44.6539812753843], [-109.87908272339216, 44.6533356150872], [-109.87914450412751, 44.653138163992374], [-109.8792148440109, 44.652760754862825], [-109.87933526317474, 44.65240183537545], [-109.87940317401358, 44.652150433845485], [-109.87945482444746, 44.65208792518459], [-109.8794805638753, 44.6520611649516], [-109.87954360315038, 44.652061784830536], [-109.87963135238395, 44.65208965381532], [-109.87980667298469, 44.65215439531324], [-109.87998216246872, 44.65221012423366], [-109.88009565382508, 44.65221123426153], [-109.88028566457565, 44.65216808375104], [-109.88055184347918, 44.65209867464687], [-109.88074168354987, 44.65206452507895], [-109.88099421434929, 44.65204899487279], [-109.88148529277237, 44.65208981357785], [-109.88181227414591, 44.65213803500568], [-109.88226413392034, 44.65225048462761], [-109.88307891396786, 44.6525105249811], [-109.88349347569171, 44.65259559466047], [-109.8837194046806, 44.65265181458179], [-109.88398300452096, 44.65271741496534], [-109.8842961644155, 44.652828494635884], [-109.88454697494114, 44.6529029647123], [-109.88484840463472, 44.65296892395249], [-109.88505015456946, 44.6529708947533], [-109.88522669508235, 44.65297262463581], [-109.88541652437324, 44.65293846471881], [-109.88556887505219, 44.65288593490052], [-109.88572157607406, 44.65281540449742], [-109.88582314498998, 44.652780383697475], [-109.88593662466825, 44.652781494353434], [-109.88613872494591, 44.652765453744166], [-109.88634134444983, 44.65272242442521], [-109.88653203522509, 44.65264325330897], [-109.88674864509123, 44.65252833453841], [-109.88692724454276, 44.65242204458585], [-109.88709323613925, 44.65231563429747], [-109.8871960052044, 44.65221760429994], [-109.88728599573462, 44.65212846459749], [-109.8874917054431, 44.65192340403529], [-109.88773598521664, 44.651672534042156], [-109.88783904533591, 44.651566694333674], [-109.88799414575793, 44.65143095422062], [-109.88799994528141, 44.65142586412792], [-109.88813405477016, 44.651308494071905], [-109.88833855534628, 44.65116644391208], [-109.88852924522321, 44.65108727386705], [-109.88873254475179, 44.65100823408259], [-109.88896105549883, 44.65092943383903], [-109.88912549660316, 44.650904024051215], [-109.88933984540974, 44.650906104201994], [-109.88950342592801, 44.65092570426749], [-109.88970362447225, 44.651008673757325], [-109.88995289528549, 44.65116413370887], [-109.89007829560758, 44.65120136407606], [-109.89019160640257, 44.65121146377885], [-109.89031787539554, 44.65120369408866], [-109.89054604568108, 44.651142893894495], [-109.89092638698247, 44.651038553736456], [-109.89126872595409, 44.65094284265647], [-109.89215548620872, 44.65073539291138], [-109.89295329618221, 44.65056307386477], [-109.89323189609118, 44.65050276380302], [-109.89339718700178, 44.650432342338625], [-109.89349925627928, 44.650370313684064], [-109.89374345610277, 44.650129612274554], [-109.89397435636845, 44.6499247932448], [-109.89431958522034, 44.64967606254368], [-109.89466379628101, 44.649481343194466], [-109.89507104751507, 44.64928722328869], [-109.89540161765818, 44.649146382435305], [-109.89564254671568, 44.64907669299175], [-109.89588262776358, 44.6490520032786], [-109.89608419623859, 44.64906295333672], [-109.89624743539709, 44.64910054293921], [-109.89634744663431, 44.64914652303347], [-109.89644797709775, 44.64916549355837], [-109.89657389664606, 44.64917571248495], [-109.89681380701406, 44.649160023012776], [-109.89716787798326, 44.649109433223686], [-109.8978634174566, 44.64900811291453], [-109.89839469728533, 44.64892321308236], [-109.8987363265879, 44.648863491830596], [-109.89897657831568, 44.64882979219161], [-109.89919092712225, 44.64883186283051], [-109.8994555384656, 44.648843411753774], [-109.899744866954, 44.64888221320468], [-109.90021019786442, 44.64894971209936], [-109.90039864824136, 44.64898753312378], [-109.90061282636803, 44.648998593116566], [-109.90078935879608, 44.64900029308062], [-109.9009914375142, 44.64898423161392], [-109.90129523786183, 44.648924142951095], [-109.90156087777618, 44.64888168148553], [-109.901977647559, 44.64884968246467], [-109.90240719767334, 44.64880879245791], [-109.90273587776107, 44.648766942513966], [-109.90302672889386, 44.648724721869236], [-109.9033296785369, 44.648709622791905], [-109.90369550755489, 44.64870413239161], [-109.90396045935975, 44.64869767249505], [-109.9040873984959, 44.64865388219971], [-109.90417718780351, 44.64857372133257], [-109.90434533805164, 44.64835027177151], [-109.90444925785867, 44.64818922243843], [-109.90455470839491, 44.64794716220709], [-109.90467157831506, 44.647768232357755], [-109.90481281863057, 44.647634552119136], [-109.90499187801952, 44.64750123202526], [-109.90509511870016, 44.64737619119339], [-109.90530210850794, 44.64709909247387], [-109.90560090793437, 44.646633830997764], [-109.90587228808337, 44.64628533141933], [-109.90619325793104, 44.64598232086798], [-109.90652648798567, 44.64569743227968], [-109.90676958827125, 44.645510710977085], [-109.90703774795996, 44.64533322186843], [-109.90743417808808, 44.64503993195302], [-109.9077294085079, 44.644763681704205], [-109.90794880943965, 44.64449570181071], [-109.9081438381794, 44.64418248064171], [-109.90824875781134, 44.643967421408355], [-109.90831568948651, 44.64376100193825], [-109.90840911876764, 44.64312691150714], [-109.90847463829118, 44.64268223152529], [-109.90854223831296, 44.64243980125149], [-109.90861236888887, 44.64206237172176], [-109.90865694778486, 44.64170270020651], [-109.90869864758035, 44.64149604129982], [-109.90871750681143, 44.64116313154701], [-109.90868458804783, 44.64090174151844], [-109.90868897811461, 44.640667720474895], [-109.90872094825727, 44.64030792142614], [-109.90877108772487, 44.63965122100056], [-109.90881532705767, 44.63930955013831], [-109.90880525784164, 44.639174421172534], [-109.90876928750102, 44.63907504008155], [-109.90869499772536, 44.639002311313874], [-109.90868201706951, 44.638992089955885], [-109.90851607847358, 44.63886137134201], [-109.90835951828922, 44.63873804091539], [-109.90804284777853, 44.63841540007958], [-109.90797597718878, 44.63834726123104], [-109.9077151270915, 44.63813771139828], [-109.90761579767563, 44.63805573983356], [-109.90759176684344, 44.63799249112405], [-109.90763059831824, 44.637938850252986], [-109.90773262806991, 44.637876810795305], [-109.90801183703663, 44.637780450934855], [-109.90854738835449, 44.637612780727125], [-109.90884892854086, 44.63751837066013], [-109.91000302742404, 44.6371602907455], [-109.91023747873002, 44.637073859910515], [-109.91095523893026, 44.63680927070782], [-109.91184390900317, 44.636484650343114], [-109.91205955677363, 44.63641468041064], [-109.91224915879077, 44.636389480321945], [-109.91250144794337, 44.63638288034257], [-109.91274096844252, 44.63638516045177], [-109.91298098930329, 44.63636044040707], [-109.91337362854092, 44.636265149368754], [-109.914006968664, 44.63610912020723], [-109.91429824829319, 44.63603986959158], [-109.91481694811465, 44.635945770187114], [-109.91539900790974, 44.635834270172936], [-109.9159054286596, 44.63572203994321], [-109.91622125834718, 44.6356890300708], [-109.9165115291683, 44.63567377993805], [-109.91687793849796, 44.63563224013382], [-109.91714283909883, 44.6356257500161], [-109.91759665989554, 44.63563004884819], [-109.91810089953587, 44.635634829660496], [-109.91883187934383, 44.635650749717875], [-109.9194489087563, 44.635692598896576], [-109.9198267590294, 44.63571417996446], [-109.92020494078088, 44.63571774942795], [-109.92043234929504, 44.635692899974295], [-109.92069807904093, 44.635641389453404], [-109.92116667083583, 44.63552878937422], [-109.92181207982476, 44.6353998387503], [-109.9221156295424, 44.63534868977605], [-109.92233026041998, 44.63533270954772], [-109.92260726042942, 44.63535332934069], [-109.92285988106035, 44.635328709216274], [-109.9229736697591, 44.63531176949073], [-109.92303753099262, 44.635267359259984], [-109.92312726999455, 44.635187189483204], [-109.9231917995747, 44.635106768375415], [-109.92360617983884, 44.63451650901258], [-109.92402056010299, 44.633926249399096], [-109.92442381113908, 44.63325485820387], [-109.92470879088317, 44.63284342922556], [-109.92499558971573, 44.63233298889163], [-109.92511186045958, 44.632181037925314], [-109.92521420102834, 44.632100978953495], [-109.92545635987948, 44.6319592180148], [-109.92627189990175, 44.63148975844954], [-109.92713719042108, 44.63105675845874], [-109.92758235145843, 44.63084487767883], [-109.92785021021155, 44.63067634868784], [-109.9279862304169, 44.63061065880953], [-109.92814276994001, 44.630535058620765], [-109.92826372000818, 44.630493278601534], [-109.92826964978737, 44.63049122840459], [-109.92838343040124, 44.63047429877417], [-109.92859755013744, 44.63048530731771], [-109.92878629156853, 44.63050507730145], [-109.92901235171144, 44.63055220814836], [-109.92980283053392, 44.630757678605974], [-109.93026673042812, 44.63089705859085], [-109.93058053082146, 44.63097201710741], [-109.93090744122807, 44.63102008732011], [-109.93108325051236, 44.63105774806713], [-109.93125989073825, 44.6310503982429], [-109.93143702054596, 44.63101603810592], [-109.93172842234604, 44.630937748341545], [-109.93209612075815, 44.63082414696634], [-109.93223543149237, 44.63078943828519], [-109.93238669071823, 44.63079085813683], [-109.93253730225878, 44.63082827802233], [-109.93267480109111, 44.6308925778516], [-109.93282474159011, 44.63096599698077], [-109.93293769126237, 44.63099405829642], [-109.93312660157673, 44.631004828289036], [-109.93342929160667, 44.63099864706659], [-109.93375784143868, 44.63095670692104], [-109.93432590188839, 44.63091699784444], [-109.93508237318913, 44.630915048029955], [-109.9354102618611, 44.63090909757929], [-109.93557331327168, 44.63095562781136], [-109.93587369193638, 44.63107545809027], [-109.93628604200802, 44.631277356959096], [-109.93673555358627, 44.63151560761414], [-109.9371849034678, 44.63176285763212], [-109.93773460145479, 44.63203804786386], [-109.93814696320449, 44.632239937630644], [-109.93838400255683, 44.632377176985166], [-109.93855818319547, 44.63250482766613], [-109.93865755303557, 44.632586777666106], [-109.93872008296589, 44.63261435683175], [-109.9388081627795, 44.632624177855035], [-109.93890916306181, 44.632616116727554], [-109.93902327425575, 44.63258116747586], [-109.93931549352273, 44.63245784671468], [-109.93979926415096, 44.632201267605296], [-109.94013077303353, 44.63199728728617], [-109.94042446374095, 44.631792947617505], [-109.94073026284009, 44.63161573745855], [-109.94136708213826, 44.63126153670812], [-109.94165945322051, 44.63112921654077], [-109.94196411325586, 44.631015006304224], [-109.94221768340604, 44.630936327214975], [-109.94238220446047, 44.630901835957346], [-109.94265984407038, 44.630886407485015], [-109.94298807410215, 44.63086243689597], [-109.94321529486844, 44.630846537260645], [-109.94336704367612, 44.63082092689044], [-109.94368364501653, 44.63074283631995], [-109.94406293259411, 44.63068332713428], [-109.94463147274415, 44.63061655686929], [-109.94497246514118, 44.630583696882326], [-109.94555294390136, 44.63055304689349], [-109.94627273429413, 44.63048766693038], [-109.94663910409791, 44.63044603710988], [-109.94711988423461, 44.63035144661048], [-109.9474618450155, 44.63026456644153], [-109.9478550457002, 44.63013315691032], [-109.94818440401595, 44.63004616581694], [-109.94840063569137, 44.629940125547314], [-109.94852201425591, 44.629876845616835], [-109.94855335467955, 44.6298605065158], [-109.94875747436998, 44.629727346315136], [-109.94893573515665, 44.62962995643893], [-109.94906275424287, 44.629577116549854], [-109.94964664480453, 44.62935742642634], [-109.94993817596199, 44.62927007616142], [-109.9500653648298, 44.62920822625884], [-109.95023117496666, 44.629101726077806], [-109.95035917501316, 44.62899486641214], [-109.9508561149435, 44.62870234610125], [-109.95169661555423, 44.62823293499156], [-109.95223086611158, 44.627967765896486], [-109.95256198512531, 44.62778174512568], [-109.95289343561738, 44.62757772625831], [-109.95326397540073, 44.62730204625409], [-109.95343010533779, 44.62717753600045], [-109.95355695554076, 44.62713368598703], [-109.95379708509766, 44.62709987590863], [-109.95415032512524, 44.62708510493102], [-109.9550956555364, 44.627093755645554], [-109.95557494536803, 44.62708012586274], [-109.95606651606792, 44.62708462479743], [-109.95689872702522, 44.627074225525654], [-109.95725164635427, 44.62707744453074], [-109.95754106736914, 44.627107095810736], [-109.9578555262276, 44.62714597573216], [-109.95829619748518, 44.627176995771144], [-109.95874931669765, 44.627217135753725], [-109.95936660662154, 44.627240765170654], [-109.96034829634381, 44.627330735238345], [-109.96076392706283, 44.627352514409175], [-109.96130575670624, 44.6273664452489], [-109.96164575736317, 44.62738754544609], [-109.9619857571218, 44.627408635406425], [-109.96274185831665, 44.627424505296034], [-109.96348439764567, 44.62749426422358], [-109.9640123465213, 44.627580075120704], [-109.96435122877571, 44.62766417507266], [-109.96477737876673, 44.62780307468695], [-109.9654292978465, 44.628007035223895], [-109.96646923792505, 44.62836754410409], [-109.96671941783339, 44.62847783482447], [-109.96689364967598, 44.62860545508399], [-109.96700500843187, 44.62872349503948], [-109.9670911685457, 44.6288413039653], [-109.96714094868717, 44.62887776487028], [-109.96719120852902, 44.628887213810586], [-109.96722933841956, 44.62886955490348], [-109.96734485907015, 44.62875357381445], [-109.96747345829297, 44.62861069485942], [-109.96767720967412, 44.62849550471907], [-109.96789324911008, 44.62839842475973], [-109.96824857861903, 44.628266594810874], [-109.96854087873437, 44.62813420452348], [-109.96877030845795, 44.62799223442932], [-109.9688242199514, 44.627956574670335], [-109.96902542820199, 44.62782348490183], [-109.9691017885944, 44.62778244326091], [-109.97046280901338, 44.62709824307134], [-109.97099136874341, 44.62643682447751], [-109.97182666900697, 44.62496267380278], [-109.97198064922985, 44.624255053988], [-109.97198176853067, 44.62424990396871], [-109.97201519843566, 44.624141403729205], [-109.97205571874318, 44.62398872418522], [-109.97212206831007, 44.62380027259658], [-109.9722771283079, 44.62358560391341], [-109.97245786844474, 44.62334416351375], [-109.97268918822365, 44.623094172460426], [-109.97285525887192, 44.62296963400003], [-109.9730594585124, 44.62282742365783], [-109.97326291883944, 44.62272636370881], [-109.97341552913146, 44.62265057294734], [-109.9738103593601, 44.62242006392513], [-109.97414217905974, 44.622188973430994], [-109.97430807902809, 44.62207343231468], [-109.97441001894822, 44.62201133369701], [-109.97451242868725, 44.62192222366617], [-109.97461531902495, 44.621806113606816], [-109.97483321887184, 44.621601012356415], [-109.97511619896612, 44.62127946358997], [-109.9753095191102, 44.62103813316583], [-109.9755537386966, 44.6207702431869], [-109.97565566873524, 44.62070814253591], [-109.97585873919344, 44.62062894307338], [-109.97613758883405, 44.620541412151354], [-109.97651757889416, 44.620436793165474], [-109.97689693923529, 44.62036817220033], [-109.97725108925627, 44.62029932288814], [-109.97766808900778, 44.62024003317982], [-109.97824909058748, 44.620173213176905], [-109.97870358961221, 44.62013226267685], [-109.97893028037248, 44.62014329300333], [-109.97919462850945, 44.62016366179265], [-109.97954687949192, 44.62020282258599], [-109.9802390996903, 44.62026301196922], [-109.98052818024368, 44.62031061277939], [-109.98082954975013, 44.62037631303559], [-109.98120653135237, 44.620442692898386], [-109.98168356012442, 44.62055498272663], [-109.98185906038823, 44.62061056297179], [-109.9819969014787, 44.62065680158264], [-109.98222281070466, 44.620712822913475], [-109.98257413103251, 44.620805982809095], [-109.98287487171824, 44.62090769252802], [-109.98327440013581, 44.62112730273821], [-109.98357341156466, 44.6213280213716], [-109.98373474180316, 44.621473491786915], [-109.98388362139183, 44.621609862737216], [-109.98413035087113, 44.621918131618045], [-109.984427171309, 44.622244861571374], [-109.98461277133153, 44.62244457251966], [-109.98488408231029, 44.62278908239283], [-109.98488799088007, 44.62279387257478], [-109.98514326154111, 44.62310647265134], [-109.98536542030077, 44.62337851284753], [-109.98550092038158, 44.623559771676774], [-109.98577366147826, 44.623823261485406], [-109.98608993134033, 44.62413236256623], [-109.98610831176937, 44.624150322773424], [-109.98620155150597, 44.62422314240239], [-109.98626774296937, 44.6242748324874], [-109.98629486220948, 44.6242960226789], [-109.9864320915472, 44.624378262389016], [-109.98650819322482, 44.62435193244702], [-109.98659673207753, 44.62433471267638], [-109.98671095196762, 44.624290712824106], [-109.98674543290147, 44.624275462893], [-109.98686725164053, 44.624221601551646], [-109.98708809257165, 44.62412397290793], [-109.98713016157473, 44.624105371416064], [-109.98817213274413, 44.62362847262631], [-109.98941505255102, 44.623046532373365], [-109.98941761185125, 44.62304533099691], [-109.98997320188819, 44.622798151258024], [-109.99118340145918, 44.622259720736125], [-109.99274281301203, 44.621742330564494], [-109.99342526313336, 44.621640321796505], [-109.99660409370004, 44.6215062412023], [-109.9980629837726, 44.621699090254914], [-109.99916727376821, 44.62198785112732], [-109.99964651419252, 44.62197404111873], [-109.99999036413044, 44.621769999921185], [-110.00075405339452, 44.62081207112593], [-110.00090390496031, 44.620688690831585], [-110.0012578744199, 44.62062877107565], [-110.00213715350485, 44.620807500732276], [-110.00326053449689, 44.620718291026236], [-110.00497228505054, 44.61939184042782], [-110.00550621490935, 44.61912642057937], [-110.00635290581072, 44.618998749427575], [-110.0070935452029, 44.61843804014016], [-110.00719927511521, 44.618150869124484], [-110.00700577530807, 44.61767206004288], [-110.00705848575399, 44.61753747920171], [-110.00728732528441, 44.61742243909539], [-110.00813460548062, 44.6172587500145], [-110.00850712425252, 44.61684787010727], [-110.0090550067443, 44.616501528786756], [-110.00933424625373, 44.6163869195312], [-110.00963715547262, 44.61636254010499], [-110.00966436454426, 44.61636614848575], [-110.01029109576177, 44.616449230065186], [-110.01086697604605, 44.61667928001581], [-110.01195458612347, 44.61794904992504], [-110.01368032703935, 44.61875618887565], [-110.01419942840775, 44.619363840001874], [-110.01448639702188, 44.61953735981358], [-110.01471461671477, 44.619458309654696], [-110.01489547722588, 44.619198799560614], [-110.0149733081604, 44.6175790191683], [-110.0150884066028, 44.617480979709555], [-110.01544127652451, 44.61748402915787], [-110.01568936695148, 44.61772022823222], [-110.01594668756798, 44.618901779550875], [-110.01623759709128, 44.619588469651546], [-110.01640036732917, 44.619652888712935], [-110.01661552821277, 44.61960072838426], [-110.0170113879107, 44.61929804844293], [-110.01721166909994, 44.61938079972801], [-110.01744610782953, 44.619679899197216], [-110.01748072800225, 44.619869249736965], [-110.01716063760527, 44.620163579309846], [-110.01710505794034, 44.62046918829945], [-110.01749483784042, 44.62127375831653], [-110.01921364825392, 44.62208574934575], [-110.0193581683185, 44.62215401981876], [-110.01955997844034, 44.622146749428985], [-110.01967812845977, 44.6220893695191], [-110.0201064784249, 44.621881359437666], [-110.02047106866611, 44.621938508096726], [-110.02058087782815, 44.6220950491372], [-110.02086498800305, 44.62250003970442], [-110.02164262900178, 44.622731769612685], [-110.02231475927714, 44.62324165821388], [-110.02318252016352, 44.62411332951019], [-110.02319415963464, 44.624131919491056], [-110.02355082134517, 44.62470163916219], [-110.02447708052283, 44.62496060806609], [-110.02441568157147, 44.625393218141895], [-110.02377479110842, 44.62738629940692], [-110.02379658064395, 44.627872619627674], [-110.02398702078925, 44.62802729001344], [-110.02416319029793, 44.62804679999386], [-110.02461952098754, 44.62789764952064], [-110.02552439037996, 44.62707714980159], [-110.0269395208201, 44.62503234809816], [-110.02690613044098, 44.62496138935058], [-110.02654477054152, 44.62432208923158], [-110.0263553104582, 44.62414969939943], [-110.02608535054566, 44.62390405882825], [-110.02563006010516, 44.62248677904195], [-110.025381299535, 44.62228660916509], [-110.02494215990497, 44.62212507891776], [-110.02493029046511, 44.62212070875351], [-110.02483172102394, 44.62198482813021], [-110.02479723110693, 44.62178647876713], [-110.02493064979124, 44.621346497793745], [-110.02418221931059, 44.620124768882484], [-110.02419172887619, 44.61955768789335], [-110.0244021304854, 44.61903734896144], [-110.02485422921173, 44.61838401864309], [-110.02537877976062, 44.61792036845343], [-110.02576032929608, 44.61771656878128], [-110.02602557934159, 44.61768281843992], [-110.02647610960942, 44.61787571855789], [-110.0268673995775, 44.61784303871056], [-110.02775170922803, 44.616968328023454], [-110.02796714948768, 44.616898138254726], [-110.02874924972348, 44.61685978795852], [-110.02873005991238, 44.61649951838046], [-110.02885907954673, 44.61632056828271], [-110.02967552956241, 44.61573334773258], [-110.02996718019578, 44.61562778776258], [-110.03016583992593, 44.61556263781745], [-110.03020797001444, 44.61554881668881], [-110.03049916969357, 44.61547026754694], [-110.0306764998256, 44.615417757516184], [-110.03082876965615, 44.615356026500415], [-110.03101929963297, 44.61526761796939], [-110.03127389116764, 44.615116736903275], [-110.0313760502767, 44.615036577660376], [-110.03147852020284, 44.614938427758766], [-110.03154272010126, 44.61486694638466], [-110.03159478016691, 44.614768357525925], [-110.03163393144195, 44.61468766768804], [-110.03166078118747, 44.61458886750202], [-110.03166332880963, 44.61443584758055], [-110.03166707029277, 44.61421081751414], [-110.03169482015021, 44.614058007621324], [-110.03173546981513, 44.613887307489044], [-110.0317888701672, 44.613707707310496], [-110.03186777099523, 44.61351032725225], [-110.03194592891653, 44.61335794652357], [-110.03199767996173, 44.613277357681845], [-110.03210029092338, 44.61317019774763], [-110.03217679953781, 44.61311683768729], [-110.03229171023233, 44.6130277875459], [-110.03250832997995, 44.612885577152774], [-110.03300472014132, 44.61259269621182], [-110.03319584031128, 44.61246828742359], [-110.03329770117968, 44.61240612737393], [-110.03342505982907, 44.61232618757087], [-110.03348895969016, 44.61227270715067], [-110.03356606029438, 44.61218333597002], [-110.03360490883715, 44.61212064739625], [-110.03363086116572, 44.6120758574691], [-110.0336967112693, 44.61190536701967], [-110.03375085003654, 44.61168075688869], [-110.03380542987655, 44.61142914628782], [-110.03382057996383, 44.61127623698766], [-110.03382400883328, 44.61106920689453], [-110.03380104969123, 44.61093397636309], [-110.03377748957628, 44.61083474707845], [-110.03372842988368, 44.61075330739063], [-110.03366646948525, 44.610689767369585], [-110.03351659995316, 44.61060747693408], [-110.03321626979746, 44.61047889621644], [-110.032928388495, 44.61035942695085], [-110.03271566923235, 44.610267606057626], [-110.03255334905042, 44.61017620581801], [-110.03240392957424, 44.610066907385665], [-110.03230446990261, 44.609985047100075], [-110.03224295956018, 44.60989449697065], [-110.03221895927072, 44.609822277142634], [-110.03222014953849, 44.60975026698622], [-110.03225959815585, 44.60965156711834], [-110.03232394897125, 44.609571097200096], [-110.0323943292788, 44.60950864690549], [-110.03246466017904, 44.609446247065755], [-110.03257970831578, 44.609348195795015], [-110.03265710985562, 44.60924082716146], [-110.03274726028596, 44.609124556803586], [-110.03283829825179, 44.608954275768625], [-110.0329680491148, 44.608730316775635], [-110.03304723830205, 44.60851492598396], [-110.03317637831064, 44.608326967133905], [-110.03325407898944, 44.60820158671009], [-110.03336986913465, 44.6080585260688], [-110.03348506908667, 44.60795146650543], [-110.03365081903638, 44.60783583566226], [-110.03381931962748, 44.60774973592896], [-110.03403212063682, 44.607641005958165], [-110.03432371826962, 44.607535446627764], [-110.03460227056789, 44.60745677664612], [-110.03476666945139, 44.60742215568087], [-110.03490557953701, 44.607405326765864], [-110.03496842926758, 44.60741486681833], [-110.03505617939948, 44.60744260567756], [-110.03524385093705, 44.60752521589082], [-110.03538200913279, 44.60755339661999], [-110.03559576954287, 44.60758220664324], [-110.0358479194566, 44.60757533542073], [-110.03621392993428, 44.60754241570478], [-110.03679578042188, 44.60741228626533], [-110.03750422958419, 44.60724720546021], [-110.03787143122794, 44.60714227536627], [-110.03827627048544, 44.607046656238104], [-110.03857972138843, 44.60698619605758], [-110.03904801045108, 44.60686410641354], [-110.03930076043943, 44.606821215090285], [-110.0395535104278, 44.60677832629355], [-110.03974310166512, 44.60674391597531], [-110.03995850060225, 44.606673706174135], [-110.04028848055222, 44.60653243507352], [-110.04047896112169, 44.60644401502886], [-110.04060571071332, 44.606400064934526], [-110.04085860173717, 44.60634817602382], [-110.04130109028655, 44.606261866230014], [-110.0416805710019, 44.60617502611616], [-110.04197141135494, 44.606114446070926], [-110.04228730122966, 44.6060630845397], [-110.04248935209999, 44.60603776574653], [-110.04274150111542, 44.60603088474795], [-110.04287981112644, 44.606050045886995], [-110.0429927607987, 44.606077995812214], [-110.04318043233627, 44.60616059581466], [-110.04343037149609, 44.606288725612636], [-110.04355474145055, 44.606388796002214], [-110.04374108258318, 44.606552394847256], [-110.04389051104248, 44.60666168582299], [-110.04405269018893, 44.6067620657515], [-110.04419026178482, 44.606826234908475], [-110.04435318114305, 44.60688161596454], [-110.0444785913466, 44.606918675847446], [-110.04464225271329, 44.60692904547307], [-110.04483110284052, 44.606939625508], [-110.04505820143592, 44.60692352489796], [-110.04528530272626, 44.60690741596939], [-110.04560076230794, 44.60688304535455], [-110.0458152629298, 44.606866835366084], [-110.04599210168338, 44.606841305872265], [-110.0462070406831, 44.60679808452487], [-110.04649803195306, 44.606728495792055], [-110.04676411204193, 44.60664069449141], [-110.04718198226097, 44.606518145562276], [-110.04762578235066, 44.606350795636885], [-110.047828861792, 44.60626246549298], [-110.04809567221118, 44.60612965536358], [-110.04834988196183, 44.60599673428696], [-110.04855281228284, 44.60591740539453], [-110.04870504348584, 44.60585565532649], [-110.04892012262273, 44.605803425043966], [-110.04912275200812, 44.60574209440656], [-110.04931234234714, 44.60570766492713], [-110.04956449226087, 44.6057007640631], [-110.04971589252222, 44.60571406437458], [-110.0497909925783, 44.60572065505004], [-110.05011757240487, 44.60578638524474], [-110.05038129261948, 44.60584259488222], [-110.05057002237247, 44.605871195339006], [-110.05063270321973, 44.60588069535121], [-110.05083387284277, 44.60590937381544], [-110.05114828229388, 44.605948005074076], [-110.05147574336777, 44.60595972498053], [-110.05186605417222, 44.605980973660486], [-110.05209271438976, 44.60599185509983], [-110.05225636318, 44.60600221465799], [-110.05243247339988, 44.60602168471285], [-110.05259569279542, 44.606059043817595], [-110.0528465221857, 44.60613314414359], [-110.0530721520356, 44.6062070339613], [-110.0532604245461, 44.60625361405205], [-110.05343624371183, 44.606291083650596], [-110.0537631145926, 44.60633880463843], [-110.05405248350516, 44.606368204932686], [-110.05434199255492, 44.606388603496576], [-110.0545940041281, 44.606390694836634], [-110.05482124465732, 44.60636556485463], [-110.05504804321542, 44.60636744386369], [-110.05528716486258, 44.60638743503224], [-110.05572714441739, 44.606454084788965], [-110.05595322522156, 44.606500964631635], [-110.0561414941388, 44.60654753489339], [-110.05631731420286, 44.60658500366278], [-110.05654368426457, 44.60661387492371], [-110.05685869468861, 44.606616484292], [-110.05716139460002, 44.6066009745377], [-110.05737574430489, 44.60659374441088], [-110.05770320448048, 44.60660544372139], [-110.05795491421972, 44.6066255237056], [-110.05819374481273, 44.6066635047047], [-110.05838216554527, 44.606701074448196], [-110.05864531353302, 44.6067932642436], [-110.05888341469402, 44.6068762546324], [-110.05904663588619, 44.6069136042339], [-110.05933586466158, 44.60695200458766], [-110.05961292575645, 44.60696328364348], [-110.05983987523153, 44.60695615461023], [-110.05997833615952, 44.60696629335262], [-110.0601289548866, 44.60700354312692], [-110.06031665606858, 44.60708611303369], [-110.06046626508925, 44.60718637455253], [-110.06054070398527, 44.60725900440799], [-110.0606155848524, 44.60730463329359], [-110.0607032056269, 44.60734136418149], [-110.06080371632741, 44.607360194244634], [-110.0609424647163, 44.607352333622934], [-110.06108150505767, 44.607326464105455], [-110.06149906535792, 44.607221874392295], [-110.06182870484638, 44.60709854388536], [-110.06210779523549, 44.606983804151895], [-110.06242541526542, 44.606824364228395], [-110.06290785548876, 44.606603264130996], [-110.06327630579075, 44.606417233103954], [-110.06365778525762, 44.60620430369862], [-110.0639755355433, 44.60603586370278], [-110.06415382597436, 44.60592028276921], [-110.0642814154908, 44.605822303572644], [-110.06437135571537, 44.60571501412264], [-110.06447417688277, 44.605589823127325], [-110.06457786582277, 44.605410623878925], [-110.0646557856905, 44.60526721291694], [-110.06473485540182, 44.6050518035274], [-110.06477482594038, 44.60491709366619], [-110.06479031559083, 44.604737173463946], [-110.06481999502951, 44.60445833359222], [-110.06482577568835, 44.604098282565175], [-110.06480418557881, 44.60387304359496], [-110.06476956540608, 44.60367470271774], [-110.06470931539998, 44.603503162352474], [-110.06467354628198, 44.60337683388242], [-110.06461343551474, 44.60319629362543], [-110.06456578527883, 44.60302485226329], [-110.0645176948684, 44.60288041334323], [-110.06445687533041, 44.602744883604494], [-110.06432145519963, 44.60254571379694], [-110.0642855351647, 44.60242839325056], [-110.06425005620255, 44.602284062219], [-110.06424020617546, 44.602112933487895], [-110.06424425488244, 44.60186089256104], [-110.06426061589872, 44.60162696226577], [-110.06427856513642, 44.60129401314553], [-110.06430882488674, 44.60097917340458], [-110.06435110589223, 44.600700443418354], [-110.06440467602587, 44.60050282215386], [-110.06443334575818, 44.60028700301049], [-110.0644899647739, 44.59990035227781], [-110.06451920583471, 44.599648523063586], [-110.06454888437507, 44.59936969330764], [-110.06452975475109, 44.59899142336499], [-110.06454857445628, 44.59860447233506], [-110.06455247404296, 44.598361433220894], [-110.06456782445451, 44.598190512973254], [-110.06458273469161, 44.59804659294009], [-110.06463543435775, 44.597902982779246], [-110.06470161414303, 44.5977054728934], [-110.06482019445549, 44.59738235323234], [-110.06495123440094, 44.59706833216324], [-110.06506852383431, 44.596826232039525], [-110.06515931386514, 44.59666492201525], [-110.06528803436052, 44.59649493260348], [-110.06545556387279, 44.596262242762336], [-110.06567392545374, 44.596002952686035], [-110.06584116301357, 44.595788262477605], [-110.06603345548496, 44.59558277188642], [-110.06625078400333, 44.59538649252417], [-110.06639160480559, 44.59527961238417], [-110.06654414413073, 44.59516383158089], [-110.06674830514366, 44.59500345279203], [-110.06692712558075, 44.594851871727464], [-110.06714489427361, 44.59462859272098], [-110.06745185309778, 44.59434301257621], [-110.06760561413168, 44.594182221482036], [-110.06775938414877, 44.594021432501734], [-110.06790069543116, 44.59385154218538], [-110.06806762397052, 44.593654842454114], [-110.06824773438836, 44.59342225190789], [-110.06834704314302, 44.593278131353905], [-110.06838961520265, 44.593216352498814], [-110.06849385480989, 44.593001140874335], [-110.0686625144028, 44.59269643197424], [-110.06888256481649, 44.59232912093335], [-110.06906237429871, 44.5921145207853], [-110.06934354428769, 44.5918647420138], [-110.06944618399541, 44.59174855202637], [-110.06953623561108, 44.59163225113576], [-110.06960166530311, 44.59147974200361], [-110.0696418954548, 44.591327022003554], [-110.06964405320811, 44.59119200204074], [-110.06964836422316, 44.59092196053444], [-110.06951368430418, 44.590677790877585], [-110.06941563408925, 44.59050595176998], [-110.06919435388194, 44.59016205196269], [-110.06890009364263, 44.589655511739316], [-110.06859337377033, 44.58913986099424], [-110.06835951355579, 44.588795850744354], [-110.06820079382149, 44.58847947057695], [-110.06801688442833, 44.5881628814071], [-110.06798097337652, 44.588045551651945], [-110.06795808340478, 44.587901331397525], [-110.06796110354075, 44.587712301432845], [-110.06797571284221, 44.58758638134405], [-110.06800206312445, 44.58751458161593], [-110.06807922301748, 44.587416181764304], [-110.0682200842439, 44.587273290657414], [-110.06855290287017, 44.58694291048674], [-110.06882202465454, 44.586657021312234], [-110.0690401823179, 44.58640673029958], [-110.06919435298362, 44.58621893152083], [-110.06936083326366, 44.586049241678445], [-110.06954105327594, 44.58580764010189], [-110.06972228299463, 44.58550303104117], [-110.06983852319577, 44.58532393042526], [-110.0699030833186, 44.58522542130047], [-110.07000585328205, 44.58510023094072], [-110.07013396292304, 44.584966230412455], [-110.0702878434329, 44.58479644030481], [-110.07037831456178, 44.5846531313713], [-110.0704692034073, 44.584482820835866], [-110.0704861546167, 44.58443440115422], [-110.07053520442786, 44.58429431014577], [-110.07062853309766, 44.58397097132136], [-110.07076008328617, 44.58362095087085], [-110.0708117831274, 44.58353738982748], [-110.0708764645228, 44.58343283982412], [-110.07101788270474, 44.58325394012798], [-110.07119722326637, 44.58306634102149], [-110.07136369276662, 44.58289665093378], [-110.07151684294615, 44.5827718605609], [-110.07177232201632, 44.58254886976905], [-110.07196455340228, 44.582343380992], [-110.07241197280425, 44.581932890723266], [-110.07265414333351, 44.5817548105056], [-110.0729086135956, 44.58159483043598], [-110.07313818345636, 44.58141664041196], [-110.07331652329476, 44.581292060565396], [-110.07344418467643, 44.581185060450366], [-110.07352175330288, 44.58105965024498], [-110.07356154238178, 44.58093394032693], [-110.07357700328612, 44.58075402072096], [-110.07361707443603, 44.5806103006444], [-110.07370895322495, 44.58037698030576], [-110.07376105281648, 44.58026937065764], [-110.07383833308374, 44.58016197067863], [-110.07392821312118, 44.58005466903707], [-110.0740560245215, 44.57993867042913], [-110.07428529434493, 44.57977847997136], [-110.07447679360395, 44.57961799026312], [-110.0746432334598, 44.57944829011049], [-110.0748984035095, 44.57924329905714], [-110.07511699326253, 44.57910111985354], [-110.07526750329345, 44.57900322020366], [-110.07577670343078, 44.57866524013996], [-110.07598092373252, 44.57849585009842], [-110.07623609468054, 44.57829084992838], [-110.07649082455578, 44.57811285901406], [-110.07660545228096, 44.57803276964347], [-110.07669504485752, 44.57794346992276], [-110.07682340243352, 44.57779145980399], [-110.07701602368832, 44.577558949747825], [-110.07719505343287, 44.57738934852477], [-110.07746266335263, 44.57719344859441], [-110.0778829635145, 44.57689976958861], [-110.07848128371454, 44.576499478367744], [-110.07904166356857, 44.576107889412626], [-110.07974171258464, 44.575645398477135], [-110.07990713375098, 44.57553869831865], [-110.08011005329217, 44.575450309176304], [-110.08037651336839, 44.57532641851116], [-110.0806940435668, 44.57515792931692], [-110.08098625385063, 44.574998238247204], [-110.0812657242271, 44.574847438160134], [-110.0814307151004, 44.57476774934962], [-110.08162075369874, 44.57469724814881], [-110.08191196415765, 44.57460056905896], [-110.0822916137563, 44.57448658934775], [-110.0831768342985, 44.57425962879026], [-110.08361915486293, 44.57416414880081], [-110.0839603143466, 44.57409486909443], [-110.08427599581218, 44.5740433890327], [-110.08478099452893, 44.57396640850112], [-110.0851978451601, 44.57388872844466], [-110.08556404608062, 44.57382863882599], [-110.08666276472485, 44.57363937880643], [-110.08705414452446, 44.573579488583526], [-110.08738255511759, 44.573519098525054], [-110.08773643384738, 44.5734408976192], [-110.0880393763039, 44.57339830862126], [-110.08830453472125, 44.573355418191156], [-110.0885573853209, 44.57329441805837], [-110.08911359429706, 44.57316381836667], [-110.0895812356744, 44.57305951847573], [-110.09002311516602, 44.572991016877396], [-110.0903767055366, 44.57293081818439], [-110.09066733568383, 44.57287010685118], [-110.090795685175, 44.57285703707312], [-110.09083132583389, 44.57285340807182], [-110.09093192546763, 44.57286321808533], [-110.09106989591547, 44.57290032782213], [-110.0912080056022, 44.57293238791258], [-110.09127067477137, 44.57294693781247], [-110.09139633560488, 44.572965938362366], [-110.09154744571039, 44.57296713693515], [-110.09171157599765, 44.5729414383257], [-110.09196414722125, 44.57289843685215], [-110.09227981611039, 44.57284692821464], [-110.09249417479843, 44.57283062810058], [-110.09289757585319, 44.572806828082896], [-110.09314999615981, 44.57277281807621], [-110.09338982657773, 44.57273871718042], [-110.09360489762982, 44.572677406677265], [-110.09382051665419, 44.572580086863496], [-110.09396085595944, 44.57246416805319], [-110.09428071638773, 44.572142617954825], [-110.09490964757939, 44.57138238645574], [-110.09517968654367, 44.57102441764338], [-110.095410406248, 44.57076517752414], [-110.0956275551033, 44.57056883675226], [-110.09579293584544, 44.57046211768004], [-110.09604590592102, 44.57039209634147], [-110.09631104637207, 44.57034918641564], [-110.09679011611645, 44.57031696747333], [-110.09764683670798, 44.57029672711329], [-110.0986673965326, 44.570268777255784], [-110.09944827685625, 44.570265937152776], [-110.09990202848269, 44.57024250725733], [-110.10029294744655, 44.57020957726952], [-110.10107562709571, 44.570089707144014], [-110.10149257833822, 44.57000296592073], [-110.10171979640955, 44.56996873604991], [-110.10193386763672, 44.56997042680942], [-110.10213492766529, 44.56999901676433], [-110.10263724760586, 44.57009298690342], [-110.10330257763452, 44.570233256759295], [-110.10386772933933, 44.570336716984414], [-110.10428258930384, 44.570384986499405], [-110.10467254707036, 44.57041505645369], [-110.10518842797846, 44.570446106794584], [-110.10569185823674, 44.5704680564062], [-110.10611945990523, 44.570507406211085], [-110.10660932829765, 44.57059226651625], [-110.10727508861932, 44.57070550640271], [-110.1075135284452, 44.570761386486076], [-110.10773963979211, 44.57079916630679], [-110.10806663913193, 44.57082872537092], [-110.1084312796788, 44.570867586654124], [-110.10869517955645, 44.57090565630053], [-110.1091101895396, 44.57094490597812], [-110.10950028923993, 44.5709659460419], [-110.10972709947615, 44.57095871532067], [-110.10980292896421, 44.57094130501508], [-110.10989203824714, 44.570878975105494], [-110.1099938793526, 44.57080775629139], [-110.11007039964512, 44.570745326407156], [-110.11014650940756, 44.57070991627247], [-110.11027257088969, 44.570701895185664], [-110.11039835928399, 44.57071187642777], [-110.11056556989433, 44.570764646369284], [-110.1105738308017, 44.570767256067526], [-110.1109372397583, 44.57088712607653], [-110.11118757956675, 44.570988096399496], [-110.11135059953631, 44.57103437515224], [-110.1114762603698, 44.57105336608788], [-110.11158959092775, 44.571054246008785], [-110.1117157997336, 44.571037226096735], [-110.11181735966635, 44.570983995003495], [-110.11195766124237, 44.57086805573343], [-110.11214997886661, 44.570644484932004], [-110.11233162989515, 44.57029479510177], [-110.11248903988574, 44.56988190569239], [-110.1126961401863, 44.56951440504971], [-110.11287804992965, 44.56914671457571], [-110.11296796859465, 44.56903037486508], [-110.1130574902043, 44.56894104596059], [-110.11318409965874, 44.5688970246229], [-110.11331056987434, 44.56886199542294], [-110.11361319971714, 44.56883733494569], [-110.11410497882618, 44.568796134505455], [-110.11442046895058, 44.568753574744484], [-110.11487488982189, 44.56868507575405], [-110.11520325010937, 44.568624605736915], [-110.11559523986507, 44.56851960525755], [-110.11594933059726, 44.568423325479586], [-110.11617667173776, 44.56838006467663], [-110.11642893034767, 44.56835501553196], [-110.11695848181776, 44.56831409505806], [-110.1176896502719, 44.568265734228184], [-110.1181811509032, 44.56824252495776], [-110.11882376074169, 44.56822047403043], [-110.11923985139813, 44.568187674092464], [-110.11971904151679, 44.56814635479677], [-110.12026091158437, 44.568123524983754], [-110.12080264151476, 44.56810969512883], [-110.1210798113058, 44.568102823718405], [-110.12123132026329, 44.568076984084975], [-110.12137051152162, 44.5680330446502], [-110.1215225711464, 44.567971194166155], [-110.12161193105928, 44.567890854676165], [-110.12172676180373, 44.567792714720404], [-110.12185552182501, 44.56760464398139], [-110.12206120188905, 44.5673271548536], [-110.12231738254349, 44.5670410335432], [-110.12248378107684, 44.566862264528474], [-110.12257450103904, 44.56669191467939], [-110.12262237136223, 44.56661128478642], [-110.12315196145987, 44.565976144314085], [-110.12367235280902, 44.56493059461097], [-110.12372331243846, 44.5648282044682], [-110.1244679511303, 44.56387964417593], [-110.12496643167134, 44.56338831431861], [-110.1257585903434, 44.56305553399331], [-110.12599496134916, 44.56282003302911], [-110.12741916297702, 44.56189465372527], [-110.12840744094358, 44.561488082763674], [-110.12986895230014, 44.56058997305546], [-110.13072485183147, 44.559962882219374], [-110.13149851329352, 44.55939603195203], [-110.13160258222086, 44.55917175330046], [-110.13144547226757, 44.55872943288496], [-110.13146852303777, 44.558027412806204], [-110.13094914139499, 44.55654703304111], [-110.131134651586, 44.55592726308431], [-110.13155909028639, 44.55532732178812], [-110.13162659149347, 44.55502175290194], [-110.1318197211947, 44.55473513258569], [-110.13196061116724, 44.554574161526446], [-110.13213860245934, 44.55445848272637], [-110.13244409163967, 44.55423573223128], [-110.1329392205664, 44.553960412109426], [-110.13323091162401, 44.55381859230207], [-110.13351068113944, 44.553631652312596], [-110.13388125146551, 44.553265362571146], [-110.13416208189132, 44.553006412027536], [-110.13435278164974, 44.55288182125033], [-110.13455474179021, 44.552847352133774], [-110.13474331164308, 44.552866782383575], [-110.13522049312873, 44.55295142196878], [-110.13568468228046, 44.5530629607762], [-110.1359857517496, 44.553137261823046], [-110.13621222242263, 44.553147982239366], [-110.13689176110412, 44.55317112199552], [-110.13749550263691, 44.55321170168511], [-110.13817478350194, 44.55325283186536], [-110.13841330237955, 44.55329965156142], [-110.13858889247486, 44.553345991116835], [-110.13875254396007, 44.55334722210078], [-110.13918124247154, 44.55330544096719], [-110.1393203825259, 44.55326148205349], [-110.13957349273865, 44.55317336184252], [-110.13971370268652, 44.553057380672186], [-110.13997979175853, 44.55294235052133], [-110.14021938412289, 44.55291715069733], [-110.14053490299338, 44.552865511700624], [-110.14083863327242, 44.55275976133474], [-110.14107848345327, 44.55271655033741], [-110.14131780272982, 44.55270935127536], [-110.14170753322254, 44.552748291238466], [-110.14245054326878, 44.55273587052611], [-110.14346959482204, 44.552788530666604], [-110.14404789337104, 44.55284688162885], [-110.14490341381332, 44.552889301313506], [-110.14559488391843, 44.552957501393365], [-110.14622341446149, 44.55302522128764], [-110.14652436445472, 44.55310849138328], [-110.14696432424657, 44.55315678991737], [-110.14759246492078, 44.55325151126005], [-110.1480452760111, 44.55328189989792], [-110.14826007487363, 44.553229480895965], [-110.1486009055739, 44.553169010176305], [-110.14885255602434, 44.55317988101944], [-110.14905279499274, 44.5532624006518], [-110.14966454500627, 44.55361806098321], [-110.14995134473716, 44.55380925085398], [-110.15038934530337, 44.55399256009497], [-110.15066486668586, 44.55409363975977], [-110.15091127636494, 44.55414367094422], [-110.15094104653345, 44.554149709916146], [-110.15124266577155, 44.554187959497604], [-110.15193441525271, 44.55423810966469], [-110.15223614588193, 44.554268780723575], [-110.15241215549048, 44.554286670993555], [-110.15255011605687, 44.55432371000577], [-110.15263745565869, 44.55437836974314], [-110.15272493719432, 44.55442403054678], [-110.15290118575474, 44.554425339603256], [-110.1530150058945, 44.554390179424914], [-110.15307873507572, 44.554336630958055], [-110.15311912602584, 44.55415688063437], [-110.15316067580267, 44.55389611032387], [-110.15317535607103, 44.553752179842], [-110.15325363616321, 44.553563710357004], [-110.1534467856274, 44.55326804923091], [-110.15374208701412, 44.55287413057935], [-110.1538713662616, 44.55264101967503], [-110.1540005161517, 44.55241691023178], [-110.1541924861279, 44.55220227030323], [-110.1545235745989, 44.551943650469354], [-110.15467712542706, 44.55177373897255], [-110.1547919858159, 44.55166656035583], [-110.15495890716873, 44.55144273011013], [-110.15518797576955, 44.55127336896887], [-110.15560600588871, 44.55109640925235], [-110.15584662592578, 44.55099916023903], [-110.15629061735663, 44.55076837970946], [-110.15651967607597, 44.55059901916659], [-110.15672317503055, 44.55045647994001], [-110.15684254496215, 44.55033503974401], [-110.1568637362197, 44.55031347880133], [-110.15699182609774, 44.55016137982344], [-110.15714808624477, 44.549802429627576], [-110.1571867659043, 44.54973970000372], [-110.15731394489063, 44.54965060971213], [-110.15749148612674, 44.5495618995505], [-110.15763073577558, 44.549508908718536], [-110.15769458622934, 44.54944635994934], [-110.15777180720781, 44.54932989953789], [-110.15791287594506, 44.54915087892361], [-110.1584763657666, 44.54848884932772], [-110.1589351174159, 44.548105119681104], [-110.15940632600324, 44.54773047833175], [-110.15962200611305, 44.5476150292046], [-110.15995123596974, 44.547482409639656], [-110.16041931662326, 44.547323809039575], [-110.16093800656327, 44.54714756842939], [-110.16133016610054, 44.54701540938857], [-110.16201456646436, 44.5466963389981], [-110.16217923753742, 44.546625529122934], [-110.1623439166953, 44.54655471916159], [-110.16260915685935, 44.54649364930998], [-110.16277266551243, 44.54650384917689], [-110.16293669698499, 44.54647803772272], [-110.16305088812896, 44.546415857660485], [-110.16326668771471, 44.546291408987166], [-110.16344368816505, 44.54623868790951], [-110.16363327670744, 44.54618605897523], [-110.16383467809582, 44.546187539154666], [-110.16413652730265, 44.546207748849795], [-110.16431248840217, 44.546227048791614], [-110.16446379703537, 44.54621014901871], [-110.16481754820437, 44.5461227076448], [-110.16528456704923, 44.546036098422434], [-110.16565063861233, 44.54596674872258], [-110.16599076772839, 44.54595122854525], [-110.16624289877748, 44.545926068588884], [-110.16648283699323, 44.54587379789483], [-110.1667480771573, 44.54581271836581], [-110.1669623163694, 44.54579627879104], [-110.16721355628974, 44.54583411771966], [-110.16773992862204, 44.54600000742048], [-110.16822788899282, 44.54621061829689], [-110.16851586821164, 44.54632074874652], [-110.16892702801549, 44.5466208286922], [-110.16910171799893, 44.546730128653515], [-110.16926445859242, 44.546794328240516], [-110.16950285709576, 44.54685007764242], [-110.16979096836694, 44.546951208124796], [-110.16995358858621, 44.54702440813609], [-110.17002808856768, 44.54709696720911], [-110.17011415884998, 44.5472416382211], [-110.17020073847706, 44.54735029745372], [-110.17027510820282, 44.54743185864622], [-110.17038762848034, 44.54748669835112], [-110.17048820835114, 44.54749642749579], [-110.17066494829004, 44.5474616984687], [-110.17075408991231, 44.547390328066726], [-110.17092054953109, 44.547193478184056], [-110.171074028494, 44.547023548338345], [-110.17121207889193, 44.546896667532856], [-110.17127811854003, 44.546835978324125], [-110.17143108815819, 44.54670204839426], [-110.17147076854091, 44.54656729804496], [-110.17148718974431, 44.54629733737649], [-110.17150348877682, 44.546036376917165], [-110.17160852968132, 44.545731047987694], [-110.1716620782554, 44.545506377990556], [-110.1716682083589, 44.54507429787183], [-110.1716607370707, 44.544714138276845], [-110.17172584786078, 44.544561568180335], [-110.17188072729725, 44.54429260786359], [-110.17213642825129, 44.54401538785036], [-110.17227769821119, 44.543818346646646], [-110.17233110844471, 44.54360267814762], [-110.17232094849886, 44.54343154760164], [-110.17223538935795, 44.543250876853655], [-110.17199955823966, 44.543015096615505], [-110.17173855812375, 44.54277913679164], [-110.17160239778119, 44.54261610689626], [-110.17146662820579, 44.54242606793355], [-110.17127047747024, 44.54205553700711], [-110.17120171772345, 44.541855327548134], [-110.17114959747065, 44.54170355669359], [-110.17105797739652, 44.541063706591586], [-110.1710483375752, 44.540856577475644], [-110.17099939735853, 44.54075719780381], [-110.17092477879945, 44.5406936375977], [-110.17064927717989, 44.54059260765253], [-110.17000903709712, 44.54047091765723], [-110.1698587669164, 44.54041580690754], [-110.16957081824027, 44.540305687696545], [-110.16937096734408, 44.54019619703414], [-110.16920914572711, 44.540068986968556], [-110.16908519708254, 44.539933046982874], [-110.16898630694278, 44.53980628646355], [-110.16897640661006, 44.53961715778305], [-110.16901634660589, 44.53946440785327], [-110.16905820719981, 44.53917662690595], [-110.1690486967359, 44.53896049748694], [-110.16884306697747, 44.538373826354196], [-110.16866632614025, 44.537526297333585], [-110.16866039636106, 44.537221397603254], [-110.16865179768718, 44.536778977586536], [-110.16872190580521, 44.53627533724831], [-110.16881354654059, 44.5358789964876], [-110.16886944600579, 44.53563722618472], [-110.16893878606425, 44.53518760634967], [-110.16894198496497, 44.53496255756437], [-110.16892104613402, 44.53466531699686], [-110.1688608060094, 44.534475826471784], [-110.168815086253, 44.53415139615561], [-110.16873455588103, 44.53361965740811], [-110.16871784542012, 44.53302536596248], [-110.16870923596643, 44.5327462160337], [-110.16865040440015, 44.53245770708484], [-110.16860301557396, 44.53225030721583], [-110.16852904559855, 44.53214173698718], [-110.16840397495817, 44.5320868072635], [-110.16819041666905, 44.5320582460664], [-110.16775021523036, 44.532037026076004], [-110.16743572493088, 44.53202573632333], [-110.16720972497507, 44.53198807732979], [-110.16710955473603, 44.53195133724654], [-110.16707257648568, 44.531897046435674], [-110.16698718532973, 44.531707375922856], [-110.16676438607126, 44.531444667150836], [-110.16660425508368, 44.53120042706025], [-110.16637979573858, 44.531054747286696], [-110.16605735445049, 44.530719297360434], [-110.1657341549843, 44.53043785723311], [-110.16533622466963, 44.53010184725242], [-110.16492673393557, 44.5296937362386], [-110.1646400042733, 44.52950258627197], [-110.16431527407786, 44.52932915622757], [-110.16379022406568, 44.52908224702685], [-110.16319058244385, 44.528771767402226], [-110.1626289548299, 44.52844354737741], [-110.16205346351617, 44.52820525695388], [-110.16150210364592, 44.52803916605202], [-110.16086395394282, 44.52778240751261], [-110.16056376302602, 44.527654157183264], [-110.16042625431221, 44.52759012733537], [-110.16029067248469, 44.52739107597504], [-110.16001668272978, 44.52719100758016], [-110.15985543244133, 44.527027766246775], [-110.15959338219484, 44.52687279751054], [-110.15903063348343, 44.52662557753502], [-110.15865637108156, 44.52639775716919], [-110.15851951184969, 44.526288717479375], [-110.15842182185916, 44.52608093699779], [-110.15833699215027, 44.5258552471657], [-110.1582622622001, 44.525800676563975], [-110.15806262330632, 44.5256821764365], [-110.15777528278964, 44.52553601597768], [-110.15754983170446, 44.52546232654856], [-110.15737366219578, 44.52546102708787], [-110.15707063170436, 44.52553081750084], [-110.15691963209161, 44.52552969736574], [-110.15641696180808, 44.525480967305874], [-110.15585202030906, 44.52538676756813], [-110.15533806269399, 44.52524792730979], [-110.15503698154671, 44.52518268629347], [-110.15484849164392, 44.52516328779166], [-110.1545589511531, 44.525170146340244], [-110.15449630084856, 44.525151677763816], [-110.15439772242425, 44.52500689742226], [-110.15428917090361, 44.524681996783244], [-110.15419593206533, 44.52416815628697], [-110.15405015974922, 44.523806976488714], [-110.15394148066784, 44.52349107730645], [-110.15393346050898, 44.52317592640045], [-110.15411718035764, 44.5226551375596], [-110.15394044041874, 44.521825586173655], [-110.15338109901718, 44.52107497713567], [-110.15336029044195, 44.52104705743618], [-110.1528736299334, 44.52076436708323], [-110.15203454955912, 44.520488056005945], [-110.15142247974535, 44.520177417204394], [-110.14994199956327, 44.519878317372154], [-110.14894974026335, 44.51975389716449], [-110.14761461018917, 44.51984296787427], [-110.1473518376972, 44.51974197669378], [-110.14719142823188, 44.51952471638478], [-110.14729539834454, 44.51843616726883], [-110.14619353829177, 44.5172035776108], [-110.1454547979381, 44.516954977237816], [-110.14511852798452, 44.51671838657151], [-110.14450573862021, 44.51646172674051], [-110.14355062735223, 44.51638254790378], [-110.14271907755499, 44.51645732749202], [-110.14171364715638, 44.51637775791763], [-110.1412625778994, 44.51624832693664], [-110.14130494693978, 44.51507829789532], [-110.14142452617882, 44.514647067490294], [-110.14280398631564, 44.513244017575175], [-110.14294593540188, 44.51300201751065], [-110.1431392267999, 44.51183311607512], [-110.14303695629974, 44.51108513738175], [-110.14329093608171, 44.510924987314645], [-110.14550895556994, 44.5106715261399], [-110.14592230636477, 44.509936405690134], [-110.14643272641426, 44.50944507658233], [-110.14652394763642, 44.50922969654506], [-110.14687559764597, 44.50754882662104], [-110.14677486506157, 44.50669281657465], [-110.14570628579345, 44.50492030520718], [-110.14564917539927, 44.50452376646867], [-110.1458723555434, 44.503886246159425], [-110.14667456546518, 44.50236178520132], [-110.14724008547924, 44.50153776445048], [-110.14738527568703, 44.50107071545478], [-110.1471511567577, 44.500735865580744], [-110.1468398653589, 44.50051747594628], [-110.14599154401529, 44.50003399575716], [-110.1455685749587, 44.499959845430936], [-110.14325710462978, 44.49944659616033], [-110.1431205139942, 44.49938228606868], [-110.14294508559563, 44.49933595610439], [-110.14282010388845, 44.4992810050591], [-110.14270901372886, 44.49913612583503], [-110.14262271437615, 44.49895727576], [-110.14258694525816, 44.49888313495695], [-110.14251543397165, 44.498612515612464], [-110.1425066852791, 44.498351376070524], [-110.14253685519792, 44.498009495055136], [-110.14262753293933, 44.49783011547047], [-110.14289825372492, 44.49738201586773], [-110.1430437251054, 44.496896964811576], [-110.14308660349054, 44.49654617572952], [-110.14307943403627, 44.496177015707204], [-110.14312125240937, 44.49589823578694], [-110.14318677372957, 44.495718675417706], [-110.14334073239286, 44.49551276527134], [-110.1434190933334, 44.495315295331025], [-110.14350233482088, 44.49478476432344], [-110.14351820356039, 44.49455981512528], [-110.14348284317585, 44.49439749545252], [-110.14340989368657, 44.49422589544802], [-110.14330000457448, 44.494000004055536], [-110.14307798235876, 44.49370124405819], [-110.14289329322793, 44.49342977403733], [-110.14275918284083, 44.49314068398271], [-110.14261354437372, 44.49277948424584], [-110.1424790432195, 44.49251739453887], [-110.14225650267585, 44.49225464426174], [-110.14212014290729, 44.49211857410258], [-110.14182241247603, 44.491837254461075], [-110.14162345360693, 44.49168271439692], [-110.14147531243341, 44.491492545135074], [-110.14130427230499, 44.49114915514458], [-110.14114542231499, 44.490832853994846], [-110.14102376347606, 44.490552854023896], [-110.14092593334837, 44.490363064934925], [-110.14071506192026, 44.49016341539012], [-110.14044237202755, 44.48989128486204], [-110.14026896214342, 44.489709925111356], [-110.14019589227989, 44.489547325350806], [-110.14012110214261, 44.48950174440331], [-110.13999574314303, 44.489473794197686], [-110.13970677308241, 44.489453615441775], [-110.1393926519905, 44.489433235455145], [-110.13885244200955, 44.48939315539216], [-110.13861378119815, 44.48937334445084], [-110.13792267131745, 44.48933212557222], [-110.13762152099991, 44.48928483533224], [-110.13728319031108, 44.48920125543961], [-110.13722832031522, 44.48918871415172], [-110.13712024220675, 44.48916401415107], [-110.13676800200408, 44.489170354649865], [-110.13657964235699, 44.489150925575316], [-110.1361033708647, 44.489039285492595], [-110.13565252977979, 44.488909834176], [-110.13540182076378, 44.48885392549387], [-110.13483700053732, 44.48877761475361], [-110.13400851040191, 44.48867230553745], [-110.13374523036182, 44.48861629537347], [-110.13351994007509, 44.48854256566487], [-110.13340797136313, 44.48846068552605], [-110.13333344982209, 44.48839710478326], [-110.13321170025333, 44.48812609584023], [-110.13304098890829, 44.48776469457836], [-110.13284539961982, 44.48738509571505], [-110.13267295003472, 44.487140704252226], [-110.13253649953633, 44.48701363466795], [-110.13229970991564, 44.48686778545262], [-110.13193691989827, 44.486738994539245], [-110.13172381076677, 44.48669235460252], [-110.13139754085894, 44.48664486547507], [-110.1310208296496, 44.48660598576993], [-110.13045510931124, 44.48659267551961], [-110.13025377799143, 44.48660014551266], [-110.12993820881528, 44.48667876559336], [-110.12978718045645, 44.486686615611376], [-110.12964911927874, 44.48666755485073], [-110.12944859913765, 44.48662101547358], [-110.12932352041244, 44.486575045793884], [-110.12929916798339, 44.48652084600177], [-110.12930064930532, 44.48642182480229], [-110.12931550025358, 44.486268895006226], [-110.12933329857432, 44.48591792599468], [-110.12929063758146, 44.4854044454622], [-110.12917172848563, 44.48494439585378], [-110.12916424012941, 44.48486340534659], [-110.12914888881953, 44.484294585694656], [-110.12914552822205, 44.484169955576206], [-110.12930394971566, 44.48282075414835], [-110.12973481855686, 44.481752714259486], [-110.12997894921004, 44.48055720519528], [-110.12974381787936, 44.47945707512057], [-110.12903880746798, 44.47866846412631], [-110.12855931731202, 44.47793558412578], [-110.1274882568971, 44.477243194864315], [-110.12706642690429, 44.47686185394192], [-110.12677435675765, 44.476211414687995], [-110.12575830647576, 44.474871823690634], [-110.12526352609537, 44.474660385017444], [-110.12492663630425, 44.47448674496046], [-110.12461489574784, 44.47431330373964], [-110.12424016712035, 44.4741483842027], [-110.12402751702797, 44.47407472466739], [-110.12376377705044, 44.47405469506779], [-110.12326035667364, 44.47408684421597], [-110.12310962655548, 44.47407668487169], [-110.12307258542305, 44.47403138477694], [-110.123024045855, 44.47391397486991], [-110.12295239532963, 44.47366134508152], [-110.12286655681265, 44.473516645156785], [-110.12275475518732, 44.47342575496451], [-110.12254251562504, 44.47332509489369], [-110.12240490540162, 44.473279024353644], [-110.12225431542065, 44.47325986498282], [-110.12204059633306, 44.47325822525987], [-110.12167573390235, 44.47327341416952], [-110.12128574469477, 44.47328842487237], [-110.12088276494991, 44.4733303352062], [-110.12053035586395, 44.473354635506624], [-110.12024052521733, 44.47339741501063], [-110.11992501443163, 44.47347600416685], [-110.1196217943957, 44.47357269417702], [-110.1194576847697, 44.473616444015846], [-110.11919313451178, 44.47365041452422], [-110.11844963488373, 44.4737617154759], [-110.11804583407869, 44.47385762554332], [-110.11767897469306, 44.47400491558257], [-110.11753984541849, 44.47406077439529], [-110.11753562423496, 44.47406242563381], [-110.117223645625, 44.47418437485683], [-110.11675576529579, 44.47436081572547], [-110.11647822450055, 44.47442168493228], [-110.11613728420585, 44.47451807466782], [-110.11573307287068, 44.47464098508323], [-110.11555625388007, 44.47469362609907], [-110.11535373408915, 44.47478208556455], [-110.11523949353784, 44.474853225717794], [-110.11508699373856, 44.474960074561366], [-110.11501047434436, 44.47503150615179], [-110.11490758400666, 44.47518375582286], [-110.11483106371413, 44.47525518521651], [-110.11467897354663, 44.4753350250157], [-110.11436343401488, 44.47541360515263], [-110.11407264396753, 44.47551938571723], [-110.1138570051802, 44.475643745869164], [-110.1136536634308, 44.47578621628506], [-110.11329741404701, 44.47606253608374], [-110.11289127492725, 44.476311456358495], [-110.1125870838125, 44.47647114641792], [-110.11251082492971, 44.47652456649847], [-110.11242104460528, 44.47664090648464], [-110.11238059346802, 44.47682064609285], [-110.11228945489088, 44.47702700553539], [-110.11213366366441, 44.47734988613931], [-110.111925942628, 44.47778040536058], [-110.11182180363205, 44.47801366529453], [-110.11171862403684, 44.4781839156975], [-110.1116651949387, 44.478390566442876], [-110.1116103941131, 44.47868722560936], [-110.1115445251449, 44.47888477556474], [-110.11148001263275, 44.47899230541151], [-110.11131424471677, 44.47914406659755], [-110.11123757350727, 44.47922449652035], [-110.1111726540583, 44.47935902578996], [-110.11113220381938, 44.47953876663971], [-110.1110638635858, 44.479898346665365], [-110.11094687418974, 44.48014951694746], [-110.11081813482974, 44.480346576760496], [-110.11066506370194, 44.48048942666629], [-110.11041141270337, 44.480631496843486], [-110.11015830428725, 44.48073755701097], [-110.10990573396198, 44.48080760672411], [-110.10955286493858, 44.480858866732405], [-110.10919957280868, 44.48093713691016], [-110.10894659374995, 44.48103419591231], [-110.10878218318835, 44.48109593687508], [-110.10860437245763, 44.48121157618299], [-110.10813407476198, 44.481541006974666], [-110.10780483322722, 44.48169148609076], [-110.10747503473694, 44.481877966109806], [-110.10701798359848, 44.48216247749856], [-110.10652253307491, 44.482491707441554], [-110.10612861463629, 44.48275870673161], [-110.10569533292023, 44.48313342761941], [-110.105249733505, 44.48349004629984], [-110.10489353352857, 44.483757336476835], [-110.1047915630657, 44.48384656794687], [-110.10470203337124, 44.48394488788674], [-110.10467793336879, 44.483998836916946], [-110.10464994366119, 44.48406151686369], [-110.10458377465565, 44.484277066790376], [-110.10450625453822, 44.48441149788903], [-110.10431489361977, 44.48459005802991], [-110.10411524214955, 44.48472351809733], [-110.10403536215786, 44.484776917804766], [-110.10366726309714, 44.48499909700377], [-110.1033379829348, 44.485149558227874], [-110.10313431419864, 44.48531000726046], [-110.1028170534948, 44.485496578254434], [-110.10267777420157, 44.48555849778714], [-110.10241302272104, 44.48560142792387], [-110.10221086315455, 44.48566285835282], [-110.10208401295161, 44.4857338878265], [-110.10203274340338, 44.48579649733489], [-110.10198106332508, 44.48588611790369], [-110.10186679312939, 44.485957247082524], [-110.10166408289565, 44.48605467841388], [-110.10149950255241, 44.4861254081213], [-110.10110720287796, 44.48628436828189], [-110.10079160405742, 44.48636290739729], [-110.10040068239859, 44.4864318480548], [-110.10001073271688, 44.486437778691965], [-110.09950719286417, 44.48646981719622], [-110.09916685264405, 44.48652114849332], [-110.09890195204316, 44.48657307767812], [-110.0986371924778, 44.486615998736816], [-110.09847386258946, 44.48660570827283], [-110.09834867247316, 44.48656870885822], [-110.09822417226299, 44.48648669841498], [-110.0981621310162, 44.486432197330494], [-110.09811211102455, 44.486413798508615], [-110.09803666332047, 44.48641319736967], [-110.09789765262353, 44.48645711830728], [-110.0977839223153, 44.48649222850145], [-110.0977079221473, 44.48652763860252], [-110.09764421183071, 44.48658114752916], [-110.09762997353347, 44.48668906886193], [-110.09760413259602, 44.486733877837004], [-110.09755355205562, 44.486751488929535], [-110.0974030833472, 44.48672328874851], [-110.09727816182716, 44.486668288647195], [-110.09716485193049, 44.486676388605936], [-110.09705154203382, 44.48668449881749], [-110.09702584213186, 44.48672030742276], [-110.09701160203798, 44.48682822849808], [-110.09705884354044, 44.487026657714104], [-110.09705620339183, 44.4871976880245], [-110.09698902108667, 44.48747624870624], [-110.09690276215815, 44.48756069751406], [-110.09686132197578, 44.4876012690942], [-110.09675836246781, 44.48775350903785], [-110.09665456213673, 44.48795974778324], [-110.09655230241636, 44.48806696867445], [-110.09646358210395, 44.48811127800633], [-110.09636298247023, 44.488110489114554], [-110.09611190245, 44.48808148916299], [-110.0959607231742, 44.48809829878041], [-110.09575869206681, 44.488150718096186], [-110.09559452225369, 44.48819442880731], [-110.09543021230337, 44.48824714795583], [-110.0952664620035, 44.48826384793975], [-110.09483877140178, 44.48826946885883], [-110.09461200158977, 44.48829467807508], [-110.09432111182942, 44.488400398117896], [-110.09391648187935, 44.48854123910606], [-110.09343528133114, 44.488753479165396], [-110.09313153128915, 44.48887710938419], [-110.09298035111506, 44.488893909159664], [-110.09270384158575, 44.48888270909628], [-110.09251521154577, 44.488881209516784], [-110.09233846262373, 44.48892481842686], [-110.09205957166061, 44.4890666482526], [-110.0914386426615, 44.48936779925732], [-110.09091816237915, 44.489678749671974], [-110.09079115137774, 44.489758769675596], [-110.09063885100447, 44.48984757926761], [-110.09041081097466, 44.4899537995505], [-110.09010775083885, 44.49003240870269], [-110.08981669129689, 44.490147118392585], [-110.08942532227705, 44.49024302972359], [-110.08915955120868, 44.49034894873718], [-110.08877879129236, 44.49057097982937], [-110.08846230044469, 44.49070348996637], [-110.08785531060386, 44.49091470901559], [-110.08758926195605, 44.49103861981929], [-110.08738566059353, 44.49119004015322], [-110.0871699095168, 44.49131435024314], [-110.08696772030592, 44.49137575927598], [-110.08676609074546, 44.491401149142085], [-110.08650228069934, 44.49138104026135], [-110.08608785012952, 44.49134170937256], [-110.08581133161707, 44.491330489273], [-110.08557155150481, 44.49138258911963], [-110.08526903035816, 44.491425179181334], [-110.08499167012428, 44.49146797042862], [-110.08476488054936, 44.491493159037994], [-110.08457639154486, 44.491482650274854], [-110.08435030984236, 44.49146282914933], [-110.08406093015, 44.49146950903152], [-110.08360765103743, 44.491501880560214], [-110.08320395982683, 44.491579670585075], [-110.08254889933849, 44.49164642950801], [-110.08193226967633, 44.49166848060852], [-110.08164331937867, 44.49164814945697], [-110.08151797924371, 44.49162012979019], [-110.08133091047569, 44.49151960043363], [-110.08125601972709, 44.491482989267254], [-110.08113083050908, 44.49144596987695], [-110.0808671695833, 44.491416840856864], [-110.08052832954971, 44.49136909091779], [-110.08021408898186, 44.49135755938557], [-110.07871730976724, 44.49136350105672], [-110.07821457839827, 44.49134144086942], [-110.07789989855425, 44.49135689998308], [-110.07757222996952, 44.49139927090372], [-110.07723165888237, 44.49146086119849], [-110.07714337874447, 44.491476829730345], [-110.07674039810126, 44.491509581259486], [-110.07659282735797, 44.49152346071493], [-110.07629953819749, 44.491551031215735], [-110.0758961281596, 44.491610780926806], [-110.07541697846514, 44.491687931273], [-110.07505057811863, 44.491792990894275], [-110.07468402775346, 44.491907061435285], [-110.0745199783146, 44.49194174028636], [-110.07416785938447, 44.49193888034087], [-110.07402966795105, 44.491928761272035], [-110.07371656824361, 44.491845201188475], [-110.0735169167734, 44.49174455110593], [-110.07305547736478, 44.491497731268936], [-110.07279281716222, 44.491405570147116], [-110.07255502771662, 44.49133161134713], [-110.07226621845446, 44.49130226054644], [-110.07204042870443, 44.49126441053903], [-110.07171474719313, 44.49118074056411], [-110.07132619798497, 44.49109656037512], [-110.07100023709759, 44.49103089150243], [-110.07071128590162, 44.49101053129164], [-110.07032130657555, 44.491016361495], [-110.06998162571885, 44.49102259157097], [-110.06979313671434, 44.49101205132273], [-110.0695926480143, 44.49096541159861], [-110.06946689645092, 44.49096438179593], [-110.06923996673879, 44.490998540859486], [-110.0687976767171, 44.491129981776034], [-110.06819118633955, 44.49130508143318], [-110.06777389643219, 44.491445721880474], [-110.06743177754781, 44.49160498154209], [-110.06722855527433, 44.49172936059637], [-110.06696116634012, 44.491934231887825], [-110.06668105726149, 44.49214801164256], [-110.06638951622256, 44.49228967086513], [-110.06627475644503, 44.492387761903714], [-110.06615927621861, 44.49253086171626], [-110.06613268518788, 44.49262067122846], [-110.06613792775588, 44.493079852246524], [-110.06608489661139, 44.49325047199843], [-110.06590538536986, 44.49346507227308], [-110.06561081521178, 44.493795760948295], [-110.06511257541923, 44.49427783122984], [-110.06494693775893, 44.494411511348645], [-110.0648192961402, 44.49452750232371], [-110.06460435534386, 44.494597762315365], [-110.06427621514361, 44.494667102699665], [-110.06389821664847, 44.494709012415534], [-110.06333069608627, 44.49480339118596], [-110.06317978720338, 44.494802151274946], [-110.06299142575965, 44.494782601687234], [-110.0628277949357, 44.49479026222494], [-110.0625502559371, 44.494841992454404], [-110.06215894620608, 44.49492881237509], [-110.06194471597712, 44.494954062926844], [-110.06164318657055, 44.49493357272585], [-110.0614540956948, 44.49495903152875], [-110.06103778584944, 44.495036631757394], [-110.06067191550893, 44.495105642900974], [-110.06006608539312, 44.495235702018654], [-110.05977566545164, 44.49530533255642], [-110.05961188550737, 44.49532198310199], [-110.05944853675442, 44.495311642911936], [-110.05898452546913, 44.49522679266661], [-110.0585465249029, 44.49508814198154], [-110.05822157462023, 44.494959423044826], [-110.05763324458447, 44.49478351287797], [-110.05738215468278, 44.49475443294274], [-110.05694300606962, 44.49468779291831], [-110.05664175424245, 44.49464929279144], [-110.05644243514888, 44.49465890324777], [-110.05616342560816, 44.494672343017754], [-110.05563377442508, 44.494757993124225], [-110.05516743470656, 44.49481715323537], [-110.05458820550294, 44.49485737310578], [-110.05414745429532, 44.49488973250148], [-110.05382105413179, 44.49485101336105], [-110.05321711407132, 44.494864012229996], [-110.0524239340148, 44.49491145365566], [-110.05208321380731, 44.494980642443146], [-110.05191869454953, 44.495042293674395], [-110.05157534497323, 44.49527351228373], [-110.05125743478743, 44.49548694339168], [-110.0509403923742, 44.495646353492], [-110.050712123274, 44.495761493630944], [-110.05054687368589, 44.49586815360379], [-110.05039522369289, 44.49591190402577], [-110.04987842380825, 44.495979623626845], [-110.04924740313524, 44.496109412954844], [-110.04891895301624, 44.496196703873544], [-110.0486160932047, 44.49625720300533], [-110.04820034300975, 44.49629875403182], [-110.04797367291073, 44.49631486284792], [-110.04779818432505, 44.49627739286335], [-110.04756070300157, 44.49618538410779], [-110.04717273320678, 44.496065112903004], [-110.04698541380878, 44.49598252374256], [-110.0468599425198, 44.49596347434972], [-110.04664526403153, 44.49601569308489], [-110.04639255267074, 44.49608560334713], [-110.04581242155857, 44.49617979406761], [-110.04534606207714, 44.49623891300889], [-110.04505578137453, 44.49629950436699], [-110.04480381202217, 44.49632440318647], [-110.04428832188124, 44.49631108426087], [-110.04363537243381, 44.496242603175055], [-110.04304561317842, 44.4961566342254], [-110.04281952069616, 44.496136734592625], [-110.04260543240099, 44.496152944694565], [-110.04225196060806, 44.49623100340386], [-110.04183429161165, 44.49638954451718], [-110.0416814513509, 44.49650530344652], [-110.04155406305709, 44.49660326436825], [-110.04128863155186, 44.49668205486367], [-110.04106107122243, 44.49675216488478], [-110.04072017045355, 44.49683032339102], [-110.04050593034314, 44.496855534673905], [-110.04032971142712, 44.49686305397248], [-110.04020424103645, 44.496843994615176], [-110.03996706244523, 44.49673397500212], [-110.03970502028359, 44.49660573450226], [-110.03942967137766, 44.49652238360072], [-110.03912872138443, 44.49646584465718], [-110.03872731099636, 44.4963994449525], [-110.03837546066248, 44.496378474045905], [-110.03813666061221, 44.49636746508588], [-110.03783453113101, 44.49638292478954], [-110.03763256110905, 44.49642623462108], [-110.0374428809385, 44.49648765364951], [-110.03718927036412, 44.49661155389406], [-110.03683520029318, 44.49672560411718], [-110.03660697071885, 44.49682385429173], [-110.0365752009005, 44.49683753512875], [-110.0364044904538, 44.49691102495999], [-110.03627768067504, 44.49697297402465], [-110.03611285060019, 44.49705260533343], [-110.03602392187865, 44.497105875213904], [-110.03564217022223, 44.497372724955056], [-110.03536237106238, 44.49755942524134], [-110.03526071051829, 44.49762158442384], [-110.03505637163893, 44.49780891504999], [-110.0348904905352, 44.49795155431913], [-110.03478839161326, 44.49804071409726], [-110.03469946019678, 44.498093985638064], [-110.03449660084267, 44.49819129545827], [-110.03404795164707, 44.498414974154294], [-110.03396391155731, 44.49845687540986], [-110.0335581802727, 44.498651495598885], [-110.03325440058634, 44.498765965359404], [-110.03286079026988, 44.498987695939014], [-110.03259354147285, 44.49917449549377], [-110.03253398047457, 44.499228225403755], [-110.03228708031536, 44.49945097554876], [-110.03218527154925, 44.49952213495844], [-110.03193134027633, 44.49966402551121], [-110.03166469065559, 44.49981481604165], [-110.03145329101808, 44.49988355562946], [-110.0314052311504, 44.499963875586154], [-110.0297815711901, 44.500347985902], [-110.028853709418, 44.50092527492775], [-110.02815702010106, 44.501216436250125], [-110.02709765934438, 44.50137846656249], [-110.0261178192533, 44.501298096657095], [-110.02446479875627, 44.5008518452573], [-110.02339256873482, 44.50103173644498], [-110.02290249822146, 44.501000536944254], [-110.02076277769001, 44.500325016727786], [-110.02026793891913, 44.4999602759976], [-110.01929239726665, 44.4994931470884], [-110.01877794737482, 44.49941670674538], [-110.01776815835046, 44.49962408703202], [-110.01723832660599, 44.4999591073166], [-110.01710748608654, 44.50001451712163], [-110.01703157664839, 44.500040877126146], [-110.01682973688216, 44.5000751462034], [-110.01637634637846, 44.50010725730683], [-110.01636493687606, 44.50010832603212], [-110.01611177815425, 44.50013198727184], [-110.0158850757159, 44.500148037364], [-110.01563262666316, 44.50019987752961], [-110.01538002759182, 44.50026071721586], [-110.015063926613, 44.50035701748978], [-110.01472206644343, 44.50048910750506], [-110.01449354671324, 44.500613176725714], [-110.01427760609198, 44.5007373462747], [-110.01408727643947, 44.50083473753912], [-110.01388436677972, 44.50093200626457], [-110.01366903611455, 44.501020177350675], [-110.0134415772947, 44.50108122761581], [-110.01301182595775, 44.501203557328715], [-110.01255690741976, 44.50132565741107], [-110.01225367750234, 44.50140405774102], [-110.01192559748922, 44.50146423752317], [-110.01135778587286, 44.50156735677166], [-110.01085346628247, 44.501635007656226], [-110.0104124958859, 44.50167620694749], [-110.00987074709089, 44.50172551817392], [-110.00951781698207, 44.501767477917284], [-110.00924049537575, 44.501801077725496], [-110.00902622651925, 44.50182622727365], [-110.00882452509356, 44.50185148829341], [-110.0086476755602, 44.50189496705287], [-110.00847052598954, 44.501956446953905], [-110.00825532558007, 44.502035597337674], [-110.00801406504421, 44.50216854721355], [-110.0069853350421, 44.502744778367095], [-110.00628621488403, 44.50317081756291], [-110.00595567618198, 44.503375008612714], [-110.00571424496621, 44.503516948731956], [-110.00558739566155, 44.503578858743865], [-110.00544811636834, 44.5036316684171], [-110.0053089951786, 44.50367546747201], [-110.00509455384555, 44.50370960883904], [-110.00454051519914, 44.50374078831023], [-110.00404951582777, 44.50376351844555], [-110.00367156494333, 44.50379622847733], [-110.00335650601026, 44.503829487555], [-110.00304113446344, 44.50388074847492], [-110.00273803480177, 44.50395012907476], [-110.00227142469036, 44.50401806870359], [-110.00180527451639, 44.50405900875775], [-110.00136442449407, 44.50409116763998], [-110.00116333392278, 44.504080408719545], [-110.00115835366283, 44.49995155830325], [-110.00115289370255, 44.49917339727762], [-110.00114708339929, 44.49834600857539], [-110.0011290533132, 44.495779617817675], [-110.00112693239083, 44.49248017779596], [-110.0011263125533, 44.49152129795774], [-110.00112480158698, 44.48719096727863], [-110.00112313970372, 44.484607166668724], [-110.00112245069589, 44.48353888709995], [-110.00112206172537, 44.48293264583377], [-110.00113295020492, 44.478611426514306], [-110.00111774801537, 44.47508221613076], [-110.00111004945337, 44.471850155462995], [-110.00113245792815, 44.4700678057299], [-110.00114525802265, 44.46905060404964], [-110.00114467771095, 44.46891643437122], [-110.00113247769109, 44.466115595317234], [-110.00115028768991, 44.46507142389595], [-110.00112763846666, 44.46418895390925], [-110.00114055713874, 44.46269461498797], [-110.00118381640956, 44.461632664328874], [-110.00119686713404, 44.46086753322653], [-110.00117649693665, 44.46058827423217], [-110.00150373702496, 44.460564124417665], [-110.00195728742877, 44.4605050731871], [-110.00228483653756, 44.46046292346816], [-110.00253727750543, 44.460402114077844], [-110.00282834692887, 44.46028761454872], [-110.00309474681792, 44.460145894286], [-110.00329829697647, 44.46000363317881], [-110.00345187744902, 44.459842924130825], [-110.0035421482536, 44.45970866404249], [-110.00356896835473, 44.45960987304109], [-110.00357264695582, 44.45939383382444], [-110.00353785700149, 44.459222484136454], [-110.00352788749848, 44.4590693439145], [-110.00355455668263, 44.45897955392064], [-110.0036057471791, 44.45892598377501], [-110.00380883829853, 44.45881071386307], [-110.00406249828026, 44.45867788379223], [-110.00434174677285, 44.458518273923865], [-110.00492585742172, 44.458172252706206], [-110.0057390761973, 44.457657183429724], [-110.0061712871215, 44.457372852640155], [-110.00645067754793, 44.45720423363688], [-110.00659106715885, 44.45707941357041], [-110.00669374729075, 44.456954262379696], [-110.00674630861637, 44.45681968338557], [-110.00679886724701, 44.4566851027989], [-110.00683947738604, 44.45651440367566], [-110.00690368716592, 44.45643393219463], [-110.007005148284, 44.45638080278467], [-110.00720805704545, 44.45627453356054], [-110.00743625697537, 44.45615947321809], [-110.00763947835051, 44.45603520235615], [-110.00797005747677, 44.4558130032824], [-110.00818561721235, 44.455652593046146], [-110.00836467749961, 44.45551934220902], [-110.00860681748614, 44.45532338352485], [-110.00879852874753, 44.45513599211994], [-110.00896464700652, 44.45497538188751], [-110.00905520706861, 44.45482312310493], [-110.0091465369869, 44.45462585206749], [-110.00916028749899, 44.45460091300685], [-110.00925026635109, 44.45443769216123], [-110.00929101752565, 44.45425799327088], [-110.00931949861172, 44.454060182974985], [-110.00938568738017, 44.45386269198304], [-110.00945171714682, 44.45367420323045], [-110.00967236763512, 44.453261993057524], [-110.00984121767087, 44.45293935175439], [-110.00995873707296, 44.45267929279321], [-110.01013923735964, 44.45241077270913], [-110.01026779705657, 44.45224083251313], [-110.01042254713563, 44.452008102487085], [-110.01062711688202, 44.4518028126884], [-110.01085711613746, 44.45157973245654], [-110.01112466766673, 44.451365981677206], [-110.01131635736859, 44.45117859232247], [-110.01151985722149, 44.45103630167242], [-110.01178740785244, 44.450822551469244], [-110.01199089692554, 44.45068027277705], [-110.01215684630124, 44.45052866266011], [-110.01236154630337, 44.450314362313605], [-110.01264134725983, 44.450118722190076], [-110.01289556868862, 44.449949861000796], [-110.01325045802307, 44.4497728820587], [-110.01370678871268, 44.449542752199754], [-110.01417567784995, 44.44931272211515], [-110.01459384720798, 44.44910927101924], [-110.0149870380112, 44.44889659176388], [-110.01531677811097, 44.448719381973355], [-110.0155833980873, 44.44855963073574], [-110.01588845787296, 44.4483552016129], [-110.01615491794915, 44.44820444158633], [-110.01632915787661, 44.44809480159231], [-110.01653597700445, 44.44796465148836], [-110.01672642792954, 44.4478492605378], [-110.01695594748463, 44.44765317158498], [-110.01714775756072, 44.447456760682094], [-110.0173649980442, 44.44724256193391], [-110.01755605802704, 44.44709116029589], [-110.0177095576512, 44.446930431742814], [-110.01782506752201, 44.44678738169523], [-110.01792830820266, 44.446626220704665], [-110.01806954761985, 44.44644737124576], [-110.0183122185107, 44.44621539155952], [-110.01865586812433, 44.44595726124153], [-110.01919039805772, 44.445556730226876], [-110.01967345901693, 44.44522777098886], [-110.02025839701417, 44.44481867129506], [-110.02085543801327, 44.44443667087936], [-110.02114759799143, 44.44425011098762], [-110.02128776841342, 44.44413428107907], [-110.02137782811391, 44.44400900979361], [-110.02145577942268, 44.443856630709206], [-110.02152115701244, 44.44370414091643], [-110.02166162837004, 44.443570301000214], [-110.02181466805679, 44.44343657108867], [-110.02208093858847, 44.44329481057066], [-110.02234659826576, 44.443189050494354], [-110.02263724817594, 44.443092509616804], [-110.02290291953132, 44.44298675045693], [-110.02321928730977, 44.44285441094229], [-110.0234219786789, 44.44275712041198], [-110.02381508863375, 44.442544410331955], [-110.02403138858112, 44.442384209290765], [-110.0242482886031, 44.44218800065767], [-110.02438949837587, 44.44200914915488], [-110.02445457952159, 44.441874669765504], [-110.02448224853066, 44.4417218502693], [-110.02449766990912, 44.44155092911036], [-110.02452548803853, 44.44138912064335], [-110.02459085844175, 44.44123663018222], [-110.0246556296687, 44.44112015036287], [-110.02473311834511, 44.440994770636024], [-110.02479758863643, 44.44089629046891], [-110.02493759825998, 44.440789450466184], [-110.02512860883546, 44.440638039158074], [-110.02532051952286, 44.44043260934173], [-110.02547458867893, 44.44023585988466], [-110.02560366850041, 44.44002989887234], [-110.02561511842704, 44.44001008015109], [-110.02568130809381, 44.439895520114085], [-110.02586064865544, 44.439689990196314], [-110.02612883888689, 44.439431189014115], [-110.02648526883206, 44.439155140297125], [-110.02667656866505, 44.43898572018784], [-110.02677917872839, 44.43886055908609], [-110.02684438833317, 44.43871706916227], [-110.02689748864793, 44.43854647017467], [-110.02695057728461, 44.438375868764744], [-110.02700472862823, 44.43814224967002], [-110.02704629816802, 44.4379085398444], [-110.0271140580899, 44.43761201978317], [-110.02716789861644, 44.43739640975107], [-110.02729801958534, 44.43712742942818], [-110.02740330842487, 44.43684023995223], [-110.02745699803444, 44.43663362875763], [-110.02747254787201, 44.43645370960311], [-110.02742557855906, 44.436255249540004], [-110.02741540783343, 44.43611111948986], [-110.02734271795725, 44.43594844927375], [-110.02726942800649, 44.435821779440154], [-110.02715844833965, 44.435694799521315], [-110.02701052815172, 44.435522479727894], [-110.02690029767983, 44.43535048848186], [-110.02681593689151, 44.43513369884253], [-110.02679290768089, 44.435007469834765], [-110.02675611897504, 44.43495313876309], [-110.0266563583678, 44.43490726821773], [-110.02649452776767, 44.43481586954785], [-110.02634646744254, 44.43465254851162], [-110.02622277751276, 44.43453445965684], [-110.02617431789477, 44.43442600954275], [-110.02617655649645, 44.434290989279965], [-110.02620422730215, 44.43413817945478], [-110.02623174808919, 44.433994369397446], [-110.0262715389647, 44.433868668407875], [-110.02626106730345, 44.433742538658365], [-110.02621230764814, 44.43365209842111], [-110.02613887756019, 44.43353442962127], [-110.02612705752767, 44.43348931936853], [-110.02619106698323, 44.4334178395119], [-110.02631789742325, 44.43334689967359], [-110.02647044752818, 44.43324016966767], [-110.02662269759578, 44.43315143942141], [-110.02678705785175, 44.433089819654455], [-110.02691388739345, 44.43301887813507], [-110.02696487756562, 44.43297429925466], [-110.02699149734242, 44.43288449928941], [-110.02698072744047, 44.432776369410256], [-110.02695889748075, 44.43257811816339], [-110.02692703872921, 44.43222673902649], [-110.02683684697638, 44.43160477914385], [-110.02684058756122, 44.431379739039755], [-110.02685523818518, 44.43125381945535], [-110.02693270799698, 44.43112843780154], [-110.02704785854168, 44.43100338816617], [-110.02721296709426, 44.43089675780057], [-110.02744087686835, 44.43079066929434], [-110.02759252865799, 44.4307379380134], [-110.02773130758962, 44.43070310796335], [-110.02789565706578, 44.430641488822374], [-110.02817411773587, 44.43051781926637], [-110.02847815883197, 44.430367358969924], [-110.02888387754017, 44.4301457390214], [-110.02918819711404, 44.429977278764895], [-110.02940324660652, 44.429889078570575], [-110.02966839783736, 44.429810297951036], [-110.02990871873541, 44.42971331863674], [-110.0301110489818, 44.42963400854561], [-110.03026253907468, 44.4295902777084], [-110.0303897980111, 44.42949232872537], [-110.03050449760153, 44.42939426859886], [-110.03073343684494, 44.429225158901914], [-110.03096223774783, 44.42906505734032], [-110.0312306480665, 44.42878824822222], [-110.03154990752184, 44.4284758475108], [-110.03180500750297, 44.42824393759802], [-110.03208463777955, 44.42804824857963], [-110.03230056762102, 44.42790603823129], [-110.03253038901008, 44.42768290715649], [-110.03274765823961, 44.427459677077294], [-110.03297836806247, 44.42718254793446], [-110.03314552746885, 44.426949888078695], [-110.03326110740824, 44.426797817344394], [-110.03340076668883, 44.426708977880345], [-110.03361623749122, 44.42659375729331], [-110.03376816686024, 44.42652302729232], [-110.03400801793943, 44.426453027910085], [-110.0341971869686, 44.42640961674198], [-110.03447427770787, 44.426366947794584], [-110.0347637777745, 44.426333387940865], [-110.03509111847413, 44.42629113721752], [-110.03534338876212, 44.42623024669852], [-110.03567160711577, 44.426133987020286], [-110.03599983714757, 44.42603772782508], [-110.03620214942764, 44.425958416595854], [-110.0363416595879, 44.42587856700875], [-110.03642026846346, 44.42582354741957], [-110.03645130795147, 44.42580181786887], [-110.0364941683703, 44.42577181759045], [-110.03669736728757, 44.42563848768072], [-110.03729506854837, 44.42520940655339], [-110.03768896812238, 44.4249266275334], [-110.03795555755597, 44.42475781670403], [-110.03818372873982, 44.424633696519415], [-110.03839873870646, 44.424545476713725], [-110.03856291840104, 44.42449284757947], [-110.03879034847478, 44.42441373762674], [-110.03899295001239, 44.42431640612677], [-110.03911914893675, 44.424281457411674], [-110.03926958889907, 44.42430073742871], [-110.0393820489895, 44.42433768714134], [-110.03956883838146, 44.42443829758637], [-110.03989320925079, 44.4245760665663], [-110.04029280863524, 44.42472346617789], [-110.04050545872761, 44.424779276550325], [-110.04073111822193, 44.42480817708067], [-110.04096933885887, 44.424837187301684], [-110.04124494917455, 44.424884516934], [-110.041482729637, 44.4249405260326], [-110.04173262927095, 44.425023657131774], [-110.04201991948197, 44.42512509591525], [-110.04258223071385, 44.42530986601839], [-110.04301981985166, 44.42543957581136], [-110.04338204123549, 44.425568646983045], [-110.04380530134623, 44.425806266297506], [-110.04400451982846, 44.42591597698947], [-110.0441413790603, 44.42599814696292], [-110.04419121040574, 44.426046926809605], [-110.04428976996546, 44.426143427206746], [-110.04453718036775, 44.426379576358926], [-110.04470952035838, 44.42659708683358], [-110.04482125011847, 44.42667904606956], [-110.04494525176366, 44.426779116167594], [-110.04510679939447, 44.426888495930505], [-110.04528031078821, 44.427033995929186], [-110.04541658072526, 44.42715216729956], [-110.04557842030853, 44.42724355678477], [-110.04575355046643, 44.427290026111926], [-110.04594168194143, 44.42730960729355], [-110.0461426719014, 44.42731128615683], [-110.04628158108875, 44.42726743682462], [-110.04644591080198, 44.42720578583457], [-110.04683927138679, 44.42696599679496], [-110.04721934049867, 44.42677110669125], [-110.04751089231739, 44.42661148597031], [-110.04782799132448, 44.426425066753964], [-110.04815781227262, 44.42622975656658], [-110.04839896141738, 44.42607871554806], [-110.04856372232194, 44.42599006552745], [-110.04859745136594, 44.42596173590769], [-110.04875477062669, 44.42582960674931], [-110.04898394073714, 44.42564245689114], [-110.04930250220151, 44.42536601649056], [-110.04946799163977, 44.4252323552596], [-110.04968459072614, 44.42504509635098], [-110.04988878138349, 44.42484873646944], [-110.05013240089528, 44.42454466514995], [-110.05038829139386, 44.42425870657285], [-110.05064330244176, 44.424026745284536], [-110.05084675109067, 44.423875395115964], [-110.05092314112751, 44.423813005961684], [-110.05096228072442, 44.42372330547684], [-110.05100142121967, 44.42363360613752], [-110.05107839246647, 44.42353521540044], [-110.05130769103602, 44.423339056389835], [-110.05148660130462, 44.42315147640662], [-110.0517154614963, 44.42298232619343], [-110.05189335217705, 44.42285776597083], [-110.05210863253659, 44.4227515159535], [-110.05236188108992, 44.42262758526429], [-110.05266523138157, 44.42251306621425], [-110.05286736130365, 44.42244271622108], [-110.05305722113728, 44.42235426470782], [-110.05322197126205, 44.42226559556599], [-110.05339825126352, 44.42224005564596], [-110.05361178170486, 44.42224182511728], [-110.05375038277006, 44.4222159650395], [-110.05388913295558, 44.42218110553126], [-110.05401575049487, 44.4221191245378], [-110.05411755297277, 44.42203894506706], [-110.05420707188746, 44.42194065494071], [-110.05429601138879, 44.42187837599846], [-110.0544223414672, 44.42183440453976], [-110.05452311178084, 44.42181723579852], [-110.05461162188745, 44.42178195453271], [-110.05468814218, 44.42171056557762], [-110.05472713175826, 44.421629864580005], [-110.05474158295623, 44.421512945969916], [-110.05475602157782, 44.42139603546664], [-110.0547824518101, 44.4213152256065], [-110.05484656187697, 44.42123472488045], [-110.05503627169193, 44.421155274325784], [-110.05528820151842, 44.42111234426559], [-110.0555015918226, 44.42112311527896], [-110.05566444201054, 44.421151465849704], [-110.05586439172143, 44.421216145750606], [-110.0560021214208, 44.421244285835144], [-110.05617811216474, 44.4212367446018], [-110.05637628321136, 44.42124455466079], [-110.05646685225663, 44.42124812445987], [-110.05673033172272, 44.42126831524956], [-110.05693043324888, 44.42132398520491], [-110.05709256208968, 44.42139734558722], [-110.05725469093048, 44.42147070523583], [-110.05752827195192, 44.421644014722474], [-110.05769097212126, 44.42168137544476], [-110.05782914109679, 44.42168251553928], [-110.05794233241585, 44.421674444414116], [-110.05810648246604, 44.42162178446542], [-110.05830803207644, 44.421587434662904], [-110.05842180370716, 44.421543355199034], [-110.05866261239044, 44.421410294093796], [-110.05890314259598, 44.42129524527391], [-110.05915551259694, 44.421225304432156], [-110.05942014280491, 44.42117346531336], [-110.05964767259167, 44.42108531535208], [-110.05984979263225, 44.42101495530019], [-110.06005263222343, 44.42089958490611], [-110.06024306248723, 44.42077511391874], [-110.06043291154107, 44.42068664384266], [-110.06056010400214, 44.42058866518318], [-110.0607132730463, 44.42043687431874], [-110.06096996304547, 44.42009687477457], [-110.06134357237214, 44.41951476504407], [-110.0616773324328, 44.41906736456474], [-110.06181909377115, 44.418843454837194], [-110.06191061233568, 44.41861914388288], [-110.06196445376054, 44.41839451446624], [-110.06200487166012, 44.418223783649566], [-110.06204629297787, 44.41799005448144], [-110.06206159218547, 44.41781912486291], [-110.06205147356211, 44.41766599478884], [-110.06204050243755, 44.41756687474252], [-110.06197928225093, 44.41746733490211], [-110.06194261302105, 44.41740401431947], [-110.06196903247356, 44.41732321369932], [-110.06204597227931, 44.41722481426716], [-110.06217401364833, 44.417072814479745], [-110.06221414229039, 44.41692009438159], [-110.06222900222183, 44.416776174587476], [-110.06218193229756, 44.416577724702066], [-110.06213529266633, 44.41635226421579], [-110.06202615185089, 44.416108294613196], [-110.0618680609373, 44.41578289435429], [-110.06174607331498, 44.415556813535176], [-110.06158683345613, 44.415303434611054], [-110.06147639188016, 44.41514047420215], [-110.06137765175907, 44.415031624283266], [-110.06132828304601, 44.414977204701934], [-110.06132943199125, 44.414905184388196], [-110.06138053175786, 44.414851594354005], [-110.06157064311977, 44.4147451244559], [-110.06177361206832, 44.414620743032536], [-110.06198984194711, 44.41445147445583], [-110.06218068184269, 44.41429999426626], [-110.06232142179658, 44.41413909401926], [-110.06242462205303, 44.41396888336243], [-110.06249087280523, 44.41375336320807], [-110.062531712913, 44.4135556339297], [-110.06263578184036, 44.4133314143421], [-110.06275312157939, 44.4130622943895], [-110.06281951157047, 44.41283777388708], [-110.0628594928888, 44.41269405387586], [-110.06285038217521, 44.41247790273897], [-110.06285254172515, 44.412342883752146], [-110.06285326307233, 44.412297873931585], [-110.06282987184063, 44.41218965270941], [-110.06281832309934, 44.41212653367723], [-110.0628067716631, 44.412063422918884], [-110.06280734209332, 44.41202741322478], [-110.0628089231282, 44.41192839399149], [-110.0628097917991, 44.41187438284661], [-110.06281036312762, 44.41183837367777], [-110.06284991145802, 44.41172166393087], [-110.06286319304948, 44.41167676400356], [-110.06291457129383, 44.411605154159716], [-110.06292742169397, 44.41158725409143], [-110.06296567195876, 44.411551563668205], [-110.06302918195102, 44.41150706402828], [-110.06304188143422, 44.41149817397836], [-110.06307984064485, 44.411480474086346], [-110.06311780165213, 44.4114627838145], [-110.06319359161435, 44.411436394061674], [-110.06325652309157, 44.41142790377787], [-110.06344561306898, 44.411384442950975], [-110.06378641322654, 44.41127920265087], [-110.06403902217937, 44.411191242474956], [-110.06419130189138, 44.411093462873836], [-110.0642933415245, 44.410995263436696], [-110.0643578630198, 44.41088776300259], [-110.06435843165336, 44.41085207343594], [-110.06435987165277, 44.41076174344778], [-110.06439941189831, 44.41064502385191], [-110.06443838171366, 44.41056432298246], [-110.0644523720759, 44.41047440388393], [-110.06441627147957, 44.41037507271809], [-110.06434222155407, 44.41029344292354], [-110.0642440518632, 44.41014859366659], [-110.064084962023, 44.40988621374194], [-110.06399964183395, 44.40972345385377], [-110.06396383139345, 44.40960612383879], [-110.06397826193019, 44.40948920364596], [-110.06404378055542, 44.409318692607165], [-110.06422332144137, 44.40908608358672], [-110.06436433268645, 44.40890718275707], [-110.06454430206881, 44.4086475733739], [-110.06473769138316, 44.40833406265205], [-110.06498346146176, 44.40788593232499], [-110.06518941191875, 44.40757251313984], [-110.06533027134854, 44.40740261258436], [-110.06544500058338, 44.407295522037344], [-110.0655346326858, 44.40718822208608], [-110.06558701165338, 44.407053603529256], [-110.06567634282018, 44.40696431307785], [-110.06582832159657, 44.40688452290168], [-110.06593007107386, 44.40680433345001], [-110.06596903190604, 44.40672362214733], [-110.0660094318393, 44.40655290217861], [-110.06606381045674, 44.40629226195946], [-110.06612975129016, 44.406094742979995], [-110.06620896113864, 44.40585231187554], [-110.06628703282168, 44.40568189291609], [-110.06630174093783, 44.405546971832074], [-110.06627920041072, 44.40538473317397], [-110.06630646158465, 44.405249912161516], [-110.06634628120625, 44.4051151922373], [-110.06646130239353, 44.4049901030008], [-110.06662727153218, 44.40482040159414], [-110.06683347172081, 44.404488982879485], [-110.06697704136783, 44.40414804282127], [-110.06701686009112, 44.404013321643056], [-110.0671074722555, 44.40384301156289], [-110.06721051081523, 44.40368180144702], [-110.06736505158682, 44.40343998287311], [-110.06758366020445, 44.403117672930506], [-110.06778900160367, 44.40284025127081], [-110.06805755026294, 44.40253635173585], [-110.06832538116825, 44.40227745278549], [-110.06857951007056, 44.40209046243792], [-110.06884634025265, 44.401894582550256], [-110.06901186113195, 44.40175188114516], [-110.06920306125198, 44.401573382116894], [-110.06953551156896, 44.40119797215015], [-110.0698164614707, 44.400903172036564], [-110.07014763168841, 44.40060877221379], [-110.07044012134827, 44.40037707202917], [-110.07073162196303, 44.40020839185382], [-110.07095962156865, 44.40008421185455], [-110.07118820058764, 44.39992402214797], [-110.07159383126094, 44.39968424059855], [-110.07189773042323, 44.399524662099786], [-110.07232791205323, 44.39932109156884], [-110.07274566189801, 44.399108411457526], [-110.07336572132793, 44.39880735191191], [-110.07379574215949, 44.39861277166336], [-110.07403572169775, 44.398524690387504], [-110.07416199158904, 44.39848070136789], [-110.0743775621044, 44.39834740165093], [-110.07451724204626, 44.39824950173573], [-110.07454334080019, 44.398186701418034], [-110.0745441933014, 44.3981326814351], [-110.074494541619, 44.3980962703569], [-110.07434487151289, 44.398032041773405], [-110.07423357294415, 44.39792310160602], [-110.07414753140792, 44.39780537051633], [-110.07403624182231, 44.397696430568736], [-110.07388770269512, 44.39756018041326], [-110.07366369160935, 44.39743232148662], [-110.07350261289913, 44.39729597122918], [-110.07339174282677, 44.397160030798005], [-110.07330613158358, 44.39701529151061], [-110.07320952136801, 44.396771431234164], [-110.07313846013746, 44.39650076137622], [-110.07309690137748, 44.396350840633964], [-110.07304342107534, 44.396157881266944], [-110.07297164119258, 44.39593223166145], [-110.07291200114254, 44.395733681523225], [-110.07287775107571, 44.395517331633904], [-110.07286732073695, 44.395382210592906], [-110.0727941313975, 44.395246571247725], [-110.07270808986125, 44.395128831563454], [-110.07262206090144, 44.39501110127045], [-110.07256128178763, 44.39488456032605], [-110.07252560070455, 44.39475823156999], [-110.07250391088202, 44.394541990403596], [-110.07246823069724, 44.39441566026617], [-110.07240745068512, 44.39428912124357], [-110.07233511115192, 44.394099470421715], [-110.07231200199124, 44.393973241389126], [-110.07233952187997, 44.39382042117539], [-110.07236790954126, 44.39361358090085], [-110.07232152952314, 44.39337013009853], [-110.07225033085035, 44.39310847086878], [-110.07212863158722, 44.39286440045739], [-110.07199452030183, 44.392611230057035], [-110.07192189061278, 44.39243958115169], [-110.07186153909706, 44.39228604120746], [-110.07181346126308, 44.392150611008766], [-110.0717405602828, 44.39199697016852], [-110.07162941981754, 44.391879030089186], [-110.07139401989059, 44.39167905013868], [-110.07115920027532, 44.39144306126101], [-110.0708367796485, 44.391188360797806], [-110.07058826970831, 44.391024291364786], [-110.07037712878561, 44.39087852009696], [-110.07017797857532, 44.3907688611385], [-110.0699411691917, 44.390658900270154], [-110.0697180492347, 44.39047703131026], [-110.06952089957255, 44.3902413412181], [-110.06941033941897, 44.39008739109064], [-110.06936183937678, 44.38997895994901], [-110.06932603073291, 44.389861630132785], [-110.06934129939779, 44.38969070111721], [-110.06938080820231, 44.389573990833476], [-110.0694337396338, 44.38940336076287], [-110.0694611292668, 44.38925954016387], [-110.06948908933002, 44.38907971015547], [-110.06949265923495, 44.38885467006555], [-110.06955898903891, 44.38863014074167], [-110.06965057946867, 44.388396810078326], [-110.0698565694515, 44.38807438003449], [-110.06998509950405, 44.387886371093636], [-110.07003715956971, 44.387769749653685], [-110.07002660885668, 44.38764362958251], [-110.07000349789938, 44.38751740074856], [-110.06991819028674, 44.38735465052505], [-110.06983273894366, 44.387200911071915], [-110.06980963876612, 44.38707468064132], [-110.06978709913733, 44.386912440833186], [-110.06979008873058, 44.38672340999998], [-110.06974258851331, 44.386551960812305], [-110.06960992890541, 44.38620876947472], [-110.0695617091376, 44.38608234046039], [-110.06939111008198, 44.385756840568476], [-110.06930580965586, 44.3855941008574], [-110.06918398822187, 44.385359030517215], [-110.0690735888667, 44.38519608041338], [-110.06898799828475, 44.385051330795115], [-110.06891410825936, 44.38496070032126], [-110.06872810848654, 44.38481513993173], [-110.06851713824376, 44.384660370476766], [-110.06841799837235, 44.38457853082133], [-110.0683819184373, 44.3844792108969], [-110.06839618817558, 44.38437129066443], [-110.068410019536, 44.384290369298334], [-110.06856379943456, 44.38409357083229], [-110.06868004772052, 44.38388745052988], [-110.0687319793271, 44.383779840576324], [-110.06877262809371, 44.38359111035598], [-110.0688007390739, 44.383402270386576], [-110.06884124770332, 44.38322255014237], [-110.06886920776654, 44.3830427202051], [-110.06887459945486, 44.38297972059598], [-110.06912639902563, 44.38186542928554], [-110.06910700799192, 44.38150515894419], [-110.06910296826808, 44.38148042943626], [-110.06900402782269, 44.380874119216166], [-110.06865585878488, 44.380664210493855], [-110.06862048762056, 44.38051987020316], [-110.06916407796191, 44.379488969953115], [-110.06912029766822, 44.37829122859622], [-110.0689124984784, 44.37793842015603], [-110.06866148583181, 44.37714411906208], [-110.06825386718681, 44.37672665879362], [-110.0677268965765, 44.37592109898261], [-110.06907824663146, 44.37540094873639], [-110.0699335757326, 44.37496873929131], [-110.07051969591276, 44.37476447912777], [-110.07080992720803, 44.374667809193674], [-110.07104994717048, 44.37457072815559], [-110.07124048702876, 44.374428239434366], [-110.0714310170056, 44.374285739450634], [-110.07169685724423, 44.37414384912023], [-110.07186143758743, 44.37405515825886], [-110.07202600715085, 44.37396646918953], [-110.07210287598971, 44.373868059108794], [-110.07215464679787, 44.373769449166616], [-110.07214393708303, 44.37365232829446], [-110.07210970677914, 44.373435978972736], [-110.07209885692713, 44.373327857949704], [-110.07198775688607, 44.3732099091496], [-110.07182759715236, 44.373019549194275], [-110.07170521786458, 44.37282048918172], [-110.07154576779998, 44.3725851190512], [-110.07144849642438, 44.37238626817885], [-110.07131486663597, 44.37210608929573], [-110.07114656636917, 44.371636568820094], [-110.07101549767764, 44.37119435791103], [-110.07096856609395, 44.3709869079166], [-110.07093262539775, 44.37087857881337], [-110.07081054614726, 44.37066151866621], [-110.07068847587993, 44.37044444808236], [-110.07061559735756, 44.37029080806269], [-110.07054314643325, 44.37011015819508], [-110.07049422597952, 44.3700287387161], [-110.07032095623258, 44.36987427886198], [-110.07017321480937, 44.369693018947586], [-110.07011417573227, 44.369458458208605], [-110.0700057859084, 44.36916947800449], [-110.06995787605935, 44.36902504901528], [-110.06996129594563, 44.36880899854411], [-110.06997711617612, 44.36860206860338], [-110.07000606708108, 44.36835921759307], [-110.07006182461245, 44.3680085590292], [-110.07004113461484, 44.36772929870666], [-110.07001776584104, 44.367581557669155], [-110.06999550558831, 44.36744083848442], [-110.06993617545704, 44.3672242774154], [-110.06992633531141, 44.36705314872898], [-110.06994202528617, 44.36685520895845], [-110.06993275646906, 44.36664806854188], [-110.06987399676801, 44.36639550850504], [-110.06975492417878, 44.365989408460315], [-110.0696488241606, 44.36555639873385], [-110.06957809530671, 44.36526772744382], [-110.06953146555693, 44.36504227728715], [-110.06952191646546, 44.36485313859346], [-110.06953802505514, 44.36462819739784], [-110.06959349602391, 44.364295538290015], [-110.06968589493742, 44.36400819723905], [-110.06980324455792, 44.36373006805996], [-110.06983090458385, 44.363568237520965], [-110.06984730512599, 44.363325287289335], [-110.06988936514588, 44.36304653704566], [-110.06993028520372, 44.36283980703249], [-110.07004649486214, 44.36263368705193], [-110.0702512451699, 44.36238326825662], [-110.07067116624272, 44.3620175680241], [-110.07098984448808, 44.36170505791473], [-110.07125747596741, 44.36144614788952], [-110.07147476495992, 44.36119583705365], [-110.07174466468534, 44.360792898091695], [-110.07193927481019, 44.360389347499705], [-110.07228587359289, 44.35989700796718], [-110.07264486463492, 44.359413756869074], [-110.07288880484528, 44.35906462731091], [-110.07305603521856, 44.35880489763725], [-110.07317222511404, 44.35859877759111], [-110.0732370861725, 44.35846425728307], [-110.07322879472244, 44.35819410716487], [-110.07309958464522, 44.357634867310615], [-110.07299461470765, 44.357129857265406], [-110.07286412453116, 44.35665163758042], [-110.07279168438666, 44.35647098739908], [-110.07266863405735, 44.356316946543814], [-110.07249709446565, 44.356054467192536], [-110.07243649411657, 44.355918927485845], [-110.07242778405157, 44.35567577596465], [-110.07244487449985, 44.35538781712673], [-110.07244956370563, 44.35509076620203], [-110.07247977404865, 44.35476689701273], [-110.07252166428697, 44.354497156349076], [-110.07256229418896, 44.35430841717916], [-110.0726034738599, 44.35408368728852], [-110.07260589392128, 44.35393064604164], [-110.07266133524568, 44.35359799620632], [-110.07271648282095, 44.35328333690269], [-110.0727838941965, 44.35298678725306], [-110.07286357476222, 44.352708346889926], [-110.07289442380737, 44.35264141563631], [-110.07295451391336, 44.3525110170527], [-110.07301951510901, 44.35236749701909], [-110.07309621326797, 44.352278087159505], [-110.07321125511652, 44.35214397693205], [-110.0733385535788, 44.352027976752694], [-110.07341524365292, 44.35193856573282], [-110.07345416406092, 44.35185785648732], [-110.07335634381468, 44.35169500586161], [-110.07315945376565, 44.35145033691749], [-110.072937742367, 44.351187445857356], [-110.0726414833762, 44.350878935774126], [-110.07236974300275, 44.350606646945764], [-110.07212196339287, 44.35040656648897], [-110.07189969324213, 44.35017968704708], [-110.07177594312523, 44.350070646904726], [-110.07170295321176, 44.349926007024074], [-110.07164235196439, 44.34979046663269], [-110.07158332276875, 44.34955590585755], [-110.07149934286608, 44.349312146583316], [-110.07146398158324, 44.349167816384664], [-110.07146711311033, 44.348969776358075], [-110.0714574140002, 44.34878963695866], [-110.07141092259097, 44.34855517688719], [-110.07135232368837, 44.34829361671803], [-110.0712804629572, 44.348076966883994], [-110.07115843221578, 44.347859895481506], [-110.07098636261804, 44.347633425666224], [-110.0708882719789, 44.3474885754887], [-110.07079019122122, 44.347343736516365], [-110.0707414423457, 44.34725330657037], [-110.07070537319042, 44.34715398565344], [-110.07074727241191, 44.34688423628856], [-110.0707753420696, 44.34669539551257], [-110.07079016247515, 44.346551476435465], [-110.07081796263824, 44.346380646471616], [-110.07085843353842, 44.346200915397745], [-110.07086241217681, 44.345948866589595], [-110.07085399226767, 44.34568770529484], [-110.07079838205999, 44.34523710505123], [-110.07081420229046, 44.34503016508748], [-110.07079196090234, 44.34484992556816], [-110.07078226089392, 44.34466978507114], [-110.07078510316346, 44.34448975516092], [-110.07083855202457, 44.34428312606603], [-110.07085379194336, 44.344112185417245], [-110.07084324302699, 44.34398606639594], [-110.07084608170327, 44.343806026034365], [-110.07089853163777, 44.34366240502218], [-110.07093830185202, 44.3435276853199], [-110.07094029162037, 44.34340165626795], [-110.0709308718863, 44.34320351516918], [-110.07088383160645, 44.34300506502638], [-110.0708487514963, 44.34284272496302], [-110.07086329162748, 44.3427168062248], [-110.0709530827317, 44.342591494974926], [-110.07105528046833, 44.34247528572395], [-110.07116903143779, 44.34242219600056], [-110.07132097248495, 44.34233340507181], [-110.07143543042856, 44.342235304835405], [-110.07151168302315, 44.34217289478991], [-110.07151268284805, 44.342109885908584], [-110.07141375138582, 44.34201905470451], [-110.07128931046445, 44.3419550157974], [-110.07098955253561, 44.34187155528657], [-110.07079027027297, 44.34177990521912], [-110.07009581147292, 44.34127008525082], [-110.06950084109057, 44.34081508610581], [-110.06912825045343, 44.340577976059144], [-110.06893026086651, 44.34040530470084], [-110.06879400081095, 44.340296155786426], [-110.06868325201114, 44.340160205713396], [-110.06858632199535, 44.33994334528203], [-110.06851505055904, 44.33969068619452], [-110.06845662053969, 44.33942011608368], [-110.0683474303169, 44.33918514502217], [-110.06801462157215, 44.33881331583802], [-110.06771799157711, 44.33849005509398], [-110.06768166999522, 44.33845047603558], [-110.06732306972032, 44.338123436033065], [-110.06696346962052, 44.337859416076036], [-110.06666544993175, 44.3376679151697], [-110.06639193987719, 44.337512635613294], [-110.0660434600223, 44.337338726108314], [-110.06569484092851, 44.33717381509067], [-110.065409649182, 44.33696441603831], [-110.06511191964906, 44.336754914720785], [-110.06486394061321, 44.33657282501122], [-110.06466540934214, 44.33643615503691], [-110.06421731889864, 44.336216406192754], [-110.06381797014414, 44.336087096125205], [-110.06344298909005, 44.33600299630337], [-110.06316777852464, 44.33595571620316], [-110.06291750878482, 44.335917656289084], [-110.06275474842838, 44.335898316304686], [-110.06268034995654, 44.33584368627588], [-110.06265827835003, 44.335654435984424], [-110.06266257948359, 44.335384386330865], [-110.06267899889036, 44.33514143490319], [-110.06264552856119, 44.33488007575276], [-110.06257371723737, 44.334663414897975], [-110.06252641824271, 44.334482964881325], [-110.06240415932918, 44.334283905647936], [-110.06234474834953, 44.33407634616123], [-110.06232281957516, 44.33387809515634], [-110.06231357950415, 44.33367095574541], [-110.06225387926698, 44.333481406081255], [-110.06218178946544, 44.33328274568639], [-110.06213548760074, 44.333039285643274], [-110.0621017369972, 44.33279592611369], [-110.06205386757235, 44.332651485854065], [-110.0620175370073, 44.332570155683406], [-110.06184396812138, 44.332442694580706], [-110.06153200657938, 44.33234109510162], [-110.0610833879265, 44.33215734607611], [-110.06067167745537, 44.33201891610096], [-110.06051007862061, 44.33192755585241], [-110.06023559748722, 44.33183526566419], [-110.05967210856402, 44.33177661514745], [-110.05880646590509, 44.33178748614001], [-110.05845209669518, 44.33178456630394], [-110.05834243665352, 44.33178366477883], [-110.05805412595632, 44.3317722752318], [-110.0577655367814, 44.331778905265665], [-110.05754007671308, 44.331759036366535], [-110.05735210783314, 44.33174848601109], [-110.05707691792901, 44.33170119605494], [-110.05677678540269, 44.331644696089626], [-110.05671548706265, 44.331630946351446], [-110.05652682647994, 44.331588615026675], [-110.05630224765889, 44.33151473593877], [-110.05611614727475, 44.33138715623642], [-110.05594229721613, 44.331277685954205], [-110.05573039631871, 44.33119490615461], [-110.0554431061077, 44.331120505440914], [-110.0551297261259, 44.33110890628504], [-110.05471600612347, 44.33109647627458], [-110.05430243703802, 44.331075046323896], [-110.05365058712852, 44.3310516462224], [-110.05323600564174, 44.33109322611948], [-110.05268361450555, 44.33112465648726], [-110.05229440593398, 44.33114843632234], [-110.05166604427421, 44.33122424552655], [-110.05116308563146, 44.33130108660806], [-110.05082404527356, 44.331325286615375], [-110.05064817490386, 44.331341825840944], [-110.05058575636465, 44.33132329591921], [-110.05036045529815, 44.33129441668047], [-110.05021053546037, 44.33125715696036], [-110.05001162510027, 44.33114746667428], [-110.04970129489884, 44.33094682694176], [-110.0493515951318, 44.33085387656598], [-110.04908895469217, 44.330806675849715], [-110.04891483513897, 44.33071519676297], [-110.0487162149347, 44.33058750672488], [-110.04844322500469, 44.33040516653415], [-110.04794566433849, 44.33014893597194], [-110.0473476351926, 44.32990086711436], [-110.0466115143263, 44.329660647122346], [-110.0461753553064, 44.3294859470727], [-110.04587554347863, 44.32941141695717], [-110.04548736347807, 44.32937216592099], [-110.0450739524961, 44.329341697223356], [-110.04488584347898, 44.3293401260753], [-110.04454695493637, 44.32935529713076], [-110.04423343481737, 44.32935267598085], [-110.04405844389832, 44.32931519590165], [-110.04389629349798, 44.32925981689779], [-110.0436847132991, 44.3291590157954], [-110.04347313310022, 44.329058206808575], [-110.04327335317093, 44.32900251590104], [-110.04309808197753, 44.328983046401284], [-110.04288415358252, 44.32902626703693], [-110.0426200731435, 44.32906906738083], [-110.04239389262634, 44.329094176944196], [-110.0421562127752, 44.32905617619429], [-110.04169367293034, 44.32896226727522], [-110.04124455301753, 44.328814446483335], [-110.04105761270858, 44.328740856285265], [-110.04093353290996, 44.328658787480606], [-110.0407725530144, 44.328531387278694], [-110.04071132384465, 44.328440846061305], [-110.04055299128424, 44.328151417437674], [-110.04032074264732, 44.32778034597472], [-110.04019886372116, 44.32756324697388], [-110.04012640111875, 44.32739158604245], [-110.04007830352181, 44.32726513609227], [-110.04006796211627, 44.32713000727932], [-110.04007134337499, 44.32692296613286], [-110.04000021207585, 44.32667028693056], [-110.03983228191495, 44.32620071723386], [-110.03965343183347, 44.32563202674698], [-110.03949864133023, 44.32512655587993], [-110.03941409279399, 44.32492777721467], [-110.0393919520172, 44.32489392718077], [-110.03932821205619, 44.3248470860483], [-110.03926447299354, 44.324800237166684], [-110.03915899191455, 44.32474356603605], [-110.03906619145414, 44.32469669586438], [-110.03889302142018, 44.32463503704358], [-110.03781859232292, 44.3243440569183], [-110.03775573001596, 44.324337566784585], [-110.03756792013783, 44.324318037255104], [-110.03733070112244, 44.324253016965955], [-110.03700628982895, 44.3241512471354], [-110.03665650112866, 44.32406726643981], [-110.03638122049468, 44.32402893725], [-110.03623553082359, 44.3240217260229], [-110.0359426297353, 44.32400722644748], [-110.03556674048447, 44.323986046470004], [-110.03522891105557, 44.32393817700645], [-110.03499110094872, 44.32390915724574], [-110.03476039022753, 44.323854307185364], [-110.03471626048923, 44.32384381710309], [-110.0345790616942, 44.32379763642626], [-110.03432946030092, 44.32372350652811], [-110.03403012997016, 44.32362193628856], [-110.03375604050223, 44.323511586492664], [-110.03340640900714, 44.323418597342226], [-110.0330557812804, 44.32329992661267], [-110.03296988976281, 44.32327085769389], [-110.03188414997781, 44.32294654727328], [-110.03140912983874, 44.32285248718594], [-110.0312092483998, 44.32280577617039], [-110.03107220052173, 44.32275059731743], [-110.03092335956062, 44.322650307519396], [-110.03072509958079, 44.32250457749724], [-110.03051430900106, 44.322358737216035], [-110.03036561895692, 44.32224943774415], [-110.03007988822124, 44.32208495730429], [-110.02988073890927, 44.32199323775007], [-110.02965622925852, 44.32191930737264], [-110.029444399328, 44.32183647773267], [-110.0292327185178, 44.32174464724905], [-110.02894728871776, 44.32156215681652], [-110.02867381010424, 44.32141578783506], [-110.02846271858888, 44.32128794773024], [-110.02825252898207, 44.32110609663568], [-110.02806756856003, 44.32091546649376], [-110.02793186995152, 44.3207792677567], [-110.02780856809393, 44.320652166645566], [-110.02767227839398, 44.32055197673389], [-110.02748597858383, 44.320442357690645], [-110.02729952965335, 44.320341737457746], [-110.0271626470653, 44.32027754762321], [-110.02701232927386, 44.32026726770556], [-110.02674931783002, 44.320247016358934], [-110.02649868786577, 44.320235877793976], [-110.02626074929984, 44.32021583788359], [-110.0260226580203, 44.320204807928384], [-110.02584681819333, 44.320221317512114], [-110.02569531911728, 44.320283046526846], [-110.02559365677658, 44.32036319768044], [-110.02554260821393, 44.32041678746819], [-110.0254782780598, 44.3205152680473], [-110.0253884177853, 44.32064054806687], [-110.02524840816176, 44.320765387576046], [-110.02508271929747, 44.32092602779544], [-110.02491687771962, 44.321095667759856], [-110.02476372754009, 44.32125641761675], [-110.02462221773001, 44.321471277716476], [-110.02438098773688, 44.321649276737055], [-110.02406393813712, 44.32186263731502], [-110.02374731793208, 44.32204899700927], [-110.02346891655081, 44.32219966840285], [-110.02336711676787, 44.32228882722274], [-110.02309915740346, 44.322565628020236], [-110.02295913789844, 44.32269046728925], [-110.02283179811366, 44.322806418195654], [-110.02271699791193, 44.32292247748358], [-110.02260235761031, 44.323029538583036], [-110.02252636732379, 44.323073898551876], [-110.02240052772554, 44.323099828151214], [-110.02217451878656, 44.32311589862304], [-110.0219986672815, 44.32313239839029], [-110.02178520780704, 44.32314857746346], [-110.02164168756737, 44.32317499866767], [-110.02145812761884, 44.32320879828034], [-110.02115643741382, 44.32325122819652], [-110.02075412871045, 44.32331079724837], [-110.02039003613591, 44.323334688218665], [-110.02005072718175, 44.323376787715645], [-110.01955988681217, 44.3234806083343], [-110.01915682621893, 44.32358518774994], [-110.01872823730194, 44.323716548470685], [-110.01807272675764, 44.32391797769672], [-110.01769205667286, 44.32403123859586], [-110.01733885706943, 44.32414051803915], [-110.0167467864488, 44.324323718935645], [-110.01522991641289, 44.32479302924762], [-110.01497036617785, 44.32488852831926], [-110.01485737608141, 44.324952637919544], [-110.01451578630474, 44.32512974788528], [-110.01422390749926, 44.32533429806111], [-110.01390753612755, 44.32550262907727], [-110.01364133656277, 44.32567137925204], [-110.0135262165608, 44.325805429227735], [-110.01323341608382, 44.32606398967037], [-110.01294122646127, 44.326286538580185], [-110.01262304588256, 44.326562878388046], [-110.01229428494645, 44.32672208831531], [-110.01209288625301, 44.326765368453245], [-110.01180385600529, 44.326798879386935], [-110.01160306636962, 44.32680613846947], [-110.01134214620377, 44.32665983976509], [-110.01104344559201, 44.32652219945583], [-110.0106952055873, 44.32634812947433], [-110.01020962575204, 44.326136848699136], [-110.0096228255472, 44.32597872002036], [-110.00924844636434, 44.32586742869986], [-110.00891047500163, 44.32582848954052], [-110.00840842635225, 44.32585113855808], [-110.00815747479112, 44.32585796012381], [-110.00788220493693, 44.32581956012888], [-110.00745827468299, 44.32567182974027], [-110.00681380353521, 44.32521607013092], [-110.00637962440221, 44.324933199850385], [-110.0060066241333, 44.32474089005506], [-110.0056585557068, 44.32455779971164], [-110.00532303404987, 44.324374819975375], [-110.00506152369087, 44.324264510154826], [-110.00477448410982, 44.32418098012101], [-110.0043992137982, 44.32412369015949], [-110.00439616401782, 44.32412342988482], [-110.00392332498825, 44.32408353008547], [-110.00346012398333, 44.32403446986271], [-110.00307201405134, 44.323995069345706], [-110.00272105394794, 44.32398300028516], [-110.00234426368687, 44.32401572041512], [-110.00228973325417, 44.32402454020742], [-110.00208017336638, 44.32405842930226], [-110.00169068452043, 44.324100039220404], [-110.00141435375588, 44.32412463935874], [-110.00122626360339, 44.324122990309846], [-110.00108848359837, 44.32411278047256], [-110.00100116286117, 44.32408500947484], [-110.0007537830016, 44.324037749328426], [-110.00075193337044, 44.32377900900791], [-110.00075338145466, 44.31060694885385], [-110.00075350632049, 44.30946369906993], [-110.00075351081206, 44.30946359879096], [-110.00075319999499, 44.29489568718721], [-110.00075319819834, 44.29489561710305], [-110.00075321975793, 44.28053583669784], [-110.00075321616464, 44.28053578460427], [-110.00075312184156, 44.265994766428186], [-110.00075312363818, 44.26599474005334], [-110.00075261609005, 44.25156675546877], [-110.00075276970196, 44.238432983411705], [-110.00100276276068, 44.22380348779735], [-110.00101206212052, 44.209193795411814], [-110.00075237713817, 44.19425253445503], [-110.00075217232228, 44.179367522103654], [-110.00075175730062, 44.16488342373181], [-110.00075173484275, 44.16403421779239], [-110.0011918401617, 44.14661439975751], [-110.00112535405088, 44.132671491246214], [-110.01344224743791, 44.13287443927845], [-110.03387737055778, 44.13277570165208], [-110.05337866888866, 44.132838251018136], [-110.07433433696956, 44.132923746134274], [-110.0880564865151, 44.13298358677474], [-110.09428011990636, 44.13303317593698], [-110.09464239788404, 44.13303010502455], [-110.11468497159778, 44.13285846636282], [-110.11974519596627, 44.132888198780584], [-110.11983011640503, 44.132887879631895], [-110.13413647631245, 44.13283337287403], [-110.15488727101642, 44.13287343798942], [-110.17475776345434, 44.13284316526757], [-110.19522863862417, 44.132843488285005], [-110.21527880759363, 44.13275341148529], [-110.2382603563033, 44.13266308180723], [-110.2583729572867, 44.13258817759269], [-110.27880168170677, 44.132592445825345], [-110.29873313292157, 44.13257241543239], [-110.31888408118779, 44.13269201612653], [-110.33862469610024, 44.13269202257403], [-110.35882605243036, 44.13264168586288], [-110.37869174786464, 44.13247963091679], [-110.39878262219459, 44.13253832242035], [-110.41885477204072, 44.132549178697985], [-110.4392996167286, 44.13255098205977], [-110.45916098857141, 44.13267086390713], [-110.47889645613729, 44.13270900069497], [-110.50077121843316, 44.13270579372411], [-110.51964296663314, 44.132739639056844], [-110.53976371623448, 44.1327391922475], [-110.5601346331677, 44.13271815158613], [-110.58053508311421, 44.13271778343576], [-110.58796514944048, 44.13272773510089], [-110.60127397064907, 44.132626757375675], [-110.62076635230245, 44.132606333053324], [-110.62650737838374, 44.132718276667], [-110.64069702737282, 44.13263587733171], [-110.6600370143298, 44.1326748342606], [-110.66157773014497, 44.13267486327423], [-110.68169785272222, 44.13264435382828], [-110.70178849079524, 44.13272389112135], [-110.71506185280464, 44.132595306572654], [-110.71977123834228, 44.13259508929257], [-110.72007658109726, 44.132594884262666], [-110.72509130759323, 44.1325926269996], [-110.72983086215136, 44.13259043614549], [-110.73010603498751, 44.13259067728129], [-110.73512076238181, 44.132595810765686], [-110.7398954554406, 44.13259683849411], [-110.74014926633932, 44.13259719117127], [-110.74517777389006, 44.13260129628205], [-110.74995749392117, 44.13260532724647], [-110.75020627784755, 44.13260520667863], [-110.75523475934716, 44.132599888152356], [-110.76001189672186, 44.13259593584681], [-110.7602644589623, 44.13259639942064], [-110.76529413072966, 44.132603770180125], [-110.77007882473252, 44.13261084564413], [-110.77032383214141, 44.13261094686954], [-110.77535352995993, 44.13261090109243], [-110.78015078061382, 44.13261270058382], [-110.78037820170441, 44.132612856612816], [-110.78540287344892, 44.13261581149232], [-110.79020265106371, 44.13261863806686], [-110.7904275739395, 44.132618572302576], [-110.79545224568399, 44.132617250569524], [-110.80026702426571, 44.132615518132035], [-110.8004856409682, 44.1326155368297], [-110.80551906140522, 44.13261579859734], [-110.81032128333594, 44.132616067457235], [-110.81055245668946, 44.13261611323429], [-110.81558587892312, 44.132616373712466], [-110.8204029643785, 44.13261253165985], [-110.82061152354306, 44.132612550357564], [-110.82563719421415, 44.13260833886419], [-110.8304643632586, 44.13260449745586], [-110.83066286668186, 44.132604627694946], [-110.83511813679193, 44.13260327178994], [-110.84016350302565, 44.132516059888204], [-110.84054309692873, 44.1325160714937], [-110.8451861751203, 44.13251840484004], [-110.85020887596106, 44.13252094257175], [-110.85057338355728, 44.132521121811955], [-110.85521601887942, 44.132518600199006], [-110.85523154625909, 44.132518593106745], [-110.86033466608072, 44.13251579489637], [-110.86070420154759, 44.132515584708216], [-110.86536992177588, 44.13251794448935], [-110.87040517567442, 44.13252048093156], [-110.87075963022427, 44.13252063309228], [-110.87525799611181, 44.13252196449874], [-110.87544040352182, 44.132522019302414], [-110.88047391109545, 44.13252350093533], [-110.8808213354299, 44.1325235970029], [-110.88550841490073, 44.13251809471585], [-110.89054289445149, 44.13251218688117], [-110.89088176412946, 44.132511785847285], [-110.89509840037759, 44.132487411751356], [-110.89557753749563, 44.13248464255324], [-110.90060057071302, 44.13245559852486], [-110.90099221910893, 44.13245333222997], [-110.90562396505321, 44.1324624418968], [-110.91064713661116, 44.13247234009077], [-110.91115567648676, 44.132473347189354], [-110.91539153758026, 44.132497643276416], [-110.91567039171245, 44.132499241609544], [-110.92070092496415, 44.132528112179024], [-110.92126099400109, 44.13253133850199], [-110.92573187503416, 44.132524206290555], [-110.93076260142367, 44.13251618948273], [-110.93132644967301, 44.132515304242425], [-110.93556233771596, 44.132523633108825], [-110.935793552392, 44.13252408701202], [-110.94081705902157, 44.132541875630345], [-110.94140732223184, 44.132543989761174], [-110.94584036802179, 44.13258013629313], [-110.95086365007252, 44.13262109197702], [-110.95148905447837, 44.13262617710269], [-110.9550999387641, 44.13262989149432], [-110.9552768080604, 44.13263007331317], [-110.96029484125494, 44.1326359450302], [-110.96153428727662, 44.1326373937781], [-110.9653128457034, 44.13264976132567], [-110.97033085105015, 44.13266616240997], [-110.97162549225784, 44.13267038485992], [-110.97510028537128, 44.13268395291973], [-110.9753488554986, 44.13268492390883], [-110.98037260916487, 44.13270448940118], [-110.98177689244793, 44.132709985223386], [-110.98539614543886, 44.13271422185464], [-110.99041995569898, 44.13272009549752], [-110.99178034639894, 44.13272170349585], [-110.99519435770362, 44.13272785115528], [-110.99544348658304, 44.13272829860948], [-111.00045224377398, 44.13273731023239], [-111.00185403692706, 44.13273984215198], [-111.00546079794564, 44.1327448518321], [-111.01046958028938, 44.13275178156651], [-111.01194038112429, 44.13275381122802], [-111.01547814164756, 44.13276021291423], [-111.01566746608528, 44.13276055527448], [-111.02047992162368, 44.132769254835324], [-111.02200666953446, 44.13277200532249], [-111.02548167734525, 44.1327797409863], [-111.0304834600163, 44.13279089573693], [-111.03207043008544, 44.13279442185243], [-111.03548524178903, 44.13280129935659], [-111.03578060695615, 44.132801894457025], [-111.0405033288825, 44.13281142379955], [-111.04218938672074, 44.13281480678021], [-111.04552141687428, 44.132818744241995], [-111.04855482726444, 44.13282230130357], [-111.05231676057024, 44.132821998917905], [-111.05384125730293, 44.132821917035216], [-111.05388934052685, 44.13282188673219], [-111.05890942996507, 44.13282142831803], [-111.06236360404779, 44.13282110981369], [-111.06392951850498, 44.13282097054863], [-111.0689496070449, 44.13282045668642], [-111.07240925276601, 44.132820109168506], [-111.07397211115459, 44.132820025996295], [-111.07898156094659, 44.132827123355746], [-111.08246379211059, 44.13283208209357], [-111.08399103858635, 44.13283463721989], [-111.08900048748005, 44.13284309692457], [-111.09251958011342, 44.13284902406853], [-111.0940099633232, 44.132849361270324], [-111.09404810489184, 44.132849387060126], [-111.09802954423228, 44.13285227165054], [-111.09802934660291, 44.13386275680112], [-111.09802700379663, 44.135803362091806], [-111.0980226218147, 44.13942932265085], [-111.09802056107944, 44.14112353567043], [-111.09802019187185, 44.142576109814904], [-111.09804628343929, 44.14622987437605], [-111.09805563490137, 44.14841179012512], [-111.09805979589778, 44.14986733554721], [-111.09808588926184, 44.153521099976636], [-111.09809524162226, 44.1557048472513], [-111.09799042260164, 44.157013423324685], [-111.09799011717446, 44.157069201233625], [-111.0979695430595, 44.16065596768879], [-111.09796189300654, 44.16285374217657], [-111.09795866446143, 44.16428206500657], [-111.09793778312262, 44.16792463745666], [-111.09792996508472, 44.170148052571086], [-111.09792687577844, 44.171547902717656], [-111.09792684972732, 44.1715508195663], [-111.09790485717251, 44.1751866704119], [-111.09789637258466, 44.17743947535426], [-111.09789322758284, 44.17880732424001], [-111.09787123592638, 44.18244314706567], [-111.0978625025052, 44.184730729045796], [-111.09785982822059, 44.18602657933], [-111.09785952279339, 44.186063940213515], [-111.097829613386, 44.18970354033725], [-111.09781751936734, 44.1920150406664], [-111.09781356947504, 44.19333022275019], [-111.09778366096597, 44.19696982244052], [-111.09777139896232, 44.19929868455468], [-111.09776783444728, 44.2005052264873], [-111.09776755686786, 44.200596560668586], [-111.09772659458923, 44.20423760738728], [-111.0977094143094, 44.20659096747935], [-111.09770438194721, 44.20786323371815], [-111.09766341607529, 44.21150425113147], [-111.09764584772327, 44.21388416794241], [-111.09764159240378, 44.21498384797831], [-111.0976410067022, 44.21513001609061], [-111.09757359802161, 44.218797339574365], [-111.09754461298067, 44.22119628664107], [-111.09753671499267, 44.22244368992936], [-111.09746928026094, 44.22611101429752], [-111.09744029521995, 44.228509959458776], [-111.0974347606995, 44.229462416688506], [-111.09743362163572, 44.229658780963454], [-111.09744179810144, 44.23327376625236], [-111.09744564648412, 44.23575143557912], [-111.09744644867968, 44.236889671258645], [-111.09745462245044, 44.240504657738406], [-111.09745850047752, 44.24298777136666], [-111.09745910863697, 44.243940949931414], [-111.09745921553649, 44.24412064546715], [-111.09745939250459, 44.24773482860334], [-111.09745946436982, 44.25023460773946], [-111.09745945359002, 44.251347374091424], [-111.09745961528678, 44.254961561012585], [-111.09745967637222, 44.25748217843014], [-111.09745967008402, 44.25841944183965], [-111.09745969703347, 44.258574136781355], [-111.09745813396488, 44.2621972130136], [-111.097457365007, 44.264729524951846], [-111.09745721409003, 44.26581873436726], [-111.09745565371638, 44.26944181185568], [-111.09745488206356, 44.271976845164474], [-111.09745467904429, 44.272897912920925], [-111.09745465119651, 44.27306327539743], [-111.0974524808668, 44.276691131465746], [-111.09745140109182, 44.27922308141078], [-111.09745119807256, 44.28031765094647], [-111.09744902594622, 44.28394547844544], [-111.09744794886619, 44.286469289669654], [-111.09744771889747, 44.28737632964385], [-111.09744768835478, 44.287571999664515], [-111.0974434069841, 44.29118990823375], [-111.09744129953644, 44.293718276251276], [-111.0974409312272, 44.294805819339665], [-111.09743664895824, 44.29842370150425], [-111.09743451635774, 44.300967484877475], [-111.0974342019474, 44.30185472022567], [-111.0974341444552, 44.30203961015826], [-111.09742780594257, 44.30566582738345], [-111.0974246456694, 44.30821749945946], [-111.09742408152742, 44.30928968004012], [-111.09741777086253, 44.31291586914707], [-111.09741569665253, 44.314975978512244], [-111.09741558166817, 44.31546662443415], [-111.0974142952807, 44.31633305243611], [-111.09741091402198, 44.31859211194465], [-111.09740468869705, 44.322209465976044], [-111.09740454137335, 44.322715526884245], [-111.09739993391425, 44.325825569407755], [-111.09739367894493, 44.329442924052465], [-111.09739356485889, 44.32996431965082], [-111.09739233416695, 44.33081135897468], [-111.097389063401, 44.33306300108901], [-111.09738294856885, 44.336683967516045], [-111.0973828335845, 44.33720986249022], [-111.09737833392325, 44.34030401519866], [-111.09737221639617, 44.34392497906378], [-111.09737207446234, 44.34445537613267], [-111.09737081861758, 44.34528963845808], [-111.0973673529172, 44.34754789058885], [-111.09736084911455, 44.351171467225896], [-111.09736070358748, 44.35169914003504], [-111.09735595509288, 44.35479435030806], [-111.09734947823969, 44.35841792595701], [-111.09734933361092, 44.35894284946463], [-111.09734816041117, 44.35976786060006], [-111.09734486269575, 44.362041364230635], [-111.09733877391476, 44.36566502345887], [-111.09733863198095, 44.36618452936246], [-111.09733415926915, 44.369288461753406], [-111.09732807138646, 44.372912120248664], [-111.09732790070656, 44.373426127031244], [-111.09732653077576, 44.37424605549966], [-111.09732270574926, 44.37653641942325], [-111.09731561894, 44.3801606637875], [-111.09731547610785, 44.38066564287124], [-111.09731022635336, 44.38378499133915], [-111.09730313684912, 44.38740923254308], [-111.09730299491532, 44.38790504554989], [-111.09730140310063, 44.38872422305236], [-111.0972969106259, 44.3910253928998], [-111.09728876829615, 44.394640497322044], [-111.09728862546402, 44.39513628244987], [-111.097282570819, 44.39825662873699], [-111.09727807205606, 44.400941721167264], [-111.09727655929314, 44.40236960124773], [-111.09727304059217, 44.40455890908395], [-111.09726342412705, 44.408175429915616], [-111.09726010036049, 44.410284681030895], [-111.09725839176481, 44.41179278337907], [-111.09724866570524, 44.41539327826977], [-111.09724863875579, 44.4154095826663], [-111.09724673342907, 44.417084994624595], [-111.09724416334905, 44.4190403815436], [-111.09723526643447, 44.42266845925359], [-111.09723341949824, 44.42432214804306], [-111.09723079192602, 44.42629778542628], [-111.09722203694527, 44.429871334208784], [-111.09722192824913, 44.42992586181154], [-111.09721988458185, 44.43155777312466], [-111.0972168662425, 44.43355824422854], [-111.09720688865465, 44.437189042372054], [-111.09720495548015, 44.43879292647908], [-111.09720182934296, 44.44082145310176], [-111.09719210418169, 44.44434936215812], [-111.0971918517551, 44.44445222322866], [-111.09718989342777, 44.4460287187047], [-111.09718654181346, 44.44807191188407], [-111.09717603781283, 44.451691599398124], [-111.09717402378998, 44.45326903833003], [-111.09717067307396, 44.45531134343804], [-111.09716041970331, 44.45882733507276], [-111.09716016727671, 44.458931029821905], [-111.09715804365936, 44.46050960809496], [-111.09715446836455, 44.46255041296347], [-111.09714329961062, 44.46617021154482], [-111.09714086517621, 44.46785470651718], [-111.09713765369906, 44.469789592715095], [-111.09712676162624, 44.47330528041855], [-111.09712648314851, 44.47340939303539], [-111.09712441612503, 44.47482991125889], [-111.09711945293309, 44.4770283297922], [-111.09710602671285, 44.48064651911333], [-111.09710396328265, 44.482067038057565], [-111.09709899739575, 44.484265455666666], [-111.09708843320801, 44.48663280941749], [-111.0970872573133, 44.48930693090286], [-111.09708670305278, 44.49110817782905], [-111.09708679557924, 44.49473036839145], [-111.0970867982742, 44.49652819979708], [-111.09708683061355, 44.498351363896404], [-111.09708697164905, 44.50197355306156], [-111.09708702015807, 44.503753270088644], [-111.09708707315868, 44.505594545311055], [-111.09708639223568, 44.50921565089846], [-111.09708621975915, 44.51098417522389], [-111.09708604997756, 44.51283600433312], [-111.09708534300344, 44.516457109707474], [-111.09708519657805, 44.51819849372619], [-111.0970850232032, 44.520077462937685], [-111.09708468004676, 44.52369654022257], [-111.0970845893169, 44.52541387054258], [-111.0970845003837, 44.527315756453056], [-111.09708415632893, 44.53093483235365], [-111.09708409344688, 44.53255985449549], [-111.09708397936085, 44.53455401956325], [-111.09708516244206, 44.53817309647347], [-111.09708543373328, 44.53992659163128], [-111.09708576251668, 44.54179231212528], [-111.09708691685182, 44.54541136170361], [-111.09708715849862, 44.547077994701105], [-111.09708751602813, 44.54903054864456], [-111.09708578407626, 44.55265045925275], [-111.09708544002149, 44.55423042429394], [-111.09708491001548, 44.556270119751], [-111.0970831484192, 44.55989002875425], [-111.09708272710932, 44.561694442097874], [-111.09708230490116, 44.563509689514014], [-111.09708887607746, 44.56712254346086], [-111.09709292298783, 44.568641035663546], [-111.09709800475737, 44.57073509175223], [-111.09710457593367, 44.57434794615318], [-111.09710845575738, 44.57578677155032], [-111.09710745413582, 44.57796049485211], [-111.09710763649385, 44.58159190514933], [-111.09710801648122, 44.58300439519792], [-111.09711115339817, 44.58522464843839], [-111.09711575187413, 44.588856031093584], [-111.09711779913465, 44.590229631950784], [-111.09711729787473, 44.59248877335943], [-111.09711528744512, 44.59610662740497], [-111.09711502603537, 44.59745097897095], [-111.09711421934824, 44.59972512099456], [-111.09711220891863, 44.603342975431595], [-111.09711194750888, 44.604674660410545], [-111.09711386271708, 44.606961357327215], [-111.09711871361962, 44.610575461921115], [-111.09712075998185, 44.61216220594612], [-111.09712420052935, 44.614190289327524], [-111.09713052466896, 44.61780439170448], [-111.09713315493613, 44.61935313690566], [-111.09714004052277, 44.62141919114396], [-111.09715475223217, 44.62504079516653], [-111.09716027148127, 44.62656859464896], [-111.09716807514616, 44.62866337196534], [-111.09718281560166, 44.632284976021964], [-111.09718822166303, 44.63378924639545], [-111.0971953318285, 44.635907553287204], [-111.09720754172986, 44.63952560076172], [-111.09721217164683, 44.641027342798424], [-111.09721886499402, 44.64314417811278], [-111.09723107669198, 44.646762227473346], [-111.09723562126901, 44.64824047001734], [-111.09723639921003, 44.65054905592856], [-111.09720738901626, 44.65417441017509], [-111.0972043760668, 44.65546992750103], [-111.0971930986167, 44.65780020873297], [-111.09719307615883, 44.658143880615164], [-111.09719321719432, 44.65857324779471], [-111.09718844714017, 44.66142925901027], [-111.09718807433934, 44.66270380292394], [-111.09718521230683, 44.665058057225075], [-111.09718839593621, 44.66869444100481], [-111.09718877322861, 44.669942956744514], [-111.09719013597292, 44.672331267431154], [-111.09719331960228, 44.675967621634435], [-111.09719369599637, 44.677179970482705], [-111.09719151309024, 44.67960278762502], [-111.09720357387124, 44.683202385259506], [-111.09720450632251, 44.68439529162106], [-111.09720831338268, 44.68680910073408], [-111.09721677551266, 44.69040706597119], [-111.09721773311675, 44.69160174811486], [-111.09722151143085, 44.69401255825549], [-111.09722533466068, 44.69763291369622], [-111.09722573980088, 44.69881290095293], [-111.09722748882074, 44.70125976692265], [-111.0972312833045, 44.70488009447474], [-111.09723168664806, 44.70602760967702], [-111.09723171988571, 44.70636944734816], [-111.09723307993507, 44.70850847795867], [-111.09723603898561, 44.71210197015775], [-111.09723636058249, 44.71325615238644], [-111.09723774937791, 44.7156970451358], [-111.09724071022508, 44.719290539095375], [-111.09724105966974, 44.720489388904724], [-111.09724200469742, 44.72288458602443], [-111.09724071471665, 44.726489552546134], [-111.09723939778647, 44.73009449098045], [-111.09723935017574, 44.73077252564782], [-111.09723849677623, 44.733703678173235], [-111.0972372364399, 44.73724039131363], [-111.09723704869201, 44.737985930748756], [-111.09723419474432, 44.740836523619514], [-111.09722957201389, 44.744448518319295], [-111.09722938696092, 44.7451598605351], [-111.09722642162217, 44.748058260450975], [-111.0972218321294, 44.75165621301101], [-111.09722180428162, 44.75171737918764], [-111.09722159138089, 44.752332549279025], [-111.09721832780147, 44.75525125917604], [-111.09721340952528, 44.75883255752218], [-111.09721325142179, 44.75948853269681], [-111.09721540648016, 44.76245896725715], [-111.09721796039051, 44.76608631845038], [-111.09721804483215, 44.766194234165646], [-111.09721844278582, 44.766719626639116], [-111.09721987380206, 44.769736503652936], [-111.0972213748869, 44.77338644096842], [-111.0972217728406, 44.77400697240538], [-111.09722203874189, 44.77703607173404], [-111.09722600929547, 44.780671063917055], [-111.09722600929547, 44.780687869974415], [-111.09722637940135, 44.78124151068428], [-111.09722550713722, 44.78432355612931], [-111.09722514421784, 44.78795910385994], [-111.09722548557767, 44.788471133659264], [-111.09722517116731, 44.791594928168614], [-111.09722725166552, 44.79514783639448], [-111.09722367637067, 44.79522814631601], [-111.09722759392362, 44.795702645231856], [-111.09722897193926, 44.79885182796495], [-111.09722988642423, 44.80247343106817], [-111.09723013795251, 44.80264529307323], [-111.09722857847717, 44.80609078451937], [-111.09722885964986, 44.80626625844006], [-111.09722732622568, 44.80962455272047], [-111.0972236251667, 44.80970596352244], [-111.09722749421064, 44.80982413806828], [-111.09723862793027, 44.81322504480645], [-111.09725045784424, 44.81674306321029], [-111.09725074171186, 44.81701759346913], [-111.09726098430272, 44.82025838894584], [-111.09727306484668, 44.8238206014311], [-111.09727343315595, 44.82425854827133], [-111.09727431979314, 44.82793576364146], [-111.09727514983645, 44.83149875486208], [-111.09727515163308, 44.83157294864156], [-111.09727626105246, 44.83519719028915], [-111.09727722224982, 44.838297289474895], [-111.09727737047183, 44.83878873730286], [-111.09727736957352, 44.83882132185794], [-111.09727658893753, 44.842443617830256], [-111.0972758100982, 44.84603691751274], [-111.09727583794597, 44.84606586058083], [-111.09727530883825, 44.84968890793922], [-111.09727488124018, 44.852773924088964], [-111.09727480578171, 44.853272038940595], [-111.09727480578171, 44.85331184331363], [-111.09727230307533, 44.85693480868586], [-111.09726985516618, 44.860505187514555], [-111.09726985606447, 44.86055768875565], [-111.09726727071308, 44.86418112529827], [-111.0972651497907, 44.86725053057556], [-111.0972647976511, 44.86773931077736], [-111.09726479675281, 44.867804450300106], [-111.09726179548144, 44.87142785982062], [-111.09725887505844, 44.87499143423551], [-111.09725887595678, 44.87505115518498], [-111.09725698590142, 44.878674036557186], [-111.09725544708732, 44.88172708074177], [-111.09725520454221, 44.88221894473523], [-111.09725517669443, 44.88229677894388], [-111.09725259224133, 44.88592104796569], [-111.09725014253556, 44.88945292678082], [-111.09725014343388, 44.88954520576107], [-111.09724756167577, 44.89316947568005], [-111.09724543805842, 44.8962035750566], [-111.0972450841222, 44.89670316209015], [-111.09724508591883, 44.896793662299274], [-111.09724149984422, 44.900413154904115], [-111.09723819045071, 44.90389689508529], [-111.09723819134905, 44.90403261690901], [-111.09723458012158, 44.9076521106269], [-111.09723181959873, 44.91082815354524], [-111.0972314485945, 44.91200082786929], [-111.09721948303492, 44.91807583243751], [-111.09720242133274, 44.9253273713192], [-111.09719804923223, 44.92642048837057], [-111.0971733895794, 44.93261135695209], [-111.09714435692771, 44.93989536885923], [-111.09714037289943, 44.94089690181914], [-111.09711532517437, 44.94717935136472], [-111.09708629162438, 44.954463335913125], [-111.09708266602388, 44.9553732584372], [-111.09705722932831, 44.9617472929124], [-111.09702819847327, 44.969031276677725], [-111.09702348770792, 44.969849586644465], [-111.09698613755504, 44.976331676182625], [-111.0969440766368, 44.983632049905545], [-111.09694008901525, 44.98432586018694], [-111.09690201571856, 44.99093245150214], [-111.0968599287492, 44.99823282534185], [-111.09685806205005, 44.99977750070607], [-111.09684908877868, 45.003406629944855], [-111.09684393783881, 45.005490223931915], [-111.09683908603797, 45.007035649975], [-111.09682766845071, 45.01066475383991], [-111.09682109817271, 45.012754291573415], [-111.09682008307647, 45.014293773192655], [-111.09681188594948, 45.01791607028648], [-111.09680715092962, 45.02001008169238], [-111.09680677004394, 45.021385672546344], [-111.0968067736372, 45.021538756703094], [-111.09680666673766, 45.02210673858922], [-111.09698464994493, 45.0222448758096], [-111.09733634936183, 45.022554895834226], [-111.09763664358488, 45.02282161175569], [-111.0977699922006, 45.02297300056597], [-111.09785914280602, 45.02312418198274], [-111.09801066883152, 45.02328462496753], [-111.09821411837875, 45.023464646023946], [-111.09838172694278, 45.023644338883855], [-111.09856951256641, 45.02386100947638], [-111.09864407093835, 45.02392007095218], [-111.09870676436203, 45.02402335267181], [-111.09874757752033, 45.02411339703084], [-111.09880105961909, 45.02418716401529], [-111.09888619385687, 45.02428164949119], [-111.09897936891478, 45.024365006947534], [-111.09909698443663, 45.02446749165784], [-111.09924547056318, 45.02456360146324], [-111.099420637552, 45.02463221793685], [-111.0996505793153, 45.024694957407306], [-111.09982667156886, 45.024712736742174], [-111.09989918447691, 45.02470067369076], [-111.09994564983498, 45.024696612672386], [-111.10007824835743, 45.02469723236501], [-111.10024642196177, 45.02473037257718], [-111.10065075367118, 45.02483463062627], [-111.10077014785728, 45.02487440640231], [-111.10095240794357, 45.024940376757414], [-111.10114460968512, 45.025019754799665], [-111.10121437285011, 45.02507803729477], [-111.10126150026653, 45.02513834260501], [-111.10132909759335, 45.02524578659918], [-111.10138246470774, 45.025356825329496], [-111.1014302523859, 45.02543999137838], [-111.10152170447509, 45.025546242423694], [-111.10159980131095, 45.02560355739819], [-111.10172443806506, 45.02565934977651], [-111.10188248136794, 45.0257138106738], [-111.10224430389975, 45.025834774810626], [-111.10243677693252, 45.02588195874833], [-111.10249925476056, 45.02589460440528], [-111.10255200742728, 45.025901462785725], [-111.10259416177028, 45.025913556695066], [-111.10264735550984, 45.025935655628444], [-111.1027065194528, 45.02595766756967], [-111.10277625746492, 45.025973596364814], [-111.10284925905648, 45.02597846681144], [-111.10293149532916, 45.025972190658976], [-111.10305100809289, 45.02593318453053], [-111.10317373772362, 45.02588142668718], [-111.10322409907509, 45.02584681349622], [-111.10325767360882, 45.02580990124397], [-111.10332920735323, 45.025763968672535], [-111.10345905164101, 45.02571041258352], [-111.10359661515206, 45.025634720578026], [-111.1037346682449, 45.025575962458795], [-111.10385286048516, 45.0254912334291], [-111.10391674237997, 45.0254284700694], [-111.10395323643839, 45.0253686463368], [-111.1039828601815, 45.02531908545528], [-111.10401996599262, 45.02528042809027], [-111.10406201882604, 45.025247630421], [-111.10411645044402, 45.02522989823671], [-111.10419873432743, 45.02522531407763], [-111.10430628692144, 45.02522714012218], [-111.10439466138246, 45.02522670329371], [-111.10449380754206, 45.02522695726379], [-111.1045986337492, 45.025258469222265], [-111.10469922350146, 45.025308678413914], [-111.10477966134695, 45.02536426345956], [-111.10486261537353, 45.02546555209183], [-111.10498582739959, 45.02559590406099], [-111.1050712679629, 45.025700545295166], [-111.1051520013541, 45.02576629057175], [-111.10531728507817, 45.0258231812004], [-111.10544009555728, 45.0258569734566], [-111.10551580467113, 45.025872813391246], [-111.10557650024163, 45.02586515501068], [-111.10565756511116, 45.02585974106451], [-111.10572360026771, 45.025871486412775], [-111.1058394667697, 45.02591300114227], [-111.10589814292742, 45.02591807794222], [-111.1059588142434, 45.02590957195286], [-111.10605591404075, 45.025921713479285], [-111.10620424026722, 45.02597038051109], [-111.10637484022114, 45.02604582826504], [-111.10643832236563, 45.026093188535256], [-111.10648754824658, 45.02614329540837], [-111.10650086038078, 45.026190537503844], [-111.10652277388382, 45.02624612550275], [-111.10655728086883, 45.02628289398323], [-111.10662412630573, 45.026322580500086], [-111.10675578608874, 45.02637318303894], [-111.10692689628573, 45.0264249055175], [-111.1071069204653, 45.026454473352615], [-111.10724698129283, 45.02646514113421], [-111.107344157447, 45.02647982218768], [-111.1074661378828, 45.02648482338292], [-111.10755232314946, 45.02649119090637], [-111.10766587289633, 45.026493774359466], [-111.10780074864803, 45.02653162202895], [-111.10792049497373, 45.02658324404861], [-111.10802454862971, 45.02662916516921], [-111.1081319467135, 45.02670807230715], [-111.10821422161375, 45.02678564983941], [-111.10830807759461, 45.0268918609276], [-111.10836242656764, 45.02695375222681], [-111.10839525999125, 45.02701511013869], [-111.10839649427648, 45.027098951856225], [-111.10840050615255, 45.02731997813348], [-111.1083981004642, 45.027360670885], [-111.10837077011999, 45.027406811057624], [-111.10834638984318, 45.0274723899354], [-111.10833541422704, 45.027547092242465], [-111.10832312886723, 45.02765908393524], [-111.10833588584258, 45.02772835635686], [-111.10836496610494, 45.027783840009086], [-111.10844890288847, 45.027877489105], [-111.10847403415684, 45.027920322961776], [-111.10854816672737, 45.027964137063954], [-111.10862461425637, 45.02800537727127], [-111.10868987596342, 45.02803153236979], [-111.10877504074395, 45.02804384613726], [-111.10885869455814, 45.028045167986235], [-111.10892426618399, 45.02804082531225], [-111.10898303396988, 45.028007780346044], [-111.10903246915828, 45.02798249440725], [-111.10907849524018, 45.0279631891661], [-111.10915571172706, 45.0279485103978], [-111.10921728495158, 45.02792982543768], [-111.10926898658943, 45.027900271062585], [-111.10933306880854, 45.02788578401664], [-111.10941062935017, 45.02788296000091], [-111.10951355831543, 45.02788992988474], [-111.10962185112125, 45.02791715229494], [-111.10982557555295, 45.02798110081375], [-111.10997505431791, 45.028028051880845], [-111.1100804536502, 45.02807903321324], [-111.11021317614016, 45.028166040216234], [-111.11035567230043, 45.028260528013355], [-111.11049368856237, 45.028365246277424], [-111.11062102295726, 45.028431154199716], [-111.11072535149773, 45.02848638575469], [-111.11080535905019, 45.028526725948744], [-111.11091521761956, 45.02856662994629], [-111.11094826574053, 45.02859410091065], [-111.11102189525447, 45.028661638959235], [-111.11107490753436, 45.02871846576126], [-111.11115951446105, 45.02883497427428], [-111.11121807473613, 45.02895948589454], [-111.11128773459482, 45.02913720099169], [-111.11138026017078, 45.02928283378457], [-111.1114786328809, 45.02940608610097], [-111.11159678200202, 45.02952579807558], [-111.11171765930665, 45.02963408520362], [-111.11176301794029, 45.02966920337034], [-111.11179014796018, 45.02970838217857], [-111.11182019391148, 45.02974263877431], [-111.1119165849381, 45.02985019919642], [-111.11200054507782, 45.02995089326866], [-111.11207830235053, 45.03003541317317], [-111.11213960248718, 45.03008957786637], [-111.11223806053727, 45.03023044798405], [-111.11235662108678, 45.03036424786418], [-111.11249168907796, 45.03053168900413], [-111.11256785902752, 45.03060427194691], [-111.11263119025504, 45.0306872068996], [-111.11266474322923, 45.03077311797262], [-111.11270719581293, 45.030877533889395], [-111.11274447949049, 45.03096847341415], [-111.11275065630637, 45.031016666358106], [-111.11274916420469, 45.03108868937419], [-111.1127219820825, 45.03113990986196], [-111.11266147695486, 45.03123651127249], [-111.11262716310763, 45.03133019027146], [-111.11259550108713, 45.03139164125998], [-111.11254564189393, 45.03148469911612], [-111.11250862232106, 45.031567406149925], [-111.1124750522789, 45.03160432040306], [-111.11245279382278, 45.03166055133012], [-111.11244210656584, 45.03170390737949], [-111.11244649663264, 45.03181396225869], [-111.11247610959599, 45.031928731328115], [-111.11254506427719, 45.03208189140727], [-111.11263386274302, 45.03226017325071], [-111.1126888809609, 45.032360171100926], [-111.11274637044416, 45.03243217909458], [-111.1128605310454, 45.032578749420516], [-111.11294309250822, 45.032665638486016], [-111.11301022989761, 45.03275614220764], [-111.11311357208788, 45.032818162387066], [-111.11320662497492, 45.032854921567235], [-111.1133429101833, 45.03289951909366], [-111.11354686099045, 45.03294089350517], [-111.11372368716762, 45.03297463140709], [-111.11386880191692, 45.03299582296891], [-111.11399457593818, 45.03300916410725], [-111.1140849904732, 45.03301597402235], [-111.11416406737104, 45.0330272874816], [-111.11422268334164, 45.033044862984696], [-111.11429102357519, 45.033081270953886], [-111.11437940432442, 45.03312334926879], [-111.11449601552977, 45.03316338845612], [-111.1145550258608, 45.03319451133452], [-111.11464813534167, 45.033241399085334], [-111.114683455302, 45.033272867272], [-111.1146917359723, 45.03332099606167], [-111.11470468698376, 45.0333457444761], [-111.11474627898141, 45.033382543312], [-111.1148139346987, 45.03342167006129], [-111.11486940656583, 45.033462602885855], [-111.11493628973199, 45.033527764088355], [-111.11500091004194, 45.03359404188667], [-111.1150450936792, 45.033641103888925], [-111.11507257583868, 45.03369220401383], [-111.11510470408483, 45.033745404112764], [-111.11514405119257, 45.03378386213779], [-111.11518196369084, 45.03382559204944], [-111.115248846857, 45.03389075410832], [-111.11531784914891, 45.033949921409324], [-111.11539632237887, 45.03401924906525], [-111.11546863406431, 45.03408704099119], [-111.1154953355878, 45.0341376112728], [-111.11550462596449, 45.03416783343824], [-111.11550453972622, 45.03419114614563], [-111.11549739362812, 45.03423462025987], [-111.11550409056856, 45.03425458106446], [-111.11555324638093, 45.03428855815558], [-111.11563434358982, 45.03431664723179], [-111.11573739742092, 45.03433736598763], [-111.11582943880491, 45.03434740445928], [-111.11587779062509, 45.03435374508026], [-111.11593725191037, 45.034374018176514], [-111.11601344072456, 45.03441735693448], [-111.11605530940332, 45.03443734497265], [-111.11611930987576, 45.03445592496712], [-111.11618687755815, 45.03446577931936], [-111.11625756688616, 45.0344777552467], [-111.11637062076298, 45.03450049712264], [-111.11644883527815, 45.03453459024023], [-111.11652611105383, 45.034562734425144], [-111.11660621562434, 45.034609269364125], [-111.11667885160159, 45.034661875053466], [-111.11678383231896, 45.034748706361746], [-111.11682889361025, 45.034799548396], [-111.11684846610363, 45.03484154609519], [-111.11686644768069, 45.034881401252846], [-111.11689657717532, 45.03491836605836], [-111.11695117947322, 45.03495551620657], [-111.11700562456598, 45.03498724626482], [-111.11705359190721, 45.035006603096285], [-111.117113724234, 45.03502361300489], [-111.11721136751213, 45.03504224232461], [-111.1173027710923, 45.03505662535387], [-111.11740724605814, 45.035073527328926], [-111.11748234701254, 45.03507947491848], [-111.11756577714624, 45.03508258932472], [-111.11762473537495, 45.035085520903884], [-111.11766853363495, 45.035093012363916], [-111.11770960730466, 45.035111927328], [-111.11776008992871, 45.03513883587876], [-111.11783443719656, 45.035171358084234], [-111.1180013935837, 45.03523342579656], [-111.11809927401706, 45.03526018320446], [-111.11823205310088, 45.03530377585152], [-111.11829273878989, 45.03533975134563], [-111.11837515562395, 45.035386792233076], [-111.11846341779557, 45.03542453308718], [-111.11851764190276, 45.03544867498153], [-111.11858294493233, 45.03548566671748], [-111.11863152941613, 45.03552615687218], [-111.11870874859797, 45.0356047178349], [-111.11879887118054, 45.03565381401751], [-111.11886228505308, 45.03567836526705], [-111.11898589772774, 45.0356960688222], [-111.11909250978567, 45.035707518235576], [-111.11921821194167, 45.03571814429967], [-111.11931711645448, 45.03572753629393], [-111.119449760791, 45.03574022929078], [-111.11955690015999, 45.03574353727764], [-111.11971212275289, 45.035743970851804], [-111.1198276748445, 45.03572113424867], [-111.11989607167193, 45.03570254006442], [-111.11995391509139, 45.03570169195976], [-111.12011476473123, 45.03571256813962], [-111.12024910688363, 45.03571059705835], [-111.12044448327141, 45.0356892008236], [-111.12064627991852, 45.03563197402961], [-111.12074886303239, 45.03562914595244], [-111.12088805698568, 45.035665485622566], [-111.12106999996668, 45.035759434783124], [-111.12124151979548, 45.03588000759806], [-111.12130372723057, 45.036028655698686], [-111.12133526618187, 45.036106387551776], [-111.1213624689653, 45.03617883709872], [-111.12137640632693, 45.03628790387245], [-111.12137691118015, 45.03638700469352], [-111.121387569691, 45.036465626050074], [-111.12141398195696, 45.03663611795563], [-111.12147742277895, 45.03681097104086], [-111.12159249517023, 45.03695611202012], [-111.12178653037329, 45.03710836676017], [-111.12202417878339, 45.03725584492287], [-111.12224282243533, 45.037351899612034], [-111.12246050399162, 45.037414879691525], [-111.12265285036192, 45.03750925255803], [-111.12285509167509, 45.037642772619336], [-111.12301651803334, 45.037776891606974], [-111.12304250180293, 45.03782458876341], [-111.12305909099129, 45.03786076897784], [-111.12309314702203, 45.03788144455473], [-111.12316417411658, 45.037899885047906], [-111.12322937922978, 45.03792349204438], [-111.12329353780571, 45.03795219571161], [-111.12337220058019, 45.037986616860174], [-111.12347586706231, 45.03801812877668], [-111.12357985693791, 45.03806064907908], [-111.12368085722024, 45.03812354077856], [-111.12371881912583, 45.038155171958586], [-111.12376083333167, 45.03820283706062], [-111.12380677676857, 45.038262303963144], [-111.12384759262181, 45.0383506469313], [-111.12386604311943, 45.03840967060453], [-111.12386762864591, 45.0384638597459], [-111.12386821704241, 45.03852483968692], [-111.12387321167542, 45.038573049754454], [-111.12388931936677, 45.03867446164584], [-111.12389796385473, 45.03876581915854], [-111.12389703140347, 45.03885647002204], [-111.12389122199853, 45.03894380278389], [-111.12387312453882, 45.039019458780935], [-111.12385786665372, 45.03906966097963], [-111.1238361660514, 45.03910386182517], [-111.12381071138952, 45.0391321897507], [-111.1237811523251, 45.03914278915329], [-111.12377343669512, 45.03916492677811], [-111.12375887590267, 45.03919817668107], [-111.12372774748145, 45.0392367529174], [-111.12373580447121, 45.03926712917782], [-111.12376595103385, 45.03931751079885], [-111.12380560267049, 45.039366057895215], [-111.12384659639017, 45.039419667222724], [-111.12386014927284, 45.03947452762585], [-111.12387762420009, 45.03958185012893], [-111.12390779681384, 45.03963307824974], [-111.12395391542222, 45.039698471097616], [-111.12399659977126, 45.039768997205634], [-111.12401811532061, 45.039810187647284], [-111.12402805967082, 45.039864254857356], [-111.12405076458961, 45.039946087139654], [-111.12407340033815, 45.039984718730686], [-111.12409747788271, 45.040031800867695], [-111.1241286458298, 45.04007623791956], [-111.12419577243942, 45.04013928990208], [-111.124281099815, 45.04018086283693], [-111.12437811786567, 45.04020383222916], [-111.12444908477312, 45.04022501476636], [-111.12454067340624, 45.04024535370169], [-111.12458807480883, 45.04027122073928], [-111.12465497863624, 45.040310354838994], [-111.12476401704374, 45.040352121250585], [-111.12484200698007, 45.0403780796449], [-111.12488821452168, 45.04038932690352], [-111.12494574442908, 45.04039552911284], [-111.12499588479498, 45.04041051191108], [-111.12502983302788, 45.040420855904706], [-111.12508502372232, 45.04042546487185], [-111.12511040382405, 45.04043051182051], [-111.12514073543962, 45.04044795682914], [-111.12517388776516, 45.04045722807812], [-111.1252055102598, 45.04046651963785], [-111.12524373986334, 45.040492521778454], [-111.12526520061549, 45.04052039707055], [-111.12530819129005, 45.04055229161848], [-111.12538723135694, 45.04058799404216], [-111.1254781992542, 45.040613219188145], [-111.12555717733734, 45.040620730871375], [-111.12562521843189, 45.04062027194403], [-111.12570615663901, 45.040616370108964], [-111.12577050386112, 45.040620301777466], [-111.12583892494307, 45.04063284769553], [-111.12592307822055, 45.04066034270172], [-111.12601718213647, 45.040688231876636], [-111.12609514153006, 45.040713105959874], [-111.12619768601638, 45.04074195612515], [-111.1262711385622, 45.0407696065933], [-111.12635998733371, 45.040800826895314], [-111.12643879024539, 45.04082839989523], [-111.1265186783219, 45.04084077692367], [-111.12663138365241, 45.040851044034575], [-111.12674334068626, 45.04086186401236], [-111.1268814270168, 45.04087717866351], [-111.12701547092855, 45.0408849619857], [-111.1271446262085, 45.040882517557996], [-111.12725373558293, 45.04087440479945], [-111.12732534298917, 45.04086521867477], [-111.12742744550435, 45.040852871484915], [-111.12752126824756, 45.04084498405905], [-111.12757642750098, 45.04084850756643], [-111.1276549752911, 45.04086740856779], [-111.12772423989108, 45.04090867502355], [-111.12780156058254, 45.040963916753554], [-111.12786764155314, 45.04100089095963], [-111.12796919879096, 45.04104818553626], [-111.12806781045298, 45.041099319670835], [-111.12817122989836, 45.04115797171984], [-111.12824059061808, 45.04120248787527], [-111.12829297677219, 45.041241832708884], [-111.12833673191304, 45.041299737514855], [-111.12835946647627, 45.041344940990214], [-111.12836623528193, 45.04136706887655], [-111.12836750639806, 45.04138439871062], [-111.12834863638719, 45.041392808457886], [-111.12833366775962, 45.04140387080601], [-111.12832755292749, 45.04142998360103], [-111.1283223588685, 45.0414615037771], [-111.12830335950024, 45.041491600838256], [-111.12828273687624, 45.04151846893907], [-111.1282746753949, 45.041582559042354], [-111.12829628257242, 45.04161530990161], [-111.12835572409479, 45.04166051503186], [-111.12842176553953, 45.04169091983843], [-111.12848869901134, 45.04173711954957], [-111.12858084459994, 45.041791968844265], [-111.12862739709459, 45.041810712752884], [-111.1286661540092, 45.041813957549465], [-111.12870197612777, 45.04181724677768], [-111.12872968466272, 45.04182759369074], [-111.12875447906288, 45.041838677536006], [-111.12878792513754, 45.04186108388248], [-111.12882182126815, 45.04188209569572], [-111.12887544619905, 45.04190836886173], [-111.12898579524852, 45.04193310975386], [-111.12914273901352, 45.04196132900764], [-111.12926829384583, 45.041987233988564], [-111.12937002176356, 45.04200169397977], [-111.12944533561864, 45.042016542427504], [-111.12949577063196, 45.04203418689524], [-111.12953663679087, 45.04204260543331], [-111.12960280849134, 45.04204817843755], [-111.12970671123036, 45.04204501934399], [-111.12978024013299, 45.04203866434148], [-111.12987582447248, 45.04202719270961], [-111.129952726549, 45.04201287363685], [-111.130023914442, 45.04200384257128], [-111.13010002240782, 45.04199578075087], [-111.13013690453845, 45.04198517362515], [-111.13020983336648, 45.041985485916875], [-111.13034396800808, 45.042003630568466], [-111.1304504273524, 45.04202912168059], [-111.1305502795878, 45.042079692560385], [-111.13065538157774, 45.042142328486236], [-111.13072743275171, 45.0421960843756], [-111.13078781570849, 45.042252442633064], [-111.13083066804248, 45.04229518067685], [-111.13088499725255, 45.04237868962537], [-111.13093468935914, 45.0424542883976], [-111.1309943617485, 45.042578138828894], [-111.13103504195615, 45.04270205881252], [-111.13104952190021, 45.04278824572903], [-111.13108196635334, 45.04287586256084], [-111.13112642936663, 45.04292518354598], [-111.1312022166339, 45.042983359581314], [-111.13133257026645, 45.043068683479824], [-111.13147372254704, 45.04315554265379], [-111.13159474537875, 45.04320796784095], [-111.13172502534947, 45.04325009075695], [-111.13189016444475, 45.0432993238275], [-111.13195503089312, 45.04331107130943], [-111.13200842765193, 45.04333908359819], [-111.1321439843266, 45.04343872949395], [-111.13224418151509, 45.043514333847355], [-111.13225903066673, 45.043525664272714], [-111.1323639646717, 45.04360574139179], [-111.13245963614777, 45.04368988251292], [-111.13256565891086, 45.043800976860965], [-111.13269041783583, 45.04393974785694], [-111.13279256257185, 45.04408139377953], [-111.1328417058078, 45.04416791565169], [-111.13285815306233, 45.04419901477295], [-111.13285487061827, 45.044249888397445], [-111.13286243533129, 45.04434464985976], [-111.13287104837822, 45.04443431188894], [-111.13288229798054, 45.044573066750225], [-111.1328930472212, 45.04461356634229], [-111.1329591614295, 45.04470830943032], [-111.13297118537957, 45.044718871621484], [-111.13305115430448, 45.04478911544298], [-111.13308251538936, 45.044812619313234], [-111.13315867276253, 45.044869692846966], [-111.13327263483609, 45.0449256098884], [-111.13341531155774, 45.04498279565236], [-111.13358884271442, 45.04503274889174], [-111.13375299276461, 45.04508876859595], [-111.1339590959352, 45.04514925148466], [-111.13412036059667, 45.045188373361896], [-111.13423295363776, 45.045197718737704], [-111.13443256198885, 45.04519984880281], [-111.1346544620337, 45.04518809472696], [-111.13479554155076, 45.04515042949542], [-111.13490785970735, 45.045109802707834], [-111.13497635894272, 45.045082528178426], [-111.13507158305778, 45.04507010763828], [-111.13515643163132, 45.04507054558474], [-111.13521393548758, 45.04507562449362], [-111.13526800598285, 45.045085835625194], [-111.1353314548897, 45.04508997961264], [-111.13540319075501, 45.04509145847471], [-111.13547482780567, 45.045089550552255], [-111.13560362016625, 45.04512152633392], [-111.13567724968021, 45.04514669616596], [-111.13578902255945, 45.04516875911149], [-111.1359032846703, 45.045194173283605], [-111.1359986866518, 45.04522833746353], [-111.13607856305023, 45.045262732654905], [-111.1361398272543, 45.04531434412689], [-111.13621117145416, 45.04538359454412], [-111.13625934810285, 45.045437093507545], [-111.13633972216795, 45.04548842238058], [-111.13641430030283, 45.045545766256836], [-111.1364450828727, 45.04557665137006], [-111.13649567419287, 45.04563096256738], [-111.13653551627233, 45.04568543238765], [-111.1365547042868, 45.04572834939034], [-111.13654741715321, 45.04576488130679], [-111.13652032396425, 45.04581864839032], [-111.13648748515071, 45.04588012444119], [-111.13647069563807, 45.04595915165238], [-111.13649312207913, 45.04603082074377], [-111.13654421376093, 45.04610206513541], [-111.13660276505281, 45.046142705181545], [-111.1366895800385, 45.04616937243919], [-111.13676642462286, 45.04618178766313], [-111.13689720944676, 45.046200179148556], [-111.13694583345645, 45.04620114832388], [-111.13701916023815, 45.046202607481746], [-111.13724497244607, 45.04620180269177], [-111.13759022285753, 45.04619922710991], [-111.13770848965794, 45.04619832013443], [-111.13784469850954, 45.04619799644124], [-111.13792233271302, 45.04619684447445], [-111.13799600983765, 45.04618304625858], [-111.13809616121206, 45.046175631144266], [-111.13815541049495, 45.046180980334086], [-111.13818482043904, 45.04618363525332], [-111.13827870696264, 45.04620680851058], [-111.13836647056925, 45.0462249892702], [-111.13846229565725, 45.046232885474716], [-111.13856035844863, 45.046235666060596], [-111.13865359549027, 45.046236825008236], [-111.13872772087426, 45.0462382663938], [-111.1388129467402, 45.04625140197805], [-111.13891439887512, 45.04628801607033], [-111.13905153927966, 45.04635967713342], [-111.13922763063492, 45.04649598821432], [-111.13939647887403, 45.04662985923117], [-111.13950525407517, 45.046712106441895], [-111.13960148609996, 45.04677420796777], [-111.13969455515667, 45.04681009818377], [-111.13978428427713, 45.04681385044528], [-111.13981272404071, 45.04680580326577], [-111.13985345814727, 45.04680943493723], [-111.13990877550415, 45.04682132005984], [-111.14004140816262, 45.04686170508626], [-111.14015659463989, 45.04687778292668], [-111.14027262643188, 45.04688199025279], [-111.1403631990704, 45.04687386819], [-111.14047362717166, 45.046850205226], [-111.14057795750875, 45.04682239521713], [-111.14064775121645, 45.04679848787778], [-111.1407730796733, 45.04675342516896], [-111.14089223670416, 45.046701677903016], [-111.14099041897146, 45.046668029969034], [-111.14106658442945, 45.04665758238142], [-111.14110842256551, 45.04665521309353], [-111.14120854070221, 45.04664954279616], [-111.14133618950747, 45.04664256377266], [-111.1414504246689, 45.04662646619081], [-111.1415590633261, 45.046623158833114], [-111.14164625380756, 45.04662186280075], [-111.14171878558024, 45.04660977326723], [-111.14176593455623, 45.04658789493702], [-111.14180320386075, 45.04655515200189], [-111.14181058711408, 45.046522006020595], [-111.14182208015981, 45.04650658815679], [-111.14184231022001, 45.04650374601923], [-111.14186662312319, 45.046517784704854], [-111.14188103928684, 45.04656077216819], [-111.14190488326943, 45.04659938279092], [-111.14196605494703, 45.04664760509539], [-111.14206693485512, 45.04666474101966], [-111.14218786785531, 45.04667310810139], [-111.14230829959556, 45.04666454109314], [-111.14232939653, 45.0466634862429], [-111.1424288076926, 45.046658514737175], [-111.1425474266326, 45.04666945674592], [-111.14266296435119, 45.04669738615028], [-111.14271009715752, 45.046715321764864], [-111.14273102790364, 45.04673618772144], [-111.142813097988, 45.04676376801582], [-111.14293373903568, 45.04680263301052], [-111.14307040872303, 45.04685820289385], [-111.14320519104993, 45.04693074101102], [-111.14332325303447, 45.047003527197504], [-111.14343053882884, 45.047075627834026], [-111.14346411605756, 45.047120022603295], [-111.1434713906147, 45.04716396290604], [-111.1434595822603, 45.047209034811644], [-111.14342141913208, 45.04725195574874], [-111.14337504719882, 45.04730008166635], [-111.14335051690334, 45.04731908271974], [-111.14333494820116, 45.04735828117863], [-111.14333829801885, 45.04743108014928], [-111.14333752187444, 45.04752596391215], [-111.14335177095148, 45.04760368268465], [-111.14337975347257, 45.04766086767545], [-111.14344757537822, 45.04773186124413], [-111.14356685817322, 45.04780547720029], [-111.14368214795677, 45.04782493822473], [-111.14380265785046, 45.04781891072163], [-111.1438820060395, 45.04779485909296], [-111.1439620971353, 45.04775554923042], [-111.14400053604629, 45.047721939996876], [-111.14404688192845, 45.04767296587228], [-111.14406921494472, 45.047620115100734], [-111.14411414328535, 45.04756353999412], [-111.14412677000497, 45.04750575005794], [-111.14412974253024, 45.04744471558638], [-111.1441283878708, 45.04739899395508], [-111.14411558238643, 45.047329723763866], [-111.1441060189219, 45.04728920578498], [-111.14407746776725, 45.0472532067045], [-111.14404904596995, 45.047221440924396], [-111.14401556845426, 45.04718043162529], [-111.14400043274004, 45.04715355095123], [-111.14400831725328, 45.04713733863577], [-111.14404292934118, 45.0471359759734], [-111.14409613475884, 45.04715720862263], [-111.14419195625356, 45.04724557403333], [-111.14430783982353, 45.04736582815298], [-111.14438497725865, 45.04746887081486], [-111.14441246750299, 45.04754978082323], [-111.14445238324434, 45.04756612884276], [-111.1445072765964, 45.04756361805943], [-111.14459715753215, 45.047572445150635], [-111.14471087616228, 45.04757922159871], [-111.14478144601436, 45.0475815597492], [-111.14488516909032, 45.04761389907705], [-111.1449552969713, 45.047641654753654], [-111.14500146139375, 45.047667227130795], [-111.14506124247927, 45.047708690508685], [-111.14515325781214, 45.04778948784044], [-111.14521996221357, 45.047863037716304], [-111.14524950690495, 45.04789224477066], [-111.14526121015648, 45.04792426087417], [-111.1452657969543, 45.04795807562285], [-111.14529434721065, 45.04799407489441], [-111.14530122291585, 45.048024466814816], [-111.14531269979193, 45.04804886170445], [-111.14535301977514, 45.04807875601322], [-111.14538223658145, 45.048096957122034], [-111.14540545892984, 45.04811439852363], [-111.14540969358809, 45.048136360046556], [-111.14542376120545, 45.048167492551954], [-111.14544793576808, 45.04821711107794], [-111.14547798171937, 45.048263252841245], [-111.14549023653647, 45.048313895005215], [-111.14551160655878, 45.04838981405765], [-111.14554235589094, 45.048459663685755], [-111.14558947612085, 45.04851741013547], [-111.14562148489105, 45.04854912315323], [-111.14566996337368, 45.048572119014985], [-111.1457306894869, 45.04860509752593], [-111.14577471681727, 45.04863917208488], [-111.1458069268101, 45.048677657545085], [-111.1458437137193, 45.048709298756876], [-111.14587532094258, 45.04872746412382], [-111.14592987293486, 45.04875375762868], [-111.1460348177196, 45.04878692389532], [-111.14612642252237, 45.04881351376063], [-111.1462375656826, 45.04885421090405], [-111.14633158515684, 45.04888161056763], [-111.14643844065822, 45.048898655065955], [-111.14652850125701, 45.048913406524235], [-111.14662798967473, 45.04892378261759], [-111.14674186281509, 45.04893563874109], [-111.14683421232125, 45.04894696872736], [-111.14692332789238, 45.048970205600625], [-111.14703949982156, 45.049019298565526], [-111.14710607396727, 45.049047953509195], [-111.14713922719113, 45.04907795455344], [-111.14714993780426, 45.04911676085639], [-111.14717373776939, 45.04915367775125], [-111.1472011965727, 45.049193080582484], [-111.14725012960284, 45.049231316883734], [-111.1473036638039, 45.04926355500283], [-111.14739676609825, 45.04930028457881], [-111.14747167660978, 45.04932796962477], [-111.14756035290476, 45.04937662500373], [-111.14763838146865, 45.04942882680259], [-111.14768335292841, 45.049454415516465], [-111.14772812675879, 45.049473230534666], [-111.14775564844415, 45.04947451444395], [-111.14778680471315, 45.049477437669886], [-111.14782321612657, 45.04949637770766], [-111.1479045504907, 45.04953921378853], [-111.14804597226589, 45.04963367073998], [-111.14817158818364, 45.04971904691551], [-111.1483416266905, 45.049811383831106], [-111.14836022630845, 45.04982040795232], [-111.1485719924586, 45.04992314854099], [-111.14871134092212, 45.04998798953981], [-111.14884034079354, 45.050066536992574], [-111.14891794355599, 45.050104343687146], [-111.14897958954404, 45.05012798943874], [-111.14904337352249, 45.05014313152356], [-111.14909526380654, 45.0501601464521], [-111.14922358544993, 45.05021583175275], [-111.14927590512872, 45.0502472404673], [-111.14936425713184, 45.05028488647669], [-111.1494478318943, 45.05032260544566], [-111.14955676699556, 45.05036926274707], [-111.14964641616595, 45.050410278645], [-111.14970978512274, 45.050451685454995], [-111.14978550321972, 45.050506462929924], [-111.14983817324146, 45.05054972473522], [-111.14989531866992, 45.05058275478131], [-111.14997374069594, 45.0506078428799], [-111.15011226181106, 45.050644739773055], [-111.15022410206393, 45.0506684824016], [-111.15032011220485, 45.050682295401536], [-111.15042201978562, 45.05069347970867], [-111.150468654027, 45.05069447673213], [-111.15051513735136, 45.05069039471106], [-111.15053170947172, 45.05068506434757], [-111.15054205716548, 45.05067135542973], [-111.15056099185503, 45.05066514354545], [-111.15059832224499, 45.05067475076868], [-111.15066240985398, 45.05070005333606], [-111.15071910432819, 45.050717841727895], [-111.1508068544601, 45.05073516682542], [-111.15086347257751, 45.05075041473472], [-111.15092288265883, 45.05077917479628], [-111.15098727210174, 45.05081463728973], [-111.15104314910907, 45.05084514448541], [-111.15110288797376, 45.05088172644378], [-111.1511679888824, 45.050910570846455], [-111.15121687520018, 45.05093423657324], [-111.15124467177, 45.050943037758685], [-111.15127549117078, 45.05095070864947], [-111.15130268317442, 45.05096494044336], [-111.15134148500482, 45.05098387745], [-111.15142149974379, 45.051025509776174], [-111.15149858328002, 45.05107152234629], [-111.15151878279748, 45.051082063688746], [-111.1515441377464, 45.05108602129278], [-111.15156194684688, 45.051093345651964], [-111.15161352900883, 45.05113052274182], [-111.15166912843671, 45.05117414772218], [-111.15172619211849, 45.05121558063388], [-111.15177090666009, 45.051246796504586], [-111.15181971841766, 45.051280796506674], [-111.1518559313034, 45.05129296184386], [-111.1519087396657, 45.05130064284192], [-111.15198126515016, 45.05132835928597], [-111.1520566571587, 45.05137212627367], [-111.15214676357158, 45.05142838156533], [-111.15222581621488, 45.05147463624149], [-111.15229493438949, 45.051508332753265], [-111.1523808277037, 45.0515434736703], [-111.15242906633614, 45.051559412479385], [-111.15245686110934, 45.0515685956176], [-111.15257724254393, 45.051598136500374], [-111.15264697696281, 45.05161234147862], [-111.15275399146599, 45.05163445841262], [-111.15281932503827, 45.05166143534885], [-111.15289607619785, 45.05167045219719], [-111.15294629471717, 45.051671394625316], [-111.15299966811978, 45.051657889660724], [-111.15303253388277, 45.05163791461912], [-111.15306532418725, 45.05161540040659], [-111.15310443863137, 45.051604650368326], [-111.15315341298403, 45.05160391736785], [-111.15321829380542, 45.05161565235565], [-111.15329890412742, 45.05163392912945], [-111.15339415159869, 45.05166215248279], [-111.15347371897667, 45.05168552660268], [-111.15353626058508, 45.051698991579], [-111.15358899618381, 45.05170413145859], [-111.15361948859783, 45.05172485153401], [-111.15368830583681, 45.05174838745915], [-111.15378708638207, 45.051774863618135], [-111.15394134328602, 45.05181829517947], [-111.15400515870549, 45.051842654181016], [-111.15406947179164, 45.05186720356106], [-111.15417719506556, 45.05191302633458], [-111.15422926501267, 45.051935965631195], [-111.15425841175039, 45.05195162445967], [-111.15429203479316, 45.051957050534064], [-111.15435310496112, 45.05196121750496], [-111.15444566107979, 45.05197931456851], [-111.15458055389949, 45.05201456625604], [-111.15473242397974, 45.052058035078375], [-111.15488818017191, 45.05211160903165], [-111.15497163545844, 45.052145090029825], [-111.15503493524493, 45.0521839551759], [-111.15509340029857, 45.052261011416846], [-111.15513423142316, 45.05230783531255], [-111.1552325448445, 45.05239869508726], [-111.15534048820567, 45.0524919510527], [-111.1554530084832, 45.052578361202706], [-111.15555536791656, 45.05264459535733], [-111.15558433858449, 45.05265432663371], [-111.155617624759, 45.05268855807012], [-111.15566153620672, 45.05271839537664], [-111.155720749557, 45.05274037861276], [-111.1557881465595, 45.05275631010745], [-111.15584260782194, 45.052779213527195], [-111.15588379467938, 45.05283789104393], [-111.155910242878, 45.052883237075996], [-111.15592952431723, 45.05292869159174], [-111.1559341946584, 45.05296504502445], [-111.1559102958786, 45.05300521628955], [-111.15587049063005, 45.053032920484476], [-111.15581958040794, 45.05304893122474], [-111.15577121151978, 45.05306998652493], [-111.15570413611415, 45.05310487453989], [-111.15563327251296, 45.053133043225095], [-111.15555275202246, 45.053157968378066], [-111.15549007387014, 45.05318008407973], [-111.15546363465471, 45.053215211277255], [-111.1554604968394, 45.05327031864318], [-111.15546521838456, 45.053308366276966], [-111.15549689926966, 45.05336888172434], [-111.15553046482027, 45.053412427574635], [-111.15557373756582, 45.05346091067231], [-111.15565058304848, 45.05351312524329], [-111.15570758474651, 45.05354107161356], [-111.15584072585142, 45.05359752530866], [-111.15531348215329, 45.05407460624289], [-111.15506194578889, 45.0543028046877], [-111.15495244295238, 45.054402139568545], [-111.15359320209599, 45.05563532563129], [-111.15355808964648, 45.055654409584996], [-111.15261469151149, 45.05616764326621], [-111.15222215558012, 45.05688290135235], [-111.1522951877144, 45.05714940082365], [-111.15043314003054, 45.05780075752261], [-111.14995331929457, 45.0580501513015], [-111.14893152338813, 45.05859039171981], [-111.14844703949753, 45.05893250591557], [-111.14809777631169, 45.05918661960525], [-111.14783226844968, 45.05937981893754], [-111.14697187464697, 45.0598606906042], [-111.14608306892846, 45.061032870962144], [-111.14552818945891, 45.06152729608439], [-111.14526967857465, 45.06168243912553], [-111.14497461434317, 45.0618594973898], [-111.14343257890285, 45.06188873663668], [-111.14337357575837, 45.061845458662766], [-111.14315150862689, 45.061682598390206], [-111.14284713425579, 45.061459350122185], [-111.1424817579887, 45.061429908242765], [-111.14206538166799, 45.06151038669591], [-111.14028708301976, 45.06132295731565], [-111.14015660541969, 45.06116118059486], [-111.14002481987258, 45.06099782026842], [-111.13827069578693, 45.06117333748504], [-111.13815332909844, 45.06118506162579], [-111.13759188833406, 45.061301122685], [-111.1366108220426, 45.06125579919112], [-111.13474994576188, 45.06163476439859], [-111.13475677834792, 45.06168296006698], [-111.13482631154417, 45.06217323745243], [-111.1351855828606, 45.062969738171], [-111.1352308633408, 45.06318454544625], [-111.13617907824231, 45.06462873751413], [-111.13617396772668, 45.06467021016774], [-111.1360940239546, 45.06531279705934], [-111.13588061119255, 45.06702783575082], [-111.13598533678837, 45.06724347541491], [-111.13653549920436, 45.06702519131608], [-111.13740228362198, 45.06683168155317], [-111.13752834510413, 45.067070708187885], [-111.13757829412887, 45.06761257259325], [-111.13814845663632, 45.06766226116871], [-111.1379017846492, 45.068089461731], [-111.13835158099344, 45.068332096280926], [-111.13895424724282, 45.06865723031779], [-111.13873304518894, 45.06874773230122], [-111.13861895735123, 45.068923124214464], [-111.13858226207019, 45.06897951323686], [-111.13883654997429, 45.06905509461488], [-111.13871263007579, 45.06936132027074], [-111.13864574331637, 45.069526627249424], [-111.13897386824526, 45.0700431826235], [-111.13935805253945, 45.07041129168944], [-111.14042396560781, 45.07154353525557], [-111.14096057873435, 45.072535618836774], [-111.14094326370726, 45.072919244401284], [-111.14093425180832, 45.07305174163816], [-111.14092897510436, 45.07312932548686], [-111.14054927520006, 45.07374068666555], [-111.14113140506372, 45.074019075842756], [-111.1412783865122, 45.07447054590222], [-111.14112766627551, 45.0748428856437], [-111.14097777698046, 45.07585102668584], [-111.1409596067572, 45.07597344726399], [-111.14063846533136, 45.07618567711675], [-111.14059531565498, 45.07621417698523], [-111.14072962636637, 45.07654086602904], [-111.14160074695191, 45.0769654469674], [-111.14011436573671, 45.07815618748214], [-111.1387721165139, 45.07983695866015], [-111.13838859787134, 45.080317137475], [-111.13836848549046, 45.08032768738074], [-111.13801897616622, 45.08051096757832], [-111.13777254582591, 45.08064016782974], [-111.13711022695007, 45.081591598551476], [-111.13660842623574, 45.082312438740615], [-111.13539388600532, 45.08311512915177], [-111.13321031511158, 45.083459619105504], [-111.13304848540977, 45.083485179270376], [-111.13220102555054, 45.083618879335056], [-111.13144133468779, 45.08391733955675], [-111.13008890395955, 45.08549630114688], [-111.12991009520056, 45.08596081016043], [-111.12972589475324, 45.08643928022267], [-111.12996082575961, 45.08693706016542], [-111.1299024505375, 45.08711027789929], [-111.13016208341756, 45.08839711716941], [-111.13101109107404, 45.08872722032868], [-111.13161900797625, 45.08937785699007], [-111.13289134042219, 45.08977012410329], [-111.13303159708245, 45.08977928905424], [-111.13393196681362, 45.089838113785255], [-111.13437168406035, 45.09070533599498], [-111.13440190967472, 45.090765001986924], [-111.13393922609943, 45.091224787180295], [-111.13394009836357, 45.09263332314328], [-111.13351491945137, 45.09311096806298], [-111.13319674426258, 45.09393883519766], [-111.13303682168413, 45.094057421565296], [-111.13267369749344, 45.09432664963493], [-111.13148115520771, 45.0952108610165], [-111.13052940184228, 45.09649448915731], [-111.13102515240317, 45.09764232067627], [-111.13140144859085, 45.09794629293743], [-111.13211042596254, 45.09851901088347], [-111.13160222115853, 45.10018232941096], [-111.13199799551653, 45.101192357382914], [-111.13094417736517, 45.101453399459515], [-111.1300911686124, 45.10116543235353], [-111.12938388636165, 45.10082449353804], [-111.12914290071026, 45.100164299602184], [-111.12849631941991, 45.10051277978268], [-111.12794494068504, 45.1007338692518], [-111.12754671482463, 45.10101949052188], [-111.12740429232623, 45.10112163881018], [-111.127262209391, 45.101223544696495], [-111.12700379462648, 45.101574521750834], [-111.12679162153954, 45.101842942076644], [-111.12608931595545, 45.10204147877959], [-111.12561518604682, 45.1020827619601], [-111.12487621572441, 45.102566825758835], [-111.12361196811605, 45.10250831215035], [-111.12284357886642, 45.10284198849109], [-111.12269724061169, 45.10290554509453], [-111.12158947144097, 45.102717306077366], [-111.12104189257975, 45.10278922866383], [-111.11983661936979, 45.102372989333304], [-111.11952207876465, 45.102324629514456], [-111.1184594229875, 45.1018988883669], [-111.11773641932098, 45.10168683963387], [-111.11755085612934, 45.10163242570014], [-111.11714236162695, 45.10185061691694], [-111.11695154868082, 45.1019525367199], [-111.11637192242183, 45.102262134965784], [-111.11595624678705, 45.103468850816256], [-111.115916135213, 45.10358529077117], [-111.11571477065552, 45.10416984627953], [-111.11525689845688, 45.10425905118498], [-111.11496713069232, 45.10437282716634], [-111.11473048480208, 45.10492144290931], [-111.1144010851638, 45.1052312260448], [-111.11400807312533, 45.10560081523092], [-111.11384876319788, 45.10602959810285], [-111.1135665170272, 45.10678995966459], [-111.11346739512211, 45.107056995502944], [-111.11298121072068, 45.10722883346311], [-111.11264316928937, 45.10734831091631], [-111.11200670033416, 45.107573262938864], [-111.11055574328388, 45.1076953796878], [-111.1103751603522, 45.107710578801594], [-111.1095716317036, 45.107778204759704], [-111.10753593877702, 45.1077975883084], [-111.1065622692136, 45.107703648442396], [-111.10619016097176, 45.10789103919999], [-111.10590288962538, 45.10821239835078], [-111.10559886020734, 45.10826872957919], [-111.10538210122088, 45.10829432936206], [-111.10530864867505, 45.10832282906226], [-111.10421548880579, 45.108792828606056], [-111.10405904001254, 45.108854909613605], [-111.10397669414539, 45.108887587705034], [-111.103967837655, 45.10889110258161], [-111.10375572116192, 45.108975279498914], [-111.103609789844, 45.1088945483523], [-111.1036080264511, 45.10889366836524], [-111.10360121003472, 45.108890265706215], [-111.10359204093061, 45.108885688885486], [-111.1034378100778, 45.10880868868685], [-111.1030605607776, 45.10862036959668], [-111.10262506920597, 45.108243809436736], [-111.10243832922133, 45.1081321257787], [-111.1023343492272, 45.10806993937413]]]]}, "properties": {"source": "NPS YELL_Boundary, IRMA 754058"}}]}