node_id,osm_node_id,lon,lat,x_m,y_m,degree,component_id,boundary_clip,barrier,control_name,control_access,control_motor_vehicle
clip:1086078257:649461.985:7958816.000,,16.415412766827234,-18.45566270274941,649461.9854056033,7958815.999832241,1,34,True,,,,
clip:1086174512:654701.881:7958773.516,,16.465026356744854,-18.455669732499572,654701.8814871841,7958773.516373719,1,12,True,,,,
clip:1098120030:600835.744:7959207.873,,15.954958666951642,-18.454999390231386,600835.7438994062,7959207.873252989,1,1,True,,,,
clip:1130650028:602821.676:7959194.034,,15.97376503661087,-18.455028818892746,602821.6760472571,7959194.034475839,1,21,True,,,,
clip:1130650029:602941.447:7959193.193,,15.974899244771054,-18.455030594167813,602941.4474548688,7959193.193211443,1,21,True,,,,
clip:114143688:583698.569:7862588.475,,15.796794974099063,-19.328888469210558,583698.5687094908,7862588.475277274,1,1,True,,,,
clip:114786557:728037.710:7935103.224,,17.16190245174077,-18.662817407624797,728037.7104006273,7935103.224416881,1,1,True,,,,
clip:114787442:731283.394:7939874.750,,17.19210333229839,-18.61936731710121,731283.3940314027,7939874.749613801,1,1,True,,,,
clip:1182311970:721739.264:7956244.841,,17.099881324233593,-18.472544153142806,721739.2643217805,7956244.8412546525,1,1,True,,,,
clip:1182311974:722107.751:7956120.553,,17.10338287153991,-18.473628031826667,722107.7512635989,7956120.553351091,1,1,True,,,,
clip:1184669993:580056.702:7862503.385,,15.762130968778752,-19.329805593199985,580056.7017498174,7862503.384654636,1,1,True,,,,
clip:1184669994:579827.450:7862509.061,,15.759948421347756,-19.32976340648406,579827.4498204796,7862509.061097591,1,1,True,,,,
clip:1184669995:578079.241:7862788.269,,15.743295305660329,-19.327308921855987,578079.2407749213,7862788.268678688,1,1,True,,,,
clip:1226681046:575135.528:7863368.930,,15.715250695978542,-19.322173751074573,575135.5277620759,7863368.930086161,1,1,True,,,,
clip:1459312960:576701.965:7959359.512,,15.726411118972257,-18.454642101474985,576701.9653997251,7959359.512295446,1,1,True,,,,
clip:173518537:458694.432:7943255.090,,14.608473413036153,-18.601180438297405,458694.4316011028,7943255.090456278,1,2,True,,,,
clip:173518538:451045.693:7941896.403,,14.53594100719061,-18.613295306351773,451045.69349733857,7941896.403134652,1,2,True,,,,
clip:173518544:449584.497:7939319.769,,14.522024972023758,-18.63654758836349,449584.4971080812,7939319.768889181,1,2,True,,,,
clip:173518544:454421.547:7943253.458,,14.567972432939921,-18.601106659947693,454421.54699773784,7943253.458169594,1,2,True,,,,
clip:173518545:468111.119:7943286.759,,14.697731613687822,-18.601058584555062,468111.1185681877,7943286.759211284,1,2,True,,,,
clip:173518547:456249.298:7943255.480,,14.585296961649972,-18.60112731925492,456249.2979257774,7943255.480321719,1,2,True,,,,
clip:173518549:458504.778:7943255.132,,14.606675763525715,-18.601176315123777,458504.77842895035,7943255.132321464,1,2,True,,,,
clip:173982297:720490.043:7919489.844,,17.092118765585926,-18.804645636464986,720490.0431107301,7919489.8438768,1,1,True,,,,
clip:174496001:720395.506:7934876.343,,17.089512143746763,-18.66568643263412,720395.5064420553,7934876.342987659,1,35,True,,,,
clip:174496001:720719.066:7934871.234,,17.092578783125063,-18.665698431586392,720719.0659594589,7934871.233519021,1,1,True,,,,
clip:174496001:721157.477:7934864.302,,17.096733961022426,-18.66571468939775,721157.4773426105,7934864.301548932,1,1,True,,,,
clip:174522453:461839.750:7855266.114,,14.63656449306395,-19.396440767157912,461839.75008002954,7855266.113574456,1,1,True,,,,
clip:174522453:461846.193:7855357.194,,14.636627680997746,-19.395617784546285,461846.19299581513,7855357.194125629,1,1,True,,,,
clip:175619629:601102.696:7857016.153,,15.962758573591735,-19.37844108028584,601102.6963473106,7857016.1525782375,1,6,True,,,,
clip:183344072:730597.500:7937256.109,,17.185908422230067,-18.643092985938072,730597.4996538648,7937256.108877222,1,1,True,,,,
clip:224458708:435465.699:7904893.248,,14.387048926076693,-18.94728495765102,435465.6994808397,7904893.247733051,1,1,True,,,,
clip:224458719:598640.844:7857252.947,,15.939305492643262,-19.376423912250104,598640.8439576162,7857252.947179866,1,1,True,,,,
clip:224458725:633936.624:7849404.277,,16.27590817568863,-19.445291807417526,633936.6244952116,7849404.277175741,1,17,True,,,,
clip:224458725:635120.578:7849111.131,,16.28720554423645,-19.447860700268404,635120.5782928921,7849111.131433836,1,17,True,,,,
clip:224458725:654240.474:7845575.568,,16.46959433328663,-19.478418108649205,654240.4743665289,7845575.568010522,1,1,True,,,,
clip:224458725:657133.695:7845286.171,,16.497177859157144,-19.480806852415387,657133.6951092136,7845286.171376193,1,1,True,,,,
clip:224458840:439590.145:7865785.947,,14.425000436523105,-19.300827187237548,439590.1448895157,7865785.946800268,1,1,True,,,,
clip:224458863:427013.041:7893152.284,,14.306329563933417,-19.053105554704914,427013.040958069,7893152.284104288,1,1,True,,,,
clip:224621773:494346.987:7946022.215,,14.946423675417904,-18.576570204294736,494346.9872880205,7946022.214552411,1,1,True,,,,
clip:224621782:496231.266:7946218.449,,14.964282260668757,-18.574800845978423,496231.266220637,7946218.449061502,1,1,True,,,,
clip:226874307:725664.665:7954531.229,,17.137228022226864,-18.487605724301215,725664.6652588005,7954531.229445939,1,1,True,,,,
clip:22793360:710365.266:7854675.839,,17.00312871278862,-19.391101512311373,710365.2659783394,7854675.838519633,1,3,True,,,,
clip:22793360:719303.493:7863709.772,,17.087160447696153,-19.308555921290917,719303.4933135968,7863709.7719876,1,3,True,,,,
clip:22793370:687769.727:7843542.526,,16.789155299603085,-19.493909526333518,687769.7273816151,7843542.526035384,1,5,True,,,,
clip:22793370:694603.313:7847087.186,,16.853879497288833,-19.461237407802045,694603.3127430145,7847087.186097625,1,5,True,,,,
clip:23895740:452010.850:7942609.474,,14.545107054973377,-18.60687306164687,452010.8501690755,7942609.473733499,1,2,True,,,,
clip:23950498:525272.629:7870317.370,,15.240496581571572,-19.260622227403044,525272.6291855802,7870317.370198566,1,1,True,,,,
clip:314747015:720141.008:7922001.476,,17.088528731414375,-18.78199804140838,720141.0081266663,7922001.476388909,1,1,True,,,,
clip:314747025:720080.261:7922650.177,,17.087880495287518,-18.776145504841985,720080.2606044293,7922650.176977374,1,1,True,,,,
clip:314783375:445141.541:7911736.191,,14.479139199074442,-18.885723587493434,445141.54102749267,7911736.191004424,1,1,True,,,,
clip:315052725:713682.724:7958205.398,,17.023413586035232,-18.45566542876078,713682.7237468369,7958205.397680751,1,1,True,,,,
clip:315052736:723993.701:7955475.436,,17.121305700557404,-18.479255628463633,723993.7010996231,7955475.436046586,1,1,True,,,,
clip:315069878:718800.676:7930192.939,,17.074914492623577,-18.708154680811344,718800.6757248867,7930192.939291292,1,1,True,,,,
clip:315069885:720079.503:7934881.328,,17.086517110826453,-18.665674713772226,720079.5025288004,7934881.327792014,1,1,True,,,,
clip:315069885:720266.294:7934878.382,,17.088287485800016,-18.6656816405357,720266.293551435,7934878.381929865,1,37,True,,,,
clip:315069885:720343.823:7934877.159,,17.08902229739177,-18.665684515696746,720343.8230522762,7934877.158661079,1,37,True,,,,
clip:315069893:718858.862:7933850.158,,17.075063491179122,-18.675116487350454,718858.8618019205,7933850.157529418,1,1,True,,,,
clip:315069894:718767.291:7928137.576,,17.07482454429518,-18.72672223325221,718767.2907727974,7928137.575879291,1,1,True,,,,
clip:315069899:718840.597:7932688.428,,17.075018159831796,-18.685611185733755,718840.5968374873,7932688.4279949535,1,1,True,,,,
clip:315069912:718820.980:7931443.563,,17.074969226378517,-18.696856898369717,718820.979561557,7931443.562830829,1,1,True,,,,
clip:316122353:517351.970:7870058.586,,15.16512551284851,-19.263044544008082,517351.9699984663,7870058.585873821,1,1,True,,,,
clip:316122353:517778.982:7869962.528,,15.169189936942674,-19.263908939833833,517778.98177210515,7869962.528234697,1,1,True,,,,
clip:320652409:433721.249:7871070.940,,14.369323685571883,-19.252882948318053,433721.2490677287,7871070.9399765795,1,1,True,,,,
clip:336438922:459251.841:7848653.586,,14.611775913599562,-19.456147624976566,459251.8409551455,7848653.5855299365,1,1,True,,,,
clip:370600453:462290.824:7863819.033,,14.641029590930149,-19.319155239032973,462290.8242121328,7863819.033195423,1,1,True,,,,
clip:370600454:460867.312:7866542.921,,14.62753449036669,-19.294511772330228,460867.3124699629,7866542.921030245,1,1,True,,,,
clip:370694638:460617.072:7867882.931,,14.625180293239104,-19.282396952021323,460617.0716592123,7867882.930781795,1,1,True,,,,
clip:370697904:460847.492:7867910.342,,14.627373801333933,-19.282153718521162,460847.491956011,7867910.341751707,1,1,True,,,,
clip:370717036:490714.957:7868190.380,,14.911632158500005,-19.279981485228607,490714.95743059815,7868190.380224787,1,1,True,,,,
clip:370717584:493890.006:7868758.848,,14.941851612241146,-19.274856126668737,493890.0063357338,7868758.847662526,1,1,True,,,,
clip:370717584:495135.733:7869051.823,,14.953707846680564,-19.27221177606655,495135.73294352525,7869051.822802651,1,1,True,,,,
clip:370726103:488228.668:7868147.250,,14.887969350461917,-19.280358298349647,488228.66836197727,7868147.249679738,1,1,True,,,,
clip:370726115:461283.428:7867962.193,,14.631523719612431,-19.281693542021312,461283.4279895502,7867962.192904551,1,1,True,,,,
clip:370726115:463234.329:7868194.106,,14.650095169227441,-19.279634185773975,463234.3290618212,7868194.106034319,1,1,True,,,,
clip:370726116:463451.099:7868217.918,,14.65215863176084,-19.279422925978096,463451.0992168264,7868217.918419819,1,1,True,,,,
clip:370726116:465520.413:7868206.852,,14.671852151372894,-19.279559365034874,465520.41262483574,7868206.851570601,1,1,True,,,,
clip:370726118:466086.871:7868203.781,,14.677243114225645,-19.27959671359313,466086.87149018445,7868203.78123749,1,1,True,,,,
clip:370731710:462358.496:7863228.219,,14.641662138917525,-19.32449580357683,462358.49578482006,7863228.219352119,1,1,True,,,,
clip:370927160:460695.940:7866707.281,,14.625906766239828,-19.29302308629547,460695.94010546,7866707.280724614,1,1,True,,,,
clip:370927176:469806.008:7868182.138,,14.712638064149669,-19.27985139530071,469806.00813095015,7868182.138227221,1,1,True,,,,
clip:370927181:471899.137:7868149.283,,14.732558114878671,-19.280178554648927,471899.1366040136,7868149.283375911,1,1,True,,,,
clip:370927192:479003.714:7868041.920,,14.800172356190739,-19.281235283360736,479003.7143409704,7868041.920068107,1,1,True,,,,
clip:370927198:466642.726:7868200.751,,14.68253315659931,-19.279633362589323,466642.7255922308,7868200.751320404,1,1,True,,,,
clip:370968838:460878.527:7850236.326,,14.627306420221021,-19.441876838516535,460878.52743224165,7850236.325543898,1,1,True,,,,
clip:371241974:462010.543:7864818.254,,14.638381365668652,-19.31011981559414,462010.5430131954,7864818.253975209,1,1,True,,,,
clip:371241991:459699.874:7867396.037,,14.616440928839104,-19.286778994361004,459699.8735145744,7867396.037047084,1,1,True,,,,
clip:371241992:459669.760:7867412.297,,14.616154667690886,-19.28663145067803,459669.75989232556,7867412.296696072,1,1,True,,,,
clip:371242004:459656.678:7867419.360,,14.616030308574253,-19.286567353732,459656.67775263026,7867419.360309931,1,1,True,,,,
clip:371242023:462286.363:7863842.607,,14.64098758762051,-19.3189421123619,462286.36290948384,7863842.60722723,1,1,True,,,,
clip:371242066:460587.189:7866797.508,,14.62487355707332,-19.29220556065688,460587.1892067602,7866797.5080299005,1,1,True,,,,
clip:371242075:462282.916:7863860.820,,14.640955136625038,-19.318777454189394,462282.9161803712,7863860.820136805,1,1,True,,,,
clip:371242078:463038.573:7868170.845,,14.648231702107744,-19.279840822820088,463038.5727580835,7868170.845194152,1,1,True,,,,
clip:371242086:461355.883:7865989.845,,14.632173475284297,-19.29951945645803,461355.8833078572,7865989.8453792585,1,1,True,,,,
clip:371575017:463045.048:7868171.615,,14.64829333907532,-19.279833988072582,463045.0476838388,7868171.614605924,1,1,True,,,,
clip:371583998:489125.317:7868162.843,,14.896503050077364,-19.28022240600855,489125.3166765509,7868162.84319985,1,1,True,,,,
clip:371585914:481283.223:7868029.764,,14.821866885684772,-19.28136757588277,481283.22261429264,7868029.7643537,1,1,True,,,,
clip:371585918:480479.632:7868020.061,,14.814218803510235,-19.28144765429737,480479.6317217958,7868020.060842337,1,1,True,,,,
clip:371591203:466100.868:7868203.705,,14.677376320868438,-19.27959763656396,466100.86825702904,7868203.705136275,1,1,True,,,,
clip:371945393:485116.862:7868093.141,,14.858353168803735,-19.28082674116958,485116.8622803414,7868093.141166274,1,1,True,,,,
clip:371945395:489141.105:7868163.117,,14.896653310270748,-19.28022001298261,489141.1047465836,7868163.117401201,1,1,True,,,,
clip:371945398:489160.028:7868163.446,,14.896833405600715,-19.280217145474715,489160.02764095686,7868163.445954982,1,1,True,,,,
clip:371948189:488416.765:7868150.525,,14.889759533805584,-19.28032979082558,488416.76544118393,7868150.524546085,1,1,True,,,,
clip:371958284:474881.515:7868102.341,,14.760941232546854,-19.28064212686955,474881.51489513536,7868102.34076878,1,1,True,,,,
clip:371968932:513194.834:7870867.556,,15.12555972332583,-19.255764992783458,513194.8337640089,7870867.555863393,1,1,True,,,,
clip:371968933:511677.417:7871078.183,,15.111118994864313,-19.253870808435998,511677.4173820148,7871078.182962342,1,1,True,,,,
clip:372121777:534142.766:7866855.011,,15.324966399999973,-19.291782030653383,534142.7655926518,7866855.010569139,1,1,True,,,,
clip:372172740:494944.881:7869006.944,,14.951891436993197,-19.272616898619834,494944.88141307,7869006.943650894,1,1,True,,,,
clip:372175245:501874.894:7870635.200,,15.017841409359624,-19.257907111735072,501874.89445284806,7870635.200212074,1,1,True,,,,
clip:372212127:505653.578:7871218.848,,15.05379745701174,-19.252625392123704,505653.57762532413,7871218.8481342,1,1,True,,,,
clip:372212128:504183.489:7871137.633,,15.039808786109171,-19.253362945226748,504183.4885381272,7871137.633215776,1,1,True,,,,
clip:372212129:503684.790:7871060.096,,15.035063476565107,-19.254064653889507,503684.79023903346,7871060.095991572,1,1,True,,,,
clip:372219013:517145.681:7870104.987,,15.163162008136897,-19.262626958134987,517145.6809809799,7870104.987307294,1,1,True,,,,
clip:372235119:517654.481:7869990.536,,15.16800489326938,-19.26365691255522,517654.48055434314,7869990.536284606,1,1,True,,,,
clip:372235120:520265.416:7869412.011,,15.192857289055873,-19.268860744352803,520265.4159145792,7869412.011270629,1,1,True,,,,
clip:372235121:518925.392:7869704.629,,15.180102017400547,-19.266229254848046,518925.3922477853,7869704.628954962,1,1,True,,,,
clip:372244120:492466.339:7868423.908,,14.928301354688445,-19.277878301495992,492466.3385651932,7868423.907870436,1,11,True,,,,
clip:372244121:493847.522:7868748.854,,14.9414472614653,-19.27494631153602,493847.52217237116,7868748.8543204935,1,11,True,,,,
clip:372244123:496105.228:7869279.767,,14.962934775981497,-19.270153849872727,496105.2277700258,7869279.767321432,1,1,True,,,,
clip:372244124:491886.963:7868297.024,,14.92278684667183,-19.279022753128388,491886.9633829213,7868297.024307328,1,1,True,,,,
clip:372304700:491264.449:7868214.175,,14.916861900830378,-19.279768900499786,491264.449317209,7868214.174543296,1,1,True,,,,
clip:372318304:492834.394:7868510.510,,14.931804498345162,-19.277096980446274,492834.3939512784,7868510.51033338,1,11,True,,,,
clip:372331445:507990.949:7871347.731,,15.076038515998274,-19.251452726388322,507990.9494024103,7871347.731431807,1,1,True,,,,
clip:372331446:509083.926:7871407.895,,15.086438527203972,-19.25090438105551,509083.92582111544,7871407.895394221,1,1,True,,,,
clip:372334084:516437.214:7870264.326,,15.156418732743502,-19.26119284011614,516437.213593013,7870264.326235635,1,1,True,,,,
clip:372343636:523880.097:7869901.578,,15.227250378117416,-19.264396837417195,523880.0969468435,7869901.577706111,1,1,True,,,,
clip:374853427:525021.307:7870242.338,,15.238105967260436,-19.261303451795385,525021.3065454751,7870242.337684373,1,1,True,,,,
clip:374853713:522506.005:7869497.889,,15.214178905018713,-19.268060903720848,522506.0052072086,7869497.888670845,1,1,True,,,,
clip:375074044:528101.897:7870975.846,,15.267410293262008,-19.254633975938532,528101.8970538273,7870975.846105084,1,1,True,,,,
clip:375074046:527720.852:7871048.076,,15.263783355998472,-19.253986472433237,527720.8522552326,7871048.076169789,1,1,True,,,,
clip:375074046:528085.828:7871058.300,,15.26725618248254,-19.25388903817145,528085.8283941697,7871058.299726772,1,1,True,,,,
clip:375074047:527452.748:7870968.075,,15.261233316048594,-19.25471312671863,527452.7475545732,7870968.075476322,1,1,True,,,,
clip:375074047:528145.041:7870754.463,,15.267824079621937,-19.256634093275753,528145.040552054,7870754.462507642,1,1,True,,,,
clip:375096638:521596.957:7869335.899,,15.205529795111124,-19.2695347960275,521596.9570759572,7869335.898626734,1,1,True,,,,
clip:375102369:529177.061:7868694.027,,15.277675898983736,-19.27524026684419,529177.0605335878,7868694.026519776,1,1,True,,,,
clip:375202563:530081.087:7867843.794,,15.28629271844877,-19.282910800622425,530081.0866421821,7867843.793803853,1,1,True,,,,
clip:375202564:533097.046:7866888.948,,15.31501290830991,-19.291492766878672,533097.0464731378,7866888.947972776,1,1,True,,,,
clip:375213511:462349.933:7862545.596,,14.641567171752063,-19.330664637927566,462349.93321940966,7862545.595971634,1,1,True,,,,
clip:375213515:462296.125:7863791.023,,14.641079498912376,-19.319408473662552,462296.1250803574,7863791.0228034,1,1,True,,,,
clip:375213517:462021.258:7857829.432,,14.63834427920422,-19.373279179598736,462021.2576904718,7857829.432337403,1,1,True,,,,
clip:375213521:462357.420:7863240.374,,14.641652135299916,-19.324385936594805,462357.4197850865,7863240.374332288,1,1,True,,,,
clip:375215848:462217.178:7860583.772,,14.640264512242743,-19.348391491466053,462217.1780035511,7860583.772025172,1,1,True,,,,
clip:375215849:462139.686:7859494.464,,14.63950508136989,-19.358234278664888,462139.685525871,7859494.464427773,1,1,True,,,,
clip:375239409:462008.695:7857652.787,,14.638221128373564,-19.37487531415597,462008.695011636,7857652.786528708,1,1,True,,,,
clip:375239411:461866.745:7855647.716,,14.636829233605395,-19.392992692621014,461866.74467232864,7855647.716370119,1,1,True,,,,
clip:375239417:461984.737:7857315.457,,14.637986248937585,-19.3779233512031,461984.7365040771,7857315.457161529,1,1,True,,,,
clip:375239422:461839.533:7855263.045,,14.636562364119857,-19.396468495221832,461839.53300493554,7855263.044873518,1,1,True,,,,
clip:375239426:462069.216:7858503.743,,14.638814383999478,-19.367186248367897,462069.2159057657,7858503.742731278,1,1,True,,,,
clip:375375912:461792.929:7854591.450,,14.636105027747103,-19.40253688676559,461792.92936450226,7854591.449665308,1,1,True,,,,
clip:375375921:461836.146:7855215.166,,14.63652914754735,-19.396901118968167,461836.1461301151,7855215.165838491,1,1,True,,,,
clip:375375938:461678.692:7852935.863,,14.634983628452703,-19.417496401472278,461678.6917161164,7852935.863260281,1,1,True,,,,
clip:375375944:461833.993:7855184.734,,14.636508034982535,-19.39717609749002,461833.9934321625,7855184.7336047,1,1,True,,,,
clip:375394262:461459.634:7851518.939,,14.632868343543839,-19.430297054447188,461459.6341320831,7851518.939295561,1,1,True,,,,
clip:375394264:461538.169:7851838.053,,14.63362291165808,-19.42741470852166,461538.168829713,7851838.053211594,1,1,True,,,,
clip:375394268:461359.035:7851218.704,,14.631903945129388,-19.433008361530018,461359.03466960276,7851218.704090026,1,1,True,,,,
clip:376257688:430033.256:7880939.471,,14.334591044563204,-19.163577990565326,430033.2557434263,7880939.471319394,1,1,True,,,,
clip:376268364:429097.059:7884190.520,,14.325807270207598,-19.134166078875474,429097.0589908617,7884190.520352971,1,1,True,,,,
clip:376268366:429751.662:7881927.204,,14.331949064764324,-19.154642214419827,429751.66172693,7881927.204113484,1,1,True,,,,
clip:376268366:430002.073:7881048.089,,14.334298441758571,-19.162595349673868,430002.07318272564,7881048.088755516,1,1,True,,,,
clip:376342368:435651.181:7868422.345,,14.387598313695221,-19.27688043460722,435651.1813769001,7868422.345287492,1,1,True,,,,
clip:376342372:433842.608:7870896.290,,14.370472408749814,-19.254465215836415,433842.60838020325,7870896.290214194,1,9,True,,,,
clip:376346745:437397.462:7854574.420,,14.403762657213575,-19.402077132368706,437397.4623242739,7854574.420253389,1,1,True,,,,
clip:376361204:428620.467:7885799.943,,14.321335141038118,-19.119605180245255,428620.46675952454,7885799.942977581,1,13,True,,,,
clip:421480334:460451.627:7849669.641,,14.623227773239956,-19.446989598029607,460451.6274277697,7849669.640932308,1,1,True,,,,
clip:421488817:461114.482:7850646.163,,14.629562626025866,-19.438177714989102,461114.4821055896,7850646.162971575,1,1,True,,,,
clip:421546009:455812.475:7847921.778,,14.578991257114165,-19.46268784871422,455812.47496897326,7847921.778213354,1,1,True,,,,
clip:421546009:456922.277:7847937.508,,14.589565356859476,-19.462569945098142,456922.2774032056,7847937.508037141,1,1,True,,,,
clip:421585276:453997.028:7847915.610,,14.56169430879841,-19.462702600718032,453997.02803159936,7847915.609659875,1,1,True,,,,
clip:421586055:461222.057:7850884.553,,14.630592280424477,-19.436025455439005,461222.05709100084,7850884.553209098,1,1,True,,,,
clip:423619303:722898.882:7908663.732,,17.116189541073044,-18.90216553829086,722898.8824032221,7908663.732453018,1,1,True,,,,
clip:423619303:725650.471:7871115.750,,17.146663313010944,-19.240971522577112,725650.47097381,7871115.750435766,1,1,True,,,,
clip:438014360:713506.740:7857027.265,,17.032764790106878,-19.36953245133331,713506.7397387705,7857027.264762604,1,8,True,,,,
clip:438014363:715542.581:7859376.681,,17.051872996961755,-19.3480962064255,715542.5809354177,7859376.6809622785,1,25,True,,,,
clip:441466993:446198.331:7847887.038,,14.487391367510082,-19.462765929743753,446198.33114656643,7847887.038417487,1,1,True,,,,
clip:441466998:445673.429:7847884.995,,14.482390324084614,-19.462770189722573,445673.4288259669,7847884.994611962,1,1,True,,,,
clip:441475147:446411.537:7847887.864,,14.489422704963543,-19.462764199318638,446411.53731817723,7847887.864226123,1,1,True,,,,
clip:441475148:459453.802:7848777.615,,14.613702698674926,-19.455030872662828,459453.80200249667,7848777.615359875,1,1,True,,,,
clip:441475151:450677.377:7847903.859,,14.530065896418924,-19.462729566263455,450677.3766573173,7847903.858837755,1,1,True,,,,
clip:441475155:458540.753:7848293.915,,14.60499334565759,-19.45938334697142,458540.7533723995,7848293.914706267,1,1,True,,,,
clip:441496188:457799.601:7848060.339,,14.597926877303914,-19.46147865395908,457799.60113380256,7848060.338770875,1,1,True,,,,
clip:442936063:446656.411:7847888.810,,14.491755756579385,-19.46276221139649,446656.410901907,7847888.809636712,1,1,True,,,,
clip:442941888:447981.410:7847893.867,,14.504379800785237,-19.462751456357182,447981.41047882685,7847893.867410108,1,1,True,,,,
clip:442941891:448520.428:7847895.897,,14.509515342584747,-19.46274708024586,448520.4282489555,7847895.897204196,1,1,True,,,,
clip:443013677:442776.838:7848108.691,,14.45480001082343,-19.460667789488774,442776.8379942287,7848108.691214755,1,1,True,,,,
clip:443013686:450669.547:7847903.830,,14.529991302711288,-19.46272962980829,450669.5474469594,7847903.830408061,1,1,True,,,,
clip:443013687:443776.223:7847992.389,,14.464317994485603,-19.46174717557711,443776.22266578075,7847992.388939739,1,1,True,,,,
clip:443019500:456632.642:7847924.505,,14.586805530886645,-19.4626811830245,456632.641796061,7847924.505226949,1,1,True,,,,
clip:443019509:460671.563:7849943.877,,14.625328726477877,-19.44451565488915,460671.56313377054,7849943.876656999,1,1,True,,,,
clip:443024668:457490.786:7847999.276,,14.59498325892929,-19.462023934040996,457490.7858000432,7847999.275501195,1,1,True,,,,
clip:443024669:457170.767:7847950.708,,14.591933166289538,-19.46245600374906,457170.76742244867,7847950.707747284,1,1,True,,,,
clip:443028115:450368.972:7847902.736,,14.52712753185746,-19.46273207080495,450368.9715878542,7847902.7362224925,1,1,True,,,,
clip:443028118:450585.922:7847903.526,,14.529194555744565,-19.46273030896164,450585.9224326101,7847903.526487573,1,1,True,,,,
clip:447436097:461215.543:7850870.077,,14.630529929771132,-19.43615615221715,461215.54289974883,7850870.076932239,1,1,True,,,,
clip:476243357:678640.986:7958561.098,,16.691680445703977,-18.455702235140226,678640.9857501902,7958561.098181886,1,1,True,,,,
clip:526753292:571707.391:7959387.079,,15.679111219152123,-18.454568238524388,571707.3907729774,7959387.078547858,1,19,True,,,,
clip:551118509:719655.968:7925585.138,,17.083531574747436,-18.749682132007532,719655.9680735315,7925585.138105524,1,1,True,,,,
clip:551118512:719609.882:7925717.664,,17.083079956276332,-18.748490039395108,719609.8823711622,7925717.663534052,1,1,True,,,,
clip:554464860:437591.055:7851321.821,,14.405499533767435,-19.431476213796522,437591.0545484007,7851321.821208115,1,1,True,,,,
clip:562167598:589279.342:7861839.280,,15.849953723536682,-19.335418586552205,589279.3418587643,7861839.279755005,1,1,True,,,,
clip:562169288:587868.769:7862551.165,,15.836493160859595,-19.329047828160263,587868.7691064829,7862551.165166817,1,1,True,,,,
clip:562260642:580927.421:7862522.948,,15.77041873623386,-19.329593977921846,580927.420908457,7862522.947588386,1,1,True,,,,
clip:562260642:582627.724:7862577.160,,15.786601936328946,-19.329034979931343,582627.7238591672,7862577.159937685,1,1,True,,,,
clip:563359009:724961.281:7934803.730,,17.13278533739671,-18.66585573733014,724961.2813992203,7934803.730473313,1,1,True,,,,
clip:563359010:721363.187:7934861.045,,17.098683638796228,-18.665722317804416,721363.18746253,7934861.045438674,1,1,True,,,,
clip:628519675:454807.180:7920469.004,,14.571109253256402,-18.80703449132882,454807.17952627223,7920469.003603071,1,1,True,,,,
clip:688103633:518155.647:7869877.787,,15.17277518162691,-19.264671427310056,518155.64689728466,7869877.787024672,1,1,True,,,,
clip:740776674:633682.837:7849468.802,,16.273486443121364,-19.444725810306508,633682.837341796,7849468.802068485,1,1,True,,,,
clip:740776680:636363.429:7848805.563,,16.299065088409336,-19.450537089074395,636363.4285130404,7848805.562961354,1,1,True,,,,
clip:740776686:638254.362:7848340.470,,16.31710945215021,-19.454609225220615,638254.3620028264,7848340.47018797,1,1,True,,,,
clip:740776687:640171.528:7847868.696,,16.33540496279884,-19.458738034835633,640171.5277183992,7847868.696050512,1,1,True,,,,
clip:740776688:651943.301:7846133.927,,16.44766742470181,-19.47354993649376,651943.3012805405,7846133.926650077,1,1,True,,,,
clip:740776691:641589.314:7847541.721,,16.348933775764287,-19.461592180370175,641589.3135100384,7847541.721467945,1,1,True,,,,
clip:740776694:642283.483:7847477.293,,16.355550652700174,-19.46212494760441,642283.4829172494,7847477.292913917,1,1,True,,,,
clip:740776701:644290.617:7847394.086,,16.374675116606927,-19.462732709481333,644290.6173925055,7847394.086199096,1,1,True,,,,
clip:740776707:646598.562:7847298.133,,16.39666579759218,-19.463431551546797,646598.5616963116,7847298.132506077,1,1,True,,,,
clip:740776711:648202.041:7847044.837,,16.411958763970425,-19.465601612811458,648202.041387047,7847044.836626748,1,1,True,,,,
clip:740776712:649698.987:7846680.471,,16.4262460701939,-19.468781799494142,649698.9866491883,7846680.470614844,1,1,True,,,,
clip:740792088:664213.153:7845154.173,,16.5646244312035,-19.48142928956844,664213.1530630294,7845154.173013831,1,1,True,,,,
clip:740792089:665497.678:7845129.925,,16.576862075531547,-19.481542219726915,665497.6775031416,7845129.924964595,1,1,True,,,,
clip:740792091:666135.855:7845117.844,,16.582941965260904,-19.481598324694495,666135.8547128713,7845117.844061159,1,1,True,,,,
clip:740792097:661269.240:7845209.400,,16.53657767538769,-19.481170463813704,661269.2404352826,7845209.400499748,1,1,True,,,,
clip:740792098:662957.264:7845177.792,,16.55265956139868,-19.481318874655425,662957.2643523318,7845177.79209511,1,1,True,,,,
clip:740792106:659628.244:7845239.977,,16.52094375667398,-19.48102618463406,659628.2436799217,7845239.976839113,1,1,True,,,,
clip:740792108:657563.445:7845278.238,,16.501272149625255,-19.480844638601436,657563.4445734917,7845278.237778233,1,1,True,,,,
clip:740792116:653840.021:7845672.679,,16.46577187731316,-19.47757169387904,653840.0212838643,7845672.678949078,1,1,True,,,,
clip:806227340:640077.110:7958896.070,,16.32655010293654,-18.455581688394155,640077.1104794177,7958896.06956756,1,7,True,,,,
clip:806227341:639939.727:7958897.302,,16.325249229100024,-18.45557964740348,639939.72657753,7958897.302080297,1,7,True,,,,
clip:806950275:684573.823:7958506.764,,16.747848777644794,-18.455683649012737,684573.8234904911,7958506.764100999,1,1,True,,,,
clip:863032325:720476.860:7919552.807,,17.09198670976794,-18.8040783694053,720476.8601378558,7919552.806723386,1,1,True,,,,
clip:863039392:720371.358:7934876.724,,17.08928327059042,-18.665685536803174,720371.3581738571,7934876.7241351325,1,35,True,,,,
clip:863053628:720149.657:7921909.113,,17.08862102885471,-18.78283133904516,720149.6569389341,7921909.112821261,1,1,True,,,,
clip:863053629:720134.003:7922076.289,,17.088453972349345,-18.7813230863692,720134.0026601698,7922076.289084705,1,1,True,,,,
clip:863056586:720114.141:7922288.386,,17.08824202685193,-18.779409557413942,720114.141323408,7922288.386485609,1,1,True,,,,
clip:863065564:718758.803:7927615.419,,17.07480166747705,-18.731439241976382,718758.8034258783,7927615.418933479,1,1,True,,,,
clip:863065565:718768.758:7928227.892,,17.07482849662513,-18.72590634561856,718768.7581827819,7928227.891870405,1,1,True,,,,
clip:863233364:729915.117:7936349.006,,17.17954793752623,-18.65136053443097,729915.1168520306,7936349.005682777,1,1,True,,,,
clip:863236520:729239.683:7935753.990,,17.17321679999902,-18.65680854739274,729239.6830868667,7935753.990215681,1,1,True,,,,
clip:93178007:694293.199:7958412.802,,16.839862764918045,-18.45566194456047,694293.1990979648,7958412.801842158,1,1,True,,,,
clip:932507566:527831.872:7871081.202,,15.26483929632669,-19.253685573402205,527831.8718323392,7871081.202374592,1,1,True,,,,
clip:932507566:528077.248:7871102.327,,15.267173893674979,-19.25349126916716,528077.2483306103,7871102.3268783735,1,1,True,,,,
clip:934783357:720292.971:7956732.578,,17.086138294389613,-18.46829010074939,720292.970902677,7956732.577954577,1,1,True,,,,
clip:967058211:597278.584:7857451.526,,15.926324527137648,-19.374696020906146,597278.5841093728,7857451.526424594,1,15,True,,,,
clip:967058243:609318.525:7855675.780,,16.041062196324575,-19.390121666241416,609318.5252119764,7855675.780067428,1,10,True,,,,
clip:98522428:729963.256:7936400.904,,17.179998054615513,-18.650886522615956,729963.2557925048,7936400.904287179,1,1,True,,,,
osm:10006512975,10006512975,14.374185600000002,-19.197389900000008,434210.1251399812,7877213.409655365,1,1,False,,,,
osm:10054825898,10054825898,15.9415919,-18.5008511,599397.7919641829,7954141.610152015,3,1,False,,,,
osm:10054849522,10054849522,15.950994,-18.469425499999993,600408.6854949292,7957613.775204456,3,1,False,,,,
osm:1027299970,1027299970,15.980193000000002,-19.1616358,603069.1580394342,7880998.345177298,3,1,False,,,,
osm:1027300124,1027300124,15.9816544,-19.164079300000004,603221.3179897573,7880727.077482924,1,1,False,,,,
osm:10537179295,10537179295,15.974069399999998,-18.455945399999997,602853.2709374885,7959092.437926045,3,21,False,,,,
osm:10537179302,10537179302,15.9755996,-18.456897699999995,603014.2912364913,7958986.1914056605,3,21,False,,,,
osm:10537179316,10537179316,15.976405300000001,-18.458610999999994,603098.3493416918,7958796.148461908,1,21,False,,,,
osm:10537179319,10537179319,15.9745107,-18.4557048,602900.0153678388,7959118.810451248,3,21,False,,,,
osm:10723252768,10723252768,17.1681404,-18.6160543,728758.5845931924,7940272.265159778,1,1,False,,,,
osm:10723252769,10723252769,17.1680538,-18.617500699999994,728747.5087714397,7940112.249349397,3,1,False,,,,
osm:1080162677,1080162677,17.1745975,-18.641842,729405.5001315506,7937409.129775647,2,1,False,,,,
osm:1080162704,1080162704,17.1749916,-18.642494,729446.2147421829,7937336.44365294,2,1,False,,,,
osm:1083452460,1083452460,17.0413074,-18.7483299,715204.6861146146,7925786.376797898,3,1,False,,,,
osm:1083452562,1083452562,16.9083174,-18.7917851,701128.3676436463,7921131.5740910275,3,1,False,,,,
osm:1083452573,1083452573,16.7326617,-18.842967,682555.0119668484,7915656.057431022,3,1,False,,,,
osm:1083452584,1083452584,17.0428559,-18.798874199999993,715303.7596660105,7920189.187487877,3,1,False,,,,
osm:1083452602,1083452602,16.7726652,-18.521316899999995,687123.8233652625,7951216.687682819,4,1,False,,,,
osm:10874245397,10874245397,16.7364316,-18.494229999999995,683326.8783431716,7954251.9698945,3,1,False,,,,
osm:10874245409,10874245409,16.7281052,-18.493895800000008,682447.9428216319,7954297.395299655,3,1,False,,,,
osm:10874245411,10874245411,16.7275331,-18.4935841,682387.8576237914,7954332.473051243,3,1,False,,,,
osm:10979334751,10979334751,17.1101069,-18.4910454,722795.5148883831,7954184.135352184,3,1,False,,,,
osm:10979334754,10979334754,17.1068903,-18.4908644,722456.0009118089,7954208.139572076,3,1,False,,,,
osm:10979334766,10979334766,17.104368400000002,-18.4934286,722186.3214517662,7953927.38402492,3,1,False,,,,
osm:10979334768,10979334768,17.1044603,-18.4920877,722197.7582101352,7954075.710992649,1,1,False,,,,
osm:10979334771,10979334771,17.1065175,-18.488529599999996,722419.6395704618,7954467.065835899,3,1,False,,,,
osm:10979334776,10979334776,17.1053494,-18.487567499999997,722297.501001331,7954575.010825609,1,1,False,,,,
osm:10979334778,10979334778,17.1120979,-18.484541699999998,723014.2309973786,7954901.650837706,1,1,False,,,,
osm:10979334787,10979334787,17.1131506,-18.4846052,723125.3428047248,7954893.320753166,3,1,False,,,,
osm:10979334792,10979334792,17.1133266,-18.4887014,723138.6273773024,7954439.64453754,3,1,False,,,,
osm:10979334794,10979334794,17.1167609,-18.486421499999995,723504.3336329728,7954687.786785241,3,1,False,,,,
osm:10979344972,10979344972,17.085953100000005,-18.4816403,720256.3498812212,7955254.928441992,4,1,False,,,,
osm:10979344973,10979344973,17.0868945,-18.481209200000002,720356.3391843622,7955301.503141392,3,1,False,,,,
osm:10979344976,10979344976,17.0898168,-18.4801789,720666.3357547547,7955411.990204918,3,1,False,,,,
osm:10979344998,10979344998,17.100057500000002,-18.480416699999996,721747.7466308594,7955373.122843844,3,1,False,,,,
osm:10979355035,10979355035,17.1090925,-18.4859458,722694.9635501347,7954749.923368175,1,1,False,,,,
osm:10979355036,10979355036,17.1102887,-18.4863961,722820.731488904,7954698.598398285,1,1,False,,,,
osm:10979355037,10979355037,17.1098435,-18.4863248,722773.7989077636,7954707.040831057,3,1,False,,,,
osm:10979355090,10979355090,17.0853281,-18.477811800000005,720195.2240151513,7955679.5079214405,1,1,False,,,,
osm:10979355094,10979355094,17.0859492,-18.481505399999996,720256.1103565658,7955269.866720134,3,1,False,,,,
osm:10979355095,10979355095,17.0858382,-18.4813864,720244.5377529692,7955283.175470465,4,1,False,,,,
osm:10979355132,10979355132,17.0788036,-18.4805783,719502.5179605942,7955381.1966515,1,1,False,,,,
osm:10979355133,10979355133,17.0774075,-18.479504800000004,719356.4170239359,7955501.7294714805,1,1,False,,,,
osm:10979355140,10979355140,17.0777085,-18.483414699999997,719383.2335853848,7955068.537125796,4,1,False,,,,
osm:10979355155,10979355155,17.0793991,-18.4826808,719562.7406040314,7955147.725406061,3,1,False,,,,
osm:10979355157,10979355157,17.0795909,-18.4826439,719583.0468510379,7955151.57704438,3,1,False,,,,
osm:10979355186,10979355186,17.0885065,-18.489733499999993,720515.70076142,7954355.888166704,1,1,False,,,,
osm:10979355192,10979355192,17.088414,-18.4904279,720505.0416357289,7954279.13044861,3,1,False,,,,
osm:10979355201,10979355201,17.0876817,-18.490682300000003,720427.3686734294,7954251.862519999,4,1,False,,,,
osm:10979355205,10979355205,17.0887882,-18.4906124,720544.3293430371,7954258.248987601,3,1,False,,,,
osm:10979355216,10979355216,17.0944141,-18.4923192,721136.359981297,7954062.42127947,1,1,False,,,,
osm:10979355224,10979355224,17.093818600000002,-18.491622199999995,721074.3569955733,7954140.309515532,3,1,False,,,,
osm:10979355226,10979355226,17.0935169,-18.491535799999994,721042.6017019178,7954150.243586421,3,1,False,,,,
osm:10979355230,10979355230,17.0922106,-18.4911593,720905.1104678838,7954193.52174238,3,1,False,,,,
osm:10979355236,10979355236,17.0915589,-18.4924756,720834.5885464281,7954048.603309033,1,1,False,,,,
osm:10979355245,10979355245,17.097364,-18.4915593,721448.9108212322,7954142.92665354,3,1,False,,,,
osm:10979355250,10979355250,17.0970131,-18.491551000000005,721411.858618133,7954144.275938719,3,1,False,,,,
osm:10979355253,10979355253,17.0943966,-18.491398400000005,721135.6939426287,7954164.3764426615,3,1,False,,,,
osm:10979355276,10979355276,17.08716,-18.487594200000004,720376.216446146,7954594.35471631,3,1,False,,,,
osm:10979355282,10979355282,17.090427,-18.4851712,720724.3954762261,7954858.592241727,1,1,False,,,,
osm:10979355292,10979355292,17.085847100000002,-18.484865999999993,720241.0302127141,7954897.97049616,3,1,False,,,,
osm:10979355293,10979355293,17.0863849,-18.484918099999998,720297.76916979,7954891.546940095,3,1,False,,,,
osm:10979355299,10979355299,17.0718084,-18.484004899999995,718759.2796100186,7955010.3596706875,1,1,False,,,,
osm:10979355304,10979355304,17.0721343,-18.488903,718787.4823937902,7954467.745404611,1,1,False,,,,
osm:10979355306,10979355306,17.0719088,-18.489888499999992,718762.4128540463,7954358.923857095,3,1,False,,,,
osm:10979355320,10979355320,17.0746046,-18.4881971,719049.2997418323,7954542.893048397,1,1,False,,,,
osm:10979355336,10979355336,17.0818734,-18.486310799999995,719819.461853592,7954742.872584702,1,1,False,,,,
osm:10979355354,10979355354,17.0862548,-18.484437299999996,720284.6419806302,7954944.930571827,3,1,False,,,,
osm:10979355367,10979355367,17.0836893,-18.486871700000002,720010.5495420002,7954678.568849079,3,1,False,,,,
osm:10979355370,10979355370,17.0830442,-18.486925199999995,719942.3429001473,7954673.432342567,3,1,False,,,,
osm:10979355382,10979355382,17.0830341,-18.490179300000005,719937.1211405058,7954313.213870017,1,1,False,,,,
osm:10979355388,10979355388,17.0823339,-18.490777699999995,719862.4004660051,7954247.823608638,3,1,False,,,,
osm:10979355393,10979355393,17.0776141,-18.490500399999995,719364.239525232,7954284.262947513,3,1,False,,,,
osm:10979355394,10979355394,17.085662,-18.490960899999997,720213.6871074089,7954223.486388871,2,1,False,,,,
osm:10979355399,10979355399,17.0825413,-18.490800600000004,719884.277234239,7954245.035941442,3,1,False,,,,
osm:10979355400,10979355400,17.0816092,-18.490697599999994,719785.9584318268,7954257.573244935,3,1,False,,,,
osm:10979355405,10979355405,17.0781653,-18.490454699999994,719422.5165551027,7954288.652040327,3,1,False,,,,
osm:10979355408,10979355408,17.0784616,-18.489280699999995,719455.3081606287,7954418.254053569,1,1,False,,,,
osm:10979355415,10979355415,17.0777227,-18.4902003,719376.0923013886,7954317.352133661,4,1,False,,,,
osm:10979355425,10979355425,17.0719962,-18.4899065,718771.6213532973,7954356.825341217,4,1,False,,,,
osm:10979355431,10979355431,17.0721531,-18.4870396,718791.8348311918,7954674.000938517,1,1,False,,,,
osm:10979355482,10979355482,17.0960946,-18.480594499999995,721328.9202597879,7955358.301163262,3,1,False,,,,
osm:10979355487,10979355487,17.0995062,-18.492193399999994,721674.3589115409,7954070.10130812,3,1,False,,,,
osm:10979355490,10979355490,17.099262200000002,-18.491117299999996,721649.9720840484,7954189.526880531,1,1,False,,,,
osm:10979355491,10979355491,17.1021656,-18.490247399999998,721957.7583526629,7954282.258637151,3,1,False,,,,
osm:10979355498,10979355498,17.0997879,-18.489312500000004,721707.8211571045,7954388.675439038,1,1,False,,,,
osm:10979355523,10979355523,17.1045881,-18.4934507,722209.4979933732,7953924.667036654,3,1,False,,,,
osm:10979355530,10979355530,17.102053,-18.4926016,721942.8312745554,7954021.783155551,3,1,False,,,,
osm:10979355533,10979355533,17.1009063,-18.492520099999997,721821.8196003517,7954032.214995539,3,1,False,,,,
osm:10979355563,10979355563,17.0956399,-18.486158200000002,721273.7456838823,7954742.949793798,1,1,False,,,,
osm:10979355628,10979355628,17.1014696,-18.480131799999995,721897.2726904986,7955402.927371662,3,1,False,,,,
osm:10979355630,10979355630,17.091498499999997,-18.470803099999998,720855.9838702944,7956447.844523942,1,1,False,,,,
osm:10979355635,10979355635,17.0932168,-18.475192499999995,721031.8687417831,7955959.832511831,3,1,False,,,,
osm:10979355643,10979355643,17.0918526,-18.4733026,720890.1869171732,7956170.714750933,4,1,False,,,,
osm:10979355684,10979355684,17.0998389,-18.4731754,721733.9710266673,7956175.013420039,3,1,False,,,,
osm:10979355691,10979355691,17.1010281,-18.4783406,721852.9429795977,7955601.758290795,4,1,False,,,,
osm:10979355702,10979355702,17.1009075,-18.4801697,721837.8495281562,7955399.42228712,3,1,False,,,,
osm:10979355707,10979355707,17.1011437,-18.480108899999998,721862.8774960813,7955405.862805926,3,1,False,,,,
osm:10979355708,10979355708,17.1012604,-18.479885099999997,721875.4925997661,7955430.494450141,3,1,False,,,,
osm:10979355725,10979355725,17.1015836,-18.478402,721911.5417593595,7955594.27883984,3,1,False,,,,
osm:10979355767,10979355767,17.0957552,-18.475872,721299.1332639687,7955881.5034850165,1,1,False,,,,
osm:10979355768,10979355768,17.0955098,-18.475805899999997,721273.2960512605,7955889.121431587,3,1,False,,,,
osm:10979355775,10979355775,17.0918995,-18.474756500000005,720893.2782234222,7956009.709313392,3,1,False,,,,
osm:10979355780,10979355780,17.0881602,-18.4753542,720497.5230290452,7955948.111383097,3,1,False,,,,
osm:10979355781,10979355781,17.0875114,-18.4753569,720428.9856851462,7955948.604248844,1,1,False,,,,
osm:10979355791,10979355791,17.0873947,-18.4735494,720418.9694778027,7956148.838133298,1,1,False,,,,
osm:10979355804,10979355804,17.0867631,-18.476135299999992,720348.9464568701,7955863.347725226,3,1,False,,,,
osm:10979355816,10979355816,17.0862427,-18.481280399999996,720287.3997686476,7955294.416403053,3,1,False,,,,
osm:10979355817,10979355817,17.0910171,-18.479312699999998,720794.2319106432,7955506.412447647,1,1,False,,,,
osm:10979355841,10979355841,17.085945,-18.481360499999997,720255.851923093,7955285.912370673,4,1,False,,,,
osm:10979355847,10979355847,17.0756011,-18.485978899999992,719157.3751941462,7954787.238764729,1,1,False,,,,
osm:10979355866,10979355866,17.0680318,-18.486107400000005,718357.7096810248,7954782.184492226,3,1,False,,,,
osm:10979355867,10979355867,17.0688231,-18.486633899999998,718440.6224664104,7954722.94392703,3,1,False,,,,
osm:10979355872,10979355872,17.0690102,-18.489017399999998,718457.3619884562,7954458.864609414,3,1,False,,,,
osm:10979355885,10979355885,17.0649676,-18.489188799999997,718030.1564909974,7954444.777798175,3,1,False,,,,
osm:10979355903,10979355903,17.0710212,-18.4849486,718674.9334255785,7954906.845670995,3,1,False,,,,
osm:10979355910,10979355910,17.0744665,-18.484343199999994,719039.6131184272,7954969.687638184,3,1,False,,,,
osm:10979355926,10979355926,17.079541200000005,-18.4832086,719577.0775904008,7955089.124997861,3,1,False,,,,
osm:10979355931,10979355931,17.0807214,-18.482757099999993,719702.313705106,7955137.670782691,3,1,False,,,,
osm:10979356006,10979356006,17.0991576,-18.485602399999998,721646.0201153281,7954800.163012801,3,1,False,,,,
osm:10979356009,10979356009,17.0988598,-18.486949299999992,721612.8320116596,7954651.424755951,3,1,False,,,,
osm:10981320261,10981320261,17.123329,-18.511883499999996,724164.9412025213,7951860.923805052,3,1,False,,,,
osm:10981320266,10981320266,17.1178365,-18.5143349,723581.6856620436,7951596.36652933,3,1,False,,,,
osm:10981320267,10981320267,17.1286565,-18.511939,724727.513461705,7951848.148114117,1,1,False,,,,
osm:10981320272,10981320272,17.1162983,-18.51176469999999,723422.5757760385,7951882.801586568,4,1,False,,,,
osm:10981320276,10981320276,17.1051758,-18.511616800000002,722248.112478375,7951912.9200406065,3,1,False,,,,
osm:10981320281,10981320281,17.1051997,-18.5163891,722244.4699572225,7951384.5869401395,3,1,False,,,,
osm:10981320287,10981320287,17.1049336,-18.5115991,722222.5564991254,7951915.177977803,3,1,False,,,,
osm:10981320288,10981320288,17.104243,-18.511600799999997,722149.6197544542,7951915.840756885,3,1,False,,,,
osm:10981320290,10981320290,17.1046534,-18.512366299999996,722191.9734705493,7951830.5926669855,3,1,False,,,,
osm:10981320292,10981320292,17.1013087,-18.5133837,721837.428063,7951722.082991114,1,1,False,,,,
osm:10981320321,10981320321,17.113781,-18.521540200000004,723144.0365813224,7950803.745459834,1,1,False,,,,
osm:10981320444,10981320444,17.1161655,-18.495988500000003,723429.031699762,7953629.432924258,1,1,False,,,,
osm:10981320445,10981320445,17.1214798,-18.499344299999997,723985.9661019588,7953251.348222282,3,1,False,,,,
osm:10981320451,10981320451,17.1203779,-18.497735999999996,723871.6762219995,7953430.75913288,1,1,False,,,,
osm:10981320452,10981320452,17.1227617,-18.498388700000003,724122.6031060045,7953355.544100082,3,1,False,,,,
osm:10981320458,10981320458,17.122238,-18.495960499999995,724070.4504755938,7953625.003322936,1,1,False,,,,
osm:10981320463,10981320463,17.1235737,-18.494978600000007,724212.8071156918,7953732.043537131,1,1,False,,,,
osm:10981320464,10981320464,17.1258616,-18.494098500000003,724455.6063208913,7953826.62929874,3,1,False,,,,
osm:10981320465,10981320465,17.126762,-18.495406999999993,724549.0022534726,7953680.654173875,3,1,False,,,,
osm:10981320469,10981320469,17.1254781,-18.4935287,724415.8427606731,7953890.184816694,1,1,False,,,,
osm:10981320470,10981320470,17.1255961,-18.4897208,724433.2686429942,7954311.584217351,1,1,False,,,,
osm:10981320483,10981320483,17.1287584,-18.4897666,724767.2271073022,7954302.57943726,1,1,False,,,,
osm:10981320484,10981320484,17.1284366,-18.487296599999997,724736.4595984586,7954576.416945953,1,1,False,,,,
osm:10981320488,10981320488,17.1290463,-18.493704200000003,724792.4967836447,7953866.315832989,3,1,False,,,,
osm:10981320489,10981320489,17.1285573,-18.493348099999995,724741.3120249332,7953906.346253435,3,1,False,,,,
osm:10981320490,10981320490,17.1280101,-18.493002200000003,724683.9664819246,7953945.319793245,3,1,False,,,,
osm:10981320511,10981320511,17.1232197,-18.4858034,724187.3598909124,7954748.204531569,1,1,False,,,,
osm:10981320521,10981320521,17.1251723,-18.491375499999997,724386.3489378378,7954128.930796784,2,1,False,,,,
osm:10981320527,10981320527,17.1214467,-18.489084799999997,723995.8158241245,7954387.145032825,3,1,False,,,,
osm:10981320550,10981320550,17.1172142,-18.4860755,723552.6631477985,7954725.528645208,3,1,False,,,,
osm:10981320601,10981320601,17.1182888,-18.5017227,723645.8463127323,7952992.011291595,3,1,False,,,,
osm:10981320602,10981320602,17.1037012,-18.5076838,722097.4567111469,7952350.127805383,1,1,False,,,,
osm:10981320618,10981320618,17.1019236,-18.505092999999995,721913.060736563,7952639.122277072,3,1,False,,,,
osm:10981320623,10981320623,17.101884,-18.502861599999996,721911.7556967349,7952886.191018535,3,1,False,,,,
osm:10981320630,10981320630,17.1012376,-18.500263499999996,721846.8344342641,7953174.600274651,4,1,False,,,,
osm:10981320641,10981320641,17.0961493,-18.496510599999997,721314.2477048528,7953596.300702687,3,1,False,,,,
osm:10981320642,10981320642,17.0999822,-18.497154099999996,721718.2473355777,7953520.359176163,4,1,False,,,,
osm:10981320663,10981320663,17.0934713,-18.499328299999995,721027.78203565,7953287.659962535,1,1,False,,,,
osm:10981320670,10981320670,17.0960864,-18.4981862,721305.4503660423,7953410.886552629,1,1,False,,,,
osm:10981320733,10981320733,17.1043062,-18.51107999999999,722156.9669123077,7951973.41650629,3,1,False,,,,
osm:10981320759,10981320759,17.1020021,-18.5005581,721927.1989735456,7953141.047321045,3,1,False,,,,
osm:10981320766,10981320766,17.097449,-18.4990637,721448.2369798992,7953312.074247007,4,1,False,,,,
osm:10981320776,10981320776,17.1102887,-18.501757399999992,722800.8547405695,7952998.068821019,1,1,False,,,,
osm:10981320777,10981320777,17.1106052,-18.501205399999996,722834.9970955249,7953058.785574232,1,1,False,,,,
osm:10981320779,10981320779,17.1101895,-18.501490300000004,722790.7232910999,7953027.759904675,3,1,False,,,,
osm:10981320781,10981320781,17.110480999999996,-18.507554999999996,722813.6582106564,7952356.023609523,4,1,False,,,,
osm:10981320782,10981320782,17.1088189,-18.505977099999996,722640.1602077683,7952532.753294638,1,1,False,,,,
osm:10981320783,10981320783,17.1107689,-18.5048198,722847.6065172866,7952658.460944128,1,1,False,,,,
osm:10981320785,10981320785,17.1109293,-18.507213999999994,722861.4462998469,7952393.219205073,3,1,False,,,,
osm:10981320786,10981320786,17.1123176,-18.506157799999993,723009.4383959696,7952508.4270418435,3,1,False,,,,
osm:10981320793,10981320793,17.1124265,-18.504039000000002,723023.6857646802,7952742.8486883445,1,1,False,,,,
osm:10981320794,10981320794,17.114186,-18.503387800000002,723210.3609012021,7952812.761832774,1,1,False,,,,
osm:10981320799,10981320799,17.1139342,-18.504994500000002,723181.6831100227,7952635.207676067,3,1,False,,,,
osm:10981320800,10981320800,17.1164706,-18.503083899999996,723452.0458916778,7952843.575911179,3,1,False,,,,
osm:10981320875,10981320875,17.111261,-18.4924248,722915.6293463077,7954030.007827893,1,1,False,,,,
osm:10981320877,10981320877,17.1098744,-18.4919941,722769.7302979374,7954079.399184972,3,1,False,,,,
osm:10981320902,10981320902,17.1149269,-18.499614599999997,723293.5067796931,7953229.547690585,3,1,False,,,,
osm:10981320908,10981320908,17.1146607,-18.4982294,723267.1877337429,7953383.222209591,1,1,False,,,,
osm:10981320909,10981320909,17.110324900000002,-18.496947399999996,722810.9037887534,7953530.501921665,1,1,False,,,,
osm:10981320919,10981320919,17.1224579,-18.490817099999997,724100.3700484018,7954194.119474086,1,1,False,,,,
osm:10981320928,10981320928,17.1170948,-18.49476749999999,723528.7701086168,7953763.449956318,1,1,False,,,,
osm:10981320932,10981320932,17.1152709,-18.4948184,723336.061236193,7953760.073294487,1,1,False,,,,
osm:10981320944,10981320944,17.1168575,-18.4967274,723501.1619986554,7953546.777861367,1,1,False,,,,
osm:10981320946,10981320946,17.1169594,-18.496069900000002,723512.778269785,7953619.438606283,3,1,False,,,,
osm:10981320961,10981320961,17.1183374,-18.491996199999992,723663.6148477609,7954068.700671696,4,1,False,,,,
osm:10998445540,10998445540,16.946428800000003,-18.8105767,705123.581123028,7919007.855898216,3,1,False,,,,
osm:10998445552,10998445552,16.9453058,-18.812459199999996,705002.9156517284,7918800.766764579,3,1,False,,,,
osm:10998445559,10998445559,16.9451337,-18.812386399999994,704984.8618707047,7918809.024161943,3,1,False,,,,
osm:10998445563,10998445563,16.946238,-18.811481599999993,705102.3699942372,7918907.907062267,3,1,False,,,,
osm:10998445565,10998445565,16.9465182,-18.810958899999996,705132.5417522702,7918965.444430162,3,1,False,,,,
osm:10998445622,10998445622,16.9380207,-18.807655100000005,704240.7552803026,7919340.957141189,3,1,False,,,,
osm:10998445627,10998445627,16.937829200000003,-18.808182599999995,704219.9307218218,7919282.785222263,3,1,False,,,,
osm:10998445629,10998445629,16.9380694,-18.806834800000004,704246.8797451844,7919431.70506246,3,1,False,,,,
osm:10998445635,10998445635,16.9380839,-18.8072951,704247.8524619559,7919380.7350195795,3,1,False,,,,
osm:10998445640,10998445640,16.938298,-18.8075009,704270.1740194993,7919357.707543673,3,1,False,,,,
osm:10998445663,10998445663,16.9368357,-18.8065988,704117.1093689826,7919459.247609873,3,1,False,,,,
osm:10998445671,10998445671,16.9356754,-18.80743639999999,703993.7816067256,7919367.861832656,3,1,False,,,,
osm:10998445676,10998445676,16.9356576,-18.807234899999997,703992.148189048,7919390.187496515,3,1,False,,,,
osm:10998445677,10998445677,16.935369,-18.809451500000005,703959.0512453861,7919145.150490518,3,1,False,,,,
osm:10998445693,10998445693,16.9357366,-18.807457200000005,704000.2081213047,7919365.4890621435,3,1,False,,,,
osm:10998445719,10998445719,16.940060900000002,-18.804416199999995,704459.7449145388,7919697.143202901,3,1,False,,,,
osm:10998445808,10998445808,14.8599891,-18.970071,485261.22362444294,7902478.266646915,1,1,False,,,,
osm:10998445823,10998445823,14.862328900000001,-18.971702399999998,485507.6728929318,7902297.950014871,3,1,False,,,,
osm:10998445827,10998445827,14.8620842,-18.9715847,485481.90364346723,7902310.953110464,3,1,False,,,,
osm:10998445831,10998445831,14.8621108,-18.9718326,485484.7252327234,7902283.5257341415,3,1,False,,,,
osm:10998445839,10998445839,14.861033000000003,-18.972544199999994,485371.32964885485,7902204.699700313,3,1,False,,,,
osm:10998445840,10998445840,14.860548399999999,-18.971804699999993,485320.2523263944,7902286.483394428,1,1,False,,,,
osm:10998445849,10998445849,14.8610057,-18.971543399999998,485368.3685136197,7902315.433670325,3,1,False,,,,
osm:10998445850,10998445850,14.8610175,-18.972251,485369.6724197393,7902237.140325809,3,1,False,,,,
osm:10998445855,10998445855,14.8610115,-18.972048299999997,485369.0231261859,7902259.568120428,3,1,False,,,,
osm:10998445860,10998445860,14.8601138,-18.972007499999997,485274.52072757354,7902264.007780479,3,1,False,,,,
osm:11003409414,11003409414,14.470991500000002,-18.998021,444320.6265728788,7899307.842132114,3,1,False,,,,
osm:11003409528,11003409528,15.760804999999998,-19.323911400000004,579920.2778163507,7863156.245313313,3,1,False,,,,
osm:11003409529,11003409529,15.761502400000001,-19.323948699999995,579993.52282577,7863151.795634711,3,1,False,,,,
osm:11003409663,11003409663,15.7439446,-19.327135300000002,578147.5312921323,7862807.188510005,3,1,False,,,,
osm:11003432394,11003432394,15.529766200000001,-18.9622646,555771.0233281734,7903264.094785483,4,1,False,,,,
osm:11003434448,11003434448,14.9572514,-18.972200399999995,495499.9674820265,7902247.96220759,1,1,False,,,,
osm:11197644572,11197644572,15.299802999999999,-19.236249199999996,531509.5480644524,7873004.600509774,1,1,False,,,,
osm:11197644584,11197644584,15.3007746,-19.240899699999996,531610.774680392,7872489.837701669,3,1,False,,,,
osm:11197729495,11197729495,15.9136359,-19.328365599999998,595973.0834654723,7862585.692505923,1,1,False,,,,
osm:11218530502,11218530502,17.0516032,-18.813398299999992,716207.4144787958,7918570.71619314,1,1,False,,,,
osm:11218530505,11218530505,17.0516247,-18.814008400000002,716208.9007589016,7918503.150622153,3,1,False,,,,
osm:11218530507,11218530507,17.0522396,-18.8135914,716274.2570916866,7918548.564434411,1,1,False,,,,
osm:11235648221,11235648221,15.9261496,-19.1826785,597373.6268466663,7878700.769027635,3,1,False,,,,
osm:11235657860,11235657860,16.0751358,-19.155250100000003,613057.8111325547,7881646.232684543,3,1,False,,,,
osm:11235657904,11235657904,15.920945000000001,-19.1795871,596828.194478834,7879045.765861691,3,1,False,,,,
osm:11235657909,11235657909,15.919790000000003,-19.1788272,596707.1930205291,7879130.49826871,3,1,False,,,,
osm:11235657910,11235657910,15.9191309,-19.179956999999995,596637.2312507269,7879005.838651181,3,1,False,,,,
osm:11235657914,11235657914,15.9193331,-19.1796005,596658.6999372832,7879045.177294456,4,1,False,,,,
osm:11235657915,11235657915,15.9194244,-19.1802936,596667.895476674,7878968.427404594,3,1,False,,,,
osm:11235657916,11235657916,15.9193344,-19.179444200000002,596658.92781221,7879062.472918307,3,1,False,,,,
osm:11235657936,11235657936,15.924681500000002,-19.181161100000004,597220.1534781998,7878869.505859608,3,1,False,,,,
osm:11235657957,11235657957,15.926355000000001,-19.181203299999996,597396.09099671,7878863.9019854665,3,1,False,,,,
osm:11235657961,11235657961,15.9255409,-19.1825515,597309.6994799126,7878715.162875349,3,1,False,,,,
osm:11235657962,11235657962,15.925751499999999,-19.182571299999992,597331.8314712037,7878712.85422267,3,1,False,,,,
osm:11235657966,11235657966,15.925802500000001,-19.1810705,597338.0757009232,7878878.906347638,3,1,False,,,,
osm:11235657967,11235657967,15.9254524,-19.181090000000005,597301.2525086801,7878876.943860697,3,1,False,,,,
osm:11235657971,11235657971,15.9250429,-19.183670300000003,597256.6801983037,7878591.632806649,3,1,False,,,,
osm:11235657972,11235657972,15.9256311,-19.183407299999995,597318.6808241813,7878620.408512862,3,1,False,,,,
osm:11235657980,11235657980,15.9249656,-19.18341869999999,597248.700223502,7878619.518330624,3,1,False,,,,
osm:11235657985,11235657985,15.9247698,-19.18363649999999,597227.9850229287,7878595.525491574,1,1,False,,,,
osm:11235657991,11235657991,15.9256455,-19.182965200000005,597320.4546455408,7878669.323875461,3,1,False,,,,
osm:11235657995,11235657995,15.925496700000002,-19.1824586,597305.1066210178,7878725.467986593,3,1,False,,,,
osm:11235657997,11235657997,15.9245659,-19.182647299999992,597207.1264963677,7878705.105415072,3,1,False,,,,
osm:11235658067,11235658067,15.9176065,-19.175034599999996,596479.8113053843,7879551.401115859,3,1,False,,,,
osm:11235658071,11235658071,15.9175439,-19.176025199999998,596472.6522523288,7879441.814854941,1,1,False,,,,
osm:11235658084,11235658084,15.916158600000001,-19.175415900000004,596327.3430133191,7879510.006351312,3,1,False,,,,
osm:11235658090,11235658090,15.9171926,-19.1748939,596436.37159453,7879567.200035329,3,1,False,,,,
osm:11235658092,11235658092,15.916421400000003,-19.174906700000005,596355.2724169707,7879566.209802202,3,1,False,,,,
osm:11235658099,11235658099,15.916701700000003,-19.176226599999996,596383.9783223115,7879419.99336428,3,1,False,,,,
osm:11235658100,11235658100,15.916470999999998,-19.1763798,596359.6313147633,7879403.167566607,3,1,False,,,,
osm:11235658130,11235658130,15.9144485,-19.175940999999998,596147.2218513871,7879452.841858294,3,1,False,,,,
osm:11235658134,11235658134,15.9145465,-19.176303799999996,596157.3159733922,7879412.640005468,1,1,False,,,,
osm:11235658138,11235658138,15.9143843,-19.176153099999997,596140.3482142632,7879429.406044805,3,1,False,,,,
osm:11235658139,11235658139,15.913642999999999,-19.1767978,596062.0273821354,7879358.471363509,3,1,False,,,,
osm:11235658166,11235658166,15.9143333,-19.176046700000004,596135.0473283663,7879441.208491543,3,1,False,,,,
osm:11235658178,11235658178,15.916009700000002,-19.1748142,596312.0358969009,7879576.673342544,3,1,False,,,,
osm:11235658190,11235658190,15.9195292,-19.179402000000003,596679.4351195846,7879067.034828262,3,1,False,,,,
osm:11343196543,11343196543,16.9959887,-18.721702799999996,710458.3983379789,7928788.095209287,3,1,False,,,,
osm:11343218763,11343218763,16.7245898,-18.658670999999995,681901.7753699302,7936063.129375542,1,1,False,,,,
osm:11343218798,11343218798,16.7246052,-18.658897799999995,681903.1582678012,7936038.010618475,3,1,False,,,,
osm:11343218803,11343218803,16.7244744,-18.659151899999994,681889.0878630702,7936010.018767676,3,1,False,,,,
osm:11343218835,11343218835,16.7248526,-18.658925099999994,681929.2300443938,7936034.737500904,3,1,False,,,,
osm:11343218867,11343218867,16.725896,-18.659952999999998,682038.2127378223,7935919.9045934845,1,1,False,,,,
osm:11343219113,11343219113,16.7300685,-18.494725999999996,682654.3921303967,7954203.521468247,3,1,False,,,,
osm:11343219122,11343219122,16.7292461,-18.495487400000002,682566.7377992957,7954120.079842141,1,1,False,,,,
osm:11343219123,11343219123,16.7300279,-18.49534999999999,682649.4429342845,7954134.496730415,1,1,False,,,,
osm:11343219127,11343219127,16.7301912,-18.494147599999998,682667.962947894,7954267.416013793,3,1,False,,,,
osm:11343219129,11343219129,16.7258634,-18.4899902,682215.3341774271,7954731.9397589825,3,1,False,,,,
osm:11343219159,11343219159,16.7274088,-18.493729,682374.577776276,7954316.560765378,3,1,False,,,,
osm:11343219189,11343219189,16.7230794,-18.494593199999994,681916.4691407414,7954225.277479682,3,1,False,,,,
osm:11346997310,11346997310,16.4700816,-19.037393799999993,654704.7883712433,7894387.521746733,3,1,False,,,,
osm:11346997321,11346997321,16.4721684,-19.0375823,654924.2572249399,7894364.819141297,1,1,False,,,,
osm:11346997552,11346997552,16.7497921,-18.843967800000005,684359.2404154371,7915527.556563129,3,1,False,,,,
osm:11346997561,11346997561,16.7494148,-18.843897500000004,684319.5547581296,7915535.730162414,3,1,False,,,,
osm:11356715398,11356715398,15.9023557,-19.1683242,594880.0332783744,7880302.344725263,3,1,False,,,,
osm:11356715412,11356715412,15.901367500000001,-19.167857299999998,594776.3871025741,7880354.549268543,3,1,False,,,,
osm:11356715431,11356715431,15.9010564,-19.167330400000004,594743.974730727,7880413.025305178,3,1,False,,,,
osm:11356715465,11356715465,15.902557100000001,-19.168133500000003,594901.3204351476,7880323.338176455,3,1,False,,,,
osm:11356715466,11356715466,15.902620100000002,-19.1679397,594908.0560796412,7880344.749942435,3,1,False,,,,
osm:11356718169,11356718169,15.903037,-19.166973099999996,594952.4484174204,7880451.487703471,3,1,False,,,,
osm:11356718173,11356718173,15.903152500000001,-19.16704530000001,594964.552441846,7880443.43514657,3,1,False,,,,
osm:11356718188,11356718188,15.9016974,-19.166952899999995,594811.5946440506,7880454.45150097,3,1,False,,,,
osm:11356718223,11356718223,15.865661899999997,-18.9941118,591116.7766672063,7899600.022223234,3,1,False,,,,
osm:11356718347,11356718347,16.1922661,-19.20523800000001,625338.3647812994,7876034.138932163,3,1,False,,,,
osm:11356718348,11356718348,16.192024800000002,-19.2053545,625312.9066994817,7876021.41964472,3,1,False,,,,
osm:11356718349,11356718349,16.1921633,-19.2050418,625327.7052202587,7876055.926211956,3,1,False,,,,
osm:11356718541,11356718541,16.0770557,-19.156487999999996,613258.8752658295,7881507.99588667,3,1,False,,,,
osm:11356718544,11356718544,16.0768966,-19.1562142,613242.3302916769,7881538.399210757,3,1,False,,,,
osm:11356718590,11356718590,16.2730933,-19.036290999999988,633972.5952260516,7894671.493514888,3,1,False,,,,
osm:11356718595,11356718595,16.2733516,-19.035986299999998,634000.0251703272,7894705.017554554,3,1,False,,,,
osm:11356718600,11356718600,16.2729433,-19.036016700000005,633957.0280940812,7894701.964687981,3,1,False,,,,
osm:11356718801,11356718801,16.4650611,-19.031212500000002,654182.0684597135,7895076.06467499,3,1,False,,,,
osm:11360510647,11360510647,14.859644500000002,-18.971578899999997,485225.08081436076,7902311.3921151515,3,1,False,,,,
osm:11360510667,11360510667,14.8608783,-18.972700000000003,485355.05839272984,7902187.447936159,3,1,False,,,,
osm:11360510668,11360510668,14.8608367,-18.971214099999997,485350.5494481973,7902351.855922483,3,1,False,,,,
osm:11360534080,11360534080,14.532419,-19.3761418,450898.35631472984,7857485.965588697,1,1,False,,,,
osm:11360534239,11360534239,14.5190361,-19.274288599999995,449461.65503428574,7868752.648665964,2,1,False,,,,
osm:11360534240,11360534240,14.518885900000003,-19.274203700000005,449445.8461050483,7868761.999463382,2,1,False,,,,
osm:11360534738,11360534738,15.243398700000002,-18.9727343,525621.917724033,7902171.739533583,3,1,False,,,,
osm:11360534771,11360534771,15.441218600000001,-18.9837129,546443.0906744616,7900916.506615484,3,1,False,,,,
osm:11360534875,11360534875,15.7408208,-19.0684723,577941.0810092372,7891431.588308591,3,1,False,,,,
osm:11360534879,11360534879,15.740954,-19.068227399999994,577955.2099770766,7891458.62874043,3,1,False,,,,
osm:11361641060,11361641060,15.947209099999998,-19.357298900000004,599482.5016715407,7859364.865103632,3,1,False,,,,
osm:11361641072,11361641072,15.9450151,-19.356863599999993,599252.3194393016,7859414.298519902,3,1,False,,,,
osm:11361641076,11361641076,15.9445618,-19.3567915,599204.7508081222,7859422.5376367895,3,1,False,,,,
osm:11361641193,11361641193,15.9045419,-19.342127300000005,595009.7785102131,7861067.803517499,1,1,False,,,,
osm:11361641210,11361641210,15.904359199999998,-19.345641900000004,594988.5534887094,7860678.968504446,4,1,False,,,,
osm:11361641247,11361641247,15.9033727,-19.34510719999999,594885.2396738336,7860738.681447869,3,1,False,,,,
osm:11361641256,11361641256,15.9114647,-19.34758489999999,595733.7893065942,7860460.032134678,1,1,False,,,,
osm:11361641257,11361641257,15.908491500000002,-19.346739699999997,595421.9762274444,7860555.207819127,3,1,False,,,,
osm:11361641372,11361641372,15.913633700000002,-19.361996899999994,595953.1916010987,7858863.952985413,3,1,False,,,,
osm:11361641373,11361641373,15.915146,-19.362936900000005,596111.4786387095,7858759.089047637,1,1,False,,,,
osm:11361641385,11361641385,15.9063618,-19.3580188,595191.7282855825,7859308.20354832,1,1,False,,,,
osm:11361641439,11361641439,15.9028401,-19.355528699999994,594823.2727798906,7859585.701140527,3,1,False,,,,
osm:11361641457,11361641457,15.926165,-19.3517867,597275.4188081741,7859986.842478371,3,1,False,,,,
osm:11361641458,11361641458,15.926566900000001,-19.3530854,597316.8631444927,7859842.897723745,1,1,False,,,,
osm:11361641467,11361641467,15.926706299999998,-19.352372999999996,597331.9278474267,7859921.6558580715,1,1,False,,,,
osm:11361641474,11361641474,15.926541399999998,-19.3527513,597314.3828592156,7859879.884724652,3,1,False,,,,
osm:11361641482,11361641482,15.9257783,-19.352678000000004,597234.2726349499,7859888.425744809,3,1,False,,,,
osm:11361641488,11361641488,15.9253612,-19.352085800000005,597190.8124980307,7859954.195146615,1,1,False,,,,
osm:11361641493,11361641493,15.925577599999999,-19.35162160000001,597213.8175829295,7860005.443412321,3,1,False,,,,
osm:11361641494,11361641494,15.925451100000002,-19.3522591,597200.1526951552,7859934.966639781,1,1,False,,,,
osm:11361641496,11361641496,15.925267300000002,-19.352652600000003,597180.6138041886,7859891.523933688,3,1,False,,,,
osm:11361641526,11361641526,15.9225221,-19.352369200000005,596892.4338150491,7859924.426843436,1,1,False,,,,
osm:11361641527,11361641527,15.930050999999999,-19.352834899999998,597682.9707820803,7859868.653859956,3,1,False,,,,
osm:11361641540,11361641540,15.9291445,-19.3534966,597587.3612507026,7859795.939816531,1,1,False,,,,
osm:11361641541,11361641541,15.9294288,-19.353303000000004,597617.3383099828,7859817.203747763,1,1,False,,,,
osm:11361641545,11361641545,15.929590200000002,-19.352706299999994,597634.6462836659,7859883.145500831,3,1,False,,,,
osm:11741146846,11741146846,16.0812056,-19.119039499999992,613720.9446480098,7885649.537142988,1,1,False,,,,
osm:11741146859,11741146859,16.0808277,-19.122262799999998,613678.9891136677,7885293.076943241,3,1,False,,,,
osm:11741203414,11741203414,16.0283838,-19.152557099999996,608142.8503404986,7881973.868597216,3,1,False,,,,
osm:11741203488,11741203488,16.0274997,-19.149875999999995,608051.6179628818,7882271.116294093,1,1,False,,,,
osm:11741203498,11741203498,16.027943,-19.1525707,608096.4838752246,7881972.636527628,3,1,False,,,,
osm:11741203503,11741203503,16.0279577,-19.152861,608097.8407079186,7881940.501756023,3,1,False,,,,
osm:11741230271,11741230271,16.5060353,-18.956709199999988,658565.503254574,7903285.473377975,1,1,False,,,,
osm:11741230330,11741230330,16.5414137,-18.950925399999996,662296.6794071423,7903893.425292539,1,1,False,,,,
osm:11741230331,11741230331,16.5417084,-18.9515186,662327.1406774336,7903827.499243199,3,1,False,,,,
osm:11741557020,11741557020,16.6950916,-18.939808400000008,678492.9519070552,7904975.426576819,3,1,False,,,,
osm:11741557029,11741557029,16.6934186,-18.940832900000004,678315.6562318947,7904863.720989363,3,1,False,,,,
osm:11741559451,11741559451,16.7892819,-18.847631799999995,688516.884986388,7915080.463963746,3,1,False,,,,
osm:11971853918,11971853918,14.430709099999998,-19.0736875,440107.8380989032,7890921.921505294,2,1,False,gate,,,
osm:12042208908,12042208908,16.0299486,-19.188977800000007,608283.6210983526,7877942.439780746,1,1,False,,,,
osm:12042208939,12042208939,16.0345147,-19.185021900000002,608766.3170718028,7878377.37335618,3,1,False,,,,
osm:12112182074,12112182074,16.3247765,-18.4878979,639863.5959844432,7955321.156610605,1,7,False,,,,
osm:12112182082,12112182082,16.327631,-18.459184299999997,640188.338972911,7958496.548285907,3,7,False,,,,
osm:12112182089,12112182089,16.3319594,-18.461995899999998,640643.1623828368,7958182.041353172,1,7,False,,,,
osm:12112182094,12112182094,16.3279266,-18.4599689,640218.9194085695,7958409.491156534,1,7,False,,,,
osm:1241512995,1241512995,17.1714884,-18.620281200000004,729106.2997949967,7939800.043633694,2,1,False,,,,
osm:1241512996,1241512996,17.1698334,-18.619656100000004,728932.4566547956,7939871.360579416,3,1,False,,,,
osm:1241513003,1241513003,17.168735,-18.6227615,728812.3662737668,7939528.97363603,2,1,False,,,,
osm:1241513005,1241513005,17.1713325,-18.622092300000002,729087.4175875041,7939599.741377376,3,1,False,,,,
osm:1241513007,1241513007,17.1705951,-18.6210613,729010.9694315047,7939714.822411799,3,1,False,,,,
osm:1241513009,1241513009,17.1702675,-18.619963,728977.8636654227,7939836.830284806,3,1,False,,,,
osm:1241513011,1241513011,17.1698415,-18.6205118,728932.1655475732,7939776.61833178,3,1,False,,,,
osm:1241513013,1241513013,17.1688221,-18.621209299999997,728823.6373682063,7939700.701667358,3,1,False,,,,
osm:1241513014,1241513014,17.168744,-18.622477899999993,728813.695865773,7939560.358617947,3,1,False,,,,
osm:1241513016,1241513016,17.1694792,-18.622384,728891.4187321252,7939569.815448162,2,1,False,,,,
osm:1241513020,1241513020,17.1705843,-18.6207694,729010.2206221685,7939747.151570447,2,1,False,,,,
osm:1241513021,1241513021,17.1706181,-18.621561,729012.7274699743,7939659.472758683,3,1,False,,,,
osm:1241513022,1241513022,17.1706437,-18.622125999999998,729014.6723983418,7939596.890614189,3,1,False,,,,
osm:1241513023,1241513023,17.1695013,-18.622142800000002,728894.0743166965,7939596.489738506,3,1,False,,,,
osm:1241513025,1241513025,17.1695456,-18.621688300000002,728899.3586836808,7939646.749467945,2,1,False,,,,
osm:1241513026,1241513026,17.1699327,-18.621584699999993,728940.3543497188,7939657.724412862,3,1,False,,,,
osm:1241513028,1241513028,17.1699087,-18.6210946,728938.47769657,7939712.01252722,3,1,False,,,,
osm:1253846903,1253846903,15.917899299999998,-19.177897099999985,596508.932140919,7879234.471660556,2,1,False,,,,
osm:1253846905,1253846905,15.9176923,-19.177924199999996,596487.1506855271,7879231.587287669,3,1,False,,,,
osm:1253853866,1253853866,15.916724700000001,-19.177946399999996,596385.3964144189,7879229.665692207,4,1,False,,,,
osm:1253853870,1253853870,15.916454000000002,-19.177981400000004,596356.9124627389,7879225.942149263,3,1,False,,,,
osm:1253853873,1253853873,15.916722000000002,-19.178263599999998,596384.9280027851,7879194.565479611,2,1,False,gate,,,
osm:1253853877,1253853877,15.914572399999999,-19.178422600000005,596158.8097905497,7879178.157089369,3,1,False,,,,
osm:1253853878,1253853878,15.9195682,-19.1767815,596685.0649120831,7879357.000832177,3,1,False,,,,
osm:1253853890,1253853890,15.919757000000002,-19.177401300000003,596704.5553256974,7879288.3083557505,2,1,False,gate,,private,
osm:1253853897,1253853897,15.9157906,-19.176390099999995,596288.0818732764,7879402.4035497755,3,1,False,,,,
osm:1253853899,1253853899,15.9144637,-19.17413569999999,596149.8674948403,7879652.609820865,3,1,False,,,,
osm:1253853900,1253853900,15.9192492,-19.1769124,596651.4460537819,7879342.692107268,3,1,False,,,,
osm:1253853903,1253853903,15.9172279,-19.1779435,596438.3086455431,7879229.708410899,3,1,False,,,,
osm:1253853904,1253853904,15.9141718,-19.1757228,596118.2535831307,7879477.140611259,3,1,False,,,,
osm:1253853906,1253853906,15.9139724,-19.1751359,596097.6270992734,7879542.197440461,3,1,False,,,,
osm:1253853909,1253853909,15.914316400000002,-19.175946200000006,596133.3286055601,7879452.339240484,3,1,False,,,,
osm:1253853923,1253853923,15.916591600000002,-19.178103200000002,596371.310002711,7879212.387590375,3,1,False,,,,
osm:1253853931,1253853931,15.9160946,-19.176524099999998,596319.9693139379,7879387.407097317,3,1,False,,,,
osm:1253853947,1253853947,15.9176706,-19.176812899999994,596485.5160461797,7879354.577004438,1,1,False,,,,
osm:1253853963,1253853963,15.9161699,-19.178412899999994,596326.7890386272,7879178.348838138,3,1,False,,,,
osm:1253853964,1253853964,15.915279900000002,-19.175617100000004,596234.8311218586,7879488.226425301,3,1,False,,,,
osm:1253853975,1253853975,15.915197800000001,-19.177941499999992,596224.8486031244,7879231.051156824,3,1,False,,,,
osm:1253853976,1253853976,15.9166546,-19.1763969,596378.9267485187,7879401.173809879,3,1,False,,,,
osm:1293391949,1293391949,15.820495799999998,-19.3136382,586196.3278438966,7864264.44738764,3,1,False,,,,
osm:1293391978,1293391978,15.821384999999998,-19.3140417,586289.535121563,7864219.35313954,3,1,False,,,,
osm:1293391980,1293391980,15.877222800000002,-19.331488899999993,592146.069769849,7862259.850357121,3,1,False,,,,
osm:1293391986,1293391986,15.9398313,-19.331846300000006,598722.8847447304,7862185.772655223,2,1,False,gate,Entrance Gate Ongava Camp,,
osm:1299335290,1299335290,17.1756144,-18.60844019999999,729557.6837337153,7941105.650037624,3,1,False,,,,
osm:1299335295,1299335295,17.1769733,-18.610193600000006,729698.7672167604,7940909.796599755,3,1,False,,,,
osm:1299335296,1299335296,17.1745761,-18.60681449999999,729450.2670491112,7941286.954804579,3,1,False,,,,
osm:1299335298,1299335298,17.1720379,-18.607565500000003,729181.33991069,7941207.058099175,4,1,False,,,,
osm:1299335300,1299335300,17.1654242,-18.614366399999998,728474.146672039,7940462.589558596,3,1,False,,,,
osm:1299335304,1299335304,17.1745463,-18.61176169999999,729440.485020132,7940739.302847158,3,1,False,,,,
osm:1299335315,1299335315,17.1656723,-18.615211500000004,728499.2043715983,7940368.715315472,3,1,False,,,,
osm:1299335321,1299335321,17.1620264,-18.638146499999998,728083.763917459,7937834.302700918,3,1,False,,,,
osm:1299335322,1299335322,17.1623389,-18.607780900000005,728157.2776156997,7941195.574123608,1,1,False,,,,
osm:1299335324,1299335324,17.1821875,-18.606756800000003,730253.7720314179,7941283.59139632,1,1,False,,,,
osm:1299335325,1299335325,17.1683044,-18.614443699999992,728778.0497200291,7940450.360276686,1,1,False,,,,
osm:1299335331,1299335331,17.169094,-18.6192213,728854.9970546472,7939920.439865096,3,1,False,,,,
osm:1299335332,1299335332,17.1661662,-18.6151454,728551.4238211033,7940375.403657058,3,1,False,,,,
osm:1299335333,1299335333,17.1818442,-18.6042554,730220.9008007224,7941560.955615344,1,1,False,,,,
osm:1299335341,1299335341,17.1666654,-18.620586699999993,728596.8383463139,7939772.379002186,3,1,False,gate,Vetenary Control Gate,,yes
osm:1299335345,1299335345,17.1753994,-18.611150799999997,729531.3518023062,7940805.842375979,4,1,False,,,,
osm:1299335346,1299335346,17.1447532,-18.62080939999999,726283.798358384,7939775.522182936,3,1,False,,,,
osm:1299335348,1299335348,17.1625221,-18.610054000000005,728173.5828442762,7940943.694478434,3,1,False,,,,
osm:1299335355,1299335355,17.1679569,-18.618660300000005,728735.7295704893,7939983.99737514,4,1,False,,,,
osm:1299335357,1299335357,17.1736033,-18.605546999999998,729349.2819017615,7941428.519746484,1,1,False,,,,
osm:1299335361,1299335361,17.1630352,-18.6092743,728228.7824515423,7941029.359536359,3,1,False,,,,
osm:1299335365,1299335365,17.1076293,-18.620698399999995,722365.7289636327,7939834.259022734,2,1,False,,,,
osm:13136876567,13136876567,17.0352884,-18.731215099999993,714591.5511357898,7927688.254831178,2,1,False,,,,
osm:13383520925,13383520925,15.8763063,-18.4723104,592520.8801608417,7957334.398086716,2,1,False,,,,
osm:13383520926,13383520926,15.883034399999998,-18.472132900000002,593231.3775013578,7957350.582755381,2,1,False,,,,
osm:13383520939,13383520939,15.6669223,-18.477553600000004,570410.937726575,7956848.591231855,1,1,False,,,,
osm:13383520941,13383520941,15.7011795,-18.4768718,574028.1075859688,7956910.34486751,3,1,False,,,,
osm:13383520977,13383520977,15.817979000000001,-18.474106499999994,586361.4053765424,7957164.511732683,3,1,False,,,,
osm:13383535789,13383535789,15.828005100000002,-18.5008468,587406.4500624222,7954200.8512154315,1,1,False,,,,
osm:13844196882,13844196882,16.9405371,-18.806811,704507.0507341864,7919431.499954468,1,1,False,,,,
osm:13846109998,13846109998,15.9877762,-19.377146299999993,603730.9076130817,7857144.599119004,1,6,False,,,,
osm:13846154909,13846154909,15.989486100000002,-19.373724100000004,603912.6560951424,7857522.289646949,1,6,False,,,,
osm:13846154923,13846154923,15.986883,-19.369641299999998,603641.8472590365,7857975.677688744,1,6,False,,,,
osm:13846154962,13846154962,15.984232200000001,-19.372764099999998,603361.4710810791,7857631.681220511,3,6,False,,,,
osm:13846154976,13846154976,15.9845817,-19.3742782,603397.2222379401,7857463.91393896,1,6,False,,,,
osm:13846154980,13846154980,15.984457,-19.3738645,603384.3866594095,7857509.770763396,1,6,False,,,,
osm:13846154983,13846154983,15.984811,-19.373826500000003,603421.5894119208,7857513.764067413,3,6,False,,,,
osm:13846154985,13846154985,15.9836724,-19.372212200000003,603303.0256786863,7857693.092235776,1,6,False,,,,
osm:13846154989,13846154989,15.9845281,-19.372959899999998,603392.4246006769,7857609.83586388,3,6,False,,,,
osm:13846154990,13846154990,15.9845844,-19.373049699999996,603398.2808746689,7857599.86442855,3,6,False,,,,
osm:13846154993,13846154993,15.9850296,-19.373630399999993,603444.6716132273,7857535.33456791,3,6,False,,,,
osm:13846154996,13846154996,15.9859986,-19.374652700000006,603545.7948725275,7857421.620828234,4,6,False,,,,
osm:13960711166,13960711166,16.2310167,-19.053542599999993,629530.7731944766,7892793.852641204,2,1,False,yes,,,no
osm:13960711194,13960711194,15.919777300000002,-19.1785628,596706.0119613111,7879159.764131528,3,1,False,,,,
osm:13960711223,13960711223,16.0475847,-19.2095355,610124.2732186003,7875656.37519292,2,1,False,yes,,,no
osm:13960711295,13960711295,16.1158242,-19.116265999999992,617364.436983555,7885933.598247221,3,1,False,,,,
osm:14006851006,14006851006,16.6983499,-18.937894899999996,678838.1685183548,7905183.924144816,2,1,False,yes,,,no
osm:14062071304,14062071304,17.1004281,-18.513501899999994,721744.2762975371,7951710.081297923,1,1,False,,,,
osm:14062071319,14062071319,17.1071999,-18.5166349,722455.3882238474,7951354.909200609,3,1,False,,,,
osm:14062071320,14062071320,17.0966512,-18.5114979,721347.9807657107,7951936.568290251,1,1,False,,,,
osm:14128035830,14128035830,16.1244966,-19.1064217,618283.7094699121,7887017.185815125,1,36,False,,,,
osm:1493177657,1493177657,15.9106312,-19.170981699999995,595748.7003209722,7880003.742536704,3,1,False,,,,
osm:1493177659,1493177659,15.908740300000002,-19.170591499999993,595550.0925814001,7880047.959160835,1,1,False,,,,
osm:1493335577,1493335577,15.327323499999999,-18.969432500000003,534457.197715522,7902522.774476014,3,1,False,,,,
osm:1493335592,1493335592,15.3267115,-18.971620699999995,534392.3233746714,7902280.7721495535,3,1,False,,,,
osm:1825569046,1825569046,15.9402649,-19.329560300000004,598769.8090541996,7862438.501970874,3,1,False,,,,
osm:1825569049,1825569049,15.9401768,-19.330402,598760.047993825,7862345.406797033,3,1,False,,,,
osm:1843142556,1843142556,14.697715799999997,-18.6084335,468110.82372390927,7942470.763692752,3,2,False,,,,
osm:1843142558,1843142558,14.542172900000002,-18.614543900000005,451703.4692432393,7941759.93933733,4,2,False,,,,
osm:1843142560,1843142560,14.568858,-18.6199238,454519.9747610935,7941171.6471641585,4,2,False,,,,
osm:1843142561,1843142561,14.6046928,-18.6218748,458300.6185275421,7940964.48290873,3,2,False,,,,
osm:1843142565,1843142565,14.5838932,-18.622877399999993,456106.7787235835,7940848.588439507,4,2,False,,,,
osm:1843142577,1843142577,14.768963799999998,-18.639556000000002,475631.53398620745,7939038.406566203,3,1,False,,,,
osm:1843142578,1843142578,14.7682493,-18.6396262,475556.182050018,7939030.542063443,3,1,False,,,,
osm:1843142579,1843142579,14.5330594,-18.63970649999999,450749.30974505533,7938973.313609741,3,2,False,,,,
osm:1843142582,1843142582,14.5824973,-18.64614419999999,455965.52362532984,7938273.872284407,3,2,False,,,,
osm:1843142584,1843142584,14.568232800000002,-18.646146999999996,454461.00918000384,7938269.997381337,3,2,False,,,,
osm:1843142588,1843142588,14.697543799999998,-18.6464113,468099.7638879298,7938268.694079144,2,2,False,,,,
osm:1843142589,1843142589,14.6023041,-18.6462349,458054.61877121736,7938268.58837291,3,2,False,,,,
osm:1845073405,1845073405,16.0262413,-18.500925600000002,608334.3737325011,7954084.66406177,2,1,False,,,,
osm:1846614097,1846614097,16.9364127,-18.8065577,704072.5667575798,7919464.283294918,3,1,False,,,,
osm:1846614139,1846614139,16.9348724,-18.808351500000004,703908.0274108606,7919267.486214709,2,1,False,gate,,,
osm:1846614222,1846614222,16.9414176,-18.810560899999995,704595.3356158435,7919015.386216929,2,1,False,gate,,,
osm:1846614253,1846614253,16.929486,-18.8194549,703326.8525430053,7918044.564392117,3,1,False,,,,
osm:1846614260,1846614260,16.8058084,-18.850046600000002,690255.8345740517,7914795.512267999,3,1,False,,,,
osm:1846614261,1846614261,16.805629,-18.850093100000002,690236.8759902973,7914790.557769522,3,1,False,,,,
osm:1846614262,1846614262,16.805581900000004,-18.8503711,690231.598916862,7914759.836564789,3,1,False,,,,
osm:1846614264,1846614264,16.9244736,-18.857283800000005,702753.0598348296,7913862.805373995,3,1,False,,,,
osm:1846614288,1846614288,16.7705147,-18.8972807,686484.1399855951,7909604.764494187,3,1,False,,,,
osm:1846864141,1846864141,17.042688,-18.80347619999999,715280.2020333274,7919679.942477671,4,1,False,,,,
osm:1846864197,1846864197,16.9395249,-18.804399900000003,704403.2592594343,7919699.564432265,1,1,False,,,,
osm:1846864772,1846864772,16.9394251,-18.806452399999994,704390.258201157,7919472.4756298065,1,1,False,,,,
osm:1846865198,1846865198,16.9416518,-18.808450599999997,704622.5776115492,7919248.718568803,1,1,False,,,,
osm:1846865215,1846865215,16.9415235,-18.808539299999996,704608.9451698427,7919239.047641251,1,1,False,,,,
osm:1846865222,1846865222,16.9394951,-18.8085761,704395.071040245,7919237.309816363,2,1,False,,,,
osm:1846865254,1846865254,16.9416764,-18.808641899999998,704624.9394348729,7919227.514040862,3,1,False,,,,
osm:1846865384,1846865384,16.9411522,-18.8089062,704569.3596835557,7919198.860965598,3,1,False,,,,
osm:1846865413,1846865413,16.940970500000002,-18.808937800000002,704550.1670684131,7919195.572265281,1,1,False,,,,
osm:1846865483,1846865483,16.9415489,-18.8090641,704610.9878477696,7919180.925012497,3,1,False,,,,
osm:1846865543,1846865543,16.9412046,-18.809215700000003,704574.5091787945,7919164.540134704,1,1,False,,,,
osm:1846865616,1846865616,16.9407079,-18.8093684,704521.9636389201,7919148.2089526085,3,1,False,,,,
osm:1846865622,1846865622,16.9415625,-18.809413799999998,704611.9984246437,7919142.198880825,3,1,False,,,,
osm:1846865680,1846865680,16.9410753,-18.80956769999999,704560.4529139751,7919125.724027613,3,1,False,,,,
osm:1846865693,1846865693,16.9412623,-18.809639799999996,704580.0787240065,7919117.527410293,3,1,False,,,,
osm:1846865704,1846865704,16.940904900000003,-18.809653100000002,704542.3865177708,7919116.466855443,3,1,False,,,,
osm:1846865723,1846865723,16.9422603,-18.8096061,704685.3259469941,7919120.107833021,3,1,False,,,,
osm:1846865743,1846865743,16.9410123,-18.8098514,704553.4684654332,7919094.392092497,3,1,False,,,,
osm:1846865769,1846865769,16.9405721,-18.809960400000005,704506.9320468206,7919082.833225032,3,1,False,,,,
osm:1846865867,1846865867,16.9437032,-18.8108798,704835.8898077827,7918977.450161267,3,1,False,,,,
osm:1846865874,1846865874,16.9464625,-18.811217,705126.3569483124,7918936.938015363,3,1,False,,,,
osm:1846865929,1846865929,16.9462323,-18.811769799999993,705101.4195444165,7918876.010923351,3,1,False,,,,
osm:1846865965,1846865965,16.9458402,-18.812014999999995,705059.7885082136,7918849.321027723,3,1,False,,,,
osm:1846866003,1846866003,16.9453635,-18.812416,705009.0505156814,7918805.482229133,3,1,False,,,,
osm:1846866005,1846866005,16.9451494,-18.8125761,704986.2869161201,7918788.006924782,3,1,False,,,,
osm:1847238760,1847238760,17.041507,-18.799686500000004,715160.5133783512,7920100.898833217,1,1,False,,,,
osm:1847238776,1847238776,17.040811100000003,-18.799839200000005,715086.951530413,7920084.837388031,1,1,False,,,,
osm:1847238782,1847238782,17.0416528,-18.799975099999997,715175.5178305078,7920068.773805194,3,1,False,,,,
osm:1847238940,1847238940,17.0416522,-18.8005053,715174.7802651225,7920010.080612343,3,1,False,,,,
osm:1847239087,1847239087,17.0425317,-18.80098930000001,715266.8884367784,7919955.435565786,1,1,False,,,,
osm:1847239141,1847239141,17.0418831,-18.801043900000007,715198.4385191418,7919950.17710115,3,1,False,,,,
osm:1847239146,1847239146,17.0408811,-18.80104650000001,715092.7966421158,7919951.1028013015,3,1,False,,,,
osm:1847239148,1847239148,17.0408427,-18.8010652,715088.7244447189,7919949.079178917,1,1,False,,,,
osm:1847239155,1847239155,17.0422212,-18.801116800000003,715233.990897674,7919941.697352918,1,1,False,,,,
osm:1847239168,1847239168,17.0419768,-18.801181499999988,715208.1420634235,7919934.831064399,3,1,False,,,,
osm:1847239228,1847239228,17.042562,-18.801397800000004,715269.5631117655,7919910.177273443,3,1,False,,,,
osm:1847239235,1847239235,17.0422773,-18.801389599999997,715239.55832102,7919911.430007641,3,1,False,,,,
osm:1847239415,1847239415,17.0438024,-18.803387200000003,715397.8024250902,7919688.443887187,3,1,False,,,,
osm:1847239463,1847239463,17.0454499,-18.803893700000003,715570.8469775033,7919630.3747897865,2,1,False,gate,,,
osm:1847240877,1847240877,17.0524653,-18.814033999999996,716297.4842089175,7918499.292664325,1,1,False,,,,
osm:1847240976,1847240976,17.0516237,-18.8141157,716208.658109505,7918491.273498062,3,1,False,,,,
osm:1847241084,1847241084,17.0482082,-18.814759,715847.7747130896,7918424.215220357,3,1,False,,,,
osm:1847241125,1847241125,17.0473699,-18.814933299999993,715759.1790923087,7918405.938965223,1,1,False,,,,
osm:1848895589,1848895589,17.0453666,-18.8030346,715563.1597554979,7919725.579724186,2,1,False,gate,Onguma Private Game Reserve,,
osm:1848896624,1848896624,17.0472975,-18.820232199999996,715744.7829017212,7917819.428344241,3,1,False,,,,
osm:1848896829,1848896829,17.0775187,-18.863934599999997,718873.9257738657,7912944.391908901,3,1,False,,,,
osm:1848896858,1848896858,17.0625969,-18.880683200000004,717279.7191885979,7911108.64381281,3,1,False,,,,
osm:1850596819,1850596819,17.0433223,-18.702242999999996,715475.6141941728,7930885.797451016,1,1,False,,,,
osm:1850596891,1850596891,17.0466767,-18.711988599999998,715817.1023120427,7929802.900390687,3,1,False,,,,
osm:1850596906,1850596906,17.0459969,-18.71262670000001,715744.5850842095,7929733.084180793,3,1,False,,,,
osm:1850596915,1850596915,17.0457399,-18.7126565,715717.4381460707,7929730.095983509,1,1,False,,,,
osm:1850596935,1850596935,17.0460664,-18.712780800000004,715751.7206283117,7929715.941160914,3,1,False,,,,
osm:1850596938,1850596938,17.0459697,-18.712805199999995,715741.4894718549,7929713.356970895,1,1,False,,,,
osm:1850596944,1850596944,17.0461275,-18.7128239,715758.1109468719,7929711.096083457,3,1,False,,,,
osm:1850596960,1850596960,17.0459625,-18.7129547,715740.5403138242,7929696.815904867,1,1,False,,,,
osm:1850597009,1850597009,17.0463071,-18.71323359999999,715776.5357698146,7929665.524797831,3,1,False,,,,
osm:1850597012,1850597012,17.0460873,-18.713233900000002,715753.3503028007,7929665.757353102,1,1,False,,,,
osm:1850597061,1850597061,17.0463922,-18.713354299999992,715785.3591679218,7929652.060302956,3,1,False,,,,
osm:1850597066,1850597066,17.0465836,-18.713396899999996,715805.4944681748,7929647.11298632,3,1,False,,,,
osm:1850597078,1850597078,17.046713,-18.7134706,715819.0503675623,7929638.797837004,3,1,False,,,,
osm:1850597117,1850597117,17.0461844,-18.713498099999995,715763.2574138448,7929636.392793034,1,1,False,,,,
osm:1850597124,1850597124,17.0475209,-18.713588699999992,715904.1197590545,7929624.746758819,3,1,False,,,,
osm:1850597127,1850597127,17.0476236,-18.7135694,715914.9773199887,7929626.759023609,3,1,False,,,,
osm:1850597130,1850597130,17.0473417,-18.7136029,715885.1992668074,7929623.3916156925,3,1,False,,,,
osm:1850597206,1850597206,17.0459704,-18.71387139999999,715740.2105099999,7929595.326919266,3,1,False,,,,
osm:1850597208,1850597208,17.0458241,-18.713878,715724.7700849206,7929594.773167976,1,1,False,,,,
osm:1850597224,1850597224,17.0454011,-18.713969099999993,715680.0355471538,7929585.199654559,1,1,False,,,,
osm:1850597262,1850597262,17.0456741,-18.7140467,715708.7337278513,7929576.279276911,1,1,False,,,,
osm:1850597281,1850597281,17.045814300000004,-18.714139300000003,715723.4048342006,7929565.85889392,3,1,False,,,,
osm:1850597357,1850597357,17.0467702,-18.717315099999997,715820.2036195706,7929213.139134663,4,1,False,,,,
osm:1850597371,1850597371,17.0481752,-18.724570899999996,715959.1835205827,7928408.21453763,3,1,False,,,,
osm:1850597844,1850597844,17.0489739,-18.7312313,716034.9574454906,7927669.933397425,3,1,False,,,,
osm:1850597860,1850597860,17.048163,-18.731932999999998,715948.538420156,7927593.236844492,3,1,False,,,,
osm:1850597862,1850597862,17.0478438,-18.732046100000005,715914.7282666931,7927581.10317264,3,1,False,,,,
osm:1850597863,1850597863,17.0487491,-18.73213369999999,716010.099816187,7927570.309065415,3,1,False,,,,
osm:1850597869,1850597869,17.0477244,-18.732693300000005,715901.3123414413,7927509.602023533,3,1,False,,,,
osm:1850597874,1850597874,17.0477297,-18.732839,715901.6861261141,7927493.4664531415,1,1,False,,,,
osm:1850597886,1850597886,17.0474883,-18.733062599999997,715875.9413355493,7927469.006033408,1,1,False,,,,
osm:1850597899,1850597899,17.0413021,-18.733556099999998,715222.8560399375,7927421.855253942,1,1,False,,,,
osm:1850597907,1850597907,17.042665099999997,-18.734008600000003,715366.0375607399,7927370.116962685,3,1,False,,,,
osm:1850597917,1850597917,17.0418839,-18.734236899999996,715283.3553661469,7927345.7876171395,1,1,False,,,,
osm:1850597922,1850597922,17.0429934,-18.734345800000003,715400.2355397675,7927332.391955454,3,1,False,,,,
osm:1850597931,1850597931,17.042629300000005,-18.734523299999992,715361.6090611806,7927313.182491143,3,1,False,,,,
osm:1850597932,1850597932,17.042391,-18.7345803,715336.4034716294,7927307.160437168,3,1,False,,,,
osm:1850597959,1850597959,17.0426176,-18.734939599999997,715359.8471526408,7927267.111864176,3,1,False,,,,
osm:1850597963,1850597963,17.0425022,-18.734936700000006,715347.6797114896,7927267.57231899,1,1,False,,,,
osm:1850597987,1850597987,17.042793,-18.735298699999994,715377.8909800274,7927227.1472576,3,1,False,,,,
osm:1850597989,1850597989,17.0426828,-18.735332,715366.2260926622,7927223.594072778,1,1,False,,,,
osm:1850598009,1850598009,17.0428521,-18.735622300000006,715383.7137570239,7927191.2530438565,3,1,False,,,,
osm:1850598024,1850598024,17.0427614,-18.735657599999996,715374.102989353,7927187.454900686,1,1,False,,,,
osm:1850598037,1850598037,17.0437454,-18.735908799999994,715477.5653016237,7927158.457550792,3,1,False,,,,
osm:1850598046,1850598046,17.0429375,-18.7359288,715392.33201099,7927157.220027954,3,1,False,,,,
osm:1850598067,1850598067,17.0440686,-18.7359974,715511.5402565023,7927148.258692983,3,1,False,,,,
osm:1850598075,1850598075,17.0438164,-18.736069399999995,715484.8497667421,7927140.593147093,4,1,False,,,,
osm:1850598077,1850598077,17.0429682,-18.736123000000003,715395.3235621537,7927135.684817571,3,1,False,,,,
osm:1850598141,1850598141,17.043192900000005,-18.73651159999999,715418.5293082685,7927092.3948908,3,1,False,,,,
osm:1850598160,1850598160,17.0430433,-18.73660569999999,715402.6319267424,7927082.158741189,1,1,False,,,,
osm:1850598166,1850598166,17.0466707,-18.7367598,715785.0109018793,7927060.711930396,3,1,False,,,,
osm:1850598187,1850598187,17.0434379,-18.736852900000002,715443.9359475455,7927054.316537783,3,1,False,,,,
osm:1850598209,1850598209,17.0469748,-18.736994199999998,715816.7858221334,7927034.395388285,3,1,False,,,,
osm:1850598215,1850598215,17.0432131,-18.737011200000005,715420.0259578875,7927037.064306311,1,1,False,,,,
osm:1850598220,1850598220,17.0445341,-18.737218299999995,715559.0859421671,7927012.540967333,3,1,False,,,,
osm:1850598228,1850598228,17.0435944,-18.7374325,715459.7062158969,7926989.965098005,3,1,False,,,,
osm:1850598236,1850598236,17.0440335,-18.73747720000001,715505.9602539766,7926984.485873042,3,1,False,,,,
osm:1850598237,1850598237,17.0435018,-18.737441100000005,715449.9290164674,7926989.125013184,1,1,False,,,,
osm:1850598238,1850598238,17.0441414,-18.7374831,715517.3327050356,7926983.702263501,3,1,False,,,,
osm:1850598250,1850598250,17.0435828,-18.737744499999998,715458.086894044,7926955.440431307,1,1,False,,,,
osm:1850598264,1850598264,17.0439251,-18.738049999999998,715493.8006223314,7926921.207440175,1,1,False,,,,
osm:1850598280,1850598280,17.044320600000002,-18.738366799999994,715535.1107168568,7926885.659106942,3,1,False,,,,
osm:1850598327,1850598327,17.0720567,-18.742169699999998,718455.478610601,7926430.896452608,3,1,False,,,,
osm:1850598585,1850598585,17.0414697,-18.768560500000003,715196.1306263023,7923546.632476408,3,1,False,,,,
osm:1850598588,1850598588,17.0398247,-18.769041299999998,715022.0588281195,7923495.396022852,3,1,False,,,,
osm:1851700217,1851700217,17.0984203,-18.632475399999997,721378.5251822147,7938541.90774784,4,1,False,,,,
osm:1851700220,1851700220,17.1490184,-18.643929,726703.2845940868,7937210.659291406,4,1,False,swing_gate,,,yes
osm:1851700230,1851700230,17.0985688,-18.6568458,721362.5918887211,7935843.846650929,4,1,False,,,,
osm:1851700231,1851700231,17.1394152,-18.656964399999993,725672.6099060797,7935779.699796498,4,1,False,,,,
osm:1851941824,1851941824,14.6299713,-19.35722519999999,461138.16788436496,7859604.007050492,4,1,False,,,,
osm:1851941828,1851941828,14.6287865,-19.367159900000004,461016.0956481432,7858504.426159939,3,1,False,,,,
osm:1851941843,1851941843,14.634276,-19.37603959999999,461594.6756355198,7857523.080967475,4,1,False,,,,
osm:1851941930,1851941930,14.6357009,-19.394629,461748.6496709383,7855466.402182649,1,1,False,,,,
osm:1851941973,1851941973,14.636286300000002,-19.395070000000004,461810.2201005417,7855417.733314929,3,1,False,,,,
osm:1851941981,1851941981,14.6351736,-19.3960962,461693.6259659302,7855303.933178018,3,1,False,,,,
osm:1851941987,1851941987,14.6365288,-19.396471000000002,461836.0093639566,7855262.760284452,3,1,False,,,,
osm:1851942013,1851942013,14.635196800000001,-19.396935200000005,461696.2582781462,7855211.099343816,3,1,False,,,,
osm:1851942017,1851942017,14.636276100000002,-19.39702829999999,461809.6059361818,7855201.03670851,3,1,False,,,,
osm:1851942018,1851942018,14.6360508,-19.397032200000012,461785.9504782152,7855200.555265579,3,1,False,,,,
osm:1851942021,1851942021,14.6345154,-19.3973571,461624.8105322592,7855164.262842126,3,1,False,,,,
osm:1851942119,1851942119,14.631381,-19.417489600000003,461300.46344874846,7852935.810846571,4,1,False,,,,
osm:1851942235,1851942235,14.6235595,-19.431311000000004,460482.6543631314,7851404.631828295,3,1,False,,,,
osm:1851942239,1851942239,14.624126300000002,-19.4324607,460542.4332831284,7851277.541881904,3,1,False,,,,
osm:1851942240,1851942240,14.623396800000002,-19.435757199999998,460466.6504828336,7850912.600684339,4,1,False,,,,
osm:1851942241,1851942241,14.5764488,-19.439982400000005,455539.4391462332,7850433.608156461,3,1,False,,,,
osm:1851942274,1851942274,14.576498400000002,-19.445866800000005,455546.24786984234,7849782.479702715,2,1,False,,,,
osm:1851942280,1851942280,14.5763411,-19.4459388,455529.75591575133,7849774.471864402,3,1,False,,,,
osm:1861835419,1861835419,15.928741399999998,-19.3496573,597547.3033382739,7860221.037511692,1,1,False,,,,
osm:1861835425,1861835425,15.928945,-19.349749000000003,597568.6347494478,7860210.774793366,1,1,False,,,,
osm:1861835426,1861835426,15.9287503,-19.349779600000005,597548.1654888748,7860207.4983531255,3,1,False,,,,
osm:1861835440,1861835440,15.9285773,-19.350025099999996,597529.8478640931,7860180.428079158,1,1,False,,,,
osm:1861835452,1861835452,15.928618300000002,-19.3502442,597534.0242322306,7860156.158593139,3,1,False,,,,
osm:1861835460,1861835460,15.929075,-19.350301,597581.9615729045,7860149.615208517,1,1,False,,,,
osm:1861835461,1861835461,15.9292713,-19.3504056,597602.5184270488,7860137.929006829,1,1,False,,,,
osm:1861835481,1861835481,15.9295805,-19.350574499999997,597634.8958366552,7860119.063367169,1,1,False,,,,
osm:1861835494,1861835494,15.929348,-19.350658899999996,597610.4242120035,7860109.854653107,3,1,False,,,,
osm:1861835495,1861835495,15.928945,-19.350634599999996,597568.108219539,7860112.771252245,3,1,False,,,,
osm:1861835500,1861835500,15.929109199999997,-19.350684099999995,597585.3260767641,7860107.200739218,1,1,False,,,,
osm:1861835504,1861835504,15.929037600000001,-19.350758300000006,597577.7612139366,7860099.029923661,3,1,False,,,,
osm:1861835506,1861835506,15.9293391,-19.350759799999995,597609.4293542791,7860098.693735329,3,1,False,,,,
osm:1861835507,1861835507,15.928771999999999,-19.350792299999995,597549.8428449439,7860095.417248922,3,1,False,,,,
osm:1861835509,1861835509,15.929051500000002,-19.3507916,597579.2014443472,7860095.336985674,3,1,False,,,,
osm:1861835511,1861835511,15.9294362,-19.350802599999998,597619.6031079987,7860093.902515791,1,1,False,,,,
osm:1861835542,1861835542,15.929094300000001,-19.35094,597583.6088326764,7860078.890372555,1,1,False,,,,
osm:1861835546,1861835546,15.923557900000002,-19.35100939999999,597002.0350517279,7860074.325964257,1,1,False,,,,
osm:1861835574,1861835574,15.9293547,-19.351047400000006,597610.896878104,7860066.858117584,1,1,False,,,,
osm:1861835577,1861835577,15.9291535,-19.351110099999993,597589.7259309624,7860060.033103483,3,1,False,,,,
osm:1861835607,1861835607,15.9290625,-19.35121849999999,597580.103010764,7860048.088549949,1,1,False,,,,
osm:1861835633,1861835633,15.929068200000001,-19.35135720000001,597580.619248128,7860032.736311592,3,1,False,,,,
osm:1861835647,1861835647,15.928650900000001,-19.351403199999996,597536.7596072971,7860027.88127674,3,1,False,,,,
osm:1861835649,1861835649,15.928525499999997,-19.3514175,597523.5793655243,7860026.369532565,3,1,False,,,,
osm:1861835653,1861835653,15.927413400000002,-19.351461999999994,597406.740412744,7860022.071971947,1,1,False,,,,
osm:1861835659,1861835659,15.9288072,-19.3514319,597553.1599576748,7860024.617047402,1,1,False,,,,
osm:1861835667,1861835667,15.929131999999997,-19.351448999999995,597587.2660703163,7860022.541394347,1,1,False,,,,
osm:1861835673,1861835673,15.927906199999999,-19.3514769,597458.4941736392,7860020.145356424,1,1,False,,,,
osm:1861835696,1861835696,15.927637900000002,-19.351616500000002,597430.2296559359,7860004.84796861,3,1,False,,,,
osm:1861835698,1861835698,15.9277847,-19.35165599999999,597445.6257284909,7860000.394025078,3,1,False,,,,
osm:1861835702,1861835702,15.927834500000001,-19.35167289999999,597450.8465665979,7859998.49574226,3,1,False,,,,
osm:1861835707,1861835707,15.927555500000002,-19.351731699999995,597421.506158168,7859992.145978263,1,1,False,,,,
osm:1861835741,1861835741,15.9277891,-19.3518125,597445.9949563611,7859983.072718453,1,1,False,,,,
osm:1861835766,1861835766,15.9287925,-19.35197819999999,597551.2911302678,7859964.169897987,3,1,False,,,,
osm:1861835801,1861835801,15.9285159,-19.352404599999993,597521.9843471609,7859917.1390581485,4,1,False,,,,
osm:1861835823,1861835823,15.9279651,-19.3525372,597464.0511089861,7859902.775710861,3,1,False,,,,
osm:1861835825,1861835825,15.9285426,-19.35257639999999,597524.6867294728,7859898.112014234,3,1,False,,,,
osm:1861835842,1861835842,15.9285449,-19.352635199999998,597524.893366296,7859891.603705428,1,1,False,,,,
osm:1861835888,1861835888,15.927859100000001,-19.3528941,597452.7052063607,7859863.339686705,1,1,False,,,,
osm:1861835913,1861835913,15.928490499999999,-19.353021499999997,597518.9497608542,7859848.885099914,4,1,False,,,,
osm:1861835945,1861835945,15.927520000000001,-19.3530416,597416.9996381272,7859847.207956675,1,1,False,,,,
osm:1861835947,1861835947,15.9283818,-19.353061699999994,597507.5083728037,7859844.4977451,1,1,False,,,,
osm:1861835989,1861835989,15.9283641,-19.353285700000004,597505.51610746,7859819.719113857,2,1,False,,,,
osm:1861836056,1861836056,15.9807868,-19.367962999999996,603002.6333220681,7858165.053404977,1,6,False,,,,
osm:1861836090,1861836090,15.980827299999998,-19.368313299999993,603006.6668721802,7858126.263318269,3,6,False,,,,
osm:1861836093,1861836093,15.982752,-19.3683679,603208.7804059667,7858119.072129074,1,6,False,,,,
osm:1861836153,1861836153,15.973824000000002,-19.372852799999997,602268.2909101686,7857628.061762604,3,6,False,,,,
osm:1865706750,1865706750,15.929814,-19.351429100000004,597658.9137034381,7860024.358487057,1,1,False,,,,
osm:1865706754,1865706754,15.9300659,-19.351444299999994,597685.3636864343,7860022.5340883825,1,1,False,,,,
osm:1865706762,1865706762,15.930023700000001,-19.351491500000005,597680.9029929948,7860017.334616194,3,1,False,,,,
osm:1865706772,1865706772,15.9302661,-19.351591099999997,597706.3048515564,7860006.175555694,1,1,False,,,,
osm:1865706786,1865706786,15.9301987,-19.351732999999996,597699.1408215966,7859990.510497572,3,1,False,,,,
osm:1865706822,1865706822,15.9298158,-19.351915399999992,597658.8133513648,7859970.541821197,1,1,False,,,,
osm:1865706853,1865706853,15.930050699999999,-19.352037399999997,597683.4140390581,7859956.908164526,3,1,False,,,,
osm:1865706869,1865706869,15.930022800000001,-19.35210779999999,597680.4415856197,7859949.133219507,3,1,False,,,,
osm:1865706882,1865706882,15.929954799999999,-19.352265500000005,597673.2051708786,7859931.720008147,3,1,False,,,,
osm:1865740896,1865740896,15.9137081,-19.3274984,595981.1748037143,7862681.61925306,3,1,False,,,,
osm:1865741035,1865741035,15.9035973,-19.346739,594907.888447624,7860557.978690039,4,1,False,,,,
osm:1865741087,1865741087,15.9018564,-19.35490460000001,594720.3105876255,7859655.30517306,3,1,False,,,,
osm:1865741098,1865741098,15.9035427,-19.355496,594897.0890026476,7859588.934227852,3,1,False,,,,
osm:1865741125,1865741125,15.903126099999998,-19.3556507,594853.242136499,7859572.043348212,3,1,False,,,,
osm:1865741135,1865741135,15.903548899999999,-19.355712399999998,594897.6150425297,7859564.983375374,3,1,False,,,,
osm:1865741158,1865741158,15.9023979,-19.355964099999998,594776.57495241,7859537.761057986,1,1,False,,,,
osm:1866004272,1866004272,15.8720045,-19.330522400000007,591598.4296546017,7862369.575305043,3,1,False,,,,
osm:1866004294,1866004294,15.8762845,-19.332494,592046.9387464181,7862149.123356875,3,1,False,,,,
osm:1866004318,1866004318,15.8722542,-19.332933199999992,591623.3160255768,7862102.65949798,1,1,False,,,,
osm:1866004334,1866004334,15.8727984,-19.332972699999996,591680.4613053612,7862098.000122321,3,1,False,,,,
osm:1866004413,1866004413,15.876386900000002,-19.3333405,592057.2213476257,7862055.393522112,3,1,False,,,,
osm:1866218977,1866218977,15.7853049,-19.300916499999996,582505.5785585651,7865689.362809425,3,1,False,,,,
osm:1866218981,1866218981,15.786584099999999,-19.30091649999999,582639.9803039118,7865688.753395958,3,1,False,,,,
osm:1866219378,1866219378,15.823700999999998,-19.315329300000002,586532.1750837046,7864075.711180521,4,1,False,,,,
osm:1867772228,1867772228,15.9383524,-19.329609899999998,598568.8672429486,7862434.103402203,1,1,False,,,,
osm:1867772264,1867772264,15.940679600000001,-19.329822099999994,598813.216694287,7862409.2935519125,1,1,False,,,,
osm:1867772288,1867772288,15.9402086,-19.3300751,598763.5851517967,7862381.56454197,3,1,False,,,,
osm:1867772295,1867772295,15.940203900000002,-19.330156699999993,598763.0423545042,7862372.537084127,3,1,False,,,,
osm:1867772329,1867772329,15.9410648,-19.3304099,598853.3290138677,7862344.025570624,1,1,False,,,,
osm:1937135743,1937135743,17.1776605,-18.646969399999993,729721.8501063485,7936837.56118095,3,1,False,,,,
osm:2027069844,2027069844,15.870096700000001,-18.7860115,591696.8229690229,7922625.400070017,2,1,False,,,,
osm:2244852625,2244852625,14.4734387,-19.0005621,444579.0471112926,7899027.438049184,3,1,False,,,,
osm:2244852626,2244852626,14.4711269,-18.997870299999995,444334.82795039716,7899324.560145267,3,1,False,,,,
osm:2244855906,2244855906,14.472469600000002,-19.011227,444480.58489386155,7897847.044478277,2,1,False,,,,
osm:2244855917,2244855917,14.468027300000001,-19.0138686,444013.93295691727,7897553.338672299,3,1,False,,,,
osm:2244873743,2244873743,14.4740097,-19.0108104,444642.5369547075,7897893.627398327,3,1,False,,,,
osm:2244873747,2244873747,14.4737383,-19.010815399999995,444613.97467935656,7897892.988697039,3,1,False,,,,
osm:2244873752,2244873752,14.4738644,-19.0108339,444627.25240043027,7897890.981346777,2,1,False,,,,
osm:2244873771,2244873771,14.4740143,-19.009625799999995,444642.6291126707,7898024.706747854,1,1,False,,,,
osm:2244873846,2244873846,14.473912999999998,-19.010726899999998,444632.33197165246,7897902.836370343,2,1,False,,,,
osm:2289297955,2289297955,17.0486945,-18.814322500000003,715899.5976955912,7918471.9452761635,1,1,False,,,,
osm:2289302989,2289302989,17.0506204,-18.813410499999996,716103.7916039843,7918570.562251944,1,1,False,,,,
osm:2289302990,2289302990,17.0504271,-18.814364600000005,716082.1943227042,7918465.176671901,3,1,False,,,,
osm:2332806277,2332806277,15.940097100000001,-19.331284699999998,598751.1447897459,7862247.769617394,2,1,False,gate,Ombika Gate,customers,
osm:2332806282,2332806282,16.1937592,-19.0522485,625610.9600617052,7892964.155396194,2,1,False,,,,
osm:2332806384,2332806384,15.332040400000002,-18.794013,534990.1498885319,7921931.638626912,4,1,False,,,,
osm:2332806388,2332806388,15.1586384,-18.801500199999996,516716.3900891547,7921128.419982417,4,1,False,,,,
osm:2332806403,2332806403,14.9673747,-18.809957799999996,496562.3111460281,7920199.767586293,4,1,False,,,,
osm:2332806406,2332806406,17.0471178,-18.8131725,715734.8498583946,7918601.1692847535,4,1,False,,,,
osm:2332806413,2332806413,14.688014200000001,-18.818702400000003,467128.0002687066,7919203.662126692,3,1,False,,,,
osm:2332806418,2332806418,14.6772955,-18.819085700000002,465998.70533059957,7919159.233303538,3,1,False,,,,
osm:2332806420,2332806420,14.6881732,-18.819225900000003,467144.8549320118,7919145.767869541,4,1,False,,,,
osm:2332806438,2332806438,14.677746500000001,-18.8198059,466046.3692792694,7919079.631581631,1,1,False,,,,
osm:2332806443,2332806443,14.686365299999999,-18.820833700000005,466954.68100214784,7918967.534266088,1,1,False,,,,
osm:2332806445,2332806445,14.6864698,-18.820844,466965.69347728265,7918966.414043089,3,1,False,,,,
osm:2332806580,2332806580,14.6376787,-18.8676168,461835.46409886365,7913781.329564355,3,1,False,,,,
osm:2332806684,2332806684,14.5447867,-18.897204399999996,452059.10422980913,7910484.911070134,2,1,False,,,,
osm:2332806823,2332806823,14.4771871,-18.942376299999996,444954.47810561926,7905466.937752285,3,1,False,,,,
osm:2332806828,2332806828,14.4767829,-18.9426466,444912.00873150595,7905436.902736084,3,1,False,,,,
osm:2332806831,2332806831,14.477314699999999,-18.9427947,444968.0501568994,7905420.681262833,3,1,False,,,,
osm:2332806849,2332806849,14.6061558,-18.9456053,458534.2303403199,7905144.913053385,3,1,False,,,,
osm:2332806854,2332806854,14.6063494,-18.94598659999999,458554.7078283926,7905102.7679851875,3,1,False,,,,
osm:2332806858,2332806858,14.605935300000002,-18.9461895,458511.1591205556,7905080.219948276,3,1,False,,,,
osm:2332806868,2332806868,14.6058031,-18.946488199999997,458497.3141878838,7905047.137934965,2,1,False,,,,
osm:2332806929,2332806929,14.6133613,-18.949544799999998,459293.8236385133,7904710.688275182,3,1,False,,,,
osm:2332806949,2332806949,14.386189700000001,-18.9498106,435376.2056983979,7904613.465312009,3,1,False,,,,
osm:2332807018,2332807018,14.578985799999998,-18.950201499999995,455674.8188243597,7904629.741104708,3,1,False,,,,
osm:2332807044,2332807044,14.611837799999998,-18.950529,459133.66383802873,7904601.435128607,3,1,False,,,,
osm:2332807089,2332807089,14.5793439,-18.9508471,455712.6911409484,7904558.395671125,3,1,False,,,,
osm:2332807153,2332807153,14.3982348,-18.952052199999994,436645.23352189304,7904369.796469708,1,1,False,,,,
osm:2332807279,2332807279,14.764869399999998,-18.960007400000002,475246.56831048214,7903581.128925825,3,1,False,,,,
osm:2332807326,2332807326,14.7606943,-18.962101599999997,474807.3460894452,7903348.818418292,3,1,False,,,,
osm:2332807344,2332807344,14.736703,-18.9625749,472281.7521374376,7903292.848953912,3,1,False,,,,
osm:2332807345,2332807345,14.760180700000001,-18.962590900000002,474753.3507802291,7903294.604835801,3,1,False,,,,
osm:2332807350,2332807350,14.760744400000002,-18.962663599999996,474812.7047173716,7903286.641337534,3,1,False,,,,
osm:2332807396,2332807396,14.7629508,-18.9640636,475045.1896869207,7903132.047718656,3,1,False,,,,
osm:2332807435,2332807435,14.7643132,-18.964742599999997,475188.71429874265,7903057.109933658,3,1,False,,,,
osm:2332807454,2332807454,14.837265900000002,-18.964969000000004,482868.65421866113,7903040.7371528605,3,1,False,,,,
osm:2332807461,2332807461,14.8581157,-18.965210299999995,485063.5798823335,7903015.934101917,3,1,False,,,,
osm:2332807463,2332807463,14.8587929,-18.9653056,485134.8785274094,7903005.446618719,3,1,False,,,,
osm:2332807468,2332807468,14.8602716,-18.965394999999997,485290.5519814145,7902995.678749101,4,1,False,,,,
osm:2332807477,2332807477,14.858607900000003,-18.965620199999993,485115.4311364867,7902970.621259222,3,1,False,,,,
osm:2332807481,2332807481,14.8738271,-18.965939199999998,486717.60771216615,7902936.540484508,3,1,False,,,,
osm:2332807485,2332807485,14.858846500000002,-18.965953,485140.57845813996,7902933.817848875,3,1,False,,,,
osm:2332807487,2332807487,14.380687200000002,-18.9659463,434803.1380961958,7902825.98638235,3,1,False,,,,
osm:2332807578,2332807578,14.867248500000002,-18.970665100000005,486025.4624200822,7902413.122174185,3,1,False,,,,
osm:2332807603,2332807603,14.8619279,-18.9715022,485465.44310560724,7902320.068663664,2,1,False,,,,
osm:2332807639,2332807639,14.8634132,-18.971995099999994,485621.8399879619,7902265.652242968,4,1,False,,,,
osm:2332807665,2332807665,15.324168400000001,-18.972491699999996,534124.4363280415,7902184.891336555,3,1,False,,,,
osm:2332807672,2332807672,14.8651634,-18.972680899999993,485806.13761165214,7902189.911920046,3,1,False,,,,
osm:2332807680,2332807680,14.8653955,-18.972738799999995,485830.57504235685,7902183.524095217,3,1,False,,,,
osm:2332807686,2332807686,14.865173,-18.9728843,485807.1653959347,7902167.406948651,3,1,False,,,,
osm:2332807769,2332807769,15.265247200000001,-18.9757318,527921.3630347522,7901836.751741817,3,1,False,,,,
osm:2332807773,2332807773,15.410751000000001,-18.975951500000004,543237.9992164127,7901783.060704552,3,1,False,,,,
osm:2332807775,2332807775,15.411021100000001,-18.9759979,543266.4198976094,7901777.860251944,3,1,False,,,,
osm:2332807779,2332807779,14.489746100000001,-18.976703799999996,446287.7991670545,7901672.442458866,3,1,False,,,,
osm:2332807790,2332807790,14.3768254,-18.9773025,434401.0258805186,7901567.9600006575,3,1,False,,,,
osm:2332807832,2332807832,15.159915400000001,-18.978419699999993,516833.2645114507,7901552.718346819,3,1,False,,,,
osm:2332807854,2332807854,15.4412568,-18.979662900000005,546448.2343013595,7901364.629769007,3,1,False,,,,
osm:2332807914,2332807914,14.377853299999998,-18.9905968,434514.42839152494,7900097.291172405,1,1,False,,,,
osm:2332807931,2332807931,14.371932800000002,-18.9916769,433891.6583353294,7899975.56227552,3,1,False,,,,
osm:2332807983,2332807983,14.3965919,-18.996252500000004,436489.00941732305,7899478.338259421,3,1,False,,,,
osm:2332808002,2332808002,14.3694143,-18.9990343,433629.4771475142,7899160.495861173,3,1,False,,,,
osm:2332808022,2332808022,14.3759327,-19.000875399999998,434316.2970803423,7898959.218276588,1,1,False,,,,
osm:2332808057,2332808057,15.7128988,-19.006687899999996,575031.0593731159,7898280.519359581,3,1,False,,,,
osm:2332808059,2332808059,15.7126867,-19.006719200000003,575008.7213612285,7898277.146321846,3,1,False,,,,
osm:2332808141,2332808141,14.471567400000001,-19.02095869999999,444388.8677170458,7896769.930113748,3,1,False,,,,
osm:2332808162,2332808162,15.8658082,-19.023265099999996,591116.2971928252,7896373.902984474,3,1,False,,,,
osm:2332808311,2332808311,14.482080299999998,-19.0414774,445501.9397784955,7894502.792687725,3,1,False,,,,
osm:2332808385,2332808385,14.355727200000002,-19.0448947,432207.4315011799,7894080.659353996,3,1,False,,,,
osm:2332808412,2332808412,14.483632800000002,-19.04442879999999,445666.2653122206,7894176.695840159,3,1,False,,,,
osm:2332808447,2332808447,15.8871873,-19.0487743,593352.083474182,7893539.866714196,1,1,False,,,,
osm:2332808502,2332808502,15.8460843,-19.051861700000003,589025.220261117,7893219.574874761,3,1,False,,,,
osm:2332808507,2332808507,16.1940242,-19.052251099999996,625638.8454049164,7892963.677945204,3,1,False,,,,
osm:2332808555,2332808555,14.488723200000003,-19.054108600000003,446205.0236517619,7893107.175282867,3,1,False,,,,
osm:2332808646,2332808646,14.353621100000002,-19.056225599999998,431990.43016685185,7892826.0356693845,3,1,False,,,,
osm:2332808667,2332808667,14.759341000000001,-19.05636790000001,474679.1483965869,7892918.18302021,3,1,False,,,,
osm:2332808766,2332808766,15.873553200000002,-19.0576635,591912.4841306107,7892563.395495833,3,1,False,,,,
osm:2332808772,2332808772,15.8739071,-19.0577546,591949.6724378195,7892553.12905561,3,1,False,,,,
osm:2332808780,2332808780,15.8500714,-19.0578558,589441.5552709224,7892554.251912751,1,1,False,,,,
osm:2332808790,2332808790,15.8736121,-19.0579829,591918.5058013602,7892528.020258382,3,1,False,,,,
osm:2332808807,2332808807,14.3501284,-19.0583593,431623.8033194755,7892588.57563017,3,1,False,,,,
osm:2332808859,2332808859,14.353170399999998,-19.0587189,431944.02463156875,7892549.967143039,3,1,False,,,,
osm:2332808916,2332808916,14.7584544,-19.059508799999993,474586.34306048666,7892570.516577726,3,1,False,,,,
osm:2332808965,2332808965,14.3474608,-19.060712099999996,431344.0906634557,7892327.186729876,3,1,False,,,,
osm:2332808973,2332808973,14.348199100000002,-19.06084329999999,431421.8263568597,7892312.957670132,3,1,False,,,,
osm:2332809024,2332809024,14.353042800000003,-19.062747999999996,431932.24286866904,7892104.081179173,3,1,False,,,,
osm:2332809035,2332809035,14.351395300000002,-19.0629237,431758.97188154154,7892083.9991382975,3,1,False,,,,
osm:2332809043,2332809043,14.3521003,-19.0630581,431833.20380851196,7892069.401336292,3,1,False,,,,
osm:2332809053,2332809053,14.3534161,-19.064095499999997,431972.06949261564,7891955.119547641,3,1,False,,,,
osm:2332809073,2332809073,15.8190186,-19.0659924,586169.9043974521,7891669.417240981,3,1,False,,,,
osm:2332809092,2332809092,14.3545976,-19.0679264,432097.940674141,7891531.672400869,3,1,False,,,,
osm:2332809095,2332809095,15.740644200000002,-19.068300999999998,577922.5803194932,7891450.622152413,3,1,False,,,,
osm:2332809129,2332809129,15.8170839,-19.069802999999997,585964.3767718378,7891248.695172582,3,1,False,,,,
osm:2332809131,2332809131,15.8166022,-19.069732699999996,585913.7312248311,7891256.710484408,3,1,False,,,,
osm:2332809153,2332809153,14.4979552,-19.070454600000005,447181.5824569082,7891301.263596166,2,1,False,,,,
osm:2332809160,2332809160,15.817624899999998,-19.070727300000005,586020.8208497431,7891146.149076043,3,1,False,,,,
osm:2332809197,2332809197,15.8192027,-19.072820099999994,586185.7452536542,7890913.790013088,3,1,False,,,,
osm:2332809204,2332809204,15.819040700000002,-19.0729388,586168.6394623179,7890900.734584461,4,1,False,,,,
osm:2332809208,2332809208,15.818785800000002,-19.073085000000003,586141.745253779,7890884.68170541,3,1,False,,,,
osm:2332809212,2332809212,15.8115658,-19.07334159999999,585381.9810980993,7890859.818910703,3,1,False,,,,
osm:2332809213,2332809213,15.8192589,-19.073414899999996,586191.3506388988,7890847.943228902,4,1,False,,,,
osm:2332809215,2332809215,14.4307608,-19.0736372,440113.2592603641,7890927.505011712,4,1,False,,,,
osm:2332809269,2332809269,15.7571998,-19.078501099999997,579659.5863937167,7890314.477839395,3,1,False,,,,
osm:2332809295,2332809295,14.5048894,-19.0827043,447914.9486605376,7889947.884266535,3,1,False,,,,
osm:2332809331,2332809331,14.4873798,-19.0853759,446073.7859208707,7889646.969450127,3,1,False,,,,
osm:2332809340,2332809340,15.6329227,-19.085842700000004,566581.8834265554,7889553.9464178905,3,1,False,,,,
osm:2332809369,2332809369,15.771257399999998,-19.089843399999996,581133.0319849501,7889052.927530463,4,1,False,,,,
osm:2332809443,2332809443,14.3636779,-19.097353499999997,433065.1235962459,7888278.93174091,3,1,False,,,,
osm:2332809467,2332809467,14.3620107,-19.0984849,432890.20082150673,7888153.099246639,3,1,False,,,,
osm:2332809489,2332809489,14.364249999999998,-19.099172300000003,433126.03558153764,7888077.89217479,3,1,False,,,,
osm:2332809602,2332809602,14.352610100000001,-19.104742899999998,431903.8835884908,7887456.993293318,3,1,False,,,,
osm:2332809613,2332809613,16.1246208,-19.105689599999998,618297.2957524997,7887098.120389491,1,36,False,,,,
osm:2332809620,2332809620,14.366419400000002,-19.106222399999993,433357.0634684081,7887298.594908502,2,1,False,,,,
osm:2332809646,2332809646,16.1109149,-19.108126899999995,616853.7353281293,7886837.60331397,2,1,False,,,,
osm:2332809738,2332809738,14.5335024,-19.115420499999992,450934.7011794766,7886336.03358414,3,1,False,,,,
osm:2332809779,2332809779,15.8586297,-19.1183276,590309.2861923303,7885858.137321692,3,1,False,,,,
osm:2332809865,2332809865,14.3711136,-19.1213495,433856.8531843461,7885626.4949875,3,1,False,,,,
osm:2332809922,2332809922,15.850898399999998,-19.1226508,589493.7456767154,7885383.710557404,1,1,False,,,,
osm:2332810023,2332810023,15.973275600000001,-19.125669799999997,602363.8985157798,7884982.490171252,3,1,False,,,,
osm:2332810090,2332810090,14.392621,-19.128587199999995,436121.7445132341,7884833.607584931,3,1,False,,,,
osm:2332810178,2332810178,14.3748219,-19.1335027,434251.6943719527,7884283.08664249,3,1,False,,,,
osm:2332810192,2332810192,14.3742295,-19.1338504,434189.52903319057,7884244.389096062,3,1,False,,,,
osm:2332810225,2332810225,14.3668845,-19.134137299999992,433417.166938649,7884209.860524766,3,1,False,,,,
osm:2332810240,2332810240,14.373158400000001,-19.134279899999996,434077.05143730383,7884196.459301315,3,1,False,,,,
osm:2332810246,2332810246,14.3666693,-19.1343161,433394.60596853937,7884189.993464291,3,1,False,,,,
osm:2332810300,2332810300,14.3754859,-19.13578310000001,434322.42925661436,7884030.9995181,3,1,False,,,,
osm:2332810343,2332810343,14.3677843,-19.138260800000005,433513.4497450917,7883753.9181871135,3,1,False,,,,
osm:2332810419,2332810419,14.377045400000002,-19.1410768,434488.52868025535,7883445.812458543,3,1,False,,,,
osm:2332810448,2332810448,16.0493442,-19.141855000000003,610354.3134640352,7883145.09372071,3,1,False,,,,
osm:2332810449,2332810449,16.0490367,-19.141897600000007,610321.9440546068,7883140.573645152,3,1,False,,,,
osm:2332810457,2332810457,16.0492691,-19.1421896,610346.1924891131,7883108.112931025,3,1,False,,,,
osm:2332810485,2332810485,14.5823986,-19.143817799999994,456085.08871935494,7883206.818769386,3,1,False,,,,
osm:2332810652,2332810652,15.9095781,-19.153872000000003,595647.8314755003,7881897.692528909,1,1,False,,,,
osm:2332810681,2332810681,15.908860000000002,-19.155268299999996,595571.5094682239,7881743.570299414,3,1,False,,,,
osm:2332810718,2332810718,15.9099511,-19.1576777,595684.8624569427,7881476.346779977,3,1,False,,,,
osm:2332810756,2332810756,15.9945729,-19.160847299999997,604581.8481798216,7881077.048308848,3,1,False,,,,
osm:2332810772,2332810772,14.4171346,-19.161568899999995,438712.09647013777,7881192.824216694,3,1,False,,,,
osm:2332810798,2332810798,14.4172859,-19.1618854,438728.1229128822,7881157.85526394,3,1,False,,,,
osm:2332810806,2332810806,16.015344,-19.162149600000003,606765.322113653,7880920.355013277,3,1,False,,,,
osm:2332810811,2332810811,15.995119400000002,-19.162211300000003,604638.4580086421,7880925.776536319,3,1,False,,,,
osm:2332810887,2332810887,14.547258200000002,-19.1643707,452395.56664884574,7880923.387069436,3,1,False,,,,
osm:2332810891,2332810891,14.5476432,-19.164693100000004,452436.14136470575,7880887.817675482,3,1,False,,,,
osm:2332810900,2332810900,14.5472493,-19.165226799999992,452394.87657009484,7880828.65503814,3,1,False,,,,
osm:2332810902,2332810902,15.953185699999999,-19.165515000000003,600226.7346348868,7880584.795430442,3,1,False,,,,
osm:2332810955,2332810955,14.386239100000001,-19.16795619999999,435465.84541802434,7880474.903182223,3,1,False,,,,
osm:2332811030,2332811030,14.374853,-19.16951110000001,434269.22828158375,7880298.595544394,3,1,False,,,,
osm:2332811031,2332811031,14.373519899999998,-19.169523400000003,434129.0606224738,7880296.731729882,3,1,False,,,,
osm:2332811033,2332811033,15.945414,-19.169558699999996,599407.0630740105,7880141.758444207,3,1,False,,,,
osm:2332811128,2332811128,14.3783433,-19.170908599999997,434636.77653514454,7880145.266449754,3,1,False,,,,
osm:2332811152,2332811152,14.3608501,-19.171021500000002,432797.4648515525,7880126.127383543,3,1,False,,,,
osm:2332811166,2332811166,14.381473500000002,-19.1711607,434966.00605167646,7880118.540122017,3,1,False,,,,
osm:2332811212,2332811212,14.3694607,-19.171725899999995,433703.12528332445,7880051.476343628,4,1,False,,,,
osm:2332811236,2332811236,14.387983,-19.171953,435650.7653866335,7880033.282064787,3,1,False,,,,
osm:2332811242,2332811242,14.3740131,-19.171968999999997,434181.8904776906,7880026.299851171,3,1,False,,,,
osm:2332811275,2332811275,14.3640652,-19.172569900000006,433136.14765094756,7879956.024150947,4,1,False,,,,
osm:2332811283,2332811283,15.917479300000002,-19.172628,596467.8369733575,7879817.788431211,3,1,False,,,,
osm:2332811290,2332811290,14.3643458,-19.1727543,433165.7259755006,7879935.726850796,3,1,False,,,,
osm:2332811300,2332811300,14.3622187,-19.172918399999997,432942.1364598433,7879916.752020535,1,1,False,,,,
osm:2332811310,2332811310,14.3869589,-19.173210000000005,435543.57409198384,7879893.810835881,4,1,False,,,,
osm:2332811321,2332811321,14.388663599999997,-19.173512900000002,435722.93265902036,7879860.922486903,3,1,False,,,,
osm:2332811343,2332811343,14.5313405,-19.174626699999994,450724.8877480095,7879784.114387523,3,1,False,,,,
osm:2332811357,2332811357,15.916298300000001,-19.174589899999997,596342.5126080788,7879601.335228934,3,1,False,,,,
osm:2332811412,2332811412,14.3898517,-19.175400000000007,435848.5858721341,7879652.543095872,3,1,False,,,,
osm:2332811416,2332811416,15.918763100000001,-19.175427799999998,596601.1986161093,7879507.248962792,3,1,False,,,,
osm:2332811423,2332811423,15.915629900000003,-19.175689999999985,596271.5911261174,7879479.966074675,3,1,False,,,,
osm:2332811438,2332811438,15.9197198,-19.176522399999996,596701.1566889276,7879385.589088004,3,1,False,,,,
osm:2332811555,2332811555,15.9172726,-19.178222600000005,596442.8463210005,7879198.798170533,1,1,False,,,,
osm:2332811615,2332811615,15.920970800000001,-19.178556900000004,596831.5093398297,7879159.754731825,3,1,False,,,,
osm:2332811618,2332811618,15.918932,-19.178567099999995,596617.1280165223,7879159.756845379,3,1,False,,,,
osm:2332811626,2332811626,15.916853900000001,-19.178629700000002,596398.5840245556,7879153.979535541,3,1,False,,,,
osm:2332811627,2332811627,15.920596899999998,-19.1786278,596792.1531455091,7879152.116429994,3,1,False,,,,
osm:2332811629,2332811629,15.9177316,-19.178645399999997,596490.8630286714,7879151.756729228,3,1,False,,,,
osm:2332811638,2332811638,15.9197256,-19.1786694,596700.5136065813,7879147.996318583,4,1,False,,,,
osm:2332811639,2332811639,15.9195943,-19.178676999999993,596686.7032732505,7879147.2280987585,2,1,False,gate,,no,
osm:2332811644,2332811644,15.916949900000002,-19.178684699999994,596408.6462023228,7879147.840101948,3,1,False,,,,
osm:2332811647,2332811647,15.919117100000001,-19.178681900000004,596636.5239186818,7879146.95037659,3,1,False,,,,
osm:2332811673,2332811673,15.9168622,-19.178734799999997,596399.3956038653,7879142.3444632655,3,1,False,,,,
osm:2332811821,2332811821,15.9191315,-19.179289000000004,596637.6839583998,7879079.759993065,2,1,False,gate,,customers,
osm:2332811826,2332811826,15.9168282,-19.179271799999995,596395.5081670956,7879082.938233936,4,1,False,,,,
osm:2332811876,2332811876,15.917762000000002,-19.1796851,596493.4540186798,7879036.685509615,3,1,False,,,,
osm:2332811914,2332811914,15.916801800000002,-19.179787199999996,596392.432428575,7879025.918080663,3,1,False,,,,
osm:2332811916,2332811916,14.3733492,-19.1798656,434115.2231379675,7879152.249950168,3,1,False,,,,
osm:2332811935,2332811935,15.916785900000002,-19.17993819999999,596390.6727429271,7879009.217038738,3,1,False,,,,
osm:2332811986,2332811986,15.9166268,-19.179927499999998,596373.9501002415,7879010.489054513,1,1,False,,,,
osm:2332812193,2332812193,15.922731600000002,-19.1807058,597015.3954143594,7878920.976035029,3,1,False,,,,
osm:2332812229,2332812229,15.916993700000003,-19.180879199999996,596411.9746681108,7878904.970016818,3,1,False,,,,
osm:2332812239,2332812239,14.538440700000002,-19.180865099999995,451473.24622415187,7879095.808686961,3,1,False,,,,
osm:2332812369,2332812369,14.538074000000002,-19.181474699999995,451434.8706712189,7879028.252651561,3,1,False,,,,
osm:2332812435,2332812435,15.9190514,-19.182768100000004,596627.2324608656,7878694.80298784,3,1,False,,,,
osm:2332812556,2332812556,14.390107300000002,-19.187783900000007,435880.25349273195,7878282.297607897,1,1,False,,,,
osm:2332812600,2332812600,14.3957515,-19.189785399999998,436474.4294013063,7878062.888318701,3,1,False,,,,
osm:2332812654,2332812654,15.317385000000002,-19.1914283,533366.4868112826,7877960.830169062,3,1,False,,,,
osm:2332812688,2332812688,14.5969883,-19.1925666,457631.81822722324,7877816.27112118,3,1,False,,,,
osm:2332812691,2332812691,14.382251399999998,-19.192904499999994,435056.3235870179,7877712.768543417,3,1,False,,,,
osm:2332812762,2332812762,16.2255825,-19.195227499999994,628849.0006225371,7877117.686464763,1,1,False,,,,
osm:2332812986,2332812986,14.4005793,-19.200861999999997,436986.2142790063,7876838.960595899,3,1,False,,,,
osm:2332813005,2332813005,14.3998063,-19.2013909,436905.15235557925,7876780.1553729195,3,1,False,,,,
osm:2332813020,2332813020,14.4010764,-19.201982000000005,437038.8992506849,7876715.206756987,3,1,False,,,,
osm:2332813081,2332813081,14.4361669,-19.203820100000005,440728.4997860365,7876524.124450183,3,1,False,,,,
osm:2332813150,2332813150,16.1920307,-19.204976600000002,625313.8132763521,7876063.237270812,3,1,False,,,,
osm:2332813232,2332813232,14.4921678,-19.206251500000004,446616.362718051,7876273.191243524,3,1,False,,,,
osm:2332813234,2332813234,16.1996111,-19.2063145,626109.7845521821,7875909.70014005,3,1,False,,,,
osm:2332813339,2332813339,14.4852971,-19.207764600000004,445894.59005343466,7876103.640707724,4,1,False,,,,
osm:2332813618,2332813618,14.4056441,-19.214418199999994,437523.7834335371,7875340.7238525115,3,1,False,,,,
osm:2332813653,2332813653,14.9984788,-19.215728399999996,499840.10132091085,7875302.397149578,3,1,False,,,,
osm:2332813738,2332813738,14.5123615,-19.219488800000008,448743.28083553485,7874814.504273297,3,1,False,,,,
osm:2332813741,2332813741,14.512153800000002,-19.219531400000008,448721.4618437694,7874809.729248807,3,1,False,,,,
osm:2332813751,2332813751,15.179130800000001,-19.219660200000007,518828.64451943716,7874857.6534382105,3,1,False,,,,
osm:2332813755,2332813755,14.5122699,-19.219746199999996,448733.7321971412,7874785.995059667,3,1,False,,,,
osm:2332813780,2332813780,14.5087343,-19.220449699999996,448362.3109185666,7874707.104991131,1,1,False,,,,
osm:2332813932,2332813932,14.501590800000002,-19.224153299999998,447612.6056134059,7874295.152771321,1,18,False,,,,
osm:2332814262,2332814262,14.652973099999999,-19.234223899999996,463526.6884659905,7873219.474012786,1,1,False,,,,
osm:2332814294,2332814294,14.687909000000001,-19.234450799999998,467198.60579978046,7873201.324816804,3,1,False,,,,
osm:2332814332,2332814332,14.501557400000001,-19.234789299999996,447612.4670648716,7873118.228363367,1,18,False,,,,
osm:2332814358,2332814358,14.7473327,-19.235154999999995,473444.30551542767,7873133.544475157,3,1,False,,,,
osm:2332814426,2332814426,14.622001300000003,-19.237314399999995,460272.189875443,7872870.7173256455,1,1,False,,,,
osm:2332814466,2332814466,14.511100500000001,-19.2400305,448617.12009181647,7872541.116727689,3,1,False,,,,
osm:2332814468,2332814468,14.510576999999998,-19.240192199999992,448562.15004396584,7872523.069204606,1,1,False,,,,
osm:2332814480,2332814480,14.5914345,-19.240776899999993,457060.46627220075,7872480.315986251,3,1,False,,,,
osm:2332814483,2332814483,14.4175839,-19.241114500000002,438788.76936813485,7872390.885768352,2,1,False,gate,Veterinary Gate Werda,,
osm:2332814606,2332814606,14.502320500000002,-19.245357199999997,447696.01955307653,7871949.077997331,1,1,False,,,,
osm:2332814659,2332814659,14.5086048,-19.2470042,448357.0005997517,7871768.710001487,3,1,False,,,,
osm:2332814704,2332814704,14.502443899999998,-19.248582299999995,447710.0102229263,7871592.244754039,3,1,False,,,,
osm:2332814723,2332814723,14.499434500000001,-19.250804299999995,447394.44326038385,7871345.463094584,3,1,False,,,,
osm:2332814744,2332814744,14.5007809,-19.253194899999993,447536.7022802769,7871081.340375144,3,1,False,,,,
osm:2332814835,2332814835,14.511385100000002,-19.261933500000005,448653.8466608131,7870117.546703337,3,1,False,,,,
osm:2332815079,2332815079,14.4664085,-19.276217799999994,443932.2302470006,7868523.011099687,2,1,False,,,,
osm:2332815098,2332815098,14.5359196,-19.277704400000005,451236.7678951422,7868379.506554222,1,1,False,,,,
osm:2332815187,2332815187,14.5341848,-19.281410999999995,451055.5816986667,7867968.86793703,4,1,False,,,,
osm:2332815228,2332815228,14.5300897,-19.28341,450625.8903859429,7867746.510094478,3,1,False,,,,
osm:2332815607,2332815607,14.473173900000003,-19.298022700000004,444650.4568138212,7866112.36326348,3,1,False,,,,
osm:2332815609,2332815609,14.4726789,-19.298123000000007,444598.4835965404,7866101.106446367,2,1,False,gate,Gate Hobatere Concession,,
osm:2332816063,2332816063,16.4189499,-19.3101131,649077.471936273,7864248.123139471,3,1,False,,,,
osm:2332816084,2332816084,14.4791823,-19.311114599999996,445286.0801848285,7864665.585739233,3,1,False,,,,
osm:2332816119,2332816119,14.4804595,-19.31342529999999,445421.02469188056,7864410.297792932,3,1,False,,,,
osm:2332816144,2332816144,14.4868648,-19.31475839999999,446094.3680238271,7864264.789195314,3,1,False,,,,
osm:2332816162,2332816162,14.481065600000003,-19.3147185,445485.1270012913,7864267.389414964,3,1,False,,,,
osm:2332816186,2332816186,14.4813679,-19.3154867,445517.1392871745,7864182.479240333,3,1,False,,,,
osm:2332816191,2332816191,14.5047101,-19.315654699999993,447969.36486818077,7864171.066176288,3,1,False,,,,
osm:2332816349,2332816349,14.5058676,-19.317472299999995,448091.537409539,7863970.287235936,4,1,False,,,,
osm:2332816536,2332816536,15.9376428,-19.327220199999996,598495.754888914,7862698.959707485,3,1,False,,,,
osm:2332816857,2332816857,16.4094882,-19.418621200000004,647985.2708650507,7852246.727703768,4,1,False,,,,
osm:2332816871,2332816871,14.450603599999999,-19.427166599999993,442324.546706334,7851814.435159668,4,1,False,,,,
osm:2332816902,2332816902,14.5993292,-19.431506000000002,457939.0648464835,7851377.315358823,4,1,False,,,,
osm:2332816910,2332816910,14.461854100000002,-19.433292899999994,443507.76620458637,7851140.246785874,2,1,False,,,,
osm:2332816931,2332816931,14.614557100000003,-19.4352261,459538.5739864028,7850969.316153129,3,1,False,,,,
osm:2332817061,2332817061,14.497662,-19.4449803,447270.57690550433,7849858.317168673,2,1,False,,,,
osm:2332975159,2332975159,14.5370607,-19.278770999999995,451356.9858417703,7868261.80326295,3,1,False,,,,
osm:2332975184,2332975184,14.537102199999998,-19.280258899999996,451361.7856964421,7868097.172813322,3,1,False,,,,
osm:2332975204,2332975204,14.5342557,-19.281454399999998,451063.0443666266,7867964.0855496,4,1,False,,,,
osm:2332975218,2332975218,14.530283800000001,-19.281652699999995,450645.7586553627,7867941.017803635,3,1,False,,,,
osm:2332975220,2332975220,14.5357911,-19.281671699999997,451224.43992174364,7867940.472767115,4,1,False,,,,
osm:2332975224,2332975224,14.531064300000002,-19.281724300000008,450727.79057390365,7867933.31680231,3,1,False,,,,
osm:2332975228,2332975228,14.536076000000001,-19.2817703,451254.40474646655,7867929.64234538,1,1,False,,,,
osm:2332975241,2332975241,14.537165499999999,-19.2823654,451369.05871833954,7867864.09786701,3,1,False,,,,
osm:2332975292,2332975292,14.5377632,-19.303863200000002,451438.20227171795,7865485.44445385,3,1,False,,,,
osm:2332975311,2332975311,14.5103625,-19.313801500000004,448562.58619553776,7864377.819807321,3,1,False,,,,
osm:2332975454,2332975454,14.538397500000002,-19.326652400000004,451511.5619296776,7862963.8965566065,3,1,False,,,,
osm:2332975676,2332975676,14.5276669,-19.3311829,450385.7280123875,7862459.534917489,3,1,False,,,,
osm:2332975700,2332975700,14.5251906,-19.332378999999996,450125.97377418354,7862326.469026405,3,1,False,,,,
osm:2332975701,2332975701,14.525517800000001,-19.332390099999998,450160.3468797243,7862325.335017614,3,1,False,,,,
osm:2332975702,2332975702,14.525338799999998,-19.332448099999997,450141.5619674194,7862318.8654823955,3,1,False,,,,
osm:2332975703,2332975703,14.5254571,-19.3325651,450154.0239278891,7862305.952949854,3,1,False,,,,
osm:2332975710,2332975710,14.5252409,-19.3327102,450131.3579207887,7862289.834657036,3,1,False,,,,
osm:2332975757,2332975757,14.593483000000003,-19.3351106,457300.226803413,7862042.471456847,3,1,False,,,,
osm:2332976181,2332976181,14.458269300000001,-19.373999400000002,443110.8302597726,7857700.28040492,3,1,False,,,,
osm:2332976185,2332976185,14.458443000000003,-19.374148000000005,443129.12313474156,7857683.894103367,3,1,False,,,,
osm:2332976192,2332976192,14.4581954,-19.374222699999997,443103.1470779086,7857675.546534652,3,1,False,,,,
osm:2332976206,2332976206,14.5321569,-19.37481019999999,450870.4330077075,7857633.2395268325,3,1,False,,,,
osm:2332976247,2332976247,14.532648100000001,-19.375439499999995,450922.20468988136,7857563.743868105,3,1,False,,,,
osm:2332976249,2332976249,14.5321611,-19.375601200000002,450871.1111778671,7857545.712450281,3,1,False,,,,
osm:2332976318,2332976318,14.455826199999999,-19.37854769999999,442855.8510903859,7857196.176039955,1,1,False,,,,
osm:2332976328,2332976328,14.534467300000001,-19.378875399999995,451114.2717115015,7857184.0596291805,3,1,False,,,,
osm:2332976582,2332976582,14.4554849,-19.3900467,442824.02376850357,7855923.625717578,1,1,False,,,,
osm:2332976670,2332976670,14.4543042,-19.39516569999999,442701.83463082375,7855356.783662744,3,1,False,,,,
osm:2332977080,2332977080,14.486473,-19.417533599999995,446087.00931513275,7852892.006061688,3,1,False,,,,
osm:2333046336,2333046336,15.9480385,-18.500811199999998,600078.3909559145,7954142.463720631,2,1,False,,,,
osm:2333046340,2333046340,15.9426184,-18.500861999999998,599506.1545172005,7954139.838544786,2,1,False,,,,
osm:2333046347,2333046347,16.1694234,-18.500844999999995,623450.924212946,7954001.661966317,2,1,False,,,,
osm:2333046348,2333046348,15.908278100000002,-18.5008452,595880.8307409715,7954160.280344678,2,1,False,,,,
osm:2333046350,2333046350,16.1774402,-18.5008577,624297.309105094,7953994.755278034,2,1,False,,,,
osm:2333046351,2333046351,16.0432029,-18.500862499999997,610125.1101471537,7954081.38363654,3,1,False,,,,
osm:2333046354,2333046354,16.0444364,-18.500863699999996,610255.3346831538,7954080.497938568,2,1,False,,,,
osm:2333046364,2333046364,16.1059776,-18.500871999999998,616752.5216182189,7954040.885520424,3,1,False,,,,
osm:2333046368,2333046368,16.103242,-18.500872899999997,616463.7086701823,7954042.552994389,3,1,False,,,,
osm:2333046373,2333046373,16.0609421,-18.5008799,611997.8978733489,7954068.544808485,2,1,False,,,,
osm:2333046374,2333046374,16.0648665,-18.500883700000003,612412.2112818063,7954065.685095554,3,1,False,,,,
osm:2333046376,2333046376,16.0993955,-18.5008928,616057.5994605835,7954042.828142697,2,1,False,,,,
osm:2333046379,2333046379,16.0143131,-18.500907799999997,607075.0871399142,7954093.750261423,2,1,False,,,,
osm:2333046401,2333046401,16.0968241,-18.5011522,615785.948737221,7954015.774628662,2,1,False,,,,
osm:2333046415,2333046415,16.0940422,-18.501233999999993,615492.1946027239,7954008.504854983,2,1,False,,,,
osm:2333046426,2333046426,16.0943787,-18.501282900000003,615527.6877828196,7954002.878353343,2,1,False,,,,
osm:2333046476,2333046476,15.896892600000001,-18.502115300000003,594678.162209372,7954025.7490696125,2,1,False,,,,
osm:2333046613,2333046613,14.970521800000002,-18.619647799999996,496890.44131890946,7941256.5651945975,3,1,False,,,,
osm:2333046616,2333046616,14.9574256,-18.6209501,495509.0001275552,7941112.19705521,4,1,False,,,,
osm:2333046624,2333046624,14.768265300000001,-18.639678599999996,475557.8771461449,7939024.746486476,3,1,False,,,,
osm:2333046631,2333046631,14.7686377,-18.639938,475597.193097894,7938996.0961037995,4,1,False,,,,
osm:2333046657,2333046657,15.546751799999997,-18.655192799999995,557663.7601872428,7937235.988654518,4,1,False,,,,
osm:2333046661,2333046661,15.632213000000002,-18.671722800000005,566670.8310396227,7935377.293067997,3,1,False,,,,
osm:2333046676,2333046676,15.631436800000001,-18.6759576,566587.3197309449,7934909.004398946,3,1,False,,,,
osm:2333046692,2333046692,14.8736787,-18.720095599999993,486682.61584132345,7930138.174722483,4,1,False,,,,
osm:2333046791,2333046791,14.469791100000002,-19.31665850000001,444301.3538895577,7864049.131250897,2,1,False,,,,
osm:2333046834,2333046834,14.5764415,-19.443963499999995,455539.756839538,7849993.075676996,3,1,False,,,,
osm:2333046838,2333046838,14.497249900000002,-19.445008699999992,447227.3278967269,7849855.048211367,2,1,False,,,,
osm:2333106533,2333106533,17.0607292,-18.8788363,717085.2834380951,7911315.394550653,4,1,False,,,,
osm:2333106534,2333106534,17.0609362,-18.8790377,717106.8375067791,7911292.844913356,3,1,False,,,,
osm:2333123276,2333123276,14.416916400000002,-19.16186529999999,438689.2618226878,7881159.949664669,3,1,False,,,,
osm:2333123290,2333123290,14.411863499999999,-19.1644607,438158.90680920146,7880870.97477481,3,1,False,,,,
osm:2333123341,2333123341,14.4163714,-19.1723545,438635.83586758823,7879999.0827266965,3,1,False,,,,
osm:2333123442,2333123442,14.4239817,-19.208549699999995,439449.25930003525,7875996.580739822,3,1,False,,,,
osm:2333161259,2333161259,14.471148000000001,-18.9980687,444337.11479245836,7899302.613559336,3,1,False,,,,
osm:2333161799,2333161799,14.4701295,-19.021789800000004,444237.81993153546,7896677.511907016,3,1,False,,,,
osm:2333161928,2333161928,14.4793858,-19.043316399999995,445219.0083391527,7894298.465427313,1,1,False,,,,
osm:2333161951,2333161951,14.4798067,-19.043787600000005,445263.4524516715,7894246.45749693,3,1,False,,,,
osm:2333161989,2333161989,14.354671300000001,-19.066969900000004,432105.30537609896,7891637.541638225,3,1,False,,,,
osm:2333162055,2333162055,14.390019100000002,-19.073160499999997,435826.72621409356,7890965.838920763,3,1,False,,,,
osm:2333162392,2333162392,14.3563982,-19.1069056,432303.2305028799,7887219.149966915,1,1,False,,,,
osm:2333162426,2333162426,14.3443176,-19.108501499999996,431033.1597970023,7887037.839525254,1,1,False,,,,
osm:2333162541,2333162541,14.3672854,-19.134992799999992,433459.6724064163,7884115.348065304,3,1,False,,,,
osm:2333162571,2333162571,14.3705302,-19.136359700000003,433801.47202344233,7883965.326324549,3,1,False,,,,
osm:2334244504,2334244504,14.9446299,-18.577682499999998,494157.7580371565,7945899.089682047,1,1,False,,,,
osm:2334244518,2334244518,14.9453812,-18.578024199999998,494237.0411381441,7945861.307265003,3,1,False,,,,
osm:2334244526,2334244526,14.980876500000003,-18.5787437,497982.2429333262,7945782.467617437,1,1,False,,,,
osm:2334244672,2334244672,14.972943899999999,-18.5858018,497145.3766043119,7945001.4317844445,3,1,False,,,,
osm:2334244709,2334244709,14.949162500000002,-18.587122600000004,494636.29977594444,7944854.750989765,3,1,False,,,,
osm:2334244728,2334244728,14.962160800000001,-18.5876373,496007.7205498318,7944798.1413486,4,1,False,,,,
osm:2334244785,2334244785,14.958606300000001,-18.588308400000003,495632.71494282753,7944723.806217151,3,1,False,,,,
osm:2334244863,2334244863,14.957175100000002,-18.590297799999995,495481.7671331377,7944503.657743043,1,1,False,,,,
osm:2334244929,2334244929,14.961827200000002,-18.591921600000006,495972.6242751104,7944324.106284317,3,1,False,,,,
osm:2334244974,2334244974,14.9472904,-18.5962319,494439.07612840517,7943846.81384226,1,1,False,,,,
osm:2334245013,2334245013,14.9601151,-18.5994267,495792.1755177189,7943493.6800629925,3,1,False,,,,
osm:2334245019,2334245019,14.9599562,-18.599585300000005,495775.41560657346,7943476.12834209,3,1,False,,,,
osm:2334245028,2334245028,14.9600636,-18.599627000000005,495786.7472358639,7943471.517048255,3,1,False,,,,
osm:2334245040,2334245040,14.950751,-18.599787,494804.2813430923,7943453.570267867,3,1,False,,,,
osm:2334245303,2334245303,15.1512923,-18.6129738,515959.9655122702,7941988.528145644,3,1,False,,,,
osm:2334245312,2334245312,15.353332800000002,-18.618696099999998,537272.3141316258,7941325.427272313,3,1,False,,,,
osm:2334245321,2334245321,14.9565646,-18.6210288,495418.17884199903,7941103.4676581165,3,1,False,,,,
osm:2334245329,2334245329,14.957318100000002,-18.621560500000008,495497.67645394965,7941044.657671662,3,1,False,,,,
osm:2334245466,2334245466,14.9692897,-18.676558299999996,496761.5503082411,7934959.7587907715,3,1,False,,,,
osm:2334245475,2334245475,14.968586000000002,-18.676963899999997,496687.3519040041,7934914.8687126655,3,1,False,,,,
osm:2334245482,2334245482,14.969277600000002,-18.6772334,496760.2871700288,7934885.062824869,3,1,False,,,,
osm:2334245491,2334245491,14.9369855,-18.678325299999997,493355.0893824306,7934763.358589182,3,1,False,,,,
osm:2334245511,2334245511,14.9362497,-18.679865599999992,493277.5596084142,7934592.906082861,3,1,False,,,,
osm:2334245517,2334245517,14.9372994,-18.680077000000004,493388.2582339145,7934569.555051543,3,1,False,,,,
osm:2334245826,2334245826,14.870122,-18.7212755,486307.7463128542,7930007.355976806,3,1,False,,,,
osm:2334245833,2334245833,14.869414900000002,-18.721583199999998,486233.22582974925,7929973.256213585,3,1,False,,,,
osm:2334245841,2334245841,14.8700958,-18.722045100000003,486305.046168546,7929922.201793419,3,1,False,,,,
osm:2334245972,2334245972,14.797266800000001,-18.757214599999994,478631.5615162992,7926023.709713108,3,1,False,,,,
osm:2334246175,2334246175,14.9672801,-18.7733212,496551.5975539244,7924253.434457503,3,1,False,,,,
osm:2334246280,2334246280,14.738190599999998,-18.8175362,472414.6168382907,7919341.237619824,3,1,False,,,,
osm:2334246291,2334246291,14.6880446,-18.818706799999998,467131.2042075776,7919203.180906065,3,1,False,,,,
osm:2334246293,2334246293,14.6888262,-18.818725299999997,467213.5607596531,7919201.278395006,3,1,False,,,,
osm:2334246318,2334246318,14.6471878,-18.858559899999992,462835.10508509085,7914785.4773938805,3,1,False,,,,
osm:2334246360,2334246360,14.6559156,-18.861052799999996,463755.02745934663,7914511.451031349,1,1,False,,,,
osm:2334246372,2334246372,14.6383344,-18.8670807,461904.41085797397,7913840.789056409,3,1,False,,,,
osm:2334246381,2334246381,14.6374887,-18.867784799999995,461815.4885738649,7913762.699765044,3,1,False,,,,
osm:2334246383,2334246383,14.637686400000002,-18.867840299999997,461836.32574644586,7913756.6013996005,3,1,False,,,,
osm:2334246408,2334246408,14.638613600000001,-18.868279599999997,461934.09093036986,7913708.193214245,3,1,False,,,,
osm:2334246415,2334246415,14.638276299999998,-18.868409999999997,461898.59119682875,7913693.692211457,3,1,False,,,,
osm:2334246418,2334246418,14.638503599999998,-18.8684409,461922.5405958755,7913690.322057059,3,1,False,,,,
osm:2334246430,2334246430,14.638506000000001,-18.868570199999994,461922.8225894015,7913676.015788991,3,1,False,,,,
osm:2334246536,2334246536,15.326930200000001,-18.971272400000007,534415.4172137439,7902319.268462274,3,1,False,,,,
osm:2334246544,2334246544,15.3271345,-18.971563200000002,534436.864006383,7902287.051859473,3,1,False,,,,
osm:2334246568,2334246568,14.957439500000001,-18.972943599999997,495519.7881359867,7902165.733785285,3,1,False,,,,
osm:2334246587,2334246587,15.3217463,-18.973357,533869.2906815014,7902089.614136647,3,1,False,,,,
osm:2334246592,2334246592,14.957445199999999,-18.973492099999998,495520.4028127476,7902105.043777579,4,1,False,,,,
osm:2334246611,2334246611,15.307261500000001,-18.9738373,532344.4136654903,7902039.19081362,3,1,False,,,,
osm:2334246612,2334246612,14.9572184,-18.973875899999996,495496.5386642338,7902062.571485043,3,1,False,,,,
osm:2334246613,2334246613,14.957720700000001,-18.9738817,495549.41409535473,7902061.942490856,3,1,False,,,,
osm:2334246618,2334246618,14.961331,-18.973963700000002,495929.45909362717,7902052.956683667,2,1,False,,,,
osm:2334246686,2334246686,15.4108049,-18.976187000000003,543243.6123615772,7901756.989456991,3,1,False,,,,
osm:2334246691,2334246691,15.308624,-18.976895199999998,532487.248059686,7901700.587289715,1,1,False,,,,
osm:2334246694,2334246694,15.168969200000001,-18.9765529,517786.4999722079,7901758.386312433,4,1,False,,,,
osm:2334246718,2334246718,15.410091500000002,-18.977279000000003,543168.2336500086,7901636.334851559,3,1,False,,,,
osm:2334246725,2334246725,15.4098509,-18.9773383,543142.8913125405,7901629.832254037,3,1,False,,,,
osm:2334246744,2334246744,15.409911199999998,-18.977482899999995,543149.2016433742,7901613.817530046,3,1,False,,,,
osm:2334246762,2334246762,15.159981,-18.977753699999997,516840.23673031107,7901626.403561909,3,1,False,,,,
osm:2334246765,2334246765,15.159737299999998,-18.9777728,516814.5819295845,7901624.313463378,3,1,False,,,,
osm:2334246781,2334246781,15.159724099999998,-18.9781213,516813.1574840056,7901585.753939901,4,1,False,,,,
osm:2334246797,2334246797,15.159448600000001,-18.978333200000005,516784.1360423026,7901562.333924001,3,1,False,,,,
osm:2334246842,2334246842,15.265193000000002,-18.981381100000004,527914.716696586,7901211.673881259,3,1,False,,,,
osm:2334246889,2334246889,15.2692015,-18.984498699999993,528336.1342152631,7900866.075903801,3,1,False,,,,
osm:2334298226,2334298226,15.651842400000001,-18.5085084,568806.447198934,7953429.325386079,1,1,False,,,,
osm:2334298555,2334298555,15.3490448,-18.6774251,536807.3197403463,7934828.226613251,4,1,False,,,,
osm:2334298840,2334298840,15.158866,-18.7006495,516750.3191978172,7932287.042023174,3,1,False,,,,
osm:2334298940,2334298940,15.5025282,-18.740073500000005,552973.163628246,7927857.803741017,3,1,False,,,,
osm:2334298941,2334298941,15.6345568,-18.7873524,566872.5057693968,7922582.002377015,3,1,False,,,,
osm:2334298954,2334298954,15.634490000000001,-18.788380300000004,566865.0601830462,7922468.289647784,3,1,False,,,,
osm:2334299179,2334299179,15.6002485,-18.889842600000005,563218.4663422602,7911253.937169958,1,1,False,,,,
osm:2334299200,2334299200,15.529348800000001,-18.96213939999999,555727.122230282,7903278.080279844,1,1,False,,,,
osm:2334299301,2334299301,15.533019700000002,-18.966551199999994,556112.108632386,7902788.745186543,3,1,False,,,,
osm:2334326121,2334326121,15.6082438,-19.0654756,563993.4655162124,7891816.835383106,1,1,False,,,,
osm:2334326153,2334326153,15.6057218,-19.067376700000004,563727.3909850136,7891607.39030447,3,1,False,,,,
osm:2334326218,2334326218,15.634259800000002,-19.082755099999996,566723.7841858596,7889895.093585705,3,1,False,,,,
osm:2334326219,2334326219,15.633555,-19.082785900000005,566649.6248963291,7889891.95364761,3,1,False,,,,
osm:2334326224,2334326224,15.633710900000002,-19.082904499999994,566665.9785598175,7889878.770764643,2,1,False,,,,
osm:2334326251,2334326251,15.6327357,-19.0853234,566562.4183649641,7889611.48017344,3,1,False,,,,
osm:2334326261,2334326261,15.776225600000002,-19.0877223,581656.7309143897,7889285.333349831,1,1,False,,,,
osm:2334326322,2334326322,15.8780598,-19.1477345,592336.6910346627,7882593.834370105,3,1,False,,,,
osm:2334552081,2334552081,16.3201419,-19.0414358,638920.1055146402,7894065.553885467,2,1,False,,,,
osm:2334552243,2334552243,16.3788829,-19.2025484,644961.8166042652,7876186.9658456035,3,1,False,,,,
osm:2335245848,2335245848,16.7612204,-19.160325699999998,685213.0419369636,7880498.198225585,4,1,False,,,,
osm:2335245940,2335245940,16.5787129,-19.181068099999997,665995.3940386729,7878386.061487805,3,1,False,,,,
osm:2335246003,2335246003,16.530669,-19.1865477,660937.4794999452,7877824.628790555,3,1,False,,,,
osm:2335246496,2335246496,16.8302139,-19.244759099999996,692372.2025222984,7871077.183391469,3,1,False,,,,
osm:2335246662,2335246662,16.8458441,-19.268262199999995,693987.873183313,7868458.099426711,3,1,False,,,,
osm:2335247157,2335247157,16.6256641,-19.300876399999993,670809.130274252,7865079.606242933,4,1,False,,,,
osm:2335247214,2335247214,16.4190098,-19.309336699999996,649084.4700367476,7864334.002150755,3,1,False,,,,
osm:2335247241,2335247241,16.8920676,-19.3375211,698763.3546989099,7860738.8900186075,4,1,False,,,,
osm:2335247453,2335247453,16.9161849,-19.374652999999995,701252.0555411966,7856600.46306949,3,1,False,,,,
osm:2336874181,2336874181,16.3123098,-19.0728221,638069.8282304702,7890598.164949996,3,1,False,,,,
osm:2336874397,2336874397,16.508498,-19.097293599999997,658691.2545770011,7887723.582472093,4,1,False,,,,
osm:2336874408,2336874408,16.516628,-19.0991752,659544.8694236444,7887507.937551576,1,1,False,,,,
osm:2336874428,2336874428,16.370902,-19.189552200000005,644133.9766702603,7877631.946600873,4,1,False,,,,
osm:2336874436,2336874436,16.1297278,-19.236965900000005,618740.4667502503,7872566.727770361,3,1,False,,,,
osm:2336874440,2336874440,16.1300189,-19.237152399999996,618770.9319164597,7872545.889423868,3,1,False,,,,
osm:2336874452,2336874452,16.1297129,-19.23926850000001,618737.2447871913,7872311.91471065,3,1,False,,,,
osm:2336874521,2336874521,16.2742325,-19.254223799999995,633916.5462814994,7870551.747811312,4,1,False,,,,
osm:2336874671,2336874671,16.164101400000003,-19.327755699999997,622286.2811496706,7862495.262511484,4,1,False,,,,
osm:2336874697,2336874697,16.1140827,-19.3607546,617007.8702967619,7858877.909605347,3,1,False,,,,
osm:2336874698,2336874698,16.1145444,-19.360759999999996,617056.361841869,7858876.999283292,3,1,False,,,,
osm:2336874710,2336874710,16.179678,-19.3691864,623891.4671423819,7857899.029900737,3,1,False,,,,
osm:2337091149,2337091149,16.4647593,-19.031097,654150.4083269264,7895089.112751335,3,1,False,,,,
osm:2337091158,2337091158,16.4563542,-19.031401399999993,653265.4297780574,7895062.778335354,1,22,False,,,,
osm:2337091163,2337091163,16.450755900000004,-19.031493400000002,652676.0855278627,7895057.471886288,1,22,False,,,,
osm:2337091197,2337091197,16.471354,-19.033037499999995,654842.7524480895,7894868.542984009,3,1,False,,,,
osm:2337091209,2337091209,16.465564,-19.033856800000002,654232.5607119908,7894782.960262693,2,1,False,gate,,customers,
osm:2337091253,2337091253,16.4657034,-19.0344404,654246.6943865606,7894718.246789531,3,1,False,,,,
osm:2337091257,2337091257,16.4711281,-19.034539400000003,654817.5827578239,7894702.516183595,2,1,False,gate,,customers,
osm:2337091260,2337091260,16.4649207,-19.03472640000001,654164.0469002458,7894687.2804973535,3,1,False,,,,
osm:2337091303,2337091303,16.4654605,-19.035335699999997,654220.3010571167,7894619.371090146,4,1,False,,,,
osm:2337091306,2337091306,16.4646204,-19.0353764,654131.8388297228,7894615.604132313,1,1,False,,,,
osm:2337091337,2337091337,16.4649808,-19.0356614,654169.5095869565,7894583.74484564,3,1,False,,,,
osm:2337091343,2337091343,16.4649329,-19.0356836,654164.4473919338,7894581.329872111,3,1,False,,,,
osm:2337091353,2337091353,16.464771700000004,-19.035748700000003,654147.4202434075,7894574.266321264,3,1,False,,,,
osm:2337091406,2337091406,16.464041,-19.0364391,654069.8737049161,7894498.496290447,2,1,False,,,,
osm:2337091516,2337091516,16.4745664,-19.043012799999996,655171.6085100931,7893761.668363139,3,1,False,,,,
osm:2337091591,2337091591,16.4810273,-19.0474508,655847.477828795,7893264.757095816,3,1,False,,,,
osm:2337091593,2337091593,16.4811392,-19.0474508,655859.255066857,7893264.657719319,3,1,False,,,,
osm:2337091622,2337091622,16.451427200000005,-19.047577199999996,652732.0307355821,7893276.79100559,1,1,False,,,,
osm:2337091655,2337091655,16.4814596,-19.0479789,655892.4831666208,7893205.924255164,3,1,False,,,,
osm:2337091724,2337091724,16.5066095,-19.091892999999995,658497.6944235754,7888323.027514489,3,1,False,,,,
osm:2337091725,2337091725,16.5064304,-19.091898700000005,658478.8439580805,7888322.558753528,3,1,False,,,,
osm:2338985980,2338985980,16.4714514,-19.021383899999993,654863.8058032545,7896158.243200632,1,1,False,,,,
osm:2338986044,2338986044,16.4649269,-19.026392099999995,654172.3913084521,7895609.688988112,2,1,False,,,,
osm:2338986095,2338986095,16.4698799,-19.033493499999995,654687.1713876477,7894819.373273788,3,1,False,,,,
osm:2338986114,2338986114,16.4685812,-19.034150800000003,654549.8668575245,7894747.768675916,2,1,False,,,,
osm:2338986203,2338986203,16.4698089,-19.034615800000005,654678.658769193,7894695.222940825,3,1,False,,,,
osm:2338986205,2338986205,16.4657921,-19.034568799999995,654255.9119552809,7894703.957962742,3,1,False,,,,
osm:2338986244,2338986244,16.4723876,-19.034658399999998,654950.0418768896,7894688.234748621,3,1,False,,,,
osm:2338986277,2338986277,16.4723312,-19.034794299999994,654943.9793746165,7894673.243485304,3,1,False,,,,
osm:2338986282,2338986282,16.4700096,-19.034820600000003,654699.5938516896,7894672.379483892,3,1,False,,,,
osm:2338986290,2338986290,16.4683105,-19.034879399999994,654520.6999887974,7894667.367615722,3,1,False,,,,
osm:2338986301,2338986301,16.4710861,-19.0349337,654812.7965072315,7894658.913221126,3,1,False,,,,
osm:2338986310,2338986310,16.4679607,-19.0349581,654483.808874708,7894658.96509633,3,1,False,,,,
osm:2338986320,2338986320,16.4678627,-19.0350051,654473.4503844772,7894653.849486801,3,1,False,,,,
osm:2338986338,2338986338,16.4700488,-19.035097400000005,654703.4634515623,7894641.709533818,2,1,False,,,,
osm:2338986348,2338986348,16.4670508,-19.0350855,654387.9193406687,7894645.665056898,3,1,False,,,,
osm:2338986356,2338986356,16.4683559,-19.035093699999997,654525.280293159,7894643.609581731,3,1,False,,,,
osm:2338986388,2338986388,16.4726474,-19.035227899999995,654976.8588017353,7894624.974833874,3,1,False,,,,
osm:2338986415,2338986415,16.471098,-19.035356899999996,654813.6567320917,7894612.06417004,3,1,False,,,,
osm:2338986459,2338986459,16.4688066,-19.035622800000002,654572.229090398,7894584.653701656,3,1,False,,,,
osm:2338986476,2338986476,16.4701895,-19.0357231,654717.6931824429,7894572.334916876,4,1,False,,,,
osm:2338986485,2338986485,16.4697284,-19.035786499999993,654669.1014439493,7894565.724194048,3,1,False,,,,
osm:2338986507,2338986507,16.4704691,-19.035958299999997,654746.9044974159,7894546.057286088,3,1,False,,,,
osm:2338986512,2338986512,16.4729012,-19.035955399999988,655002.8973434714,7894544.233161109,3,1,False,,,,
osm:2338986530,2338986530,16.4703416,-19.036024999999995,654733.4227158662,7894538.787478967,3,1,False,,,,
osm:2338986548,2338986548,16.471349,-19.036095000000003,654839.3914033812,7894530.152066436,3,1,False,,,,
osm:2338986574,2338986574,16.4734179,-19.036297599999997,655056.9647760944,7894505.903231891,3,1,False,,,,
osm:2338986591,2338986591,16.4734796,-19.036373,655063.3889722556,7894497.503683543,3,1,False,,,,
osm:2338986603,2338986603,16.4677786,-19.036384500000004,654463.322541415,7894501.255606541,1,1,False,,,,
osm:2338986633,2338986633,16.4716026,-19.0365396,654865.6716734583,7894480.721358877,3,1,False,,,,
osm:2338986643,2338986643,16.4732972,-19.0365424,655044.0332537033,7894478.916025499,3,1,False,,,,
osm:2338986645,2338986645,16.4709782,-19.03657139999999,654799.9213471062,7894477.752407113,4,1,False,,,,
osm:2338986646,2338986646,16.470422,-19.036560400000003,654741.3890664378,7894479.460103191,3,1,False,,,,
osm:2338986648,2338986648,16.4732714,-19.0365699,655041.2921557508,7894475.89518242,3,1,False,,,,
osm:2338986665,2338986665,16.4734702,-19.036690299999997,655062.1049405084,7894462.394097595,3,1,False,,,,
osm:2338986678,2338986678,16.4704298,-19.036650299999994,654742.126743117,7894469.503356557,3,1,False,,,,
osm:2338986679,2338986679,16.4699081,-19.036775000000006,654687.1000660071,7894456.161596546,4,1,False,,,,
osm:2338986681,2338986681,16.471076,-19.036739400000002,654810.0594757223,7894459.072424686,3,1,False,,,,
osm:2338986689,2338986689,16.4696102,-19.03677639999999,654655.743544872,7894456.269058937,4,1,False,,,,
osm:2338986733,2338986733,16.4699639,-19.037196099999996,654692.583147545,7894409.506310198,3,1,False,,,,
osm:2338986734,2338986734,16.472387,-19.0371491,654947.6676832058,7894412.571610618,3,1,False,,,,
osm:2338986746,2338986746,16.4704374,-19.0371605,654742.4538810723,7894413.029191981,1,1,False,,,,
osm:2338986759,2338986759,16.4700276,-19.037196799999993,654699.2871748627,7894409.372714893,1,1,False,,,,
osm:2338986784,2338986784,16.469986,-19.037399399999995,654694.7209186236,7894386.986183898,3,1,False,,,,
osm:2338986812,2338986812,16.4730758,-19.0375406,655019.8032294252,7894368.63349575,3,1,False,,,,
osm:2338986834,2338986834,16.4734745,-19.038028400000005,655061.3149448922,7894314.293078531,3,1,False,,,,
osm:2338986839,2338986839,16.4890175,-19.038061299999992,656697.2444223219,7894296.852579122,3,1,False,,,,
osm:2338986845,2338986845,16.4737022,-19.038312600000005,655085.0172114018,7894282.63749258,3,1,False,,,,
osm:2338986931,2338986931,16.4724758,-19.039720800000005,654954.6275957783,7894127.864644711,1,1,False,,,,
osm:2338986949,2338986949,16.4882697,-19.039862400000004,656616.8459222678,7894098.177928686,3,1,False,,,,
osm:2338986987,2338986987,16.4931307,-19.04010939999999,657128.248459018,7894066.496888071,1,1,False,,,,
osm:2338987001,2338987001,16.4905431,-19.040272,656855.7432323087,7894050.814601138,3,1,False,,,,
osm:2338987036,2338987036,16.4735217,-19.041343299999994,655063.2041604611,7893947.367301,3,1,False,,,,
osm:2339146295,2339146295,16.4956963,-18.957958699999995,657475.5737829171,7903156.449161685,3,1,False,,,,
osm:2339146296,2339146296,16.4957749,-18.957965499999993,657483.844355319,7903155.626343256,3,1,False,,,,
osm:2339146297,2339146297,16.4961253,-18.9579972,657520.7133868751,7903151.804817751,3,1,False,,,,
osm:2339146303,2339146303,16.4958373,-18.958295900000003,657490.1051474698,7903119.002835362,3,1,False,,,,
osm:2339146375,2339146375,16.4825824,-18.9745906,656079.1362013728,7901327.346383252,3,1,False,,,,
osm:2339146379,2339146379,16.4828234,-18.974777599999996,656104.3378182582,7901306.436233991,3,1,False,,,,
osm:2339146494,2339146494,16.5562925,-18.991625500000005,663823.7969652778,7899374.984308813,3,1,False,,,,
osm:2339146527,2339146527,16.5559164,-18.9975621,663778.3898992462,7898718.27084698,3,1,False,,,,
osm:2339146531,2339146531,16.5563251,-18.997676,663821.3072484825,7898705.283857146,3,1,False,,,,
osm:2339146538,2339146538,16.5505944,-18.9986091,663217.0572977872,7898607.334873175,1,1,False,,,,
osm:2339146555,2339146555,16.5516653,-19.001261200000002,663327.2144149912,7898312.806563444,3,1,False,,,,
osm:2339146609,2339146609,16.5651308,-19.008646200000005,664737.5891935283,7897482.872790419,3,1,False,,,,
osm:2339146654,2339146654,16.5355692,-19.016197099999996,661618.1925890265,7896674.5779278455,3,1,False,,,,
osm:2339146655,2339146655,16.5352917,-19.016216,661588.9619849254,7896672.741224925,3,1,False,,,,
osm:2339146744,2339146744,16.5196185,-19.042292599999996,659914.0901550113,7893800.944567075,3,1,False,,,,
osm:2339146823,2339146823,16.5629601,-19.074145799999993,664444.532088916,7890235.349099454,3,1,False,,,,
osm:2339146877,2339146877,16.5142747,-19.095949499999996,659300.3513128257,7887867.0999564165,4,1,False,,,,
osm:2339146891,2339146891,16.5098554,-19.099114099999994,658832.3390613124,7887520.859572751,3,1,False,,,,
osm:2339146901,2339146901,16.5098021,-19.099530900000005,658826.3331842356,7887474.776770795,3,1,False,,,,
osm:2339309017,2339309017,16.6993058,-18.93150989999999,678945.6528267052,7905889.683233199,3,1,False,,,,
osm:2339309019,2339309019,16.6991228,-18.93151109999999,678926.3762146097,7905889.735929294,3,1,False,,,,
osm:2339309032,2339309032,16.5876686,-18.933021,667185.7005112196,7905831.891235887,3,1,False,,,,
osm:2339309039,2339309039,16.586404,-18.9333063,667052.2239698451,7905801.511382097,2,1,False,gate,,yes,
osm:2339309045,2339309045,16.5872385,-18.9337547,667139.6705102258,7905751.092104763,3,1,False,,,,
osm:2339309096,2339309096,16.683919,-18.947671099999994,677307.9023565947,7904116.408606375,3,1,False,,,,
osm:2339309103,2339309103,16.6837373,-18.947941600000004,677288.4801395608,7904086.650939925,3,1,False,,,,
osm:2339309108,2339309108,16.7086267,-18.9497592,679907.8641263159,7903860.262064309,3,1,False,,,,
osm:2339309125,2339309125,16.6862447,-18.951644599999998,677548.6380403715,7903674.2609049445,2,1,False,,,,
osm:2339309133,2339309133,16.6864449,-18.951761400000002,677569.5987824157,7903661.1312629,3,1,False,,,,
osm:2339309137,2339309137,16.6862249,-18.9519354,677546.2450340197,7903642.0935585005,2,1,False,,,,
osm:2339309320,2339309320,16.6556034,-18.975059899999998,674297.2809339024,7901113.133536923,1,1,False,,,,
osm:2339309469,2339309469,16.651823,-18.987965699999997,673885.8045091635,7899688.403900757,3,1,False,,,,
osm:2339309528,2339309528,16.6138454,-18.992775199999993,669882.2098067792,7899193.164570689,3,1,False,,,,
osm:2339309694,2339309694,16.6647809,-19.009121299999997,675228.0180618351,7897333.9475807855,4,1,False,,,,
osm:2339309726,2339309726,16.667106,-19.014139599999993,675467.5369755863,7896776.177655457,3,1,False,,,,
osm:2339309795,2339309795,16.6379707,-19.041025800000003,672372.5533497725,7893829.136616067,1,1,False,,,,
osm:2339309818,2339309818,16.6334586,-19.042865200000005,671895.7242349721,7893629.969272265,3,1,False,,,,
osm:2339310065,2339310065,16.6842552,-19.055377500000006,677229.1749914767,7892194.507164948,3,1,False,,,,
osm:2339310156,2339310156,16.6840554,-19.059615999999995,677203.6420999286,7891725.564937465,3,1,False,,,,
osm:2339310158,2339310158,16.6837717,-19.0596545,677173.742235286,7891721.5901619205,3,1,False,,,,
osm:2339310310,2339310310,16.6873071,-19.066431999999992,677538.6198583356,7890967.836405845,3,1,False,,,,
osm:2339310329,2339310329,16.6885374,-19.066555999999988,677667.9696486554,7890952.86482987,4,1,False,,,,
osm:2339310343,2339310343,16.6891629,-19.066775399999997,677733.5659368368,7890927.946118467,1,1,False,,,,
osm:2339310396,2339310396,16.6880851,-19.067756999999997,677619.0878785765,7890820.388516987,3,1,False,,,,
osm:2339698110,2339698110,16.7329747,-18.8430629,682587.8942548737,7915645.120315703,3,1,False,,,,
osm:2339698223,2339698223,16.8058453,-18.849861299999997,690259.9322344802,7914815.983474922,3,1,False,,,,
osm:2339698239,2339698239,16.8053613,-18.850195599999996,690208.5487585234,7914779.4993946245,3,1,False,,,,
osm:2339698366,2339698366,16.7214343,-18.855744700000002,681358.0643042042,7914253.270134805,3,1,False,,,,
osm:2339698377,2339698377,16.7899311,-18.856323199999995,688575.5872311629,7914117.730565646,3,1,False,,,,
osm:2339698455,2339698455,16.7285808,-18.860451700000002,682106.0681582747,7913724.940180995,3,1,False,,,,
osm:2340321346,2340321346,17.0417972,-18.8036308,715186.0916684242,7919663.907447862,3,1,False,,,,
osm:2340321353,2340321353,17.0412461,-18.8037048,715127.8972289199,7919656.38310023,3,1,False,,,,
osm:2340321423,2340321423,16.931082,-18.8058626,703511.4471158264,7919547.344381216,3,1,False,,,,
osm:2340321481,2340321481,16.930308,-18.807161500000003,703428.2905521205,7919404.448554561,1,1,False,,,,
osm:2340321511,2340321511,16.9409651,-18.8094228,704549.011193174,7919141.890842647,2,1,False,,,,
osm:2340321514,2340321514,16.9410204,-18.8095002,704554.747152199,7919133.259259815,2,1,False,,,,
osm:2340321525,2340321525,16.9382161,-18.8121639,704255.9080459774,7918841.626136085,3,1,False,,,,
osm:2340321770,2340321770,16.9294581,-18.81915000000001,703324.2783739844,7918078.347465057,3,1,False,,,,
osm:2340321808,2340321808,16.929927,-18.820279599999996,703372.3462346842,7917952.768393091,3,1,False,,,,
osm:2340321838,2340321838,16.9299283,-18.820564199999993,703372.1407999425,7917921.262903319,3,1,False,,,,
osm:2340321899,2340321899,16.9329652,-18.824206499999992,703687.8699932897,7917514.59259546,1,1,False,,,,
osm:2340322041,2340322041,16.9503116,-18.826813099999995,705513.1515955885,7917206.0492689395,1,1,False,,,,
osm:2340322079,2340322079,16.949602,-18.827364399999997,705437.6844232621,7917145.843918037,3,1,False,,,,
osm:2340322161,2340322161,16.9495798,-18.827645000000004,705435.0031745606,7917114.80809834,3,1,False,,,,
osm:2340322164,2340322164,16.9509847,-18.8276677,705583.0610693333,7917110.667906131,1,1,False,,,,
osm:2340322809,2340322809,16.9044479,-18.841309099999997,700661.6252240007,7915653.92070763,3,1,False,,,,
osm:2340322862,2340322862,16.9046782,-18.8415982,700685.5541486768,7915621.65822272,3,1,False,,,,
osm:2340323452,2340323452,16.8434019,-18.8563429,694210.4288847722,7914057.786881285,3,1,False,,,,
osm:2340323523,2340323523,16.8458273,-18.8575148,694464.6745668437,7913925.406656671,1,1,False,,,,
osm:2340323639,2340323639,16.830657,-18.8672546,692854.85246217,7912863.880949324,3,1,False,,,,
osm:2340323753,2340323753,17.0605954,-18.8775992,717072.777911634,7911452.509784399,2,1,False,,,,
osm:2340323775,2340323775,17.0606845,-18.878731300000002,717080.7082783383,7911327.073242778,3,1,False,,,,
osm:2340323822,2340323822,17.0607327,-18.879361700000004,717084.9750768984,7911257.226722773,3,1,False,,,,
osm:2340323824,2340323824,17.0611953,-18.8802325,717132.6010836908,7911160.25858086,1,1,False,,,,
osm:2340323838,2340323838,17.0605387,-18.879624699999997,717064.192448654,7911228.349762016,3,1,False,,,,
osm:2340323892,2340323892,17.0604954,-18.879814500000002,717059.3848990098,7911207.391391378,3,1,False,,,,
osm:2340323937,2340323937,17.0610867,-18.8804002,717120.9406992294,7911141.826903192,3,1,False,,,,
osm:2340324042,2340324042,16.8283071,-18.895018899999997,692575.4835066585,7909793.17424427,3,1,False,,,,
osm:2340324047,2340324047,16.8287033,-18.895555200000004,692616.6127125917,7909733.378897772,3,1,False,,,,
osm:2340324074,2340324074,16.8270541,-18.8964144,692441.8737391892,7909640.068684891,3,1,False,,,,
osm:2340324088,2340324088,16.8264183,-18.8973713,692373.7935876404,7909534.840077549,1,1,False,,,,
osm:2340324100,2340324100,17.0677124,-18.904770600000003,717787.6128000121,7908435.785236312,3,1,False,,,,
osm:2340324191,2340324191,16.9450313,-19.050179900000007,704684.0406163521,7892485.95663734,4,1,False,,,,
osm:2340324195,2340324195,17.105146800000004,-19.0749187,721506.5861124335,7889552.648839101,3,1,False,,,,
osm:2340324217,2340324217,16.9517817,-19.2133114,705192.936070758,7874419.3865141915,4,1,False,,,,
osm:2340324451,2340324451,17.0239945,-19.308327999999996,712664.5680830333,7863813.798226742,1,1,False,,,,
osm:2340324539,2340324539,15.940352299999999,-19.328607399999996,598779.5635054758,7862543.903312358,3,1,False,,,,
osm:2340324621,2340324621,15.942341000000003,-19.329941399999992,598987.6781056185,7862395.14197838,1,1,False,,,,
osm:2340324630,2340324630,15.9407091,-19.3301134,598816.1405172006,7862377.040433668,3,1,False,,,,
osm:2340324633,2340324633,15.9410351,-19.330230000000004,598850.3172269515,7862363.95089921,3,1,False,,,,
osm:2340324642,2340324642,15.941410900000001,-19.3304604,598889.6569598273,7862338.23933498,3,1,False,,,,
osm:2340324651,2340324651,15.9422419,-19.330673199999996,598976.826582265,7862314.215083105,3,1,False,,,,
osm:2340324659,2340324659,17.0024431,-19.333554499999995,710367.0901677515,7861047.431457832,3,1,False,,,,
osm:2340324664,2340324664,16.8917429,-19.3370677,698729.7838723522,7860789.454272502,3,1,False,,,,
osm:2340324671,2340324671,16.8914377,-19.3375125,698697.1746631742,7860740.5659664385,3,1,False,,,,
osm:2340324736,2340324736,16.9656276,-19.357797099999992,706467.7138194377,7858408.070826214,3,1,False,,,,
osm:2340324752,2340324752,16.1149012,-19.3609576,617093.6978178228,7858854.889417269,3,1,False,,,,
osm:2340325624,2340325624,16.289535,-19.401913800000003,635403.207582315,7854194.468565119,3,1,False,,,,
osm:2340325721,2340325721,16.8344234,-19.419819500000006,692609.3135698629,7851693.962394904,3,1,False,,,,
osm:2340325828,2340325828,16.5344233,-19.434723799999997,661088.9624244884,7850352.3438971825,1,1,False,,,,
osm:2340325872,2340325872,16.4854155,-19.435490699999992,655942.3063550313,7850312.5945099015,3,1,False,,,,
osm:2340325894,2340325894,16.5330666,-19.435888699999996,660945.356575299,7850224.67715069,3,1,False,,,,
osm:2340325956,2340325956,16.6966867,-19.480102900000006,678078.0784648298,7845169.371100174,3,1,False,,,,
osm:2341116845,2341116845,16.7437167,-18.500521100000004,684089.4810887848,7953548.237884264,3,1,False,,,,
osm:2341116848,2341116848,16.74428,-18.500576899999995,684148.9054765935,7953541.487055702,3,1,False,,,,
osm:2341116856,2341116856,16.485814,-18.500862399999995,656856.2627765406,7953754.07120042,2,1,False,,,,
osm:2341116862,2341116862,16.8050671,-18.500871699999998,690567.7355505456,7953445.745875467,3,1,False,,,,
osm:2341116863,2341116863,16.5040146,-18.500871900000003,658778.0303762102,7953737.10532278,2,1,False,,,,
osm:2341116867,2341116867,16.524840300000005,-18.5008884,660976.9877102424,7953716.831406043,2,1,False,,,,
osm:2341116870,2341116870,16.5626886,-18.500904999999996,664973.3939229979,7953680.817259684,2,1,False,,,,
osm:2341116872,2341116872,16.7404453,-18.500907699999996,683743.6113403125,7953508.781845293,3,1,False,,,,
osm:2341116881,2341116881,16.660987900000002,-18.500928800000008,675353.1179818942,7953585.500268545,2,1,False,,,,
osm:2341116882,2341116882,16.695261,-18.5009288,678972.2238485843,7953551.854800198,2,1,False,,,,
osm:2341116883,2341116883,16.5582035,-18.5009299,664499.7830908061,7953682.155308219,2,1,False,,,,
osm:2341116886,2341116886,16.6575956,-18.500931899999994,674994.9039259676,7953588.449921434,2,1,False,,,,
osm:2341116887,2341116887,16.6707319,-18.500932899999995,676382.0370492857,7953575.550918487,2,1,False,,,,
osm:2341116892,2341116892,16.6738225,-18.500945400000003,676708.3787478318,7953571.144001897,2,1,False,,,,
osm:2341116901,2341116901,16.7442764,-18.5009814,684148.0926828234,7953496.719402457,2,1,False,,,,
osm:2341116914,2341116914,16.7443643,-18.501046500000005,684157.3052024217,7953489.424231196,4,1,False,,,,
osm:2341116939,2341116939,16.7402647,-18.501353699999996,683724.0642514527,7953459.6011274075,1,1,False,,,,
osm:2341116944,2341116944,16.7446981,-18.5013484,684192.2311539747,7953455.668312594,2,1,False,gate,,,yes
osm:2341116954,2341116954,16.7448273,-18.501464700000003,684205.7500853445,7953442.6639806535,4,1,False,,,,
osm:2341116962,2341116962,16.7400564,-18.501554999999996,683701.8532779682,7953437.53271079,1,1,False,,,,
osm:2341117067,2341117067,16.7730484,-18.521572599999995,687164.006308478,7951187.987776076,3,1,False,,,,
osm:2341117166,2341117166,16.8070092,-18.554854499999998,690712.9230423162,7947468.530025782,3,1,False,,,,
osm:2341117176,2341117176,16.807055100000003,-18.555819899999996,690716.6958300008,7947361.624411037,3,1,False,,,,
osm:2341117204,2341117204,16.8086525,-18.557935100000005,690882.9776405983,7947125.8058007145,3,1,False,,,,
osm:2341117207,2341117207,16.8084673,-18.5580366,690863.313748597,7947114.767565235,3,1,False,,,,
osm:2341117213,2341117213,16.808005,-18.558561,690813.9270495905,7947057.213769032,2,1,False,gate,,,
osm:2341117223,2341117223,16.8096557,-18.5592674,690987.3994792614,7946977.27301882,3,1,False,,,,
osm:2341117249,2341117249,16.8015919,-18.561722700000004,690133.4156675062,7946714.045858706,1,1,False,,,,
osm:2341117338,2341117338,16.8292313,-18.609613699999997,692997.2075902642,7941383.641328456,3,1,False,,,,
osm:2341117345,2341117345,16.8297646,-18.6097626,693053.3219315803,7941366.586124718,3,1,False,,,,
osm:2341736587,2341736587,16.8693632,-18.5008494,697357.6463747317,7953379.103206778,3,1,False,,,,
osm:2341736589,2341736589,16.8690445,-18.500850700000008,697323.9885968936,7953379.30785072,3,1,False,,,,
osm:2341736599,2341736599,16.8692793,-18.501040199999995,697348.5674008091,7953358.075457873,3,1,False,,,,
osm:2341736609,2341736609,16.8046312,-18.507004199999997,690514.9162340676,7952767.423836046,3,1,False,,,,
osm:2341736619,2341736619,16.8751553,-18.5082068,697960.859301615,7952558.370810542,4,1,False,,,,
osm:2341736659,2341736659,17.0346945,-18.51067859999999,714805.8571745534,7952102.192919839,3,1,False,,,,
osm:2341736665,2341736665,17.0697358,-18.510714300000004,718506.4591229672,7952056.140637737,3,1,False,,,,
osm:2341736678,2341736678,17.0699829,-18.510793300000007,718532.4547732916,7952047.0958961565,3,1,False,,,,
osm:2341736696,2341736696,17.0697653,-18.510910000000003,718509.3260195883,7952034.440888925,3,1,False,,,,
osm:2341736727,2341736727,17.0695299,-18.511184200000002,718484.1174297932,7952004.372165075,3,1,False,,,,
osm:2341736972,2341736972,17.0456261,-18.541038700000005,715922.1747269145,7948728.307664229,3,1,False,,,,
osm:2341737024,2341737024,16.809736,-18.559377499999997,690995.7538838697,7946965.001142399,3,1,False,,,,
osm:2341737048,2341737048,17.138933,-18.5779656,725726.0057548325,7944525.8767702095,3,1,False,,,,
osm:2341737184,2341737184,17.1126787,-18.582542,722948.366228461,7944052.032919447,1,1,False,,,,
osm:2341737340,2341737340,17.1121814,-18.585568099999993,722891.9301266394,7943717.651026506,3,1,False,,,,
osm:2341737510,2341737510,17.0279603,-18.619975200000003,713958.2756358179,7940011.253324097,3,1,False,,,,
osm:2341737518,2341737518,17.0278264,-18.620131,713943.9489179992,7939994.166209656,3,1,False,,,,
osm:2341737519,2341737519,17.0280414,-18.6201357,713966.6340059052,7939993.389383827,3,1,False,,,,
osm:2341737521,2341737521,17.0277844,-18.62014999999999,713939.4924859349,7939992.113043282,3,1,False,,,,
osm:2341737526,2341737526,17.0275696,-18.620227800000002,713916.7252756155,7939983.756943588,3,1,False,,,,
osm:2341737533,2341737533,17.027770500000003,-18.620341399999997,713937.7859604213,7939970.941867142,3,1,False,,,,
osm:2341737541,2341737541,17.1064002,-18.6204483,722236.3308965194,7939863.469828289,3,1,False,,,,
osm:2341737559,2341737559,17.1369552,-18.6206484,725460.9704625997,7939803.169832702,3,1,False,,,,
osm:2341737600,2341737600,16.8912577,-18.621770899999998,699529.1338279614,7939970.093604326,3,1,False,,,,
osm:2341737603,2341737603,16.7969349,-18.621855799999995,689575.2280281605,7940063.032260387,2,1,False,,,,
osm:2341737605,2341737605,16.8912685,-18.621876699999998,699530.1500819114,7939958.370411151,3,1,False,,,,
osm:2341737614,2341737614,16.8915188,-18.622192400000003,699556.1960702152,7939923.146514157,3,1,False,,,,
osm:2341737615,2341737615,16.8913015,-18.622199599999988,699533.2557303433,7939922.591358082,4,1,False,,,,
osm:2341737616,2341737616,16.890866000000003,-18.622217700000007,699487.2757675485,7939921.072405202,3,1,False,,,,
osm:2341737681,2341737681,16.8328339,-18.624330899999997,693360.7702981113,7939750.735604205,3,1,False,,,,
osm:2341737683,2341737683,16.8338566,-18.624434099999988,693468.5760792128,7939738.20928867,3,1,False,,,,
osm:2341737691,2341737691,16.8339686,-18.624675699999994,693480.1216432708,7939711.346020871,3,1,False,,,,
osm:2341737695,2341737695,16.8336455,-18.624736199999997,693445.9574235469,7939704.997986678,3,1,False,,,,
osm:2341737705,2341737705,16.8334063,-18.624965,693420.4564889688,7939679.930464948,3,1,False,,,,
osm:2341737706,2341737706,16.8332927,-18.624978199999997,693408.4537165945,7939678.591922812,3,1,False,,,,
osm:2341737806,2341737806,16.779276,-18.629020199999992,687703.8777960641,7939288.609208975,2,1,False,,,,
osm:2341738301,2341738301,16.737699,-18.646621399999994,683297.7524746585,7937383.459445005,3,1,False,,,,
osm:2341738327,2341738327,16.7340248,-18.6484421,682908.1411148328,7937185.693028379,3,1,False,,,,
osm:2341738361,2341738361,16.7243035,-18.6497256,681881.1041851969,7937053.531423299,1,1,False,,,,
osm:2341738605,2341738605,16.7255176,-18.658391799999997,681999.9569592745,7936093.089183998,1,1,False,,,,
osm:2341738686,2341738686,16.7251241,-18.6587244,681958.0875525519,7936056.675779657,3,1,False,,,,
osm:2341738687,2341738687,16.7252407,-18.658740899999994,681970.3713573545,7936054.730957361,3,1,False,,,,
osm:2341738723,2341738723,16.7251177,-18.658964599999997,681957.1561667582,7936030.096009241,3,1,False,,,,
osm:2341738726,2341738726,16.7252582,-18.658998,681971.9433956203,7936026.256329385,3,1,False,,,,
osm:2341738759,2341738759,16.7254923,-18.6593462,681996.2696638878,7935987.478162856,3,1,False,,,,
osm:2341738800,2341738800,16.7258223,-18.6598067,682030.5934814218,7935936.172615134,3,1,False,,,,
osm:2341738813,2341738813,16.7261139,-18.6599723,682061.1806266998,7935917.546753571,2,1,False,,,,
osm:2341738815,2341738815,16.7257924,-18.659949900000004,682027.2862291824,7935920.353081729,3,1,False,,,,
osm:2341738946,2341738946,17.0894869,-18.664834200000005,720393.9444814905,7934970.718583579,1,35,False,,,,
osm:2341739069,2341739069,17.0272947,-18.724169100000005,713757.3148729692,7928477.849276064,3,1,False,,,,
osm:2341739090,2341739090,17.0301524,-18.75247119999999,714023.0529630223,7925341.373679249,2,1,False,,,,
osm:2341739092,2341739092,17.0350796,-18.759519099999995,714533.7490273629,7924555.23797838,2,1,False,,,,
osm:2341739125,2341739125,17.0425812,-18.799203200000004,715274.3796941361,7920153.099566521,1,1,False,,,,
osm:2341739201,2341739201,17.0407686,-18.8002946,715081.8919004183,7920034.475415402,3,1,False,,,,
osm:2341739222,2341739222,17.0401006,-18.8008517,715010.7579144121,7919973.612284063,3,1,False,,,,
osm:2341739226,2341739226,17.0380711,-18.800974500000002,714796.6364569042,7919962.473306275,1,1,False,,,,
osm:2341739243,2341739243,17.0424398,-18.802030500000004,715255.8748249263,7919840.284496409,1,1,False,,,,
osm:2341739254,2341739254,17.0413559,-18.8021631,715141.4337294818,7919826.918585185,1,1,False,,,,
osm:2341739256,2341739256,17.042477000000005,-18.8021956,715259.5866357831,7919821.962594181,3,1,False,,,,
osm:2341739259,2341739259,17.042045200000004,-18.802218600000007,715214.0339785373,7919819.939666029,1,1,False,,,,
osm:2341739300,2341739300,17.04248,-18.8026239,715259.3579230243,7919774.545489902,3,1,False,,,,
osm:2341739303,2341739303,17.0416748,-18.802642400000007,715174.4447593875,7919773.473093955,1,1,False,,,,
osm:2341739313,2341739313,17.042333,-18.8027149,715243.7443989477,7919764.649784627,3,1,False,,,,
osm:2341739317,2341739317,17.0419112,-18.80272709999999,715199.2598920066,7919763.810293142,3,1,False,,,,
osm:2341739320,2341739320,17.042407400000002,-18.802735199999994,715251.562316867,7919762.312386924,3,1,False,,,,
osm:2341739330,2341739330,17.0425318,-18.8028692,715264.5068833077,7919747.327626853,3,1,False,,,,
osm:2341739366,2341739366,17.0426141,-18.803490299999993,715272.3930885658,7919678.471151752,3,1,False,,,,
osm:2343133846,2343133846,16.90154,-18.717539099999996,700501.5785353334,7929357.783399513,3,1,False,,,,
osm:2343133852,2343133852,16.901772,-18.717521699999992,700526.0687118749,7929359.448741699,3,1,False,,,,
osm:2343134099,2343134099,16.9085548,-18.777391600000005,701170.4924681096,7922724.582895921,3,1,False,,,,
osm:2343134108,2343134108,16.9083272,-18.777519799999997,701146.3430931481,7922710.649295206,3,1,False,,,,
osm:2343134223,2343134223,16.898598100000005,-18.780637399999996,700116.8687315497,7922376.524511194,3,1,False,,,,
osm:2343134264,2343134264,16.8986056,-18.780896200000008,700117.3537449106,7922347.868546799,3,1,False,,,,
osm:2343134588,2343134588,16.9102554,-18.79181399999999,701332.6504233861,7921126.180966437,3,1,False,,,,
osm:2343134673,2343134673,16.9128602,-18.796767699999997,701601.3661999127,7920574.880864527,3,1,False,,,,
osm:2343134704,2343134704,16.9128482,-18.797035200000003,701599.7824610717,7920545.283677336,3,1,False,,,,
osm:2351057877,2351057877,16.4704866,-19.034661199999995,654749.9484015241,7894689.601136475,3,1,False,,,,
osm:2351057882,2351057882,16.4709935,-19.03477409999999,654803.1977963827,7894676.658922141,3,1,False,,,,
osm:2351159682,2351159682,14.5820518,-19.096691299999993,456036.15897884854,7888421.3524034135,1,1,False,,,,
osm:2351159921,2351159921,14.647742399999998,-19.1230034,462952.06816553447,7885525.093662654,3,1,False,,,,
osm:2351159927,2351159927,14.647337400000001,-19.123192999999997,462909.51504432864,7885504.028405895,3,1,False,,,,
osm:2351159935,2351159935,14.6477718,-19.123484899999998,462955.2675788347,7885471.821470698,3,1,False,,,,
osm:2351159960,2351159960,14.579701699999998,-19.1250015,455796.4726499609,7885288.195348866,1,1,False,,,,
osm:2351160024,2351160024,14.3920741,-19.129387899999998,436064.5332219436,7884744.806810459,3,1,False,,,,
osm:2351160140,2351160140,14.6559382,-19.136266300000003,463816.9400139017,7884059.2574570235,3,1,False,,,,
osm:2351160213,2351160213,14.584867099999999,-19.140707599999992,456343.86179903627,7883551.586629968,3,1,False,,,,
osm:2351160217,2351160217,14.5792655,-19.141027099999995,455754.86406671617,7883514.824415653,3,1,False,,,,
osm:2351160220,2351160220,14.4904555,-19.234390699999995,446445.47708728974,7873158.953574134,3,1,False,,,,
osm:2351160459,2351160459,14.5018564,-19.2543111,447650.0837146068,7870958.152619689,3,1,False,,,,
osm:2351160469,2351160469,14.5021152,-19.254578099999996,447677.36621300195,7870928.685922435,3,1,False,,,,
osm:2351160480,2351160480,14.501865700000002,-19.254673200000006,447651.1759486851,7870918.087555537,3,1,False,,,,
osm:2351160530,2351160530,14.501459400000002,-19.25553649999999,447608.7512393708,7870822.437348444,1,1,False,,,,
osm:2351179301,2351179301,14.779559000000003,-19.152004899999998,476819.712105631,7882338.773433862,2,1,False,,,,
osm:2397679755,2397679755,16.9460015,-18.8105417,705078.5789258473,7919012.223823349,3,1,False,,,,
osm:2397679769,2397679769,16.9480793,-18.810446,705297.7304868518,7919020.41652188,1,1,False,,,,
osm:2397679935,2397679935,16.9469442,-18.8106298,705177.848579409,7919001.382461106,4,1,False,,,,
osm:2397679936,2397679936,16.9464903,-18.811178099999996,705129.3347171167,7918941.211993026,2,1,False,,,,
osm:2397680217,2397680217,16.9518367,-18.809953399999998,705694.4241613981,7919070.597451188,1,1,False,,,,
osm:2397681484,2397681484,16.9473435,-18.8145713,705215.157677497,7918564.610620541,1,1,False,,,,
osm:2397683073,2397683073,16.9420861,-18.805350899999997,704672.1115518895,7919591.343130571,3,1,False,,,,
osm:2397683075,2397683075,16.942438,-18.8052837,704709.2901651682,7919598.376379424,3,1,False,,,,
osm:2397685316,2397685316,16.9390886,-18.803561999999992,704358.276541247,7919792.818637958,1,1,False,,,,
osm:244509097,244509097,15.178530900000002,-19.251494800000003,518761.972077851,7871335.186428393,3,1,False,,,,
osm:2483466193,2483466193,15.9164874,-19.177156899999996,596360.9038761155,7879317.163771335,3,1,False,,,,
osm:2483484370,2483484370,15.919138,-19.180307299999996,596637.7734701822,7878967.070099555,3,1,False,,,,
osm:2483484373,2483484373,15.921064700000002,-19.180183300000003,596840.4321200239,7878979.723157749,3,1,False,,,,
osm:2483484376,2483484376,15.921805500000001,-19.1802847,596918.265569107,7878968.0905150995,4,1,False,,,,
osm:2483484383,2483484383,15.922450600000001,-19.1800622,596986.2260013788,7878992.353958502,3,1,False,,,,
osm:2483484394,2483484394,15.9197439,-19.1801461,596701.575941409,7878984.572773954,1,1,False,,,,
osm:2483484396,2483484396,15.9191455,-19.179472500000003,596639.0489920663,7879059.445906558,3,1,False,,,,
osm:2483484400,2483484400,15.9197873,-19.179102399999998,596706.748498722,7879100.045804499,3,1,False,,,,
osm:2483484404,2483484404,15.917844999999998,-19.179801400000006,596502.1134852748,7879023.769684581,1,1,False,,,,
osm:2483533944,2483533944,15.864144999999999,-19.326432099999995,590775.0503272549,7862826.355655642,3,1,False,,,,
osm:2483533949,2483533949,15.877283299999998,-19.331749999999996,592152.2787945961,7862230.924298539,3,1,False,,,,
osm:251875131,251875131,17.1071103,-18.522168399999998,722438.7670682692,7950742.448780722,3,1,False,,,,
osm:251875251,251875251,17.0684116,-18.883379499999997,717888.9787059014,7910803.0019026715,3,1,False,,,,
osm:258987837,258987837,14.4482557,-19.4232246,442076.6619162214,7852249.857006397,3,1,False,,,,
osm:259145778,259145778,16.7726318,-18.521872600000002,687119.6920465865,7951155.21486356,3,1,False,,,,
osm:259145781,259145781,16.7719907,-18.524807300000003,687048.8074044366,7950831.053877368,3,1,False,,,,
osm:259145915,259145915,16.8067336,-18.555407199999998,690683.2142149677,7947407.645547856,4,1,False,,,,
osm:259146012,259146012,16.8579555,-18.6235327,696012.7100623171,7939811.810125649,3,1,False,,,,
osm:259146025,259146025,16.895963,-18.6742159,699964.2441739173,7934159.601261563,3,1,False,,,,
osm:259146055,259146055,16.908599,-18.7777823,701174.6888132173,7922681.284698162,3,1,False,,,,
osm:259146096,259146096,16.9131622,-18.7969507,701632.9861826522,7920554.281105765,3,1,False,,,,
osm:259146106,259146106,16.9349778,-18.807214499999997,703920.5093226809,7919393.226366941,3,1,False,,,,
osm:259146107,259146107,16.9355028,-18.8073777,703975.6571942793,7919374.557921761,3,1,False,,,,
osm:259146249,259146249,16.9212038,-18.8457154,702422.3465368722,7915147.115439239,3,1,False,,,,
osm:259146284,259146284,16.9039598,-18.8417219,700609.6910441148,7915608.778331672,3,1,False,,,,
osm:259146285,259146285,16.9261658,-18.8254094,702969.7167929347,7917389.228001979,3,1,False,,,,
osm:259146690,259146690,16.7967402,-18.8579994,689291.2558735416,7913924.931854304,3,1,False,,,,
osm:259146730,259146730,16.7703446,-18.896607899999992,686466.9646880934,7909679.415184731,3,1,False,,,,
osm:259148193,259148193,16.8062432,-18.850065499999996,690301.6348797914,7914792.953415447,3,1,False,,,,
osm:259148587,259148587,16.6992569,-18.9317683,678940.2269187532,7905861.131632189,3,1,False,,,,
osm:259153623,259153623,16.5355061,-19.016594599999994,661611.1657975301,7896630.640843626,3,1,False,,,,
osm:259154235,259154235,16.5076117,-18.9929472,658697.184951078,7899273.308736725,3,1,False,,,,
osm:259154278,259154278,16.4843464,-18.966458299999996,656272.4564327842,7902225.840377737,3,1,False,,,,
osm:259154319,259154319,16.4960445,-18.957991999999997,657512.2096434579,7903152.452534897,3,1,False,,,,
osm:259154356,259154356,16.4826359,-18.975022199999998,656084.3674129421,7901279.530822246,3,1,False,,,,
osm:259154900,259154900,16.5017787,-18.958002,658116.0395480096,7903146.212520159,3,1,False,,,,
osm:259154916,259154916,16.4960716,-18.9576967,657515.3407126484,7903185.111315133,3,1,False,,,,
osm:259159141,259159141,16.4912246,-18.942686399999996,657018.9725998131,7904850.72966307,3,1,False,,,,
osm:259159433,259159433,16.8308113,-18.867436000000005,692870.9044085091,7912843.633503417,3,1,False,,,,
osm:259159487,259159487,16.8272837,-18.896271099999996,692466.2277009698,7909655.6808356345,4,1,False,,,,
osm:259159496,259159496,16.8309407,-18.8670324,692885.0018575406,7912888.167521959,3,1,False,,,,
osm:259160411,259160411,16.6836467,-18.947717899999997,677279.174586035,7904111.502278619,3,1,False,,,,
osm:259160420,259160420,16.6387328,-18.99775989999999,672497.4188815764,7898617.227496302,3,1,False,,,,
osm:259160424,259160424,16.6454378,-18.998205699999993,673202.8974352415,7898561.296567034,3,1,False,,,,
osm:259160435,259160435,16.654159,-18.992139899999998,674127.4254607907,7899224.076096596,3,1,False,,,,
osm:259160459,259160459,16.6807906,-18.968616200000003,676956.3221350174,7901801.239971902,3,1,False,,,,
osm:259160471,259160471,16.6835079,-18.9507491,677261.3541473591,7903776.132987285,3,1,False,,,,
osm:259161918,259161918,16.5573072,-18.996654599999996,663925.705357744,7898817.417811381,3,1,False,,,,
osm:259161921,259161921,16.5572222,-18.993189500000003,663920.1498507287,7899201.014850903,3,1,False,,,,
osm:259161927,259161927,16.5571826,-18.9879585,663921.102265421,7899780.019430187,3,1,False,,,,
osm:259161942,259161942,16.5575953,-18.996950199999993,663955.747756247,7898784.432289477,3,1,False,,,,
osm:259162109,259162109,16.6243018,-18.953422900000003,671023.2980917651,7903538.659061141,3,1,False,,,,
osm:259162182,259162182,16.6245616,-18.953660600000003,671050.4159888115,7903512.097793642,3,1,False,,,,
osm:259162313,259162313,16.487904,-18.931163300000005,656680.0169071284,7906129.020325426,3,1,False,,,,
osm:259162669,259162669,16.6246008,-18.95331,671054.9017221248,7903550.865076324,3,1,False,,,,
osm:259162805,259162805,16.4712631,-19.0320579,654834.0927125682,7894977.042417409,3,1,False,,,,
osm:259162806,259162806,16.4719632,-19.032275199999997,654907.5817761824,7894952.374933718,3,1,False,,,,
osm:259162832,259162832,16.486779500000004,-19.042957099999995,656457.0976517317,7893756.992022796,3,1,False,,,,
osm:259162877,259162877,16.4714066,-19.0326757,654848.6243729105,7894908.539586628,3,1,False,,,,
osm:259163180,259163180,16.4734073,-19.033914099999993,655058.0620943828,7894769.711739652,3,1,False,,,,
osm:259163190,259163190,16.4733814,-19.041324599999992,655048.4547496071,7893949.560887918,3,1,False,,,,
osm:259163192,259163192,16.4721947,-19.041803800000004,654923.1081652255,7893897.572047429,3,1,False,,,,
osm:259163196,259163196,16.4696569,-19.039664799999997,654657.9835221922,7894136.548176801,2,1,False,,,,
osm:259163209,259163209,16.464901000000005,-19.031158499999997,654165.2665679707,7895082.18175737,3,1,False,,,,
osm:259163241,259163241,16.4886935,-19.0428067,656658.6891556336,7893771.930887923,3,1,False,,,,
osm:259163319,259163319,16.4802412,-19.041977,655769.8508437338,7893871.282022306,3,1,False,,,,
osm:259163339,259163339,16.4812688,-19.048479799999992,655871.9340647794,7893150.655290505,3,1,False,,,,
osm:259163349,259163349,16.480305,-19.051494899999998,655767.6821110189,7892817.806892611,3,1,False,,,,
osm:259163450,259163450,16.4802633,-19.041367799999993,655772.745347519,7893938.6871818155,3,1,False,,,,
osm:259163465,259163465,16.4806261,-19.041828,655810.5011428973,7893887.431391686,3,1,False,,,,
osm:259163680,259163680,16.4735881,-19.041139699999995,655070.3819763147,7893969.842545144,3,1,False,,,,
osm:259163681,259163681,16.4740698,-19.042268899999993,655120.0324133141,7893844.440146008,3,1,False,,,,
osm:259171822,259171822,16.5064787,-19.0920686,658483.7643637749,7888303.710646477,3,1,False,,,,
osm:259171830,259171830,16.5100466,-19.099339899999997,658852.2408566906,7887495.69465315,3,1,False,,,,
osm:259171906,259171906,16.5625727,-19.074057700000004,664403.8512939346,7890245.463588626,3,1,False,,,,
osm:259172085,259172085,16.5562904,-18.997395499999996,663817.9285360116,7898736.361952558,3,1,False,,,,
osm:259172100,259172100,16.5651576,-19.008353799999995,664740.6986002476,7897515.210702565,3,1,False,,,,
osm:259172179,259172179,16.562965800000004,-19.073804799999994,664445.4684600306,7890273.086068058,3,1,False,,,,
osm:259172428,259172428,16.3390714,-19.036241600000004,640916.7482146401,7894625.321327316,3,20,False,,,,
osm:259172561,259172561,16.3205143,-19.040816099999997,638959.8148865704,7894133.842345002,3,4,False,,,,
osm:259174824,259174824,16.2717935,-19.0619602,633815.2103309184,7891831.67472427,1,1,False,,,,
osm:259174834,259174834,16.2746017,-19.0776219,634098.121311826,7890096.2445146805,3,1,False,,,,
osm:259174868,259174868,16.3122642,-19.07251909999999,638065.280941843,7890631.734376643,3,1,False,,,,
osm:259187399,259187399,16.312076100000002,-19.072700399999995,638045.3377490332,7890611.817755267,3,1,False,,,,
osm:259188943,259188943,16.1182442,-19.105723999999995,617626.4581852242,7887098.611524494,1,1,False,,,,
osm:259189884,259189884,16.1818368,-19.211430599999993,624237.1976815022,7875356.285012031,3,1,False,,,,
osm:259189888,259189888,16.1827278,-19.213562199999995,624329.2693025094,7875119.746959847,1,1,False,,,,
osm:259189997,259189997,16.1300756,-19.236859099999997,618777.102953476,7872578.309497279,3,1,False,,,,
osm:259190001,259190001,16.126536,-19.238574999999997,618403.8034990514,7872390.8295016335,3,1,False,,,,
osm:259190008,259190008,16.1307911,-19.238558100000006,618851.0907532895,7872389.796215346,4,1,False,,,,
osm:259190227,259190227,16.0587031,-19.2150997,611289.4222558299,7875033.541683548,3,1,False,,,,
osm:259190232,259190232,16.0549771,-19.212055399999993,610899.7569177287,7875372.817798894,3,1,False,,,,
osm:259190399,259190399,16.0771436,-19.156129700000005,613268.363979405,7881547.590165561,3,1,False,,,,
osm:259190433,259190433,16.1035854,-19.1103727,616081.1246714159,7886593.949431388,3,1,False,,,,
osm:259190434,259190434,16.1038826,-19.110123899999994,616112.562537287,7886621.285772639,3,1,False,,,,
osm:259190575,259190575,16.0149391,-19.162065699999996,606722.7965936582,7880929.887331121,3,1,False,,,,
osm:259190592,259190592,16.0477641,-19.2097077,610143.019103098,7875637.205212157,3,1,False,,,,
osm:259190763,259190763,15.976974000000002,-19.190100800000007,602713.0036084837,7877850.232031822,4,1,False,,,,
osm:259190788,259190788,15.9840849,-19.203030200000004,603452.5762024208,7876415.219259048,3,1,False,,,,
osm:259190813,259190813,15.9835702,-19.200067200000003,603400.3152882238,7876743.419605207,3,1,False,,,,
osm:259192279,259192279,16.0419116,-19.2533151,609498.830204908,7870815.084510214,3,1,False,,,,
osm:259192349,259192349,15.924355299999998,-19.17655089999999,597188.5589057816,7879379.858475754,3,1,False,,,,
osm:259192471,259192471,15.9892241,-19.262531,603955.42815155,7869827.586427415,3,1,False,,,,
osm:259406622,259406622,15.8255628,-19.0803444,586850.9866398397,7890078.028757565,3,1,False,,,,
osm:259407388,259407388,15.6392679,-19.08826359999999,567248.4269851514,7889283.640140941,3,1,False,,,,
osm:259474580,259474580,15.6350438,-19.124802599999995,566789.3849645617,7885242.053439058,3,1,False,,,,
osm:259474616,259474616,15.6281388,-19.1141368,566067.3812488333,7886424.89498956,3,1,False,,,,
osm:259475155,259475155,15.513442500000002,-19.2416619,553961.8462501985,7872353.16015622,3,1,False,,,,
osm:259481825,259481825,16.9492696,-18.827553799999997,705402.4169938208,7917125.262809726,3,1,False,,,,
osm:259483264,259483264,17.0090682,-18.726619899999992,711831.8305836373,7928228.295020966,3,1,False,,,,
osm:259483369,259483369,16.9138243,-18.7973322,701702.332584568,7920511.299692124,3,1,False,,,,
osm:259483463,259483463,16.9103095,-18.7922521,701337.8329642355,7921077.624468885,3,1,False,,,,
osm:259483464,259483464,16.9099967,-18.79202649999999,701305.1238102608,7921102.951419566,3,1,False,,,,
osm:259483521,259483521,16.9095083,-18.7855227,701261.3641231828,7921823.438251728,3,1,False,,,,
osm:259483538,259483538,16.8990131,-18.7810219,700160.1691960141,7922333.495769736,3,1,False,,,,
osm:259485757,259485757,16.8103111,-18.560165999999995,691055.5869320278,7946877.1138396915,3,1,False,,,,
osm:259485760,259485760,16.8101414,-18.5607082,691037.0687245377,7946817.27960247,3,1,False,,,,
osm:259486206,259486206,17.1661752,-18.617909100000002,728548.6792905687,7940069.432185637,3,1,False,,,,
osm:259486245,259486245,17.182954,-18.619672399999995,730317.2843057653,7939852.752241904,3,1,False,,,,
osm:259486247,259486247,17.1605609,-18.594960900000004,727986.6818330793,7942617.087579053,3,1,False,,,,
osm:259486248,259486248,17.1542606,-18.598622199999998,727316.7475302442,7942219.749863379,3,1,False,,,,
osm:259616689,259616689,15.513485300000001,-18.982879400000005,554050.37159922,7900988.117408795,3,1,False,,,,
osm:259616795,259616795,15.563765,-18.8842567,559377.8730815367,7911884.658171479,3,1,False,,,,
osm:259616868,259616868,15.521955,-18.7893448,555005.0746241965,7922400.117955534,4,1,False,,,,
osm:259636535,259636535,15.940117000000003,-19.331896900000004,598752.8672851408,7862180.010069745,3,1,False,,,,
osm:259637019,259637019,15.943933,-19.31422109999999,599164.4047340263,7864133.8937286055,4,1,False,,,,
osm:259637097,259637097,15.932609199999998,-19.288337899999988,597990.1173350788,7867004.64940742,4,1,False,,,,
osm:259637181,259637181,15.973934000000002,-19.296397499999994,602327.4652756029,7866088.875684221,3,1,False,,,,
osm:260103852,260103852,16.9620539,-18.839791799999997,706734.9867298724,7915755.696783088,3,1,False,,,,
osm:260103869,260103869,16.9625858,-18.838828699999993,706792.228416028,7915861.68938214,3,1,False,,,,
osm:260103877,260103877,16.9504246,-18.826961400000002,705524.8821713161,7917189.502031019,3,1,False,,,,
osm:260104216,260104216,16.6804862,-18.9688179,676924.054211664,7901779.220483698,3,1,False,,,,
osm:2704156676,2704156676,15.919773699999999,-19.1764079,596706.8910454354,7879398.2299044505,2,1,False,,,,
osm:2704156685,2704156685,15.919721600000003,-19.176457000000003,596701.3841211891,7879392.825330257,2,1,False,,,,
osm:2757884466,2757884466,16.0608852,-19.135754500000004,611572.230882135,7883812.871709442,1,1,False,,,,
osm:2757884481,2757884481,16.0613197,-19.133846400000003,611619.2132165763,7884023.753008002,3,1,False,,,,
osm:2757884519,2757884519,16.0610093,-19.133602800000006,611586.7290802981,7884050.9090717435,3,1,False,,,,
osm:2757884521,2757884521,16.0613398,-19.133340999999994,611621.6669519558,7884079.669959321,3,1,False,,,,
osm:2757909985,2757909985,15.9836991,-19.200493999999996,603413.6005706614,7876696.112088047,3,1,False,,,,
osm:2757910000,2757910000,16.0581482,-19.213439299999997,611232.2036305107,7875217.6449723225,3,1,False,,,,
osm:2757910030,2757910030,15.9773707,-19.1899147,602754.8288713029,7877870.592527361,3,1,False,,,,
osm:2757910033,2757910033,15.9774598,-19.190566899999997,602763.7922518105,7877798.3657230735,3,1,False,,,,
osm:2757910045,2757910045,15.977590899999997,-19.1902343,602777.7827609134,7877835.094856555,4,1,False,,,,
osm:2757910052,2757910052,15.9839737,-19.200270299999993,603442.6105882747,7876720.704366598,3,1,False,,,,
osm:2757910095,2757910095,16.0439016,-19.255185400000006,609706.7421340707,7870606.85165574,3,1,False,,,,
osm:2757910102,2757910102,16.0574435,-19.213567500000003,611158.0329748454,7875203.907852905,3,1,False,,,,
osm:2757910111,2757910111,15.978112400000002,-19.1868599,602834.7096580717,7878208.207719473,1,1,False,,,,
osm:2757910115,2757910115,16.0586181,-19.213925000000003,611281.2769408872,7875163.594518453,1,1,False,,,,
osm:2757910151,2757910151,16.0583603,-19.212877999999993,611254.8791515495,7875279.62582537,1,1,False,,,,
osm:2757910172,2757910172,16.0567987,-19.213584,611090.2347098828,7875202.493514397,3,1,False,,,,
osm:2757981263,2757981263,15.9157853,-19.178833100000006,596286.1050052055,7879132.0614479,1,1,False,,,,
osm:2757981316,2757981316,15.9173617,-19.181910399999996,596450.0681441899,7878790.652698539,2,1,False,,,,
osm:2757981330,2757981330,15.9201003,-19.1801419,596739.0527170503,7878984.839859763,3,1,False,,,,
osm:2757981352,2757981352,15.917100100000003,-19.18216749999999,596422.4124044273,7878762.346405614,3,1,False,,,,
osm:2757981375,2757981375,15.9167461,-19.18151960000001,596385.5678693487,7878834.239506379,3,1,False,,,,
osm:2757981392,2757981392,15.917152499999998,-19.1792859,596429.5992295296,7879081.198606549,1,1,False,,,,
osm:2757981430,2757981430,15.915526999999999,-19.1753477,596260.9700651736,7879517.902149901,3,1,False,,,,
osm:2757981432,2757981432,15.925959300000002,-19.18101859999999,597354.5931490826,7878884.562130455,3,1,False,,,,
osm:2757981439,2757981439,15.9200023,-19.179565799999995,596729.0846691085,7879048.646151911,5,1,False,,,,
osm:2757981446,2757981446,15.9177265,-19.1788627,596490.2002316844,7879127.712884468,3,1,False,,,,
osm:2757981464,2757981464,15.9173107,-19.1812517,596445.089188594,7878863.573421521,3,1,False,,,,
osm:2757981492,2757981492,15.9172142,-19.18155060000001,596434.7686060757,7878830.550175143,3,1,False,,,,
osm:2757981496,2757981496,15.9148804,-19.174166299999996,596193.6659494102,7879648.99383512,3,1,False,,,,
osm:2757981530,2757981530,15.917510199999999,-19.178942399999997,596467.4104095775,7879119.012863486,1,1,False,,,,
osm:2757981544,2757981544,15.9232312,-19.180948199999996,597067.7845966624,7878893.873683313,3,1,False,,,,
osm:2757981602,2757981602,15.917305400000002,-19.181695099999985,596444.2737858248,7878814.509192014,3,1,False,,,,
osm:2757981659,2757981659,15.9241103,-19.1822634,597159.4474460396,7878747.842263396,2,1,False,,,,
osm:2757981735,2757981735,15.915636399999999,-19.1753099,596272.4954071646,7879522.024753916,3,1,False,,,,
osm:2757981749,2757981749,15.916707199999998,-19.1792605,596382.7919180818,7879084.255589265,1,1,False,,,,
osm:2757981766,2757981766,15.924479400000001,-19.181711599999996,597198.580431529,7878808.699466667,3,1,False,,,,
osm:2757981770,2757981770,15.9183459,-19.180345699999997,596554.4644053831,7878963.259519055,3,1,False,,,,
osm:2757981806,2757981806,15.9191361,-19.1770802,596639.4558602081,7879324.185841529,3,1,False,,,,
osm:2757996408,2757996408,15.914293199999998,-19.1754858,596131.1562083343,7879503.300364364,3,1,False,,,,
osm:2757996428,2757996428,15.914419300000002,-19.175384500000007,596144.4743470077,7879514.44081753,3,1,False,,,,
osm:2757996432,2757996432,15.914627199999998,-19.1749196,596166.6047401193,7879565.772510122,3,1,False,,,,
osm:2758051119,2758051119,15.8847111,-19.17422019999999,593021.3294579358,7879659.393258346,3,1,False,,,,
osm:2758051368,2758051368,15.619038599999998,-19.106813600000002,565113.062743203,7887238.6494320985,4,1,False,,,,
osm:2758051408,2758051408,15.7422711,-19.15097550000001,578054.9501314508,7882301.431608025,1,1,False,,,,
osm:2758051737,2758051737,15.635480199999998,-19.124962399999998,566835.21963901,7885224.204086191,3,1,False,,,,
osm:2758051755,2758051755,15.7469603,-19.1460327,578550.4131139965,7882846.284519702,4,1,False,,,,
osm:2758051779,2758051779,15.8847285,-19.174836900000003,593022.8129227227,7879591.13976945,1,1,False,,,,
osm:2758051864,2758051864,15.634940900000002,-19.124522699999993,566778.6747797178,7885273.064976772,3,1,False,,,,
osm:2758087290,2758087290,15.243048,-18.972635999999994,525585.0153156404,7902182.66720891,3,1,False,,,,
osm:2758087363,2758087363,15.243077000000001,-18.973001900000003,525588.0122392317,7902142.1768002715,3,1,False,,,,
osm:2758087382,2758087382,15.2596638,-18.98709149999999,527331.7679175714,7900580.693725813,1,1,False,,,,
osm:2758087423,2758087423,15.2428745,-18.973373600000002,525566.6388662483,7902101.078231752,3,1,False,,,,
osm:2758091614,2758091614,14.8898796,-18.96669899999999,488407.5304444115,7902853.60298874,3,1,False,,,,
osm:2758091638,2758091638,14.8927202,-18.966918499999995,488706.5779196648,7902829.500240099,3,1,False,,,,
osm:2758091659,2758091659,14.8918781,-18.9680813,488618.00827666785,7902700.785094736,1,1,False,,,,
osm:2758091665,2758091665,14.8904202,-18.968568099999995,488464.5684899462,7902646.827082513,1,1,False,,,,
osm:2758194243,2758194243,14.5378513,-19.180894199999997,451411.28621307,7879092.424568624,3,1,False,,,,
osm:2758215597,2758215597,14.433425399999999,-19.071805499999996,440392.94048475695,7891131.096061164,3,1,False,,,,
osm:2758215831,2758215831,14.433206900000002,-19.071888800000007,440369.9821704967,7891121.804376971,3,1,False,,,,
osm:2758215873,2758215873,14.4363678,-19.0664683,440700.60848663864,7891722.670191041,1,1,False,,,,
osm:2758215916,2758215916,14.4333369,-19.072042100000004,440383.7141204548,7891104.885487447,3,1,False,,,,
osm:2758215949,2758215949,14.433446400000001,-19.0728086,440395.5085178257,7891020.1072337255,3,1,False,,,,
osm:2758216126,2758216126,14.438403000000001,-19.070051100000004,440916.00557727605,7891326.910143806,3,1,False,,,,
osm:2758250020,2758250020,14.8743188,-18.720522300000003,486750.13151166355,7930091.010264428,1,1,False,,,,
osm:2758252531,2758252531,14.945628099999999,-18.6866941,494266.7375920747,7933837.6995073,1,1,False,,,,
osm:2758252533,2758252533,14.9454007,-18.686408999999994,494242.7496894872,7933869.236838867,3,1,False,,,,
osm:2758941699,2758941699,15.919122799999998,-19.179553700000003,596636.6147899488,7879050.4727984015,3,1,False,,,,
osm:2758965837,2758965837,15.9204946,-19.1784074,596781.5252613762,7879176.562940004,3,1,False,,,,
osm:2763771335,2763771335,15.7435551,-19.068060400000004,578228.9602373316,7891475.949976964,3,1,False,,,,
osm:2763771336,2763771336,15.7440593,-19.068011200000004,578282.0322588006,7891481.169255169,3,1,False,,,,
osm:2768997986,2768997986,16.1311981,-19.239106399999997,618893.4778145499,7872328.83883654,3,1,False,,,,
osm:278851166,278851166,15.5044247,-18.977725899999996,553098.2499365266,7901561.1130831875,3,1,False,,,,
osm:278851168,278851168,15.5050303,-18.979390100000003,553161.4718294978,7901376.785141088,3,1,False,,,,
osm:278852441,278852441,16.4630959,-19.03070309999999,653975.6859910407,7895134.16737498,1,1,False,,,,
osm:278852492,278852492,16.4524161,-19.03663769999999,652846.1249641046,7894486.6753829215,2,1,False,,,,
osm:278854449,278854449,17.0478117,-18.731164599999996,715912.4631618161,7927678.725070639,1,1,False,,,,
osm:278854451,278854451,17.0505659,-18.735256499999995,716197.744366307,7927222.408767834,3,1,False,,,,
osm:278854458,278854458,17.0402422,-18.7521826,715087.4656465994,7925361.166126595,3,1,False,,,,
osm:278854459,278854459,17.0394053,-18.754929899999997,714995.7259758794,7925058.048191394,3,1,False,,,,
osm:278854469,278854469,17.0454312,-18.803419700000003,715569.479565581,7919682.870097583,4,1,False,,,,
osm:288499463,288499463,17.04693,-18.8083683,715721.1810187285,7919133.231405908,3,1,False,,,,
osm:288499768,288499768,17.0480945,-18.8059207,715847.070449455,7919402.770325966,3,1,False,,,,
osm:288499938,288499938,17.0482828,-18.81354590000001,715857.1879552386,7918558.41708204,1,1,False,,,,
osm:288499969,288499969,17.0480546,-18.813748,715832.8730346464,7918536.321666821,1,1,False,,,,
osm:288500124,288500124,17.0481372,-18.814617999999996,715840.4699559233,7918439.9105274705,3,1,False,,,,
osm:288500135,288500135,17.0456498,-18.806067899999995,715589.1504195016,7919389.444442819,3,1,False,,,,
osm:288500333,288500333,17.0480296,-18.814403099999993,715829.4011738945,7918463.831204124,3,1,False,,,,
osm:288500381,288500381,17.0471435,-18.807746199999997,715744.4825604364,7919201.839654835,3,1,False,,,,
osm:288500562,288500562,17.04614,-18.8143697,715630.2427605294,7918469.824939109,3,1,False,,,,
osm:288501645,288501645,16.9332419,-18.815577599999994,703727.4373071626,7918469.45863791,1,1,False,,,,
osm:288502741,288502741,16.9293107,-18.8052587,703325.4442525387,7919616.222033791,3,1,False,,,,
osm:288502742,288502742,16.9289667,-18.805355899999995,703289.0631721674,7919605.856178087,1,1,False,,,,
osm:288502940,288502940,16.9335669,-18.815560199999997,703761.7175520746,7918471.011747691,3,1,False,,,,
osm:288508733,288508733,16.1072702,-19.1091472,616469.6082635003,7886727.121226743,3,1,False,,,,
osm:288508984,288508984,16.1107988,-19.1052286,616843.557582249,7887158.422723188,3,1,False,,,,
osm:288555374,288555374,16.2732206,-19.0361311,633986.1215347814,7894689.092508276,2,1,False,,,,
osm:288555377,288555377,16.2707468,-19.0353209,633726.4084695816,7894780.642755726,3,1,False,,,,
osm:288555418,288555418,16.2651732,-19.042655299999993,633133.9499222627,7893973.18204535,3,1,False,,,,
osm:288555423,288555423,16.2644051,-19.041138,633054.3216951236,7894141.683420625,3,1,False,,,,
osm:288555536,288555536,16.231167900000003,-19.0535171,629546.7045901021,7892796.5630655885,3,1,False,,,,
osm:288555604,288555604,16.2100415,-19.067166200000006,627313.0461453792,7891301.507670328,3,23,False,,,,
osm:288555613,288555613,16.212135,-19.068527500000002,627532.2958411904,7891149.333662033,3,23,False,,,,
osm:288555617,288555617,16.2123646,-19.0688252,627556.227801821,7891116.22070631,1,23,False,,,,
osm:288555768,288555768,16.1987141,-19.077900300000003,626112.9868343034,7890121.774108608,3,1,False,,,,
osm:288558024,288558024,16.2539744,-19.046194,631952.5551937249,7893590.011572129,3,1,False,,,,
osm:288558028,288558028,16.2531996,-19.043527799999993,631873.1209227282,7893885.660357399,3,1,False,,,,
osm:288560017,288560017,16.1984061,-19.0780238,626080.4859171683,7890108.328239344,1,1,False,,,,
osm:288560765,288560765,16.1987002,-19.0780687,626111.3968304206,7890103.147636874,1,1,False,,,,
osm:288562391,288562391,16.2255702,-19.054664399999997,628956.7418509037,7892673.716574826,3,1,False,,,,
osm:288565418,288565418,16.444793,-19.015148900000003,652063.32184723,7896871.587932484,3,1,False,,,,
osm:288565547,288565547,16.4612383,-19.0272576,653783.3308359038,7895517.131244592,3,1,False,,,,
osm:288785714,288785714,16.9405477,-18.809074900000002,704505.4306944185,7919180.882767807,2,1,False,,,,
osm:288788135,288788135,16.7327106,-18.843245799999995,682559.863865774,7915625.147755466,3,1,False,,,,
osm:288789350,288789350,16.7281745,-18.860484200000002,682063.2190077897,7913721.760511044,3,1,False,,,,
osm:288789351,288789351,16.7283226,-18.860695600000003,682078.5968730995,7913698.209221854,3,1,False,,,,
osm:288791228,288791228,16.6983715,-18.937789699999993,678840.5556038546,7905195.546387136,3,1,False,,,,
osm:288792104,288792104,16.5871638,-18.933727499999996,667131.8299046925,7905754.173358671,3,1,False,,,,
osm:288792168,288792168,16.5862409,-18.9333825,667034.9698717163,7905793.231871556,3,1,False,,,,
osm:288792175,288792175,16.5871288,-18.933505100000005,667128.3648814628,7905778.8218995165,2,1,False,gate,,yes,
osm:288792179,288792179,16.5866762,-18.933262999999997,667080.9361935803,7905806.046209396,3,1,False,,,,
osm:289526440,289526440,15.9412416,-19.314886299999998,598881.2410126608,7864061.819209577,4,1,False,,,,
osm:289878235,289878235,16.0572758,-19.2139988,611140.1129550104,7875156.285026494,3,1,False,,,,
osm:2975522854,2975522854,15.831920799999999,-18.9934937,587565.4185962371,7899685.5453371275,3,1,False,,,,
osm:2975522858,2975522858,15.7652871,-18.999386699999995,580548.5800572039,7899065.272129692,3,1,False,,,,
osm:2975522864,2975522864,15.7660032,-19.006621700000004,580620.4697053249,7898264.350389747,1,1,False,,,,
osm:2975522865,2975522865,15.7276605,-19.002799999999997,576586.5413665093,7898704.373169883,3,1,False,,,,
osm:2975522866,2975522866,15.7275296,-19.002178599999997,576573.0478136106,7898773.191098787,1,1,False,,,,
osm:2975522867,2975522867,15.717061800000002,-19.0059618,575469.5517227513,7898359.08494452,3,1,False,,,,
osm:2975522871,2975522871,15.7137954,-19.0045346,575126.3952062624,7898518.409399232,3,1,False,,,,
osm:2975522873,2975522873,15.7132817,-19.004105999999997,575072.5187491243,7898566.055264322,2,1,False,,,,
osm:2975522875,2975522875,15.7199742,-19.021311000000004,575769.1360121054,7896659.369007628,3,1,False,,,,
osm:2975522876,2975522876,15.7193542,-19.0221411,575703.5094161611,7896567.781450719,1,1,False,,,,
osm:2975522877,2975522877,15.7314148,-19.0389668,576965.0485320481,7894700.690546545,3,1,False,,,,
osm:2975522886,2975522886,15.734117099999999,-19.0365435,577250.5382528171,7894967.6554382425,1,1,False,,,,
osm:2975522889,2975522889,15.759093799999999,-19.076640500000003,579859.7414417906,7890519.503269989,1,1,False,,,,
osm:2975522892,2975522892,15.9468055,-19.170851400000004,599552.6087446563,7879997.912518753,3,1,False,,,,
osm:2975522904,2975522904,16.0073309,-19.1631905,605921.9959652292,7880810.048416883,3,1,False,,,,
osm:2975522909,2975522909,16.0081316,-19.166169499999995,606004.2929183106,7880479.89626544,1,1,False,,,,
osm:2975522917,2975522917,16.1807546,-19.0918593,624212.8995468144,7888589.794919243,1,31,False,,,,
osm:2975522922,2975522922,16.1814626,-19.092779299999997,624286.7011992984,7888487.478486523,3,31,False,,,,
osm:2975522927,2975522927,16.1809055,-19.0917778,624228.8365004415,7888598.707283734,1,16,False,,,,
osm:2975523245,2975523245,16.1730338,-19.083271699999997,623406.9611523336,7889545.618797271,3,16,False,,,,
osm:2975523314,2975523314,16.2340057,-19.0562097,629843.2462662049,7892496.478689877,1,28,False,,,,
osm:2975523322,2975523322,16.2354005,-19.0591183,629987.7598630317,7892173.554355216,1,28,False,,,,
osm:2975523323,2975523323,16.2570599,-19.0605816,632265.869720513,7891995.420201549,1,29,False,,,,
osm:2975523330,2975523330,16.2561715,-19.06258639999999,632170.792916507,7891774.219493817,1,29,False,,,,
osm:2975523331,2975523331,16.3197952,-19.041737899999998,638883.3654382532,7894032.394311358,3,1,False,,,,
osm:2975523335,2975523335,16.3209952,-19.0440891,639007.7025618074,7893771.23346976,1,1,False,,,,
osm:2975523336,2975523336,16.3223691,-19.041268700000003,639154.6486542446,7894082.283273444,1,27,False,,,,
osm:2975523343,2975523343,16.3218857,-19.044717799999997,639100.8987301924,7893700.948776168,1,27,False,,,,
osm:2975523344,2975523344,16.3488458,-19.017124599999992,641961.7450066756,7896733.173884133,1,26,False,,,,
osm:2975523352,2975523352,16.3496733,-19.020741399999995,642045.7761962869,7896332.225547668,1,26,False,,,,
osm:2975523360,2975523360,16.355595700000002,-19.014817799999996,642674.2239444377,7896983.00824287,1,30,False,,,,
osm:2975523370,2975523370,16.3828684,-18.9974006,645560.2231154088,7898888.272465135,3,24,False,,,,
osm:2975523376,2975523376,16.415719,-18.9896058,649025.5562011376,7899723.4582066545,3,1,False,,,,
osm:2975523378,2975523378,16.4163531,-18.988808,649093.0258499004,7899811.217331972,3,1,False,,,,
osm:2975523385,2975523385,16.4153776,-18.988079999999997,648990.9705803347,7899892.614310927,1,1,False,,,,
osm:2975523388,2975523388,16.4170513,-18.989088400000004,649166.2842770356,7899779.592665179,3,1,False,,,,
osm:2975523389,2975523389,16.4259975,-18.985108800000003,650111.7295114716,7900212.428928719,3,1,False,,,,
osm:2975523396,2975523396,16.4265562,-18.989234099999997,650166.853003734,7899755.385444717,1,1,False,,,,
osm:2975523399,2975523399,16.5067328,-18.993748600000007,658603.8922070691,7899185.4036924625,1,1,False,,,,
osm:2975523400,2975523400,16.5365366,-19.086628500000003,661651.7756761557,7888878.345151335,3,1,False,,,,
osm:2975523404,2975523404,16.5360332,-19.08420449999999,661601.1576516805,7889147.098736862,3,1,False,,,,
osm:2975523406,2975523406,16.5355933,-19.083656999999995,661555.3995282482,7889208.101961596,1,1,False,,,,
osm:2975523408,2975523408,16.5362907,-19.0836367,661628.8046158409,7889209.7054223735,1,1,False,,,,
osm:2975523409,2975523409,16.5851794,-18.932983299999993,666923.5654311872,7905838.419821029,3,1,False,,,,
osm:2975523421,2975523421,16.5875504,-18.932856600000004,667173.4148334475,7905850.199107878,2,1,False,,,,
osm:2975523422,2975523422,16.5878341,-18.9328906,667203.2614552693,7905846.1672384925,4,1,False,,,,
osm:2975523432,2975523432,16.589975,-18.9338502,667427.7934679639,7905737.928444948,3,1,False,,,,
osm:2975523533,2975523533,16.6115494,-18.945325499999996,669688.4992041856,7904447.216076579,3,1,False,,,,
osm:2975523536,2975523536,16.611524,-18.947228600000003,669683.9000499215,7904236.601722693,1,1,False,,,,
osm:2975523539,2975523539,16.7114228,-18.922128799999996,680231.9992585385,7906915.712958755,3,1,False,,,,
osm:2975523547,2975523547,16.7103924,-18.9265173,680118.7567515532,7906431.01836698,1,1,False,,,,
osm:309185323,309185323,16.8985759,-18.6912166,700219.9209863484,7932274.824926275,3,1,False,,,,
osm:309192401,309192401,16.731399,-18.841231300000004,682423.8158624246,7915849.475065358,1,1,False,,,,
osm:309201176,309201176,15.6339065,-19.0827345,566686.6242636545,7889897.50754556,3,1,False,,,,
osm:309201200,309201200,15.632547800000001,-19.085713800000004,566542.4951079249,7889568.352161525,3,1,False,,,,
osm:309203376,309203376,16.9418114,-18.805041499999998,704643.5270043963,7919625.909044718,3,1,False,,,,
osm:309203378,309203378,16.941285,-18.805800599999998,704587.1157240078,7919542.486000653,3,1,False,,,,
osm:309203387,309203387,16.9413678,-18.806018499999993,704595.580904346,7919518.269931868,3,1,False,,,,
osm:309203389,309203389,16.9418566,-18.805768,704647.4130406955,7919545.436194894,3,1,False,,,,
osm:309203403,309203403,16.9414546,-18.806202299999992,704604.5089860307,7919497.823987905,3,1,False,,,,
osm:309203437,309203437,16.9890153,-18.729107700000004,709713.7427097992,7927976.602004956,3,1,False,,,,
osm:309206685,309206685,16.6839993,-19.059360600000005,677198.0090675456,7891753.890923292,3,1,False,,,,
osm:309209803,309209803,16.9015692,-18.717798099999996,700504.3528803205,7929329.081055112,3,1,False,,,,
osm:309209807,309209807,16.9035662,-18.715393699999993,700717.8200149194,7929592.986624841,3,1,False,,,,
osm:309211051,309211051,16.9301784,-18.820307799999995,703398.8123817845,7917949.358684981,3,1,False,,,,
osm:309211055,309211055,16.9110398,-18.836446500000005,701362.1832899202,7916184.712332789,3,1,False,,,,
osm:309211100,309211100,16.9105978,-18.835809399999995,701316.3564945032,7916255.737857148,3,1,False,,,,
osm:309211188,309211188,16.9360456,-18.807560200000008,704032.6581339493,7919353.73242352,3,1,False,,,,
osm:309211189,309211189,16.9357384,-18.807694799999997,704000.111289844,7919339.185653271,3,1,False,,,,
osm:309211197,309211197,16.9352589,-18.807921899999997,703949.2894216015,7919314.5973397605,3,1,False,,,,
osm:309211208,309211208,16.8085124,-18.55774510000001,690868.3990532598,7947146.984930659,3,1,False,,,,
osm:309216156,309216156,16.4711339,-19.0365202,654816.3569206238,7894483.281805985,3,1,False,,,,
osm:309216158,309216158,16.471255,-19.036161599999993,654829.4357142238,7894522.863854639,4,1,False,,,,
osm:309216189,309216189,16.4708579,-19.039036999999993,654784.9736540655,7894204.972883938,1,1,False,,,,
osm:309216265,309216265,16.4712876,-19.0358644,654833.1425731458,7894555.728356804,4,1,False,,,,
osm:309216648,309216648,16.4642623,-19.035907700000006,654093.6568110143,7894557.115790788,1,1,False,,,,
osm:309216766,309216766,16.4660321,-19.035201099999995,654280.5891354776,7894633.76610947,3,1,False,,,,
osm:309216767,309216767,16.4658116,-19.0352604,654257.325623528,7894627.396678096,3,1,False,,,,
osm:309216769,309216769,16.4711021,-19.0347889,654814.6148245262,7894674.92516314,3,1,False,,,,
osm:309216770,309216770,16.4700971,-19.03455789999999,654709.047058964,7894701.377268866,3,1,False,,,,
osm:309217350,309217350,15.865785600000002,-18.993966499999996,591129.8767985038,7899616.036754286,3,1,False,,,,
osm:309217351,309217351,15.866475900000001,-18.994215000000004,591202.4046460941,7899588.180765426,1,1,False,,,,
osm:309217352,309217352,16.339522000000002,-19.037858399999998,640962.8090388307,7894446.024854789,3,20,False,,,,
osm:309217444,309217444,15.8654537,-18.993910800000002,591094.9702406724,7899622.372193411,4,1,False,,,,
osm:309222376,309222376,15.9173757,-19.180908399999993,596452.1235478653,7878901.527443472,3,1,False,,,,
osm:309224021,309224021,16.9383542,-18.812140199999998,704270.4945607733,7918844.090761142,3,1,False,,,,
osm:309230629,309230629,16.7269549,-18.913621499999998,681877.3002567921,7907841.434160499,3,1,False,,,,
osm:309230650,309230650,16.7476187,-18.9232712,684043.5122607612,7906751.929506755,1,1,False,,,,
osm:309234846,309234846,15.8976899,-19.342033,594290.077142149,7861081.988561492,3,1,False,,,,
osm:309235134,309235134,15.8756978,-19.33308729999999,591984.9744260095,7862083.779585205,3,1,False,,,,
osm:309235151,309235151,15.875890800000002,-19.333008799999998,592005.2927249625,7862092.363945162,3,1,False,,,,
osm:309235162,309235162,15.877513200000001,-19.3315481,592176.5429002832,7862253.144515622,3,1,False,,,,
osm:309238799,309238799,14.7215694,-19.0822606,470709.54848359746,7890047.286795057,3,1,False,,,,
osm:309258029,309258029,15.813499899999998,-19.0725002,585585.9037730307,7890951.983055842,3,1,False,,,,
osm:3186211981,3186211981,16.9543478,-18.470419199999995,706369.060330342,7956652.462844129,3,1,False,,,,
osm:3186211982,3186211982,16.9533492,-18.475288899999992,706257.7551957649,7956114.559589215,3,1,False,,,,
osm:3207903679,3207903679,17.0983125,-18.6206725,721382.4391002958,7939848.655619156,3,1,False,,,,
osm:3207903719,3207903719,17.1673321,-18.624293699999996,728662.2466410875,7939361.138736524,3,1,False,,,,
osm:3207903787,3207903787,17.0599152,-18.7819662,717124.0001250126,7922040.183334313,4,1,False,,,,
osm:3207903822,3207903822,17.1620825,-18.626243000000006,728105.5796974638,7939152.0270451065,4,1,False,,,,
osm:3207903824,3207903824,17.0280364,-18.654418799999995,713923.1590515901,7936198.288984774,3,1,False,,,,
osm:3207903845,3207903845,17.073347400000003,-18.631942800000004,718733.1427956495,7938631.6587380115,4,1,False,,,,
osm:3207903881,3207903881,17.0949508,-18.620681200000007,721027.6249090104,7939851.83998763,3,1,False,,,,
osm:3207903912,3207903912,17.0723465,-18.764958699999998,718456.6935871649,7923907.737538135,4,1,False,,,,
osm:3207903923,3207903923,17.060523300000003,-18.654988,717350.420294354,7936096.139552016,3,1,False,,,,
osm:3207903932,3207903932,17.0741725,-18.620585600000002,718834.762732376,7939887.910314677,3,1,False,,,,
osm:3207903971,3207903971,17.1620987,-18.6232977,728111.2209887682,7939478.070301291,1,1,False,,,,
osm:3207903978,3207903978,17.1619314,-18.656888899999995,728048.6924079937,7935759.513923302,3,1,False,,,,
osm:3207903994,3207903994,17.0835259,-18.6568584,719775.24852274,7935860.992122365,3,1,False,,,,
osm:3207904005,3207904005,17.0280364,-18.631687799999998,713951.6432446373,7938714.590283961,3,1,False,,,,
osm:3207912985,3207912985,17.0823296,-18.787529500000005,719480.1901256281,7921396.787649223,3,1,False,,,,
osm:3207912993,3207912993,17.086679,-18.776071299999998,719953.6644620914,7922659.877962196,4,1,False,,,,
osm:3207912996,3207912996,17.0470528,-18.8191755,715720.3364169397,7917936.704572086,3,1,False,,,,
osm:3207913007,3207913007,17.060868800000005,-18.782949500000004,717223.2870959601,7921930.165042853,3,1,False,,,,
osm:3207913016,3207913016,17.0509746,-18.818902100000003,716134.1096382686,7917962.199140139,1,1,False,,,,
osm:3208311208,3208311208,14.5122759,-18.9188654,448641.7696345294,7908078.998758644,3,1,False,,,,
osm:3211388520,3211388520,17.1047674,-18.5114539,722205.1916064299,7951931.456736676,3,1,False,,,,
osm:3211388522,3211388522,17.1108416,-18.4865585,722878.9221193786,7954679.937933015,1,1,False,,,,
osm:3211388528,3211388528,17.1070543,-18.492622799999996,722471.0516206947,7954013.279085434,3,1,False,,,,
osm:3211388540,3211388540,17.1170428,-18.4848389,723536.1632240053,7954862.635559487,3,1,False,,,,
osm:3211388545,3211388545,17.1091571,-18.494820599999997,722690.3118590103,7953767.384784224,3,1,False,,,,
osm:3211388551,3211388551,17.0643752,-18.489121500000003,717967.6711632349,7954452.943230451,4,1,False,,,,
osm:3211388675,3211388675,17.076913,-18.4925109,719287.6280953751,7954062.551893007,3,1,False,,,,
osm:3211388682,3211388682,17.0590427,-18.493569099999995,717398.8281688241,7953967.027160917,3,1,False,,,,
osm:3211388698,3211388698,17.101773,-18.4872721,721920.1238656095,7954612.111950246,3,1,False,,,,
osm:3211388713,3211388713,17.1145752,-18.4799445,723281.859005441,7955407.510077685,2,1,False,,,,
osm:3211388719,3211388719,17.1096051,-18.4870571,722747.6707303002,7954626.267834627,3,1,False,,,,
osm:3211388724,3211388724,17.0616807,-18.489157099999996,717683.0277398448,7954452.253472621,4,1,False,,,,
osm:3211388755,3211388755,17.1058674,-18.48579159999999,722354.5070872834,7954770.968376062,3,1,False,,,,
osm:3211388759,3211388759,17.1165761,-18.4858157,723485.5997356672,7954755.079099942,4,1,False,,,,
osm:3211388761,3211388761,17.0617185,-18.493618799999997,717681.3809587676,7953958.300307301,3,1,False,,,,
osm:3211388818,3211388818,17.0642355,-18.4912899,717950.171868233,7954213.071001094,3,1,False,,,,
osm:3211388829,3211388829,17.0931497,-18.495993199999997,720998.0966338449,7953657.253635389,3,1,False,,,,
osm:3211388831,3211388831,17.0617035,-18.491452699999996,717682.5346204636,7954198.1044274,4,1,False,,,,
osm:3211388832,3211388832,17.0963818,-18.4965503,721338.7531393371,7953591.620699184,3,1,False,,,,
osm:3211388843,3211388843,17.1061169,-18.486480999999998,722379.970948342,7954694.343227725,3,1,False,,,,
osm:3211388850,3211388850,17.1082325,-18.498522899999998,722587.8681693235,7953358.673051346,5,1,False,,,,
osm:3211388967,3211388967,17.1101603,-18.488901400000003,722803.9286388749,7954421.414835049,3,1,False,,,,
osm:3211388971,3211388971,17.1051563,-18.511793699999995,722245.8245227064,7951893.360878249,3,1,False,,,,
osm:3211388982,3211388982,17.0077558,-18.4912064,711984.9327267646,7954289.573795738,3,1,False,,,,
osm:3211388985,3211388985,17.1032252,-18.4976858,722060.0843601113,7953457.511269398,3,1,False,,,,
osm:3211388986,3211388986,17.0643836,-18.487701300000005,717970.3554708587,7954610.1485684095,2,1,False,,,,
osm:3211389012,3211389012,17.121034,-18.480453300000008,723963.4445708109,7955343.187548621,1,1,False,,,,
osm:3211389013,3211389013,17.102752,-18.4976186,722010.1921664599,7953465.5326981,3,1,False,,,,
osm:3211389016,3211389016,17.118771200000005,-18.480052399999998,723724.9445927504,7955390.372746488,3,1,False,,,,
osm:3211389020,3211389020,17.0989299,-18.487240300000003,721619.8619697536,7954619.124581128,3,1,False,,,,
osm:3211389023,3211389023,17.0708378,-18.493080699999997,718645.2391093092,7954006.845080727,3,1,False,,,,
osm:3211389029,3211389029,17.1183169,-18.488265399999996,723666.2944420537,7954481.735380404,3,1,False,,,,
osm:3211389033,3211389033,17.1158932,-18.4854962,723413.881466298,7954791.293665544,3,1,False,,,,
osm:3211389041,3211389041,17.106662700000005,-18.48851979999999,722434.988931705,7954467.971817004,4,1,False,,,,
osm:3211389074,3211389074,17.0820518,-18.493682,719828.8972251406,7953926.659522142,3,1,False,,,,
osm:3211389087,3211389087,17.1093877,-18.488782399999995,722722.4769119933,7954435.541745296,3,1,False,,,,
osm:3211389116,3211389116,17.0682642,-18.490524300000004,718376.6572003782,7954292.953690573,3,1,False,,,,
osm:3211389117,3211389117,17.003683,-18.484030999999998,711563.5847438402,7955088.641026192,1,1,False,,,,
osm:3211389129,3211389129,17.0588937,-18.507032500000005,717366.0895427313,7952476.81700775,3,1,False,,,,
osm:3211389152,3211389152,17.1103132,-18.490069000000002,722818.5681800522,7954291.970293686,3,1,False,,,,
osm:3211389154,3211389154,17.1180728,-18.496184000000003,723630.2281138122,7953605.428025251,4,1,False,,,,
osm:3211389160,3211389160,17.1076133,-18.501114599999994,722519.1188390318,7953072.530167911,3,1,False,,,,
osm:3211389384,3211389384,17.1022062,-18.488598600000003,721964.1714223396,7954464.733650386,3,1,False,,,,
osm:3211389390,3211389390,17.1181365,-18.50013899999999,723631.818410225,7953167.519973101,3,1,False,,,,
osm:3211389394,3211389394,17.1098502,-18.492092200000005,722767.0473309052,7954068.5691719465,3,1,False,,,,
osm:3211389395,3211389395,17.0605955,-18.489154900000003,717568.409675769,7954453.805196457,3,1,False,,,,
osm:3211389397,3211389397,17.0714989,-18.4912899,718717.338786173,7954204.285618478,4,1,False,,,,
osm:3211389409,3211389409,17.0102909,-18.4851442,712260.1540342213,7954957.659501291,4,1,False,,,,
osm:3211576155,3211576155,17.0278216,-18.682738099999995,713864.963690794,7933063.617490632,3,1,False,,,,
osm:3211576170,3211576170,17.0643066,-18.728576900000004,717655.5292334644,7927945.131543275,3,1,False,,,,
osm:3211576179,3211576179,17.046746100000004,-18.714808499999993,715820.843590065,7929490.651119955,3,1,False,,,,
osm:3211576190,3211576190,17.0593214,-18.714625600000005,717147.5453741883,7929495.641341014,3,1,False,,,,
osm:3211576195,3211576195,17.0435939,-18.730753100000005,715468.1275436252,7927729.381256254,3,1,False,,,,
osm:3211576200,3211576200,17.0602441,-18.6751941,717295.2067407893,7933859.64094433,4,1,False,,,,
osm:3211576240,3211576240,17.059159400000002,-18.716901799999995,717127.5501430539,7929243.859576894,3,1,False,,,,
osm:3211576253,3211576253,17.046538,-18.7143431,715799.4835531816,7929542.422989843,3,1,False,,,,
osm:3211576273,3211576273,17.0605445,-18.6587683,717347.8406935541,7935677.630667875,3,1,False,,,,
osm:3211576284,3211576284,17.0862508,-18.66397269999999,720053.5995354751,7935070.072699903,3,1,False,,,,
osm:3211576313,3211576313,17.0275123,-18.730823099999995,713771.8937708021,7927740.991034129,3,1,False,,,,
osm:3211576327,3211576327,17.0408476,-18.7314947,715177.5315769312,7927650.602409607,4,1,False,,,,
osm:3211576358,3211576358,17.0601679,-18.684669099999997,717275.0824740174,7932810.839161385,4,1,False,,,,
osm:3211576465,3211576465,17.0482911,-18.675437999999996,716033.7761111157,7933847.1256537875,1,1,False,,,,
osm:3211576508,3211576508,17.0421894,-18.730964699999994,715319.7244768532,7927707.653792109,3,1,False,,,,
osm:3222295640,3222295640,15.1010565,-19.224580999999997,510621.8395217737,7874319.76942436,4,1,False,,,,
osm:3222295652,3222295652,15.2242932,-19.2532167,523570.9445929052,7871139.081476894,3,1,False,,,,
osm:3222295969,3222295969,15.176086900000001,-19.249171199999992,518505.38980641967,7871592.5576555,3,1,False,,,,
osm:3222295971,3222295971,15.1065081,-19.226377,511194.7247745807,7874120.699098446,2,1,False,gate,,,
osm:3222295978,3222295978,15.0919857,-19.227791999999997,509668.2379959351,7873964.999131557,1,1,False,,,,
osm:3222295982,3222295982,15.1162865,-19.22756909999999,512222.4139392157,7873988.134371383,4,1,False,,,,
osm:3222295987,3222295987,15.158073200000002,-19.2418336,516613.02170249994,7872406.290961255,3,1,False,,,,
osm:3222296007,3222296007,15.2235958,-19.255637499999995,523497.3099031116,7870871.310749473,3,1,False,,,,
osm:3222296041,3222296041,15.2195494,-19.251182799999995,523072.7016453504,7871364.772202161,3,1,False,,,,
osm:3222296047,3222296047,15.199540199999998,-19.250250999999995,520970.02291360626,7871470.412745684,3,1,False,,,,
osm:3222296057,3222296057,15.0955892,-19.222446300000005,510047.3122543383,7874556.299967162,3,1,False,,,,
osm:3222296058,3222296058,15.173179400000002,-19.246675399999997,518200.10816939716,7871869.027879823,4,1,False,,,,
osm:3252138876,3252138876,16.3838768,-19.001023899999993,645663.2295146451,7898486.435010336,1,24,False,,,,
osm:3252138877,3252138877,16.588001,-18.932916699999996,667220.8140731046,7905843.120358305,4,1,False,,,,
osm:3252143813,3252143813,16.354453,-19.012565199999994,642555.8592617044,7897233.236087268,1,30,False,,,,
osm:3252147982,3252147982,16.4913682,-18.941039599999993,657035.6360727652,7905032.8645579675,2,1,False,,,,
osm:3252158120,3252158120,16.9465218,-18.811125,705132.7197547627,7918947.053585922,4,1,False,,,,
osm:3252193254,3252193254,16.9328427,-18.806469500000002,703696.3277244032,7919478.144818734,3,1,False,,,,
osm:3260107132,3260107132,15.9415076,-19.330797599999997,598899.6124475315,7862300.868338255,4,1,False,,,,
osm:3260107140,3260107140,15.941896900000001,-19.331175899999998,598940.2810904217,7862258.781801774,3,1,False,,,,
osm:3260107141,3260107141,15.9434491,-19.331202700000002,599103.3252410674,7862254.927858172,1,1,False,,,,
osm:3260107153,3260107153,15.9426672,-19.331650099999997,599020.9161135138,7862205.864564721,3,1,False,,,,
osm:3260107155,3260107155,15.940107000000001,-19.331617900000005,598751.9844974799,7862210.890892034,3,1,False,,,,
osm:3260107159,3260107159,15.9416129,-19.332050200000005,598909.9201687516,7862162.191019649,3,1,False,,,,
osm:3271225512,3271225512,17.1646009,-18.5926327,728416.2596039718,7942869.698719905,1,1,False,,,,
osm:3271225533,3271225533,17.157525700000004,-18.632404299999994,727616.4337298537,7938475.7255632,3,1,False,,,,
osm:3271225551,3271225551,17.1545525,-18.6364,727297.3284227542,7938037.151301486,3,1,False,,,,
osm:3271226469,3271226469,17.156030300000005,-18.6383171,727450.7363276067,7937823.040595162,4,1,False,,,,
osm:3271226482,3271226482,17.1564503,-18.6390105,727494.137235099,7937745.743467716,3,1,False,,,,
osm:3271226491,3271226491,17.1570437,-18.6401544,727555.2369891747,7937618.352688408,3,1,False,,,,
osm:3271226492,3271226492,17.1571629,-18.6400822,727567.9128700488,7937626.194240349,3,1,False,,,,
osm:3272711353,3272711353,14.416197500000003,-19.237838199999995,438641.8391434564,7872752.936677886,3,1,False,,,,
osm:3272712479,3272712479,14.4172425,-19.240833099999993,438752.7832916933,7872421.903903855,4,1,False,,,,
osm:3272712484,3272712484,14.417411700000002,-19.2407798,438770.5467582552,7872427.861424262,3,1,False,,,,
osm:3272712514,3272712514,14.4154451,-19.241590600000002,438564.155064361,7872337.448387476,1,1,False,,,,
osm:3281419562,3281419562,17.1404567,-18.579490399999994,725884.8548426861,7944355.159336031,3,1,False,,,,
osm:3281420062,3281420062,17.1460293,-18.574213200000003,726480.1325132013,7944932.357200001,1,1,False,,,,
osm:3434718131,3434718131,14.6210915,-19.4410384,460225.9385193937,7850327.678694193,3,1,False,,,,
osm:3434718145,3434718145,14.6195156,-19.439812599999996,460060.2144453042,7850462.9547365215,2,1,False,,,,
osm:3434718149,3434718149,14.621703,-19.441058700000006,460290.13340097596,7850325.573575152,3,1,False,,,,
osm:3434718165,3434718165,14.6103197,-19.4544077,459098.55819046457,7848845.771824092,3,1,False,,,,
osm:3507157369,3507157369,16.1034728,-19.110159499999995,616069.4284148023,7886617.617982786,3,1,False,,,,
osm:3507201728,3507201728,15.9146514,-19.178659899999996,596166.9787394188,7879151.853654016,1,1,False,,,,
osm:3663270393,3663270393,17.0439506,-18.731658699999993,715504.6003228407,7927628.699408602,4,1,False,,,,
osm:371166181,371166181,16.9420621,-18.806723499999997,704667.9206063467,7919439.429189321,3,1,False,,,,
osm:371166192,371166192,16.9431684,-18.806214999999998,704785.1614484551,7919494.443003264,2,1,False,,,,
osm:371166203,371166203,16.9410471,-18.8099009,704557.0771043274,7919088.87254463,3,1,False,,,,
osm:3743028201,3743028201,14.591231700000002,-19.307178099999998,457056.45536024304,7865132.753691061,3,1,False,,,,
osm:3743028211,3743028211,14.6288009,-19.316873700000002,461005.6679228218,7864068.785313554,4,1,False,,,,
osm:3743888067,3743888067,14.6093175,-19.305752899999998,458956.14454370376,7865294.839906637,3,1,False,,,,
osm:3743888677,3743888677,14.6083688,-19.28664259999999,458851.69952011976,7867409.234421622,3,1,False,,,,
osm:3743900623,3743900623,14.606305800000001,-19.2794563,458633.1350707815,7868203.931229469,3,1,False,,,,
osm:3743901121,3743901121,14.5896195,-19.284424499999997,456881.1226905119,7867650.120770944,3,1,False,,,,
osm:3743921651,3743921651,14.6197425,-19.254829,460039.0261765818,7870932.162479553,1,1,False,,,,
osm:3743921652,3743921652,14.619635099999998,-19.255075900000005,460027.7992720887,7870904.817602724,3,1,False,,,,
osm:3743921653,3743921653,14.6194716,-19.255261,460010.6618670065,7870884.298147902,3,1,False,,,,
osm:3743927982,3743927982,14.6239222,-19.274897199999998,460483.081768936,7868712.514939299,2,1,False,,,,
osm:3744095692,3744095692,14.906470700000002,-19.2736133,490172.2492418856,7868894.743552931,4,1,False,,,,
osm:3744095693,3744095693,14.906405600000001,-19.2735311,490165.40383927565,7868903.835394338,4,1,False,,,,
osm:3744100026,3744100026,14.9707723,-19.252241499999993,496928.45255461306,7871261.94297458,3,1,False,,,,
osm:3744100076,3744100076,14.9624779,-19.268345099999994,496057.1764945233,7869479.897078412,3,1,False,,,,
osm:3744167151,3744167151,14.936123700000001,-19.248943900000008,493287.08617554145,7871625.849762591,3,1,False,,,,
osm:3744167159,3744167159,14.9277216,-19.254190099999995,492404.3304031732,7871045.007209772,3,1,False,,,,
osm:3744167176,3744167176,14.907440800000002,-19.2683909,490273.8761288331,7869472.662834571,2,1,False,,,,
osm:3744167183,3744167183,14.902819100000002,-19.2711891,489788.40069052717,7869162.773394746,3,1,False,,,,
osm:3744167206,3744167206,14.8908717,-19.267054599999998,488532.700075143,7869619.514757471,3,1,False,,,,
osm:3744167245,3744167245,14.827657200000003,-19.2554316,481888.77453214594,7870900.231194703,4,1,False,,,,
osm:3744167265,3744167265,14.8188278,-19.260313099999998,480961.46814582957,7870359.142745859,4,1,False,,,,
osm:3744167389,3744167389,14.860535900000002,-19.248285599999992,485343.31521635497,7871694.044275285,4,1,False,,,,
osm:3744167402,3744167402,14.8616129,-19.248476099999994,485456.51721286355,7871673.05572686,3,1,False,,,,
osm:3744167403,3744167403,14.861779200000003,-19.2483976,485473.98725823,7871681.755740456,2,1,False,,,,
osm:3744167517,3744167517,14.895047999999997,-19.26590699999999,488971.47307984135,7869746.7685395125,3,1,False,,,,
osm:3744167518,3744167518,14.8967158,-19.2351189,489144.70363632555,7873153.605977672,3,1,False,,,,
osm:3744167582,3744167582,14.895043700000002,-19.2661287,488971.03605574794,7869722.236909377,3,1,False,,,,
osm:3744167587,3744167587,14.894226900000001,-19.2691125,488885.406547426,7869392.023902625,4,1,False,,,,
osm:3744167681,3744167681,14.6503384,-19.2787225,463259.68311047903,7868295.0381089635,3,1,False,,,,
osm:3744167730,3744167730,14.6816854,-19.2756418,466552.83820822864,7868642.264419175,4,1,False,,,,
osm:3744215089,3744215089,14.588765,-19.43199259999999,456830.188131162,7851320.8564319555,4,1,False,,,,
osm:3744215094,3744215094,14.5891994,-19.42978999999999,456875.2089766783,7851564.694456277,3,1,False,,,,
osm:3744215112,3744215112,14.588641100000002,-19.422660899999993,456814.71553063777,7852353.426346937,3,1,False,,,,
osm:3744215122,3744215122,14.5873521,-19.417468299999996,456678.01594076864,7852927.69047974,3,1,False,,,,
osm:3744215129,3744215129,14.587557600000002,-19.4142751,456698.7451789355,7853281.085852077,3,1,False,,,,
osm:3744215147,3744215147,14.5903082,-19.37791219999999,456977.97228413366,7857305.503518717,3,1,False,,,,
osm:3744215172,3744215172,14.5943748,-19.326552,457391.6816077627,7862989.734213432,3,1,False,,,,
osm:3744215431,3744215431,14.6187613,-19.2378517,459931.7910186362,7872810.520305151,3,1,False,,,,
osm:3744215465,3744215465,14.6346091,-19.250030599999995,461600.246482462,7871466.470450309,4,1,False,,,,
osm:3744215467,3744215467,14.5383236,-19.246618799999993,451480.2287575747,7871819.919253774,3,1,False,,,,
osm:3744215481,3744215481,14.5443961,-19.2513546,452119.8011493754,7871297.570235113,3,1,False,,,,
osm:3744215484,3744215484,14.5366665,-19.255434900000004,451308.6743108367,7870843.922100926,3,1,False,,,,
osm:3744215526,3744215526,14.5514058,-19.266451999999994,452860.788824719,7869628.90553037,2,1,False,,,,
osm:3744215548,3744215548,14.536973400000003,-19.270741899999997,451345.442580169,7869150.230350215,3,1,False,,,,
osm:3744215565,3744215565,14.5484258,-19.2699569,452548.647831914,7869240.26359389,3,1,False,,,,
osm:3744215566,3744215566,14.537712100000002,-19.279559999999996,451425.66498426325,7868174.679736887,3,1,False,,,,
osm:3744215567,3744215567,14.5372115,-19.279304100000004,451372.9886338937,7868202.855885451,3,1,False,,,,
osm:3744215570,3744215570,14.537228800000001,-19.279970000000002,451375.0029515312,7868129.17623678,3,1,False,,,,
osm:3744215574,3744215574,14.547041500000002,-19.283384299999998,452407.0612310713,7867754.091249447,3,1,False,,,,
osm:3744215595,3744215595,14.5745768,-19.297752999999997,455304.17433241446,7866171.465631159,3,1,False,,,,
osm:3744215601,3744215601,14.5781289,-19.3028662,455678.74746369844,7865606.582741551,3,1,False,,,,
osm:3744215607,3744215607,14.576814700000002,-19.304602700000004,455541.1464435122,7865414.095796354,2,1,False,,,,
osm:3744215614,3744215614,14.537673400000001,-19.295499199999995,451426.29955874576,7866410.931290107,3,1,False,,,,
osm:3744215626,3744215626,14.557006600000001,-19.300092300000006,453458.8465135778,7865907.9894199055,3,1,False,,,,
osm:3744246213,3744246213,14.538069800000002,-19.3095153,451472.0808434238,7864860.101097273,3,1,False,,,,
osm:3744247065,3744247065,14.5572458,-19.299850399999997,453483.90903717635,7865934.820827391,3,1,False,,,,
osm:3744247105,3744247105,14.538110199999998,-19.3111821,451476.81681419903,7864675.673732331,3,1,False,,,,
osm:3744247133,3744247133,14.5559983,-19.3175115,453357.8513376011,7863980.212114786,3,1,False,,,,
osm:3744247134,3744247134,14.538537500000002,-19.3265325,451526.2329335209,7862977.203243456,3,1,False,,,,
osm:3744247152,3744247152,14.545587100000002,-19.323247099999996,452265.8077303792,7863342.7061819,3,1,False,,,,
osm:3744247174,3744247174,14.5491771,-19.322469800000007,452642.70455788245,7863429.703632513,3,1,False,,,,
osm:3744247225,3744247225,14.557681,-19.2997214,453529.59577121714,7865949.211916178,3,1,False,,,,
osm:3744247227,3744247227,14.5541377,-19.3282169,453165.44347929844,7862795.111314485,3,1,False,,,,
osm:3744247261,3744247261,14.549365700000001,-19.322427199999996,452662.5043510934,7863434.469079713,3,1,False,,,,
osm:3744247262,3744247262,14.557291099999999,-19.328103099999993,453496.6579617749,7862808.553938309,3,1,False,,,,
osm:3744247286,3744247286,14.558041,-19.318844799999997,453572.8157547064,7863833.225694586,3,1,False,,,,
osm:3744247288,3744247288,14.5559922,-19.3175762,453357.2288791763,7863973.051143518,3,1,False,,,,
osm:3744247305,3744247305,14.5742399,-19.310250900000003,455272.1756990275,7864788.437940575,5,1,False,,,,
osm:3744247306,3744247306,14.556890899999999,-19.3109439,453449.7610192603,7864707.184624573,3,1,False,,,,
osm:3744247308,3744247308,14.5575937,-19.310923199999994,453523.58804768766,7864709.663846511,3,1,False,,,,
osm:3744247429,3744247429,14.562112600000003,-19.316178099999995,453999.7922711007,7864129.393614234,3,1,False,,,,
osm:3744247432,3744247432,14.562450400000001,-19.316971099999996,454035.50047709723,7864041.73455884,3,1,False,,,,
osm:3744247440,3744247440,14.5635063,-19.316483700000003,454146.2883388561,7864095.947261192,3,1,False,,,,
osm:3744247470,3744247470,14.5571977,-19.307914999999994,453481.13546069054,7865042.427278632,4,1,False,,,,
osm:3744247491,3744247491,14.539035700000001,-19.3107051,451573.9051338951,7864728.71480855,3,1,False,,,,
osm:3744247492,3744247492,14.543330299999997,-19.281894499999993,452016.68023718445,7867917.921267681,3,1,False,,,,
osm:3744247513,3744247513,14.5515599,-19.285405799999992,452882.401273796,7867531.637760498,3,1,False,,,,
osm:3744247523,3744247523,14.550549100000001,-19.281893200000003,452775.1878782291,7867920.045737142,3,1,False,,,,
osm:3744247533,3744247533,14.5507192,-19.2821483,452793.13404853403,7867891.864226529,3,1,False,,,,
osm:3744247553,3744247553,14.544708600000002,-19.277228200000003,452160.14898079215,7868434.646185478,3,1,False,,,,
osm:3744247575,3744247575,14.548231700000002,-19.277696600000002,452530.4805301641,7868383.783363761,1,1,False,,,,
osm:3744247617,3744247617,14.5654886,-19.279962500000007,454344.40369323327,7868137.683489604,4,1,False,,,,
osm:3744247618,3744247618,14.5577028,-19.2990577,453531.6987562154,7866022.658812312,1,1,False,,,,
osm:3744305281,3744305281,14.576608700000001,-19.3272553,455525.6312506032,7862907.442797916,3,1,False,,,,
osm:3744305301,3744305301,14.5920352,-19.318521000000004,457143.8246843658,7863877.818041205,3,1,False,,,,
osm:3745901596,3745901596,14.657515700000001,-19.234378699999994,464004.1642356893,7873203.291466232,3,1,False,,,,
osm:3745901600,3745901600,14.669788200000001,-19.234463199999993,465294.0595730399,7873196.435888916,3,1,False,,,,
osm:3745901603,3745901603,14.680783300000002,-19.234560399999996,466449.6965619745,7873187.838097023,3,1,False,,,,
osm:3745901607,3745901607,14.692967900000001,-19.234639700000002,467730.34734864417,7873181.369065493,3,1,False,,,,
osm:3745901610,3745901610,14.702202,-19.234691600000005,468700.88549998496,7873177.313824543,3,1,False,,,,
osm:3745901613,3745901613,14.7122377,-19.234755700000004,469755.6747749177,7873171.9967020275,3,1,False,,,,
osm:3745901621,3745901621,14.7360392,-19.235131099999997,472257.33202651533,7873134.426047444,3,1,False,,,,
osm:3745902528,3745902528,14.6393126,-19.2354377,462091.20292025455,7873082.243021381,3,1,False,,,,
osm:3745902532,3745902532,14.7664786,-19.2356012,475456.64241804904,7873086.984558875,3,1,False,,,,
osm:3745902582,3745902582,14.7017652,-19.239038500000003,468655.8015906361,7872696.242761532,2,1,False,,,,
osm:3745902603,3745902603,14.6542306,-19.240684999999996,463660.2774015022,7872504.802102258,2,1,False,,,,
osm:3745902630,3745902630,14.669497,-19.2434639,465265.34662952233,7872200.4312642645,1,1,False,,,,
osm:3745902651,3745902651,14.643929399999998,-19.244470800000002,462578.48755388136,7872083.709122101,4,1,False,,,,
osm:3745902663,3745902663,14.6703437,-19.244750199999995,465354.6023830284,7872058.268340065,4,1,False,,,,
osm:3745902665,3745902665,14.643193699999998,-19.244825699999993,462501.24841901055,7872044.280034987,3,1,False,,,,
osm:3745902679,3745902679,14.6712553,-19.2451941,465450.5011745243,7872009.331278801,3,1,False,,,,
osm:3745902684,3745902684,14.6421863,-19.245341299999996,462395.4915259871,7871987.010010685,2,1,False,,,,
osm:3745902691,3745902691,14.6729423,-19.245735299999996,465627.91101996606,7871949.780776771,1,1,False,,,,
osm:3745902696,3745902696,14.6712256,-19.246057699999998,465447.5605635368,7871913.766152883,2,1,False,,,,
osm:3745902758,3745902758,14.6885706,-19.250622999999997,467271.3474724279,7871411.963268252,4,1,False,,,,
osm:3745902762,3745902762,14.7003357,-19.25075049999999,468507.79549919476,7871400.029074922,3,1,False,,,,
osm:3745902783,3745902783,14.686432800000002,-19.2513809,467046.83194925834,7871327.696023766,2,1,False,,,,
osm:3745902798,3745902798,14.6813965,-19.251945999999997,466517.6712842444,7871264.203755431,1,1,False,,,,
osm:3745902807,3745902807,14.6833912,-19.252329699999997,466727.37514867244,7871222.129671333,3,1,False,,,,
osm:3745902812,3745902812,14.6837529,-19.252481300000007,466765.4172713612,7871205.424024506,3,1,False,,,,
osm:3745902981,3745902981,14.549085,-19.256777800000002,452614.1311755252,7870698.759258907,2,1,False,,,,
osm:3745902986,3745902986,14.739920900000001,-19.257216599999996,472668.96320151596,7870691.243705436,2,1,False,,,,
osm:3745902996,3745902996,14.762228800000003,-19.25789869999999,475013.35684783355,7870619.127327379,3,1,False,,,,
osm:3745903031,3745903031,14.740248499999998,-19.259241700000004,472703.72508479306,7870467.214268703,3,1,False,,,,
osm:3745903037,3745903037,14.6861472,-19.2593284,467018.4062765951,7870448.233721253,3,1,False,,,,
osm:3745903039,3745903039,14.7388873,-19.259412100000002,472560.70943565585,7870448.144736776,3,1,False,,,,
osm:3745903050,3745903050,14.741735900000002,-19.259647599999997,472860.0977803749,7870422.533768764,3,1,False,,,,
osm:3745903087,3745903087,14.735323100000002,-19.2610691,472186.4391983267,7870264.227751043,1,1,False,,,,
osm:3745903096,3745903096,14.685555900000002,-19.261427400000002,466956.68878867384,7870215.862301473,3,1,False,,,,
osm:3745903097,3745903097,14.685603200000001,-19.261454899999997,466961.66484957316,7870212.828362789,3,1,False,,,,
osm:3745903106,3745903106,14.7666096,-19.2618986,475474.318343954,7870177.156145537,3,1,False,,,,
osm:3745903159,3745903159,14.665406499999998,-19.2646133,464839.95289030584,7869859.378452042,4,1,False,,,,
osm:3745903179,3745903179,14.664439800000002,-19.265671899999997,464738.5947113352,7869742.045732404,2,1,False,,,,
osm:3745903204,3745903204,14.687190900000001,-19.266907099999997,467129.596042311,7869609.831322399,3,1,False,,,,
osm:3745903205,3745903205,14.7352864,-19.266921700000005,472183.56968967087,7869616.620585186,3,1,False,,,,
osm:3745903337,3745903337,14.699366300000001,-19.268328899999997,468409.285401372,7869454.766025149,3,1,False,,,,
osm:3745903350,3745903350,14.6982185,-19.2687955,468288.76296231995,7869402.926455494,3,1,False,,,,
osm:3745903378,3745903378,14.690454,-19.270868799999995,467473.27121711837,7869172.074618351,2,1,False,,,,
osm:3745903397,3745903397,14.680625299999999,-19.272743400000003,466440.856333685,7868962.774826562,3,1,False,,,,
osm:3745903400,3745903400,14.6903501,-19.272974399999992,467462.76903976215,7868939.065592502,3,1,False,,,,
osm:3745903410,3745903410,14.682016100000002,-19.273730899999993,466587.1996850703,7868853.773858091,3,1,False,,,,
osm:3745903412,3745903412,14.682007100000002,-19.2738887,466586.2859724929,7868836.311172667,3,1,False,,,,
osm:3745903420,3745903420,14.6833734,-19.275588,466730.19672686583,7868648.541954638,3,1,False,,,,
osm:3745903431,3745903431,14.6841694,-19.2761543,466813.95178459026,7868586.031874226,3,1,False,,,,
osm:3745903435,3745903435,14.6835429,-19.2765011,466748.19144752313,7868547.537693555,3,1,False,,,,
osm:3745903446,3745903446,14.6805367,-19.2775329,466432.52182999643,7868432.787761003,3,1,False,,,,
osm:3745903447,3745903447,14.6813062,-19.277628999999994,466513.39691874816,7868422.302717539,3,1,False,,,,
osm:3745903451,3745903451,14.6804493,-19.277869999999997,466423.4069180467,7868395.469900204,3,1,False,,,,
osm:3745903455,3745903455,14.680555100000001,-19.2780135,466434.5531069283,7868379.611734711,3,1,False,,,,
osm:3745903461,3745903461,14.6813659,-19.278724299999997,466519.89244821784,7868301.116569405,3,1,False,,,,
osm:3745903512,3745903512,14.6258604,-19.293276099999996,460691.1289918725,7866679.2734449785,3,1,False,,,,
osm:3745903627,3745903627,14.6215607,-19.303987,460241.9642956857,7865493.096899349,3,1,False,,,,
osm:3745903637,3745903637,14.620484200000002,-19.304320399999998,460128.94895753043,7865455.9577699,1,1,False,,,,
osm:3745903687,3745903687,14.628811300000002,-19.311833499999995,461005.5653854678,7864626.502931716,3,1,False,,,,
osm:3745903695,3745903695,14.616450599999999,-19.312966299999992,459707.30099674274,7864498.326169021,4,1,False,,,,
osm:3746263735,3746263735,14.5511827,-19.266678799999998,452837.4095033675,7869603.748695334,3,1,False,,,,
osm:3746264249,3746264249,14.559246100000001,-19.289394499999993,453691.1244086104,7867092.342623983,3,1,False,,,,
osm:3746264546,3746264546,14.574981400000002,-19.2980376,455346.76024815073,7866140.077828154,3,1,False,,,,
osm:3746264584,3746264584,14.6280565,-19.300543799999993,460923.58939618163,7865875.575553099,3,1,False,,,,
osm:3746264618,3746264618,14.5823638,-19.302849899999995,456123.6626704596,7865609.463888649,3,1,False,,,,
osm:3746264744,3746264744,14.5672751,-19.306834099999993,454539.5401818099,7865164.707775626,3,1,False,,,,
osm:3746264748,3746264748,14.591270600000001,-19.307187000000003,457060.5444143382,7865131.778512791,3,1,False,,,,
osm:3746264773,3746264773,14.575506,-19.307949399999995,455404.56264329934,7865043.434258571,3,1,False,,,,
osm:3746264830,3746264830,14.628850499999999,-19.313724,461010.13167071575,7864417.321534555,3,1,False,,,,
osm:3746264842,3746264842,14.6289155,-19.3163092,461017.5729199043,7864131.274970267,3,1,False,,,,
osm:3746264843,3746264843,14.6288828,-19.3164703,461014.1759415171,7864113.441343538,3,1,False,,,,
osm:3746264844,3746264844,14.629042800000002,-19.3165036,461030.99200154643,7864109.792589908,4,1,False,,,,
osm:3746264849,3746264849,14.6299021,-19.3170864,461121.4001454178,7864045.496882654,3,1,False,,,,
osm:3746264862,3746264862,14.640864899999999,-19.31912029999999,462273.5155400157,7863822.863448096,3,1,False,,,,
osm:3746267469,3746267469,14.623466,-19.435387699999996,460473.8253196737,7850953.503564484,3,1,False,,,,
osm:3746267470,3746267470,14.6233502,-19.436000899999993,460461.81765189953,7850885.623378901,3,1,False,,,,
osm:3748196995,3748196995,14.5947874,-19.24052419999999,457412.78979601,7872509.10265225,3,1,False,,,,
osm:3748197000,3748197000,14.5865011,-19.24145179999999,456542.1449493344,7872404.410515914,3,1,False,,,,
osm:3748197001,3748197001,14.586401500000001,-19.2414627,456531.67992714746,7872403.179499008,3,1,False,,,,
osm:3748197017,3748197017,14.555811300000002,-19.244748500000004,453317.59514644777,7872031.663565455,3,1,False,,,,
osm:3748197023,3748197023,14.5470271,-19.245686800000005,452394.6674191329,7871925.455019795,3,1,False,,,,
osm:3748197251,3748197251,14.5988082,-19.248930099999995,457837.5217765606,7871579.945675845,3,1,False,,,,
osm:3748197271,3748197271,14.603113500000001,-19.249741500000003,458290.1897484962,7871491.200810794,3,1,False,,,,
osm:3748197275,3748197275,14.6031514,-19.249795499999998,458294.18645074783,7871485.23465091,1,1,False,,,,
osm:3748197317,3748197317,14.587161799999999,-19.2509872,456614.09012299194,7871349.454777718,3,1,False,,,,
osm:3748197340,3748197340,14.6005398,-19.2514873,458020.15369061026,7871297.403220637,3,1,False,,,,
osm:3748197349,3748197349,14.603649900000002,-19.2518718,458347.09973515704,7871255.6056074,3,1,False,,,,
osm:3748197370,3748197370,14.587252900000001,-19.253041400000004,456624.20403183496,7871122.173955951,3,1,False,,,,
osm:3748197374,3748197374,14.541767300000002,-19.2531887,451844.06660174084,7871093.894012542,3,1,False,,,,
osm:3748197401,3748197401,14.619659400000002,-19.254498799999997,460030.2131751012,7870968.680910114,1,1,False,,,,
osm:3748197417,3748197417,14.5483638,-19.256011599999997,452538.11988456687,7870783.345155027,3,1,False,,,,
osm:3748197423,3748197423,14.6046454,-19.256278599999998,458452.8288804552,7870768.218641519,4,1,False,,,,
osm:3748197426,3748197426,14.6044621,-19.256328399999997,458433.57848700247,7870762.664277851,3,1,False,,,,
osm:3748197435,3748197435,14.5995268,-19.256744799999993,457915.0356008704,7870715.400161928,3,1,False,,,,
osm:3748197438,3748197438,14.599461600000001,-19.256806400000002,457908.1994847925,7870708.56814036,3,1,False,,,,
osm:3748197450,3748197450,14.595131900000002,-19.257196399999994,457453.2943822116,7870664.3587186765,2,1,False,,,,
osm:3748197469,3748197469,14.5876521,-19.257828399999994,456667.41391595796,7870592.5770763885,3,1,False,,,,
osm:3748197472,3748197472,14.5876548,-19.257865300000006,456667.7073479013,7870588.494648689,3,1,False,,,,
osm:3748197491,3748197491,14.587752800000002,-19.260131299999998,456678.6011253077,7870337.779026478,3,1,False,,,,
osm:3748197512,3748197512,14.587892,-19.2610961,456693.4825911398,7870231.05555095,3,1,False,,,,
osm:3748197528,3748197528,14.6053939,-19.261547599999993,458532.8129692055,7870185.366967659,2,1,False,,,,
osm:3748197537,3748197537,14.5688484,-19.261967199999997,454692.4892169752,7870129.807324663,3,1,False,,,,
osm:3748197566,3748197566,14.569763900000002,-19.262440199999997,454788.82549848675,7870077.706840999,3,1,False,,,,
osm:3748197578,3748197578,14.569411299999999,-19.2626417,454751.8274105932,7870055.318351005,3,1,False,,,,
osm:3748197598,3748197598,14.640803500000002,-19.2635713,462254.33465688,7869969.514038025,2,1,False,,,,
osm:3748197604,3748197604,14.602365600000002,-19.264224500000005,458215.2582041787,7869888.43401891,3,1,False,,,,
osm:3748197612,3748197612,14.571888900000001,-19.264603899999997,455012.72369236546,7869838.837916192,2,1,False,,,,
osm:3748197616,3748197616,14.5568445,-19.264842499999997,453431.8532474114,7869808.470040017,2,1,False,,,,
osm:3748197630,3748197630,14.641595600000002,-19.2653135,462337.9701069616,7869776.906916259,3,1,False,,,,
osm:3748197645,3748197645,14.641750799999999,-19.265708799999995,462354.3693184408,7869733.199561972,3,1,False,,,,
osm:3748197654,3748197654,14.553163599999998,-19.266008999999997,453045.3789155039,7869678.401368458,3,1,False,,,,
osm:3748197668,3748197668,14.5518729,-19.266421299999998,452909.8646854526,7869632.429340462,3,1,False,,,,
osm:3748197669,3748197669,14.551766899999999,-19.266457999999997,452898.7362872333,7869628.3396006785,3,1,False,,,,
osm:3748197720,3748197720,14.6250327,-19.268490599999996,460598.23922933807,7869421.676431657,3,1,False,,,,
osm:3748197737,3748197737,14.6208231,-19.269193399999995,460156.0570316749,7869342.948858853,4,1,False,,,,
osm:3748197769,3748197769,14.605835,-19.270484299999996,458581.4112382495,7869196.599085713,3,1,False,,,,
osm:3748197811,3748197811,14.6066634,-19.271720399999996,458668.76992822834,7869060.018214963,3,1,False,,,,
osm:3748197812,3748197812,14.606490300000003,-19.271724499999998,458650.5816386515,7869059.523314305,3,1,False,,,,
osm:3748197816,3748197816,14.578957,-19.271785300000005,455757.39976752625,7869046.007770695,3,1,False,,,,
osm:3748197819,3748197819,14.6057076,-19.2718769,458568.37395954086,7869042.473155724,4,1,False,,,,
osm:3748197853,3748197853,14.580657600000002,-19.273272099999993,455936.496352615,7868881.920840141,4,1,False,,,,
osm:3748197858,3748197858,14.5964853,-19.273492300000008,457599.71220439934,7868861.497069318,2,1,False,,,,
osm:3748197879,3748197879,14.590876100000001,-19.27446249999999,457010.5570894838,7868752.761530079,3,1,False,,,,
osm:3748197889,3748197889,14.5684955,-19.275035499999998,454658.998090895,7868683.662195484,3,1,False,,,,
osm:3748197919,3748197919,14.5700093,-19.277127400000005,454818.6388066541,7868452.580766356,3,1,False,,,,
osm:3748197928,3748197928,14.5890693,-19.278007399999996,456821.63046118466,7868360.057956779,4,1,False,,,,
osm:3748197931,3748197931,14.5676625,-19.278562100000002,454572.4401386864,7868293.213385465,2,1,False,,,,
osm:3748197943,3748197943,14.5655118,-19.27994580000001,454346.8368062026,7868139.537509859,3,1,False,,,,
osm:3748197952,3748197952,14.6014995,-19.28049800000001,458128.3781924523,7868087.510954194,3,1,False,,,,
osm:3748197953,3748197953,14.6017202,-19.2805173,458151.5729878211,7868085.428588747,3,1,False,,,,
osm:3748198017,3748198017,14.5801792,-19.285847099999998,455889.5929420339,7867490.3316532895,2,1,False,,,,
osm:3748198058,3748198058,14.604269600000002,-19.286591399999995,458420.98236738064,7867413.922389321,4,1,False,,,,
osm:3748198059,3748198059,14.604310900000002,-19.2865918,458425.32187446265,7867413.888026997,3,1,False,,,,
osm:3748198060,3748198060,14.605980500000001,-19.2865979,458600.74887620687,7867413.612355307,3,1,False,,,,
osm:3748198071,3748198071,14.6060551,-19.286624900000003,458608.593908902,7867410.64251871,3,1,False,,,,
osm:3748198089,3748198089,14.605969500000002,-19.286647099999996,458599.60546884034,7867408.165587657,3,1,False,,,,
osm:3748198091,3748198091,14.598744100000001,-19.2866647,457840.4346674338,7867404.477799394,1,1,False,,,,
osm:3748198098,3748198098,14.5977751,-19.286724900000003,457738.63691535126,7867397.580669833,3,1,False,,,,
osm:3748198111,3748198111,14.589792000000001,-19.286885899999998,456899.8916373214,7867377.801208914,3,1,False,,,,
osm:3748198163,3748198163,14.5898707,-19.288586999999996,456908.605738991,7867189.588118893,2,1,False,,,,
osm:3748198173,3748198173,14.5767554,-19.289152499999997,455530.742941521,7867123.702992553,3,1,False,,,,
osm:3748198185,3748198185,14.576509500000002,-19.290170299999996,455505.18146450346,7867011.016636391,4,1,False,,,,
osm:3748198192,3748198192,14.5900518,-19.291014699999998,456928.2687340735,7866920.999581421,3,1,False,,,,
osm:3748198208,3748198208,14.5901857,-19.292418399999995,456942.7043452543,7866765.708472268,1,1,False,,,,
osm:3748198209,3748198209,14.590142,-19.292447299999996,456938.1204844818,7866762.499734048,1,1,False,,,,
osm:3748198217,3748198217,14.590249999999997,-19.293246999999997,456949.67678523756,7866674.036911388,1,1,False,,,,
osm:3748198243,3748198243,14.590370599999998,-19.294858499999997,456962.7690199516,7866495.748643075,3,1,False,,,,
osm:3748198262,3748198262,14.5980061,-19.296106599999998,457765.3144944347,7866359.519542246,3,1,False,,,,
osm:3748198266,3748198266,14.5977765,-19.296290400000004,457741.2388990522,7866339.125483662,3,1,False,,,,
osm:3748198267,3748198267,14.597923000000002,-19.296482299999994,457756.6800536774,7866317.926777215,3,1,False,,,,
osm:3748198287,3748198287,14.6180754,-19.2981702,459874.3836159358,7866135.942096426,3,1,False,,,,
osm:3748198322,3748198322,14.584824799999998,-19.300468299999995,456381.58461107855,7865873.61791894,3,1,False,,,,
osm:3748198429,3748198429,14.6048235,-19.3099491,458485.0723087377,7864829.444932727,4,1,False,,,,
osm:3751333339,3751333339,14.6333337,-19.236119699999996,461462.96379393345,7873005.463989222,3,1,False,,,,
osm:3751333340,3751333340,14.633094600000002,-19.236147599999995,461437.8403605528,7873002.3237847,3,1,False,,,,
osm:3751337414,3751337414,14.6347701,-19.2499453,461617.14667951514,7871475.944681929,3,1,False,,,,
osm:3751337416,3751337416,14.634610400000001,-19.250176499999995,461600.4170480235,7871450.32652742,3,1,False,,,,
osm:3751339962,3751339962,14.642428400000002,-19.260477899999998,462424.3820549937,7870312.159283603,3,1,False,,,,
osm:3751339965,3751339965,14.640238900000002,-19.262127200000005,462194.6728256847,7870129.184748245,3,1,False,,,,
osm:3751339968,3751339968,14.641607300000002,-19.265123100000004,462339.15610297886,7869797.977725176,3,1,False,,,,
osm:3751340005,3751340005,14.6610098,-19.268776700000004,464378.83018265734,7869397.791686877,3,1,False,,,,
osm:3751340127,3751340127,14.6560412,-19.269327300000008,463856.84432399686,7869335.83950017,3,1,False,,,,
osm:3751340154,3751340154,14.657361600000002,-19.2721276,463996.2046895192,7869026.253361516,2,1,False,,,,
osm:3751342425,3751342425,14.671064,-19.257747399999992,465433.02564530255,7870620.242335124,3,1,False,,,,
osm:3751342440,3751342440,14.685588600000003,-19.261506199999996,466960.1408746318,7870207.14912517,3,1,False,,,,
osm:3751353904,3751353904,14.6463319,-19.275495100000004,462837.97248168563,7868651.305794075,2,1,False,,,,
osm:3751353908,3751353908,14.6467139,-19.276317499999998,462878.29714770603,7868560.386706572,3,1,False,,,,
osm:3751354126,3751354126,14.6509892,-19.278703599999993,463328.06168163265,7868297.267104536,3,1,False,,,,
osm:3751354388,3751354388,14.6591319,-19.2703416,464181.8381570234,7869224.245120029,3,1,False,,,,
osm:3751368278,3751368278,14.6045827,-19.3094634,458459.6523039412,7864883.131667479,3,1,False,,,,
osm:3751412125,3751412125,14.6196306,-19.254491300000005,460027.18474689097,7870969.504180174,4,1,False,,,,
osm:3751412153,3751412153,14.604721899999998,-19.256296199999998,458460.872672416,7870766.289443006,4,1,False,,,,
osm:3751412155,3751412155,14.606384400000001,-19.2793948,458641.3785214482,7868210.755137365,3,1,False,,,,
osm:3751422460,3751422460,14.614418300000002,-19.238311499999995,459475.44888976007,7872758.635785616,3,1,False,,,,
osm:3751422467,3751422467,14.600901000000002,-19.239821999999997,458055.14948950754,7872588.289249184,3,1,False,,,,
osm:3751422515,3751422515,14.705573,-19.250347299999994,469058.12006400747,7871445.584761883,1,1,False,,,,
osm:3751422521,3751422521,14.700551,-19.2506955,468530.41139882116,7871406.15393777,4,1,False,,,,
osm:3751433331,3751433331,14.6196809,-19.254380799999996,460032.44404343306,7870981.742883086,3,1,False,,,,
osm:3751433344,3751433344,14.6856547,-19.261486199999997,466967.0830295234,7870209.374743026,3,1,False,,,,
osm:3751433352,3751433352,14.7253031,-19.2623229,471133.70110748196,7870123.857422421,3,1,False,,,,
osm:3751433360,3751433360,14.6911548,-19.263816900000002,467545.5230735913,7869952.514535779,4,1,False,,,,
osm:3751433384,3751433384,14.712511499999998,-19.265810799999997,469790.13650946657,7869735.738535702,4,1,False,,,,
osm:3751433405,3751433405,14.698855500000002,-19.266464999999997,468355.2522319286,7869660.917663019,3,1,False,,,,
osm:3751433433,3751433433,14.7263947,-19.271436199999997,471250.0006481986,7869115.633670164,1,1,False,,,,
osm:3751445766,3751445766,14.7409307,-19.246442800000004,472773.30369369563,7871883.541662551,3,1,False,,,,
osm:3751445767,3751445767,14.741228600000001,-19.246480899999995,472804.6177179026,7871879.372471629,2,1,False,,,,
osm:3751445780,3751445780,14.735111,-19.249685599999996,472162.230108104,7871523.798465632,3,1,False,,,,
osm:3751445809,3751445809,14.7341743,-19.2509036,472063.9958373041,7871388.874338606,3,1,False,,,,
osm:3751447170,3751447170,14.7301145,-19.255536399999997,471638.1393939075,7870875.58903459,3,1,False,,,,
osm:3751447179,3751447179,14.728697500000003,-19.25756790000001,471489.5791659007,7870650.567866307,3,1,False,,,,
osm:3751454967,3751454967,14.7409464,-19.2454206,472774.7851117514,7871996.652227293,3,1,False,,,,
osm:3751454987,3751454987,14.740972600000001,-19.246251699999995,472777.67565511196,7871904.693754469,3,1,False,,,,
osm:3751455014,3751455014,14.7621917,-19.255065799999997,475009.02902053116,7870932.586982521,3,1,False,,,,
osm:3751463029,3751463029,14.764233000000003,-19.257909800000004,475223.97466097935,7870618.186155545,3,1,False,,,,
osm:3751463052,3751463052,14.7725019,-19.263070199999994,476093.6793494684,7870048.33824231,3,1,False,,,,
osm:3751463080,3751463080,14.793515,-19.271248000000003,478302.895649067,7869146.210750995,3,1,False,,,,
osm:3751463126,3751463126,14.798978700000001,-19.278247600000007,478877.91115014243,7868372.367418328,3,1,False,,,,
osm:3751494656,3751494656,14.8628361,-19.235656700000003,485583.94775926456,7873091.636434052,3,1,False,,,,
osm:3751495287,3751495287,14.791617,-19.236034699999998,478098.78329184745,7873042.374007819,3,1,False,,,,
osm:3751495292,3751495292,14.8153468,-19.236382900000006,480592.8520337071,7873006.663594887,3,1,False,,,,
osm:3751497548,3751497548,14.805722199999998,-19.263936500000003,479584.7069296641,7869956.7198608,2,1,False,,,,
osm:3751497550,3751497550,14.805496799999998,-19.2639636,479561.02450945595,7869953.694693518,4,1,False,,,,
osm:3751497597,3751497597,14.792804300000002,-19.2684952,478227.8526839836,7869450.7235165555,3,1,False,,,,
osm:3751507954,3751507954,14.8607641,-19.247352399999993,485367.2147286057,7871797.323043186,3,1,False,,,,
osm:3751508005,3751508005,14.858543100000002,-19.260287099999992,485134.96694835403,7870365.895670339,4,1,False,,,,
osm:3751509736,3751509736,14.884759700000002,-19.2657531,487890.3493782256,7869763.112308713,3,1,False,,,,
osm:3751509996,3751509996,14.858174000000002,-19.275089099999995,485097.5177531409,7868728.003827733,4,1,False,,,,
osm:3751510148,3751510148,14.8582722,-19.277278300000006,485108.0340254057,7868485.774254961,2,1,False,,,,
osm:3751544943,3751544943,14.678593200000002,-19.278995600000005,466228.60742489225,7868270.5592744425,3,1,False,,,,
osm:3754905935,3754905935,14.9306905,-19.250857899999996,492716.1823878522,7871413.845232886,3,1,False,,,,
osm:3754905938,3754905938,14.9270911,-19.2528986,492338.0117545091,7871187.885177362,3,1,False,,,,
osm:3754905959,3754905959,14.9090822,-19.2593241,490445.82938861573,7870476.00512599,2,1,False,,,,
osm:3754905965,3754905965,14.908774400000002,-19.2610448,490413.5839509742,7870285.590939367,3,1,False,,,,
osm:3754905976,3754905976,14.907398200000001,-19.268448999999993,490269.403145068,7869466.231616825,4,1,False,,,,
osm:3754905984,3754905984,14.906486,-19.273490999999993,490173.84962615924,7868908.2770605935,3,1,False,,,,
osm:3754905985,3754905985,14.906551199999997,-19.273717600000005,490180.71413577715,7868883.2071886305,3,1,False,,,,
osm:3754914830,3754914830,14.9107963,-19.249890600000004,490625.4211762673,7871519.924332012,3,1,False,,,,
osm:3754917946,3754917946,14.893067300000002,-19.268363399999995,488763.505099651,7869474.838057355,3,1,False,,,,
osm:3754917967,3754917967,14.8953315,-19.2694993,489001.503361745,7869349.294371425,3,1,False,,,,
osm:3754919600,3754919600,14.9116562,-19.2451278,490715.52181585715,7872046.978460293,2,1,False,,,,
osm:3754919732,3754919732,14.909717900000002,-19.255793000000004,490512.4294256328,7870866.759702608,3,1,False,,,,
osm:3754919782,3754919782,14.896013400000001,-19.267334500000004,489073.0135627241,7869588.875066461,3,1,False,,,,
osm:3754925777,3754925777,14.894781300000002,-19.269365299999997,488943.67967333377,7869364.086683042,3,1,False,,,,
osm:3755009643,3755009643,14.7611727,-19.258423500000003,474902.453882126,7870560.905097294,3,1,False,,,,
osm:3755095958,3755095958,14.980795099999998,-19.219810600000002,497981.35526122875,7874850.589382498,3,1,False,,,,
osm:3755095965,3755095965,14.970383000000002,-19.222135699999995,496886.9735521616,7874593.162505362,3,1,False,,,,
osm:3755095973,3755095973,14.9632535,-19.223729100000003,496137.63291695266,7874416.709135076,3,1,False,,,,
osm:3755095986,3755095986,14.951922500000002,-19.2262602,494946.7264358378,7874136.351315243,3,1,False,,,,
osm:3755095993,3755095993,14.945635600000001,-19.227667900000004,494285.9788362924,7873980.393995849,3,1,False,,,,
osm:3755096000,3755096000,14.9411438,-19.228664699999996,493813.90117897914,7873869.943880223,3,1,False,,,,
osm:3755097737,3755097737,14.9470496,-19.23294389999999,494434.7763627152,7873396.647284847,4,1,False,,,,
osm:3755097752,3755097752,14.913527400000001,-19.2348583,490911.6102820753,7873183.405484572,3,1,False,,,,
osm:3755109032,3755109032,15.076213000000001,-19.2062639,508011.4765551392,7876347.895008415,3,1,False,,,,
osm:3755109038,3755109038,15.0596024,-19.207136299999995,506265.3440932863,7876252.044471217,3,1,False,,,,
osm:3755109046,3755109046,15.0465547,-19.207813000000005,504893.76275939203,7876177.585414927,3,1,False,,,,
osm:3755109071,3755109071,15.0599372,-19.211362999999988,506300.3769696381,7875784.346546367,4,1,False,,,,
osm:3755109075,3755109075,15.0127247,-19.212711,501337.562356294,7875636.225382754,3,1,False,,,,
osm:3755109084,3755109084,15.011392599999999,-19.2143019,501197.5265669626,7875460.201425716,1,1,False,,,,
osm:3755109086,3755109086,15.0038127,-19.2147108,500400.7687650094,7875414.991283518,3,1,False,,,,
osm:3755109087,3755109087,14.9988481,-19.215812099999994,499878.91980330483,7875293.136010484,3,1,False,,,,
osm:3755120015,3755120015,15.089906000000001,-19.205545100000005,509450.9205225239,7876426.744051378,3,1,False,,,,
osm:3755120018,3755120018,15.1020336,-19.207111099999995,510725.6735642985,7876252.763064973,3,1,False,,,,
osm:3755120021,3755120021,15.088577199999998,-19.208203400000002,509311.0873533573,7876132.6737140035,4,1,False,,,,
osm:3755120326,3755120326,15.11462,-19.20879359999999,512048.62257251673,7876065.770712268,3,1,False,,,,
osm:3755120329,3755120329,15.1050651,-19.208984800000003,511044.2171174312,7876045.247870949,3,1,False,,,,
osm:3755120332,3755120332,15.0767807,-19.209468999999995,508070.9965977013,7875993.223306826,4,1,False,,,,
osm:3755120334,3755120334,15.0698217,-19.210246199999993,507339.4490099129,7875907.53375273,1,1,False,,,,
osm:3755120338,3755120338,15.130416999999998,-19.2108564,513709.00244213484,7875836.352512443,3,1,False,,,,
osm:3755120360,3755120360,15.130315500000002,-19.212769500000004,513698.1746524917,7875624.674910609,3,1,False,,,,
osm:3755120378,3755120378,15.1519902,-19.213995600000004,515976.4063456837,7875487.159052306,3,1,False,,,,
osm:3755120380,3755120380,15.114536999999999,-19.214176699999992,512039.5059577574,7875470.133711124,3,1,False,,,,
osm:3755120386,3755120386,15.1149404,-19.214517,512081.8843548069,7875432.4513858715,3,1,False,,,,
osm:3755120392,3755120392,15.1151562,-19.214930199999998,512104.5378109624,7875386.715589455,3,1,False,,,,
osm:3755120405,3755120405,15.084253799999999,-19.2167058,508856.1632468799,7875192.104941575,4,1,False,,,,
osm:3755120437,3755120437,15.186882300000002,-19.221799899999997,519643.1616063234,7874620.036990797,3,1,False,,,,
osm:3755120443,3755120443,15.1920645,-19.2225564,520187.7708279138,7874535.736511644,1,1,False,,,,
osm:3756573123,3756573123,15.3314004,-19.2593473,534825.615861742,7870442.717409228,1,1,False,,,,
osm:3756573124,3756573124,15.3314013,-19.2640469,534824.718195794,7869922.695226853,1,1,False,,,,
osm:3756574040,3756574040,15.3274083,-19.266857699999996,534404.530834875,7869612.469344911,4,1,False,,,,
osm:3756574043,3756574043,15.331396,-19.272519099999997,534822.3719210214,7868985.226385339,1,1,False,,,,
osm:3756574059,3756574059,15.3277441,-19.2762883,534437.8473628985,7868568.883465474,3,1,False,,,,
osm:3756574060,3756574060,15.3278869,-19.276455499999997,534452.8173082791,7868550.35401896,4,1,False,,,,
osm:3756574064,3756574064,15.327686000000002,-19.276632700000004,534431.6704764891,7868530.786257618,3,1,False,,,,
osm:3756574075,3756574075,15.3314013,-19.2772468,534821.9300023782,7868462.093236658,1,1,False,,,,
osm:3756574087,3756574087,15.331377500000002,-19.285590999999997,534817.6658448597,7867538.790304645,1,1,False,,,,
osm:3756574088,3756574088,15.324892100000001,-19.2906941,534135.1846782905,7866975.407655133,3,1,False,,,,
osm:3756574099,3756574099,15.3314183,-19.291919499999995,534820.6146794101,7866838.51635986,1,1,False,,,,
osm:3757049107,3757049107,14.998624799999998,-19.224781800000002,499855.4558094312,7874300.634602455,2,1,False,,,,
osm:3757049595,3757049595,14.9721379,-19.247109800000004,497071.8728280269,7871829.793277187,3,1,False,,,,
osm:3757049597,3757049597,14.9367873,-19.247350999999995,493356.7614112614,7871802.1309646815,3,1,False,,,,
osm:3757049601,3757049601,14.9368072,-19.2476482,493358.8647273252,7871769.246301509,3,1,False,,,,
osm:3757049618,3757049618,14.9367624,-19.247882499999996,493354.16598199384,7871743.319101241,3,1,False,,,,
osm:3757049646,3757049646,14.936586300000002,-19.248233399999997,493335.6732515622,7871704.4849830875,3,1,False,,,,
osm:3757049656,3757049656,14.951476099999999,-19.248436099999992,494900.49143875844,7871682.559975382,4,1,False,,,,
osm:3757049693,3757049693,14.952081699999999,-19.250034100000004,494964.18435370666,7871505.757625964,3,1,False,,,,
osm:3757049695,3757049695,14.969413899999997,-19.250123699999993,496785.6566501298,7871496.254719678,4,1,False,,,,
osm:3757049715,3757049715,14.9698552,-19.252125400000004,496832.0720149028,7871274.773071364,3,1,False,,,,
osm:3757049717,3757049717,14.9721621,-19.2523886,497074.509655395,7871245.6902190745,3,1,False,,,,
osm:3757059989,3757059989,14.983026899999999,-19.233587499999995,498216.0905332128,7873326.192621126,4,1,False,,,,
osm:3757067920,3757067920,14.985404700000002,-19.248342499999996,498466.1395079419,7871693.564359223,3,1,False,,,,
osm:3757068950,3757068950,14.97234,-19.250445299999992,497093.170975848,7871460.720951451,4,1,False,,,,
osm:3757068962,3757068962,14.9859522,-19.251619199999993,498523.7071077153,7871330.999626083,4,1,False,,,,
osm:3757068963,3757068963,14.9870424,-19.25179079999999,498638.2783874379,7871312.020847861,2,1,False,,,,
osm:3757084132,3757084132,15.0309047,-19.20866619999999,503248.64047356934,7876083.5444259215,3,1,False,,,,
osm:3757084168,3757084168,15.0215965,-19.226750399999993,502269.9327290483,7874082.667711942,3,1,False,,,,
osm:3757084195,3757084195,15.005617900000003,-19.229399100000002,500590.46838471154,7873789.718991799,3,1,False,,,,
osm:3757084219,3757084219,15.0144853,-19.240571699999993,501522.3719364466,7872553.410041183,4,1,False,,,,
osm:3757086725,3757086725,15.011705000000001,-19.24165560000001,501230.160680502,7872433.497764366,2,1,False,,,,
osm:3757086745,3757086745,15.007324500000001,-19.24414739999999,500769.7715423468,7872157.803515239,4,1,False,,,,
osm:3757086776,3757086776,15.0000917,-19.246257600000003,500009.63712855347,7871924.324539982,2,1,False,,,,
osm:3757086780,3757086780,15.0076087,-19.246346,500799.6290176397,7871914.525514581,2,1,False,,,,
osm:3757086812,3757086812,15.0205092,-19.247910399999995,502155.3742787959,7871741.313794785,3,1,False,,,,
osm:3757086823,3757086823,15.0324747,-19.2489685,503412.8433190339,7871624.04252013,3,1,False,,,,
osm:3757086834,3757086834,15.0180883,-19.251070800000004,501900.9181218733,7871391.641271625,3,1,False,,,,
osm:3757086839,3757086839,15.0087424,-19.2517378,500918.7441196806,7871317.913000163,3,1,False,,,,
osm:3757086841,3757086841,15.008223100000002,-19.25176959999999,500864.17040082725,7871314.396968156,4,1,False,,,,
osm:3757086869,3757086869,15.008379600000001,-19.252422800000005,500880.61359227856,7871242.119064705,3,1,False,,,,
osm:3757086907,3757086907,14.9862763,-19.253703499999997,498557.78521344037,7871100.372819278,3,1,False,,,,
osm:3757086913,3757086913,15.007478,-19.254210800000006,500785.85577956575,7871044.279690009,3,1,False,,,,
osm:3757427069,3757427069,15.0467667,-19.212826999999994,504915.89889356215,7875622.778603541,3,1,False,,,,
osm:3757427088,3757427088,15.0471563,-19.221429000000004,504956.594001238,7874670.952560959,3,1,False,,,,
osm:3757427095,3757427095,15.047778400000002,-19.221809500000003,505021.97132356593,7874628.8322169725,3,1,False,,,,
osm:3757427099,3757427099,15.047198900000001,-19.222236699999996,504961.0474451988,7874581.578949159,3,1,False,,,,
osm:3757427104,3757427104,15.047506200000003,-19.22791,504993.17617693165,7873953.8165310165,3,1,False,,,,
osm:3757427348,3757427348,15.0491786,-19.239982400000002,505168.5774052374,7872617.948959053,3,1,False,,,,
osm:3757427359,3757427359,15.0481563,-19.2406114,505061.1163211334,7872548.379735192,4,1,False,,,,
osm:3757427378,3757427378,15.048216700000001,-19.241933400000008,505067.4236558727,7872402.097720789,3,1,False,,,,
osm:3757427392,3757427392,15.052121600000001,-19.242385199999994,505477.80147355626,7872351.987291621,3,1,False,,,,
osm:3757427399,3757427399,15.044785699999998,-19.24306019999999,504706.8041582302,7872277.512920687,3,1,False,,,,
osm:3757427404,3757427404,15.0425091,-19.244762300000005,504467.4961977398,7872089.234354487,2,1,False,,,,
osm:3757461565,3757461565,15.0696235,-19.2102395,507318.6151049379,7875908.283452298,1,1,False,,,,
osm:3757461571,3757461571,15.0775986,-19.2142546,508156.73626386264,7875463.656562701,4,1,False,,,,
osm:3757461580,3757461580,15.078301100000001,-19.2146695,508230.55857219786,7875417.714628978,3,1,False,,,,
osm:3757461582,3757461582,15.0781016,-19.214775499999995,508209.58301444224,7875405.995100705,3,1,False,,,,
osm:3757461618,3757461618,15.076425000000002,-19.216368199999994,508033.2711857298,7875229.840328318,3,1,False,,,,
osm:3757466351,3757466351,15.083409499999998,-19.218306899999998,508767.33146394894,7875014.985169264,3,1,False,,,,
osm:3757466372,3757466372,15.0882715,-19.218641,509278.36710976623,7874977.7647988405,3,1,False,,,,
osm:3757466379,3757466379,15.0755698,-19.2187646,507943.2632758077,7874964.716759105,4,1,False,,,,
osm:3757466419,3757466419,15.060807300000002,-19.219537900000002,506391.52273845073,7874879.758641727,4,1,False,,,,
osm:3757466551,3757466551,15.081751599999999,-19.221525799999995,508592.8990450313,7874658.894878789,3,1,False,,,,
osm:3757466566,3757466566,15.094143099999998,-19.222183500000003,509895.32934259356,7874585.461798189,3,1,False,,,,
osm:3757466569,3757466569,15.096092099999998,-19.222255000000004,510100.1834396309,7874577.438313143,3,1,False,,,,
osm:3757466571,3757466571,15.0903913,-19.2222844,509500.97365051234,7874574.506234056,3,1,False,,,,
osm:3757466573,3757466573,15.092197700000002,-19.222290199999996,509690.84302550583,7874573.764855377,4,1,False,,,,
osm:3757466589,3757466589,15.093564600000002,-19.2224584,509834.50712978235,7874555.0767467115,3,1,False,,,,
osm:3757466594,3757466594,15.091515700000002,-19.222490400000005,509619.1467312806,7874551.650447505,3,1,False,,,,
osm:3757466600,3757466600,15.091784300000002,-19.2225334,509647.37658581487,7874546.877604213,4,1,False,,,,
osm:3757466604,3757466604,15.091126900000003,-19.22264270000001,509578.27140258084,7874534.819809772,3,1,False,,,,
osm:3757466609,3757466609,15.0919055,-19.2227487,509660.1032510133,7874523.047811203,1,1,False,,,,
osm:3757466639,3757466639,15.085014599999997,-19.22334920000001,508935.7741422997,7874456.970321802,4,1,False,,,,
osm:3757466653,3757466653,15.0927677,-19.223642699999992,509750.67563456966,7874424.078100168,1,1,False,,,,
osm:3757466672,3757466672,15.0805379,-19.223826900000002,508465.2093073667,7874404.3363719415,4,1,False,,,,
osm:3757466674,3757466674,15.0892334,-19.223865500000002,509379.1777095743,7874399.619415922,3,1,False,,,,
osm:3757466694,3757466694,15.074812300000001,-19.224734199999993,507863.35724578216,7874304.211749107,4,1,False,,,,
osm:3757466700,3757466700,15.0876765,-19.224915100000004,509215.47586031404,7874283.563740189,3,1,False,,,,
osm:3757466867,3757466867,15.082204100000002,-19.2275256,508640.1476532565,7873994.991129531,2,1,False,,,,
osm:3757466876,3757466876,15.0616732,-19.227658100000003,506482.22003543936,7873981.222193824,4,1,False,,,,
osm:3757466894,3757466894,15.0808824,-19.228146099999996,508501.19700388936,7873926.397531703,3,1,False,,,,
osm:3757466895,3757466895,15.0808448,-19.2281535,508497.24464899045,7873925.580553979,3,1,False,,,,
osm:3757466913,3757466913,15.0739686,-19.2304609,507774.408341275,7873670.586874532,4,1,False,,,,
osm:3757466918,3757466918,15.0737727,-19.230931899999995,507753.7963231034,7873618.479168393,1,1,False,,,,
osm:3757467052,3757467052,15.062379100000001,-19.234107899999998,506556.158423439,7873267.521387587,3,1,False,,,,
osm:3757484072,3757484072,15.079693399999998,-19.225583199999992,508376.3562194311,7874210.0416320935,3,1,False,,,,
osm:3757484080,3757484080,15.080956200000001,-19.228596500000002,508508.93061386276,7873876.556883318,3,1,False,,,,
osm:3757484087,3757484087,15.077252200000002,-19.229524100000003,508119.5745888563,7873774.094382016,3,1,False,,,,
osm:3757484090,3757484090,15.0812886,-19.229741699999998,508543.80844401976,7873749.823487144,3,1,False,,,,
osm:3757484094,3757484094,15.0823507,-19.23006970000001,508655.4229538179,7873713.477572111,3,1,False,,,,
osm:3757484104,3757484104,15.076027700000001,-19.232594400000004,507990.7252559689,7873434.4204055,3,1,False,,,,
osm:3757484108,3757484108,15.0816412,-19.233712100000005,508580.6621589097,7873310.478732411,3,1,False,,,,
osm:3757484332,3757484332,15.0747184,-19.235126799999996,507852.99370064115,7873154.268264439,3,1,False,,,,
osm:3757484365,3757484365,15.073819100000001,-19.236352999999998,507758.41855605977,7873018.628742214,2,1,False,,,,
osm:3757484381,3757484381,15.0662198,-19.237649100000002,506959.67401203065,7872875.53594904,3,1,False,,,,
osm:3757484425,3757484425,15.0668308,-19.2408907,507023.7520250037,7872516.825986606,4,1,False,,,,
osm:3757484427,3757484427,15.062924800000001,-19.2412819,506613.2252714342,7872473.692598244,3,1,False,,,,
osm:3757506506,3757506506,15.067776600000002,-19.244133199999997,507123.01343178324,7872158.002394287,2,1,False,,,,
osm:3757506524,3757506524,15.0380508,-19.247435699999997,503998.8861008388,7871793.529158585,3,1,False,,,,
osm:3757513432,3757513432,15.036489799999998,-19.2479385,503834.8236809007,7871737.929120867,3,1,False,,,,
osm:3757513454,3757513454,15.0371882,-19.2487232,503908.20208324183,7871651.0858848775,3,1,False,,,,
osm:3757566273,3757566273,15.113313199999999,-19.214104799999998,511910.87180859136,7875478.173662733,3,1,False,,,,
osm:3757566296,3757566296,15.1152924,-19.2143994,512118.893259382,7875445.43942432,4,1,False,,,,
osm:3757566311,3757566311,15.1149614,-19.2145823,512084.08698703523,7875425.224447802,3,1,False,,,,
osm:3757566322,3757566322,15.113209800000002,-19.2151643,511899.92671263136,7875360.946485949,3,1,False,,,,
osm:3757566324,3757566324,15.115755200000002,-19.215318900000003,512167.4726132005,7875343.663962366,3,1,False,,,,
osm:3757569755,3757569755,15.122596899999998,-19.219693500000005,512886.2898388145,7874859.119511209,4,1,False,,,,
osm:3757569787,3757569787,15.117989400000003,-19.22549400000001,512401.5549269625,7874217.625129094,4,1,False,,,,
osm:3757569802,3757569802,15.118715,-19.2271378,512477.69681472174,7874035.685636027,3,1,False,,,,
osm:3757569818,3757569818,15.091424799999999,-19.2319755,509609.04078858165,7873502.1231487,3,1,False,,,,
osm:3757569866,3757569866,15.083610500000002,-19.239007499999992,508787.35814336705,7872724.440556068,3,1,False,,,,
osm:3757569868,3757569868,15.0836412,-19.239104200000007,508790.57952954544,7872713.739076039,3,1,False,,,,
osm:3757569902,3757569902,15.0679899,-19.247406999999995,507145.2886117772,7871795.745027546,3,1,False,,,,
osm:3757570134,3757570134,15.0767879,-19.25053949999999,508069.74746383383,7871448.746111941,3,1,False,,,,
osm:3757585449,3757585449,15.1351211,-19.211470199999994,514203.429836861,7875768.05815854,3,1,False,,,,
osm:3757585465,3757585465,15.1334206,-19.2139548,514024.4686429215,7875493.2735590795,3,1,False,,,,
osm:3757585522,3757585522,15.1427944,-19.22247759999999,515009.02089016535,7874549.438281022,3,1,False,,,,
osm:3757590427,3757590427,15.1280194,-19.223324799999993,513455.9597134959,7874456.903380418,3,1,False,,,,
osm:3757590442,3757590442,15.1298427,-19.224561399999995,513647.5026642645,7874319.930725949,3,1,False,,,,
osm:3757590450,3757590450,15.116350300000002,-19.2275551,512229.12074803293,7873989.678997998,3,1,False,,,,
osm:3757590463,3757590463,15.115049100000002,-19.229066899999996,512092.2459837185,7873822.488202879,3,1,False,,,,
osm:3757590464,3757590464,15.115154599999999,-19.2290842,512103.3333153526,7873820.566608913,4,1,False,,,,
osm:3757590482,3757590482,15.138606,-19.230430099999996,514568.0793748807,7873669.843984413,4,1,False,,,,
osm:3757590520,3757590520,15.1428753,-19.233607000000003,515016.5129205218,7873317.954253431,3,1,False,,,,
osm:3757590635,3757590635,15.110352700000002,-19.2369848,511598.07409138733,7872946.686375711,3,1,False,,,,
osm:3757608269,3757608269,15.137802399999998,-19.232002499999997,514483.47964013345,7873495.92373413,4,1,False,,,,
osm:3757608309,3757608309,15.129014900000001,-19.2364569,513559.5179707236,7873003.749056989,1,1,False,,,,
osm:3757608310,3757608310,15.129584800000002,-19.236502299999998,513619.41102735477,7872998.680974029,3,1,False,,,,
osm:3757608435,3757608435,15.134880199999998,-19.237786300000003,514175.85014768917,7872856.182051498,3,1,False,,,,
osm:3757608438,3757608438,15.1340084,-19.239396099999997,514084.0869396598,7872678.127076562,3,1,False,,,,
osm:3757608640,3757608640,15.152599599999999,-19.2567574,516036.31161438115,7870755.470087486,3,1,False,,,,
osm:3757608659,3757608659,15.1633249,-19.262149700000002,517162.8479716909,7870157.780451693,3,1,False,,,,
osm:3757608664,3757608664,15.164156999999998,-19.262567799999996,517250.2449013408,7870111.434704954,3,1,False,,,,
osm:3757841062,3757841062,15.167368600000001,-19.242067799999997,517589.91769100266,7872379.462134078,3,1,False,,,,
osm:3757841074,3757841074,15.169343599999998,-19.2427211,517797.4140891067,7872306.9727778165,1,1,False,,,,
osm:3757841088,3757841088,15.1727897,-19.243728600000004,518159.4770767577,7872195.135405758,3,1,False,,,,
osm:3757841103,3757841103,15.167258600000002,-19.24470309999999,517578.0764546907,7872087.874445766,3,1,False,,,,
osm:3757841105,3757841105,15.167549700000002,-19.244794100000004,517608.6600314659,7872077.775733057,3,1,False,,,,
osm:3757841108,3757841108,15.1719698,-19.245406699999997,518073.1251073997,7872009.5371985175,3,1,False,,,,
osm:3757841109,3757841109,15.1725094,-19.24565639999999,518129.8069550004,7871981.851417525,1,1,False,,,,
osm:3757841112,3757841112,15.1711609,-19.2459222,517988.05758822727,7871952.580444902,4,1,False,,,,
osm:3757841114,3757841114,15.172713,-19.246098400000005,518151.15567143826,7871932.922364088,3,1,False,,,,
osm:3757842373,3757842373,15.1740913,-19.261658299999993,518294.28244380513,7870211.055532824,3,1,False,,,,
osm:3757842376,3757842376,15.1739774,-19.2619192,518282.2843821668,7870182.198591117,3,1,False,,,,
osm:3757842384,3757842384,15.1809388,-19.2645126,519013.520778412,7869894.487834841,4,1,False,,,,
osm:3757868696,3757868696,15.154818999999998,-19.227261699999996,516272.4496363418,7874018.992988268,4,1,False,,,,
osm:3757873398,3757873398,15.185438299999998,-19.235452800000008,519489.7723537264,7873109.492366793,3,1,False,,,,
osm:3757873536,3757873536,15.1782015,-19.248875499999997,518727.6522444947,7871625.050703488,3,1,False,,,,
osm:3757910553,3757910553,15.1866573,-19.230136599999998,519618.52223872306,7873697.598431505,3,1,False,,,,
osm:3757910564,3757910564,15.187713299999999,-19.23120919999999,519729.38483122265,7873578.794705087,3,1,False,,,,
osm:3757910578,3757910578,14.9253513,-19.274343399999996,492156.1962356448,7868814.91821738,1,11,False,,,,
osm:3757910581,3757910581,14.927945600000001,-19.274411999999995,492428.79875820724,7868807.442746151,3,11,False,,,,
osm:3758588594,3758588594,14.9225897,-19.274262800000006,491866.0136125314,7868823.709597517,3,1,False,,,,
osm:3758588607,3758588607,14.9219958,-19.278259499999994,491803.80753960146,7868381.442027979,3,1,False,,,,
osm:3758709873,3758709873,14.9294355,-19.274473999999998,492585.35461361863,7868800.64669082,3,11,False,,,,
osm:3758833065,3758833065,15.083472200000001,-19.239159899999997,508772.81488439045,7872707.584363992,3,1,False,,,,
osm:3758833096,3758833096,15.0827633,-19.2445891,508698.02443563606,7872106.87471007,3,1,False,,,,
osm:3779901162,3779901162,15.1918534,-19.243365199999992,520163.0424514631,7872233.244787708,3,1,False,,,,
osm:3779901194,3779901194,15.174727499999998,-19.243731299999993,518363.1319722025,7872194.633088393,3,1,False,,,,
osm:3779901210,3779901210,15.188633399999999,-19.249676500000003,519823.8741797934,7871535.262030307,4,1,False,,,,
osm:3779901216,3779901216,15.202436400000002,-19.256731699999996,521273.5550787714,7870752.962311141,3,1,False,,,,
osm:3779901238,3779901238,15.157532600000001,-19.259254999999992,516554.4586862658,7870478.644879403,3,1,False,,,,
osm:3779901281,3779901281,15.1813634,-19.263725599999994,519058.22991430823,7869981.523947121,3,1,False,,,,
osm:3779927863,3779927863,15.197452100000001,-19.232608100000004,520752.7973157205,7873422.871650774,3,1,False,,,,
osm:3779927914,3779927914,15.175112600000002,-19.2437696,518403.60020732414,7872190.354426298,3,1,False,,,,
osm:3782310063,3782310063,15.221906899999999,-19.256538500000005,523319.69817368133,7870771.841282401,1,1,False,,,,
osm:3782310070,3782310070,15.2227022,-19.25711939999999,523403.1923988572,7870707.456858769,3,1,False,,,,
osm:3782310108,3782310108,15.222290400000002,-19.258181600000004,523359.7668453044,7870589.97821168,1,1,False,,,,
osm:3782310134,3782310134,15.2078461,-19.260564399999996,521841.5419665468,7870328.1971112825,3,1,False,,,,
osm:3782310136,3782310136,15.206610000000001,-19.260642299999997,521711.6354944775,7870319.732334552,3,1,False,,,,
osm:3782310150,3782310150,15.2159379,-19.261416499999996,522691.7560066408,7870232.873594094,3,1,False,,,,
osm:3782310162,3782310162,15.2172035,-19.26156129999999,522824.7315878145,7870216.685414938,4,1,False,,,,
osm:3782326657,3782326657,15.2250249,-19.253371399999995,523647.81699773937,7871121.864267984,3,1,False,,,,
osm:3782326658,3782326658,15.2251812,-19.253372300000002,523664.2424677372,7871121.743402095,3,1,False,,,,
osm:3782326659,3782326659,15.2260072,-19.253384899999997,523751.0451655183,7871120.236491494,3,1,False,,,,
osm:3782326675,3782326675,15.2243516,-19.2540612,523576.9612096927,7871045.628354003,3,1,False,,,,
osm:3782326676,3782326676,15.2248919,-19.254064100000004,523633.74079334387,7871045.234060288,3,1,False,,,,
osm:3782326678,3782326678,15.224322699999998,-19.254216599999996,523573.9019153457,7871028.437029877,3,1,False,,,,
osm:3782326681,3782326681,15.2243382,-19.2543175,523575.51638958364,7871017.2701887395,3,1,False,,,,
osm:3782326685,3782326685,15.2244054,-19.2546761,523582.5271616672,7870977.581434039,3,1,False,,,,
osm:3782326695,3782326695,15.223831,-19.2551778,523522.0923104093,7870922.1454298105,3,1,False,,,,
osm:3782326711,3782326711,15.2240189,-19.255433600000007,523541.80204663577,7870893.815319231,4,1,False,,,,
osm:3782326712,3782326712,15.2244054,-19.255442000000002,523582.41770081484,7870892.833429677,3,1,False,,,,
osm:3782326729,3782326729,15.223557600000001,-19.255769300000004,523493.2767467129,7870856.732043887,3,1,False,,,,
osm:3782326773,3782326773,15.223083400000002,-19.256581499999992,523443.3282998516,7870766.924924929,3,1,False,,,,
osm:3782326804,3782326804,15.2133791,-19.2581243,522423.3119508608,7870597.492848691,3,1,False,,,,
osm:3782326811,3782326811,15.212667499999998,-19.258688799999998,522348.4554925786,7870535.121778632,3,1,False,,,,
osm:3782326826,3782326826,15.2325046,-19.259484499999992,524432.9550951854,7870444.405126073,3,1,False,,,,
osm:3782326867,3782326867,15.1980757,-19.260212199999998,520814.858998539,7870368.368277147,3,1,False,,,,
osm:3782326902,3782326902,15.2245267,-19.260933899999994,523594.3795439366,7870285.129629238,4,1,False,,,,
osm:3782326940,3782326940,15.223593900000001,-19.2633278,523496.0148846719,7870020.367196668,1,1,False,,,,
osm:3784578905,3784578905,15.212354799999998,-19.250846800000005,522316.6554269033,7871402.890676625,3,1,False,,,,
osm:3784578910,3784578910,15.2208755,-19.251657600000005,523211.99680025445,7871312.058285084,3,1,False,,,,
osm:3784578926,3784578926,15.219952800000002,-19.2553999,523114.5048961084,7870898.090239197,3,1,False,,,,
osm:3784578940,3784578940,15.222675299999999,-19.256265300000003,523400.4866719243,7870801.967959479,3,1,False,,,,
osm:3784602481,3784602481,15.2674266,-19.233907000000002,528107.1389897871,7873269.318128506,3,1,False,,,,
osm:3784602504,3784602504,15.265082700000002,-19.2362775,527860.3886205291,7873007.39575577,4,1,False,,,,
osm:3784602531,3784602531,15.2630603,-19.238371199999996,527647.481236277,7872776.047342509,3,1,False,,,,
osm:3784611835,3784611835,15.1940324,-19.222968899999998,520394.56520617846,7874489.86353007,1,1,False,,,,
osm:3784611858,3784611858,15.201588799999998,-19.2246142,521188.603018908,7874306.906578576,4,1,False,,,,
osm:3784611886,3784611886,15.2252892,-19.226769299999997,523679.40636540484,7874065.386588403,3,1,False,,,,
osm:3784611891,3784611891,15.225177699999998,-19.227025599999997,523667.6502156753,7874037.0418591965,5,1,False,,,,
osm:3784611917,3784611917,15.2116609,-19.227945999999992,522246.8169007323,7873936.982110219,4,1,False,,,,
osm:3784611961,3784611961,15.204460700000002,-19.228612899999998,521489.9438424436,7873864.093943816,3,1,False,,,,
osm:3784612081,3784612081,15.2521639,-19.234038999999996,526502.965197978,7873257.108289802,3,1,False,,,,
osm:3784612085,3784612085,15.2528889,-19.2341082,526579.1535045012,7873249.340572562,3,1,False,,,,
osm:3784612089,3784612089,15.2536641,-19.234218099999993,526660.6113324523,7873237.061328052,3,1,False,,,,
osm:3784612138,3784612138,15.2630603,-19.2358966,527647.8954510582,7873049.865695149,4,1,False,,,,
osm:3784612167,3784612167,15.2620826,-19.237748399999997,527544.8288469267,7872845.1163011305,4,1,False,,,,
osm:3784612235,3784612235,15.246828699999998,-19.241181600000004,525941.0996739534,7872467.57358886,4,1,False,,,,
osm:3784636306,3784636306,15.260815900000003,-19.249679899999997,527409.7174180121,7871525.076606494,3,1,False,,,,
osm:3784636319,3784636319,15.2486656,-19.250895100000005,526132.6167523832,7871392.484463802,3,1,False,,,,
osm:3784636338,3784636338,15.271578199999999,-19.251867400000002,528540.3794996177,7871281.293371705,3,1,False,,,,
osm:3784636349,3784636349,15.271755700000002,-19.252331100000003,528558.9529898163,7871229.954967757,3,1,False,,,,
osm:3784636367,3784636367,15.2646742,-19.252591499999998,527814.7062226582,7871202.289964836,3,1,False,,,,
osm:3784636381,3784636381,15.269151199999998,-19.2529857,528285.130891414,7871157.948316406,3,1,False,,,,
osm:3784636419,3784636419,15.250852,-19.253695,526361.9424929841,7871082.340642823,3,1,False,,,,
osm:3784636441,3784636441,15.264530400000002,-19.253690600000002,527799.4089935056,7871080.695623223,3,1,False,,,,
osm:3784636455,3784636455,15.2631125,-19.253976399999992,527650.3536527985,7871049.297597771,3,1,False,,,,
osm:3784636462,3784636462,15.260904300000002,-19.253889799999996,527418.3082010387,7871059.229975142,4,1,False,,,,
osm:3784636479,3784636479,15.2683133,-19.254567799999997,528196.8050391315,7870983.0222905995,3,1,False,,,,
osm:3784669171,3784669171,15.305449500000002,-19.2316319,532103.9016408371,7873514.480537255,1,1,False,,,,
osm:3784669176,3784669176,15.295762699999997,-19.2395053,531084.2933267278,7872645.034272438,1,1,False,,,,
osm:3784669198,3784669198,15.278919499999999,-19.239564199999993,529314.0720659075,7872641.442269013,3,1,False,,,,
osm:3784669221,3784669221,15.293731100000002,-19.240170800000012,530870.6488034046,7872571.757435583,3,1,False,,,,
osm:3784669227,3784669227,15.278337600000002,-19.2400632,529252.8263740664,7872586.325071155,4,1,False,,,,
osm:3784669246,3784669246,15.2924873,-19.240405999999997,530739.8828201749,7872545.952498834,4,1,False,,,,
osm:3784669254,3784669254,15.2920008,-19.240607599999997,530688.7147424935,7872523.731035091,3,1,False,,,,
osm:3784671363,3784671363,15.292508200000002,-19.240756799999996,530742.01408321,7872507.132145184,4,1,False,,,,
osm:3784671365,3784671365,15.2924991,-19.240806999999997,530741.0483403602,7872501.579032717,3,1,False,,,,
osm:3784671386,3784671386,15.292586200000002,-19.241198599999997,530750.1295121366,7872458.232375317,4,1,False,,,,
osm:3784671398,3784671398,15.292163700000001,-19.241417999999996,530705.6846443919,7872434.030037053,4,1,False,,,,
osm:3784671418,3784671418,15.2896929,-19.241839300000006,530445.9302265692,7872387.84695996,3,1,False,,,,
osm:3784671430,3784671430,15.290264,-19.2420484,530505.9130469782,7872364.609553417,4,1,False,,,,
osm:3784671457,3784671457,15.2917224,-19.242368400000004,530659.1283260143,7872328.9444188755,3,1,False,,,,
osm:3784671467,3784671467,15.284812399999998,-19.2425547,529932.8700041467,7872309.534163536,1,1,False,,,,
osm:3784671477,3784671477,15.2857736,-19.2426281,530033.8763505217,7872301.246545402,3,1,False,,,,
osm:3784671496,3784671496,15.294421099999997,-19.2427996,530942.6745623949,7872280.753209829,3,1,False,,,,
osm:3784671520,3784671520,15.292609,-19.242941900000005,530752.2010915711,7872265.328992554,3,1,False,,,,
osm:3784671544,3784671544,15.292675999999998,-19.243164700000005,530759.2011049894,7872240.663906911,1,1,False,,,,
osm:3784671641,3784671641,15.281027800000002,-19.245362499999995,529534.6158866273,7871999.493409873,3,1,False,,,,
osm:3784671650,3784671650,15.278431,-19.245539799999992,529261.6720718576,7871980.314036455,2,1,False,,,,
osm:3784671654,3784671654,15.266597500000001,-19.245602800000004,528018.0139073844,7871975.292721521,4,1,False,,,,
osm:3784671686,3784671686,15.284151,-19.246002700000002,529862.734888946,7871928.120502269,3,1,False,,,,
osm:3784671727,3784671727,15.263634400000003,-19.246542800000004,527706.4479735041,7871871.755109794,3,1,False,,,,
osm:3784671747,3784671747,15.279527199999999,-19.247270300000007,529376.5698581741,7871788.646211823,3,1,False,,,,
osm:3784671864,3784671864,15.275443899999999,-19.2482263,528947.2701608504,7871683.548221385,2,1,False,,,,
osm:3784671891,3784671891,15.2656659,-19.249012799999996,527919.5302915133,7871598.120318279,3,1,False,,,,
osm:3784671910,3784671910,15.262372399999999,-19.249321,527573.354284793,7871564.543279611,3,1,False,,,,
osm:3784672002,3784672002,15.263351900000002,-19.253671299999993,527675.5633808952,7871083.019335806,3,1,False,,,,
osm:3784692645,3784692645,15.2728957,-19.220389300000004,528684.303237755,7874764.179178352,3,1,False,,,,
osm:3784692656,3784692656,15.2723948,-19.220636399999997,528631.6100988275,7874736.919689674,4,1,False,,,,
osm:3784694258,3784694258,15.2723408,-19.2206646,528625.9292041225,7874733.808202164,3,1,False,,,,
osm:3784694259,3784694259,15.271203700000001,-19.220690600000008,528506.40265087,7874731.117904598,4,1,False,,,,
osm:3784694262,3784694262,15.2709493,-19.220718799999997,528479.6574812599,7874728.039183999,3,1,False,,,,
osm:3784694314,3784694314,15.270795,-19.221748699999992,528463.2614935249,7874614.104524536,4,1,False,,,,
osm:3784694339,3784694339,15.246317000000001,-19.222059799999997,525890.3171572894,7874583.503439151,3,1,False,,,,
osm:3784694344,3784694344,15.2469411,-19.22208529999999,525955.9124655118,7874580.5888659395,3,1,False,,,,
osm:3784694459,3784694459,15.2464868,-19.222487399999995,525908.0978638257,7874536.16368615,3,1,False,,,,
osm:3784694512,3784694512,15.2776473,-19.22562449999999,529182.8268424284,7874184.106526112,3,1,False,,,,
osm:3784694784,3784694784,15.270108900000002,-19.2319343,528389.3953892441,7873487.164811974,3,1,False,,,,
osm:3784694789,3784694789,15.2700532,-19.2322011,528383.4952548734,7873457.6520685945,3,1,False,,,,
osm:3784694844,3784694844,15.269164099999998,-19.237018199999998,528289.222402957,7872924.777218347,4,1,False,,,,
osm:3784694846,3784694846,15.283075800000002,-19.2370554,529751.3484213147,7872918.339360377,4,1,False,,,,
osm:3784695057,3784695057,15.2838175,-19.237442199999997,529829.2319531564,7872875.412216584,3,1,False,,,,
osm:3784695062,3784695062,15.2841699,-19.2375178,529866.2557779938,7872866.986459216,3,1,False,,,,
osm:3784695091,3784695091,15.2862173,-19.238132799999992,530081.3269097859,7872798.582729675,3,1,False,,,,
osm:3784695105,3784695105,15.2775097,-19.238510300000005,529166.0891438756,7872758.295164406,4,1,False,,,,
osm:3784695127,3784695127,15.2898791,-19.241637500000003,530465.5366990858,7872410.143877549,3,1,False,,,,
osm:3784773476,3784773476,15.3043659,-19.195309499999997,531997.0365566257,7877533.81140106,3,1,False,,,,
osm:3784773494,3784773494,15.2911316,-19.199075299999997,530605.0500490762,7877119.497990236,3,1,False,,,,
osm:3784773516,3784773516,15.316504799999999,-19.201735700000004,533271.8795527308,7876820.469326098,3,1,False,,,,
osm:3784773531,3784773531,15.275547600000001,-19.203516399999998,528966.0030631359,7876630.749102058,3,1,False,,,,
osm:3784773539,3784773539,15.273909200000002,-19.203983400000002,528793.6895472497,7876579.346615544,3,1,False,,,,
osm:3784773665,3784773665,15.288592999999999,-19.205655099999998,530336.9731581064,7876391.878361961,3,1,False,,,,
osm:3784773732,3784773732,15.2816601,-19.2081841,529607.7276055973,7876113.234213321,4,1,False,,,,
osm:3784773746,3784773746,15.2874732,-19.208439700000007,530218.7501084884,7876083.953205327,3,1,False,,,,
osm:3784773801,3784773801,15.316016899999997,-19.210142199999993,533218.9019411014,7875890.369823396,3,1,False,,,,
osm:3784773818,3784773818,15.315384400000001,-19.210502499999997,533152.3423926632,7875850.622578903,3,1,False,,,,
osm:3784773825,3784773825,15.3155009,-19.210698799999992,533164.5492944747,7875828.879476315,4,1,False,,,,
osm:3784773831,3784773831,15.249695500000001,-19.2108852,526247.2057994979,7875819.480502274,3,1,False,,,,
osm:3784773833,3784773833,15.315402100000002,-19.210903,533154.1227117442,7875806.303224991,3,1,False,,,,
osm:3784773834,3784773834,15.2741659,-19.210972799999997,528819.4568342898,7875805.918083235,3,1,False,,,,
osm:3784773847,3784773847,15.3159606,-19.211218599999995,533212.7676575287,7875771.275127212,3,1,False,,,,
osm:3784773872,3784773872,15.272542599999998,-19.211623199999995,528648.7069807086,7875734.218345577,4,1,False,,,,
osm:3784773873,3784773873,15.2740451,-19.21164810000001,528806.6410379478,7875731.215230538,4,1,False,,,,
osm:3784773890,3784773890,15.315903400000002,-19.212191200000003,533206.5596731065,7875663.666230975,3,1,False,,,,
osm:3784773906,3784773906,15.2946876,-19.2129428,530976.2789231634,7875584.410945842,3,1,False,,,,
osm:3784773924,3784773924,15.2951523,-19.2134346,531025.0342538245,7875529.909790132,3,1,False,,,,
osm:3784773942,3784773942,15.2854921,-19.213641899999992,530009.5546956194,7875508.665025987,3,1,False,,,,
osm:3784773951,3784773951,15.294493,-19.213800100000004,530955.6628189,7875489.584019287,4,1,False,,,,
osm:3784773969,3784773969,15.294418,-19.213930900000005,530947.7546556991,7875475.124135067,3,1,False,,,,
osm:3784773997,3784773997,15.2860073,-19.214677899999998,530063.5220702047,7875393.941237168,3,1,False,,,,
osm:3784774039,3784774039,15.228734600000001,-19.216865799999994,524042.98281809216,7875160.7477726005,3,1,False,,,,
osm:3784774053,3784774053,15.2625039,-19.217065500000004,527592.5606689515,7875133.642177911,3,1,False,,,,
osm:3784774165,3784774165,15.246905699999997,-19.217130799999993,525952.969265803,7875128.81571568,4,1,False,,,,
osm:3784774233,3784774233,15.2229239,-19.218500199999998,523431.96856661903,7874980.692047666,3,1,False,,,,
osm:3784774251,3784774251,15.230831999999998,-19.21927519999999,524263.09423438343,7874893.853943504,4,1,False,,,,
osm:3784774291,3784774291,15.2457351,-19.220413799999996,525829.4106673553,7874765.7218682,3,1,False,,,,
osm:3784774303,3784774303,15.223425100000002,-19.220759599999997,523484.3299647206,7874730.61941845,4,1,False,,,,
osm:3784774355,3784774355,15.236345099999998,-19.2232455,524841.9903156733,7874453.757802843,3,1,False,,,,
osm:3784799785,3784799785,15.2943692,-19.214439399999993,530942.5298697946,7875418.866512919,3,1,False,,,,
osm:3784799824,3784799824,15.3154802,-19.219781400000002,533160.5520854976,7874823.878284955,3,1,False,,,,
osm:3784799856,3784799856,15.3095734,-19.222659099999998,532539.1090995113,7874506.570691574,3,1,False,,,,
osm:3784799857,3784799857,15.315298100000001,-19.222697099999998,533140.8266525615,7874501.285601254,3,1,False,,,,
osm:3784799910,3784799910,15.296796200000001,-19.227951499999996,531195.0952657989,7873923.297616494,3,1,False,,,,
osm:3784799939,3784799939,15.314574,-19.2351181,533062.2310170023,7873127.016623443,3,1,False,,,,
osm:3784799949,3784799949,15.292884400000002,-19.236477999999998,530782.3496812978,7872980.522501846,3,1,False,,,,
osm:3784799969,3784799969,15.313905099999998,-19.246249699999996,532989.7041722558,7871895.409922283,3,1,False,,,,
osm:3784799973,3784799973,15.3139586,-19.246384699999997,532995.2997911408,7871880.461738968,3,1,False,,,,
osm:3784799984,3784799984,15.331389200000002,-19.246869499999995,534827.0721422139,7871823.416833906,1,1,False,,,,
osm:3784799991,3784799991,15.308218199999999,-19.248041999999995,532391.6859054203,7871698.157877089,3,1,False,,,,
osm:3784799996,3784799996,15.312449400000002,-19.249643,532836.0418868819,7871520.209904064,3,1,False,,,,
osm:3784849394,3784849394,15.2944858,-19.2108909,530955.4504435703,7875811.492629681,3,1,False,,,,
osm:3784849397,3784849397,15.1133814,-19.2150331,511917.97373601975,7875375.4520989945,3,1,False,,,,
osm:3784849443,3784849443,15.1064347,-19.226378700000005,511187.0098139371,7874120.515713294,4,1,False,,,,
osm:3784855559,3784855559,15.095116299999999,-19.2290759,509997.2050294589,7873822.757821675,3,1,False,,,,
osm:3784855574,3784855574,15.224652800000001,-19.230493999999997,523611.9839771124,7873653.3305189675,3,1,False,,,,
osm:3784855607,3784855607,15.1022571,-19.2330734,510747.4798724086,7873380.005864071,4,1,False,,,,
osm:3784855623,3784855623,15.255958299999998,-19.234642199999993,526901.6686011261,7873189.78076517,3,1,False,,,,
osm:3784855658,3784855658,15.219675,-19.237543900000002,523087.8082774586,7872873.9184895335,3,1,False,,,,
osm:3784855682,3784855682,15.110583199999999,-19.23798909999999,511622.22900863586,7872835.544379825,3,1,False,,,,
osm:3784855762,3784855762,15.2250043,-19.243889999999997,523647.0103808657,7872170.997756144,3,1,False,,,,
osm:3784855796,3784855796,15.2289236,-19.2453208,524058.70562777465,7872012.139911102,3,1,False,,,,
osm:3784855850,3784855850,15.2197097,-19.247296999999993,523090.09139481647,7871794.7202331405,3,1,False,,,,
osm:3784855899,3784855899,15.2256848,-19.253379700000004,523717.1648321502,7871120.855917551,3,1,False,,,,
osm:3784855920,3784855920,15.156983599999998,-19.258976100000005,516496.79429015063,7870509.557738259,3,1,False,,,,
osm:3784855936,3784855936,15.2083221,-19.260900599999996,521891.51806119474,7870290.936151592,3,1,False,,,,
osm:3784855944,3784855944,15.215726,-19.261578299999996,522669.46625207545,7870214.997843472,3,1,False,,,,
osm:3784856061,3784856061,15.206814500000002,-19.268374199999993,521732.1065884067,7869464.160116313,3,1,False,,,,
osm:3784918504,3784918504,15.295292200000002,-19.243039999999993,531034.179718307,7872253.997225033,3,1,False,,,,
osm:3784918525,3784918525,15.287363200000001,-19.2447135,530200.557801156,7872070.217863242,3,1,False,,,,
osm:3784918534,3784918534,15.286523999999998,-19.245170599999998,530112.2777699758,7872019.784500118,3,1,False,,,,
osm:3784918544,3784918544,15.302588399999998,-19.245528300000004,531800.5111593299,7871977.343403397,3,1,False,,,,
osm:3784920302,3784920302,15.298876900000002,-19.247149799999995,531410.1399513116,7871798.596132069,3,1,False,,,,
osm:3784920310,3784920310,15.2983851,-19.2473308,531358.4200183537,7871778.6569333365,3,1,False,,,,
osm:3784920461,3784920461,15.3114272,-19.24968790000001,532728.6067479778,7871515.434448997,3,1,False,,,,
osm:3784920471,3784920471,15.3114124,-19.249871199999998,532727.0150248478,7871495.154709505,3,1,False,,,,
osm:3784920505,3784920505,15.3102505,-19.250304999999997,532604.8217582514,7871447.37223902,1,1,False,,,,
osm:3784920514,3784920514,15.3111957,-19.2505131,532704.114178002,7871424.167930542,3,1,False,,,,
osm:3784920550,3784920550,15.308259100000003,-19.250925800000005,532395.4182549983,7871379.051864404,3,1,False,,,,
osm:3784920555,3784920555,15.313235,-19.251092900000003,532918.3139073935,7871359.62679629,3,1,False,,,,
osm:3784920565,3784920565,15.279685300000002,-19.251658899999992,529392.4037866094,7871303.01286429,3,1,False,,,,
osm:3784920575,3784920575,15.2738714,-19.251928600000003,528781.3645669977,7871274.143245447,3,1,False,,,,
osm:3784920597,3784920597,15.314883400000001,-19.2522313,533091.3197307942,7871233.34732604,3,1,False,,,,
osm:3784920602,3784920602,15.313823600000001,-19.252286700000003,532979.9326473074,7871227.418684822,3,1,False,,,,
osm:3784920652,3784920652,15.2794275,-19.253997399999992,529364.8950455087,7871044.297056726,3,1,False,,,,
osm:3784920658,3784920658,15.2684616,-19.254213100000005,528212.4504870181,7871022.246412462,3,1,False,,,,
osm:3784920662,3784920662,15.2683656,-19.254439500000004,528202.323158977,7870997.210428993,3,1,False,,,,
osm:3784920678,3784920678,15.316003300000002,-19.255829400000003,533208.2876506513,7870834.99609606,3,1,False,,,,
osm:3784920687,3784920687,15.268535399999998,-19.256207399999994,528219.8650487483,7870801.561507936,3,1,False,,,,
osm:3784920712,3784920712,15.2689667,-19.257201000000002,528265.0195760125,7870691.547726728,3,1,False,,,,
osm:3784920713,3784920713,15.317453700000002,-19.257226099999993,533360.426715705,7870680.170274621,3,1,False,,,,
osm:3784920719,3784920719,15.312111800000002,-19.25748799999999,532799.0031362729,7870652.207669317,3,1,False,,,,
osm:3784920814,3784920814,15.282938299999998,-19.262931400000003,529732.235438639,7870055.135348592,1,1,False,,,,
osm:3784920833,3784920833,15.279442100000002,-19.2632592,529364.7807401288,7870019.4584697,1,1,False,,,,
osm:3784920837,3784920837,15.323394599999999,-19.2633466,533983.4854926232,7870001.771276254,3,1,False,,,,
osm:3784920853,3784920853,15.283777000000002,-19.263538099999998,529820.2601048888,7869987.858967923,1,1,False,,,,
osm:3784920892,3784920892,15.2834053,-19.264155299999995,529781.0888931054,7869919.628317473,1,1,False,,,,
osm:3784920907,3784920907,15.2832353,-19.264305199999992,529763.1976102696,7869903.070722101,3,1,False,,,,
osm:3784920934,3784920934,15.2824451,-19.2644798,529680.1291194694,7869883.886119526,1,1,False,,,,
osm:3784920958,3784920958,15.2832764,-19.2645592,529767.4707004634,7869874.9580602385,3,1,False,,,,
osm:3784920972,3784920972,15.2835603,-19.264594399999993,529797.2975326173,7869871.014419379,3,1,False,,,,
osm:3784921012,3784921012,15.283668700000002,-19.264813099999998,529808.6490466039,7869846.7962140385,3,1,False,,,,
osm:3784921016,3784921016,15.323162900000002,-19.264937700000004,533958.8097835211,7869825.757638602,3,1,False,,,,
osm:3784921050,3784921050,15.2784271,-19.265700000000002,529257.6872110311,7869749.550374953,3,1,False,,,,
osm:3784921051,3784921051,15.2785233,-19.265710799999997,529267.7942490468,7869748.339121762,3,1,False,,,,
osm:3784921068,3784921068,15.285006699999999,-19.266164099999997,529949.0051436769,7869697.0750628915,3,1,False,,,,
osm:3784921092,3784921092,15.283803100000002,-19.266794900000004,529822.4138420173,7869627.482891422,3,1,False,,,,
osm:3784921103,3784921103,15.327054299999999,-19.267236999999998,534367.2526382135,7869570.56898485,3,1,False,,,,
osm:3784921129,3784921129,15.2819897,-19.268213100000004,529631.6032425431,7869470.866591185,4,1,False,,,,
osm:3784921132,3784921132,15.328491600000001,-19.268366799999992,534518.0506057902,7869445.2687434405,3,1,False,,,,
osm:3784921151,3784921151,15.283809700000003,-19.270561000000008,529822.4261883218,7869210.754914727,3,1,False,,,,
osm:3784921162,3784921162,15.328177200000003,-19.273566599999995,534483.9253456818,7868869.9604546465,3,1,False,,,,
osm:3785876774,3785876774,15.2501391,-19.251693999999997,526287.342460669,7871303.862623732,3,1,False,,,,
osm:3785876798,3785876798,15.2347665,-19.253566699999997,524671.5348103386,7871098.89950368,4,1,False,,,,
osm:3785876827,3785876827,15.2872578,-19.272200599999998,530184.4510961019,7869028.733726427,3,1,False,,,,
osm:3785876935,3785876935,15.325314000000002,-19.288283700000008,534180.012754326,7867242.041777248,3,1,False,,,,
osm:3785903462,3785903462,15.288676400000002,-19.257591900000005,530336.2027781529,7870644.969536206,3,1,False,,,,
osm:3785903482,3785903482,15.290992000000001,-19.261231300000002,530578.8697811803,7870241.85652731,3,1,False,,,,
osm:3785903494,3785903494,15.291915,-19.262167899999998,530675.689632978,7870138.057039578,3,1,False,,,,
osm:3785903498,3785903498,15.290578900000002,-19.26242239999999,530535.2384052676,7870110.131535582,3,1,False,,,,
osm:3785903551,3785903551,15.299950500000001,-19.265598399999995,531519.4450652531,7869757.026012899,3,1,False,,,,
osm:3785903766,3785903766,15.2830995,-19.2678027,529748.2963097277,7869516.088429127,1,1,False,,,,
osm:3785903769,3785903769,15.2824502,-19.2679102,529680.0476191078,7869504.304449758,3,1,False,,,,
osm:3785903843,3785903843,15.3309962,-19.27709119999999,534779.3966597738,7868479.392011127,3,1,False,,,,
osm:3785903891,3785903891,15.297042700000002,-19.2785989,531211.4234695382,7868319.016875647,3,1,False,,,,
osm:3785926950,3785926950,15.1562103,-19.214901200000003,516419.9118928209,7875386.561146634,3,1,False,,,,
osm:3785931766,3785931766,15.146440400000001,-19.2175148,515392.71212036756,7875098.2572049275,3,1,False,,,,
osm:3785932008,3785932008,15.2202021,-19.237144499999992,523143.2625826129,7872918.042547034,3,1,False,,,,
osm:3785932010,3785932010,15.1718148,-19.237151600000004,518057.7380624164,7872922.989068883,3,1,False,,,,
osm:3785932011,3785932011,15.290734000000002,-19.246197799999997,530554.5411397169,7871905.388234937,3,1,False,,,,
osm:3785932180,3785932180,15.283372199999999,-19.254108199999997,529779.4242280516,7871031.365435861,3,1,False,,,,
osm:3785984557,3785984557,14.5915841,-19.307258800000003,457093.4986189331,7865123.91123111,3,1,False,,,,
osm:3785984565,3785984565,14.6051074,-19.3101379,458514.94516538107,7864808.621534819,4,1,False,,,,
osm:3785984567,3785984567,14.604810400000002,-19.3101853,458483.7556956725,7864803.3054148825,4,1,False,,,,
osm:3785984568,3785984568,14.6049947,-19.310223499999996,458503.1270240731,7864799.122598812,3,1,False,,,,
osm:3785984569,3785984569,14.6050304,-19.310230899999993,458506.87936398434,7864798.3123122025,3,1,False,,,,
osm:3785984572,3785984572,14.6028801,-19.310253299999996,458280.9846766028,7864795.317305531,3,1,False,,,,
osm:3785984582,3785984582,14.6046724,-19.310569499999996,458469.3550658001,7864760.759229021,3,1,False,,,,
osm:3785984583,3785984583,14.6047509,-19.310576800000007,458477.60373044247,7864759.970272727,2,1,False,,,,
osm:3785984584,3785984584,14.605029000000002,-19.310633500000005,458506.8338424664,7864753.762839066,4,1,False,,,,
osm:3785984614,3785984614,14.6223193,-19.3149422,460324.30446368473,7864281.040536849,3,1,False,,,,
osm:3785984642,3785984642,14.605495800000002,-19.3168185,458557.43209961813,7864069.481858471,3,1,False,,,,
osm:3785984646,3785984646,14.6287943,-19.317049699999995,461005.016325702,7864049.308823323,4,1,False,,,,
osm:3785984647,3785984647,14.6299756,-19.317100600000003,461129.1247250162,7864043.942100968,3,1,False,,,,
osm:3785984649,3785984649,14.629988299999999,-19.317276699999994,461130.5004961401,7864024.458883048,4,1,False,,,,
osm:3785984743,3785984743,14.640165,-19.3245599,462201.24234780675,7863220.800694622,3,1,False,,,,
osm:3785984753,3785984753,14.630464,-19.324831599999992,461182.25696949026,7863188.589695923,3,1,False,,,,
osm:3785984761,3785984761,14.6340649,-19.3249118,461560.5347122746,7863180.518694319,3,1,False,,,,
osm:3785984778,3785984778,14.6240587,-19.3250953,460509.4709411511,7863157.961798082,4,1,False,,,,
osm:3785984791,3785984791,14.624025,-19.3252201,460505.9608935236,7863144.144544199,4,1,False,,,,
osm:3785984805,3785984805,14.618516900000001,-19.325432299999996,459927.41132489627,7863119.398151394,3,1,False,,,,
osm:3785984813,3785984813,14.618495000000001,-19.325568500000003,459925.1440400901,7863104.322056575,3,1,False,,,,
osm:3785984831,3785984831,14.6068977,-19.325912699999996,458706.9875698953,7863063.509740226,3,1,False,,,,
osm:3785984836,3785984836,14.606903400000002,-19.326042799999993,458707.61901503184,7863049.115045038,3,1,False,,,,
osm:3785984873,3785984873,14.6248837,-19.3271207,460596.61915007845,7862934.032003131,3,1,False,,,,
osm:3785984884,3785984884,14.6338943,-19.327303300000004,461543.17353437335,7862915.852977329,3,1,False,,,,
osm:3785984940,3785984940,14.6069872,-19.328095699999995,458716.9375028026,7862821.9738926515,3,1,False,,,,
osm:3785984961,3785984961,14.6337541,-19.328432,461528.71059028385,7862790.927201819,3,1,False,,,,
osm:3785984988,3785984988,14.639545500000002,-19.3290796,462137.2077917177,7862720.54494046,3,1,False,,,,
osm:3785984998,3785984998,14.6395246,-19.3294549,462135.0988771807,7862679.012118412,3,1,False,,,,
osm:3785985091,3785985091,14.600746,-19.331700199999993,458062.25771698856,7862421.621749509,4,1,False,,,,
osm:3785985225,3785985225,14.5935957,-19.33543239999999,457312.14838088583,7862006.890799505,3,1,False,,,,
osm:3785985254,3785985254,14.5986316,-19.336080399999993,457841.28186934843,7861936.421635523,3,1,False,,,,
osm:3785985409,3785985409,14.604380800000001,-19.337002699999992,458445.4041815051,7861835.756227715,3,1,False,,,,
osm:3785985427,3785985427,14.607973000000001,-19.337415799999995,458822.82578093145,7861790.903889518,3,1,False,,,,
osm:3785985431,3785985431,14.6078476,-19.337458100000006,458809.66464082064,7861786.193382047,3,1,False,,,,
osm:3785985432,3785985432,14.608451300000002,-19.337481899999993,458873.0819424273,7861783.703425333,2,1,False,,,,
osm:3785985531,3785985531,14.603686,-19.343068699999996,458373.9612824167,7861164.362251884,4,1,False,,,,
osm:3785985570,3785985570,14.6262226,-19.3455036,460741.65685477655,7860900.200445845,3,1,False,,,,
osm:3785986845,3785986845,14.605046899999998,-19.3110319,458508.81482104433,7864709.682731234,3,1,False,,,,
osm:3785987668,3785987668,14.605453200000001,-19.309657100000003,458551.1521488541,7864861.906539714,3,1,False,,,,
osm:3785987675,3785987675,14.605210400000002,-19.309962999999996,458525.7217666749,7864827.999506459,3,1,False,,,,
osm:3785987679,3785987679,14.604536999999999,-19.3101287,458455.0192811889,7864809.502874436,4,1,False,,,,
osm:3785987682,3785987682,14.605190000000002,-19.310263900000002,458523.65450560895,7864794.698957676,3,1,False,,,,
osm:3785987686,3785987686,14.604789500000003,-19.310584599999995,458481.6608241652,7864759.116424981,3,1,False,,,,
osm:3786009985,3786009985,14.615867099999997,-19.3409867,459652.8821890397,7861397.629866308,3,1,False,,,,
osm:3786009988,3786009988,14.616416699999998,-19.341228799999993,459710.6691005321,7861370.968659138,3,1,False,,,,
osm:3786009998,3786009998,14.6060898,-19.3422988,458626.2486877367,7861250.13145411,3,1,False,,,,
osm:3786010066,3786010066,14.6264057,-19.345590699999992,460760.90912653937,7860890.60405018,3,1,False,,,,
osm:3786010075,3786010075,14.625943400000002,-19.345926600000002,460712.43300520733,7860853.330487177,3,1,False,,,,
osm:3786010109,3786010109,14.592726800000001,-19.346819400000005,457223.8461292959,7860746.658015737,3,1,False,,,,
osm:3786010112,3786010112,14.631385599999998,-19.3469704,461284.2855367367,7860739.05733013,4,1,False,,,,
osm:3786010145,3786010145,14.634297,-19.347582199999994,461590.217445292,7860672.008547336,3,1,False,,,,
osm:3786010165,3786010165,14.634827800000002,-19.347680499999996,461645.99092565896,7860661.249089364,3,1,False,,,,
osm:3786010215,3786010215,14.631181799999998,-19.348446200000005,461263.2283769365,7860575.708843666,3,1,False,,,,
osm:3786010253,3786010253,14.612542400000002,-19.348754499999995,459305.5960494311,7860537.31347423,3,1,False,,,,
osm:3786010412,3786010412,14.600988200000002,-19.354436099999997,458093.5020377806,7859905.86140156,3,1,False,,,,
osm:3786010431,3786010431,14.6097535,-19.35530500000001,459014.3122503693,7859811.815465447,4,1,False,,,,
osm:3786010452,3786010452,14.6213439,-19.356404399999995,460231.87607529724,7859692.869603353,4,1,False,,,,
osm:3786010529,3786010529,14.591796800000001,-19.358714499999998,457129.2739843129,7859430.184383098,3,1,False,,,,
osm:3786010534,3786010534,14.593870800000001,-19.35875439999999,457347.10494035267,7859426.282391472,3,1,False,,,,
osm:3786010549,3786010549,14.6005911,-19.358901899999996,458052.9375827647,7859411.605564887,3,1,False,,,,
osm:3786247522,3786247522,14.628939299999999,-19.366257000000004,461031.92792551743,7858604.370157031,4,1,False,,,,
osm:3786247545,3786247545,14.6214741,-19.367216199999998,460248.17082485236,7858496.530115705,3,1,False,,,,
osm:3786247546,3786247546,14.6210444,-19.3672754,460203.0586733555,7858489.880468257,3,1,False,,,,
osm:3786247561,3786247561,14.617502599999998,-19.367778800000004,459831.22696016467,7858433.357510362,3,1,False,,,,
osm:3786247581,3786247581,14.6005813,-19.368586699999994,458054.3854224106,7858339.938552547,3,1,False,,,,
osm:3786247586,3786247586,14.599451200000003,-19.3686821,457935.72906323464,7858329.10735036,3,1,False,,,,
osm:3786247590,3786247590,14.60008,-19.368697200000003,458001.76820869866,7858327.5894547375,3,1,False,,,,
osm:3786247592,3786247592,14.6002851,-19.368703200000002,458023.3089204635,7858326.975376878,3,1,False,,,,
osm:3786247598,3786247598,14.610553200000002,-19.368778799999994,459101.661719936,7858321.072824244,3,1,False,,,,
osm:3786247623,3786247623,14.599152,-19.368888899999998,457904.36079142324,7858306.151149354,3,1,False,,,,
osm:3786247626,3786247626,14.600579700000003,-19.3689167,458054.3018189472,7858303.422229547,3,1,False,,,,
osm:3786247651,3786247651,14.605893000000002,-19.3694437,458612.42566406727,7858246.388926923,3,1,False,,,,
osm:3786247680,3786247680,14.5986327,-19.370113399999994,457850.13984998106,7858170.528244159,3,1,False,,,,
osm:3786247683,3786247683,14.600639800000002,-19.370184100000003,458060.9375957772,7858163.193490146,3,1,False,,,,
osm:3786247696,3786247696,14.5980719,-19.37055360000001,457791.35963252233,7858121.681249209,3,1,False,,,,
osm:3786247703,3786247703,14.5959054,-19.3708654,457563.9215234796,7858086.648397488,3,1,False,,,,
osm:3786247726,3786247726,14.5908101,-19.3716106,457029.0257697583,7858002.929038484,3,1,False,,,,
osm:3786247786,3786247786,14.6279429,-19.3739785,460929.1269943132,7857749.729618944,3,1,False,,,,
osm:3786247791,3786247791,14.6373866,-19.374293499999997,461920.9230103448,7857716.982829498,3,1,False,,,,
osm:3786310105,3786310105,14.6271607,-19.380073999999997,460848.4410821717,7857075.059957964,3,1,False,,,,
osm:3786310132,3786310132,14.6188531,-19.380589799999992,459976.1826024518,7857016.079691237,4,1,False,,,,
osm:3786310143,3786310143,14.615361700000001,-19.380808199999993,459609.6040564608,7856991.09972392,3,1,False,,,,
osm:3786310185,3786310185,14.633617599999997,-19.382466000000004,461527.0440296103,7856811.826655101,3,1,False,,,,
osm:3786310229,3786310229,14.614767200000001,-19.384446399999995,459548.07393538737,7856588.377819916,3,1,False,,,,
osm:3786310250,3786310250,14.595994000000001,-19.3856322,457577.04902777995,7856452.6571343215,3,1,False,,,,
osm:3786310256,3786310256,14.6049046,-19.385846799999996,458512.7793448489,7856431.076491965,3,1,False,,,,
osm:3786310319,3786310319,14.596589700000001,-19.387376499999984,457640.05287001433,7856259.788606349,3,1,False,,,,
osm:3786310334,3786310334,14.5959837,-19.3877263,457576.50984556024,7856220.932778558,3,1,False,,,,
osm:3786310335,3786310335,14.595852300000002,-19.387765499999997,457562.7222444878,7856216.562813856,4,1,False,,,,
osm:3786310567,3786310567,14.613976400000002,-19.388996400000007,459466.1598616279,7856084.714681324,4,1,False,,,,
osm:3786310595,3786310595,14.6173149,-19.390134099999997,459816.9974069692,7855959.603848351,3,1,False,,,,
osm:3786310640,3786310640,14.613461,-19.391964799999997,459412.7761190868,7855756.126804898,3,1,False,,,,
osm:3786310672,3786310672,14.6329438,-19.392318,461458.6074999548,7855721.510745865,3,1,False,,,,
osm:3786310673,3786310673,14.6256253,-19.392334299999998,460690.15061414585,7855718.056146885,4,1,False,,,,
osm:3786310676,3786310676,14.589211499999998,-19.3923581,456866.6095391936,7855706.723660681,3,1,False,,,,
osm:3786310679,3786310679,14.6256062,-19.392485799999996,460688.18143891846,7855701.28765749,3,1,False,,,,
osm:3786310694,3786310694,14.634695200000001,-19.3944691,461643.0127401892,7855483.872534854,3,1,False,,,,
osm:3786310697,3786310697,14.634148999999999,-19.3947113,461585.71798198513,7855456.950541228,3,1,False,,,,
osm:3786310703,3786310703,14.6250812,-19.396626299999994,460634.0507384531,7855243.003389461,3,1,False,,,,
osm:3786310720,3786310720,14.633636300000001,-19.398161299999995,461532.69470013253,7855075.0788132865,3,1,False,,,,
osm:3787476472,3787476472,14.6354032,-19.3933561,461717.0932539852,7855607.188014144,1,1,False,,,,
osm:3787476489,3787476489,14.635368600000001,-19.39410439999999,461713.63517521543,7855524.377726272,4,1,False,,,,
osm:3787476532,3787476532,14.635699000000002,-19.394654000000003,461748.456010093,7855463.635403782,3,1,False,,,,
osm:3787476541,3787476541,14.5966245,-19.394775199999998,457645.6207876795,7855441.096521653,3,1,False,,,,
osm:3787476544,3787476544,14.635503499999999,-19.394880799999992,461727.9813436742,7855438.495652091,3,1,False,,,,
osm:3787476553,3787476553,14.636389999999999,-19.395147800000004,461821.1268131143,7855409.147360677,3,1,False,,,,
osm:3787476668,3787476668,14.594207200000001,-19.395434899999998,457391.97294799704,7855367.502404861,3,1,False,,,,
osm:3787476672,3787476672,14.636183999999998,-19.3955327,461799.5864962735,7855366.510919121,3,1,False,,,,
osm:3787476715,3787476715,14.6355325,-19.396555,461731.4177250795,7855253.244622227,3,1,False,,,,
osm:3787476719,3787476719,14.6361717,-19.396699299999995,461798.56722124456,7855237.418867543,1,1,False,,,,
osm:3787476725,3787476725,14.5888592,-19.396834899999998,456830.7974736507,7855211.256215953,3,1,False,,,,
osm:3787476735,3787476735,14.6364139,-19.39702839999999,461824.0748787757,7855201.056142652,3,1,False,,,,
osm:3787476741,3787476741,14.612646,-19.397126899999996,459328.4811580713,7855184.725140578,3,1,False,,,,
osm:3787476744,3787476744,14.612660499999999,-19.39727719999999,459330.04099348513,7855168.097177833,3,1,False,,,,
osm:3787476790,3787476790,14.5886564,-19.3994388,456810.19053093565,7854923.071343644,3,1,False,,,,
osm:3787476822,3787476822,14.5902832,-19.400463100000003,456981.27102735994,7854810.134117939,3,1,False,,,,
osm:3787476885,3787476885,14.6269169,-19.402583999999994,460828.22467264725,7854584.175218335,3,1,False,,,,
osm:3787476908,3787476908,14.603944900000002,-19.40338669999999,458416.4594583368,7854489.9744994715,3,1,False,,,,
osm:3787476923,3787476923,14.635649200000001,-19.403637799999995,461745.3266864686,7854469.527719638,3,1,False,,,,
osm:3787476945,3787476945,14.610199399999999,-19.404044099999993,459073.3189391057,7854418.726295276,3,1,False,,,,
osm:3787476974,3787476974,14.624091,-19.404752599999995,460532.03966595395,7854343.565543143,3,1,False,,,,
osm:3787476978,3787476978,14.623923499999998,-19.4048509,460514.47679608077,7854332.649857631,3,1,False,,,,
osm:3787476990,3787476990,14.623534699999999,-19.405184900000002,460473.73561246076,7854295.602168093,3,1,False,,,,
osm:3787477002,3787477002,14.601027,-19.405442199999992,458110.61883736536,7854261.817456722,3,1,False,,,,
osm:3787477007,3787477007,14.609210000000001,-19.405508000000008,458969.803802544,7854256.503789796,3,1,False,,,,
osm:3787477016,3787477016,14.622972000000003,-19.40562909999999,460414.76278416876,7854246.320339104,3,1,False,,,,
osm:3787477050,3787477050,14.6112288,-19.406074900000004,459181.90756085364,7854194.252754118,3,1,False,,,,
osm:3787477080,3787477080,14.588150600000002,-19.406368100000005,456758.9134002371,7854156.183668027,3,1,False,,,,
osm:3787477111,3787477111,14.6251215,-19.4067382,460640.71421526046,7854124.085406961,3,1,False,,,,
osm:3787477121,3787477121,14.601376,-19.4068727,458147.6277872648,7854103.610519462,3,1,False,,,,
osm:3787477127,3787477127,14.6139895,-19.4070076,459471.99507581757,7854091.69632066,3,1,False,,,,
osm:3787477149,3787477149,14.613731999999999,-19.40710989999999,459444.9846791547,7854080.315804236,1,1,False,,,,
osm:3787477164,3787477164,14.619788900000001,-19.4074358,460080.9970822775,7854045.666872658,3,1,False,,,,
osm:3787477168,3787477168,14.5980838,-19.407481600000004,457802.12540553155,7854035.430403421,3,1,False,,,,
osm:3787477178,3787477178,14.6194123,-19.407616699999995,460041.500942058,7854025.562220199,3,1,False,,,,
osm:3787477185,3787477185,14.614097200000002,-19.4077649,459483.49039157794,7854007.922846474,4,1,False,,,,
osm:3787477193,3787477193,14.597044600000002,-19.4078723,457693.1176313671,7853991.942897227,3,1,False,,,,
osm:3787477200,3787477200,14.6141669,-19.407959500000008,459490.856570406,7853986.405822797,3,1,False,,,,
osm:3787477212,3787477212,14.6141255,-19.408169700000006,459486.56193049013,7853963.136481505,3,1,False,,,,
osm:3787477225,3787477225,14.625790700000001,-19.408441599999993,460711.3847904188,7853935.749046463,3,1,False,,,,
osm:3787477258,3787477258,14.6150722,-19.409316100000005,459586.24151019426,7853836.504129285,3,1,False,,,,
osm:3787477272,3787477272,14.6160616,-19.409584400000004,459690.1864358698,7853807.047101566,3,1,False,,,,
osm:3787477273,3787477273,14.614934699999997,-19.4096336,459571.883613858,7853801.339028479,3,1,False,,,,
osm:3787477277,3787477277,14.6162703,-19.40965569999999,459712.11573168274,7853799.206204927,3,1,False,,,,
osm:3787477282,3787477282,14.616127099999998,-19.4097704,459697.109208151,7853786.48064385,3,1,False,,,,
osm:3787477286,3787477286,14.6149205,-19.4097901,459570.4314132754,7853784.018239055,3,1,False,,,,
osm:3787477311,3787477311,14.6148178,-19.4106577,459559.86328438646,7853687.990133847,3,1,False,,,,
osm:3787477355,3787477355,14.6228294,-19.411764799999997,460401.2758579521,7853567.344158077,3,1,False,,,,
osm:3787477425,3787477425,14.5891541,-19.414803400000004,456866.4991595954,7853223.027093323,3,1,False,,,,
osm:3787477437,3787477437,14.622675,-19.415389699999995,460385.94341218175,7853166.196598517,3,1,False,,,,
osm:3787477453,3787477453,14.614316799999997,-19.4171537,459508.87120048626,7852969.05927537,3,1,False,,,,
osm:3787477476,3787477476,14.587351600000002,-19.417504500000003,456677.9730385191,7852923.684640205,3,1,False,,,,
osm:3787555644,3787555644,14.633590700000001,-19.398156099999998,461527.90553667827,7855075.64404694,3,1,False,,,,
osm:3787555780,3787555780,14.6311486,-19.3996947,461271.852189887,7854904.844733859,3,1,False,,,,
osm:3787555809,3787555809,14.6305862,-19.400961,461213.1015473719,7854764.596670067,3,1,False,,,,
osm:3787555881,3787555881,14.633127300000002,-19.405029699999996,461480.8669681837,7854314.94645161,4,1,False,,,,
osm:3787555941,3787555941,14.6324896,-19.408272700000005,461414.6769177557,7853955.951401189,3,1,False,,,,
osm:3787556076,3787556076,14.6348947,-19.40987839999999,461667.56996727485,7853778.809961507,1,1,False,,,,
osm:3787556086,3787556086,14.633676800000002,-19.4101774,461539.7714993499,7853745.453024292,3,1,False,,,,
osm:3787556088,3787556088,14.634401,-19.410203000000003,461615.8119872459,7853742.781666391,1,1,False,,,,
osm:3787556098,3787556098,14.6349544,-19.4106688,461674.0231303291,7853691.3619157905,3,1,False,,,,
osm:3787556447,3787556447,14.597799699999998,-19.4174973,457774.8826821288,7852927.074512763,3,1,False,,,,
osm:3787556453,3787556453,14.6012197,-19.4175036,458133.9385721695,7852927.211762898,3,1,False,,,,
osm:3787654056,3787654056,14.631369,-19.417533700000003,461299.2140506105,7852930.928282956,3,1,False,,,,
osm:3787654060,3787654060,14.6011247,-19.417539199999993,458123.97396156297,7852923.24936644,3,1,False,,,,
osm:3787654067,3787654067,14.617971800000001,-19.417544400000008,459892.69337695674,7852926.681118645,3,1,False,,,,
osm:3787654073,3787654073,14.6093436,-19.4175522,458986.8511514354,7852923.78735618,3,1,False,,,,
osm:3787654077,3787654077,14.5873509,-19.4175566,456677.91335166636,7852917.919334617,3,1,False,,,,
osm:3787654080,3787654080,14.5882259,-19.417560399999992,456769.77772940043,7852917.718567632,3,1,False,,,,
osm:3787654128,3787654128,14.604720499999999,-19.418090399999993,458501.62456319423,7852863.12617838,3,1,False,,,,
osm:3787654136,3787654136,14.5891965,-19.418171600000008,456871.8390360441,7852850.32937593,3,1,False,,,,
osm:3787654274,3787654274,14.6105788,-19.422052,459117.655698603,7852426.156102466,1,1,False,,,,
osm:3787654291,3787654291,14.600456000000001,-19.423237499999995,458055.23144643026,7852292.541512285,3,1,False,,,,
osm:3787654292,3787654292,14.587882500000001,-19.423238199999993,456735.22790065146,7852289.3548189085,1,1,False,,,,
osm:3787654296,3787654296,14.602419500000002,-19.423580099999995,458261.4529019394,7852255.107959868,3,1,False,,,,
osm:3787654314,3787654314,14.6022032,-19.424071200000004,458238.8706170924,7852200.7128759045,4,1,False,,,,
osm:3787654347,3787654347,14.6143374,-19.4246482,459512.8900337587,7852139.761452536,3,1,False,,,,
osm:3787654355,3787654355,14.6055684,-19.424733,458592.324931353,7852128.293684695,3,1,False,,,,
osm:3787654444,3787654444,14.622223899999998,-19.42829040000001,460341.71326008654,7851738.568904534,3,1,False,,,,
osm:3787654477,3787654477,14.6170021,-19.4292452,459793.7662242383,7851631.705028187,3,1,False,,,,
osm:3787654495,3787654495,14.5950127,-19.4295669,457485.42424539896,7851590.826878694,3,1,False,,,,
osm:3787654508,3787654508,14.625981399999999,-19.4296823,460736.50802465423,7851585.409288066,3,1,False,,,,
osm:3787654516,3787654516,14.618520199999999,-19.4298445,459953.28157856467,7851565.743218655,3,1,False,,,,
osm:3787654524,3787654524,14.6213424,-19.430010100000004,460249.592187609,7851548.07254119,3,1,False,,,,
osm:3787654575,3787654575,14.6231681,-19.431129700000007,460441.52226423094,7851424.603700874,3,1,False,,,,
osm:3787654610,3787654610,14.629890799999998,-19.432124299999998,461147.49177327874,7851316.0768048065,3,1,False,,,,
osm:3787654619,3787654619,14.6046295,-19.432335500000004,458495.688383362,7851286.812897942,3,1,False,,,,
osm:3789105555,3789105555,14.595618100000001,-19.430391200000003,457549.1926382802,7851499.763170588,4,1,False,,,,
osm:3789112464,3789112464,14.5888278,-19.4317594,456836.7191047766,7851346.676974249,4,1,False,,,,
osm:3789112489,3789112489,14.623431300000002,-19.435578799999995,460470.22893615754,7850932.349443339,4,1,False,,,,
osm:3789186986,3789186986,14.587645800000002,-19.43215259999999,456712.7397783252,7851302.870656474,3,1,False,,,,
osm:3789186987,3789186987,14.583883,-19.4338426,456318.18285294494,7851114.913069679,3,1,False,,,,
osm:3792491042,3792491042,14.449255,-19.414442300000005,442178.46731705207,7853222.014355253,4,1,False,,,,
osm:3792491044,3792491044,14.450831399999998,-19.414676900000003,442344.05685386533,7853196.582349103,3,1,False,,,,
osm:3792491281,3792491281,14.556181600000002,-19.417623199999998,453405.5647105256,7852902.418474225,3,1,False,,,,
osm:3792491289,3792491289,14.5434667,-19.4175935,452070.65578024933,7852902.217997635,3,1,False,,,,
osm:3792491293,3792491293,14.565961500000002,-19.4176045,454432.3214162402,7852907.102763282,3,1,False,,,,
osm:3792491308,3792491308,14.522328099999998,-19.417623799999998,449851.3806571505,7852892.850068992,3,1,False,,,,
osm:3792491329,3792491329,14.505223200000001,-19.41763769999999,448055.5843303276,7852886.245417781,3,1,False,,,,
osm:3792491342,3792491342,14.4913607,-19.4176456,446600.1951137245,7852881.134336425,3,1,False,,,,
osm:3792491451,3792491451,14.5562798,-19.418706599999997,453416.18310625444,7852782.5609192895,3,1,False,,,,
osm:3792491482,3792491482,14.552959799999998,-19.419505799999992,453067.85790419066,7852693.224229917,3,1,False,,,,
osm:3792491510,3792491510,14.4755341,-19.4206698,444939.61256864644,7852541.506657045,3,1,False,,,,
osm:3792491555,3792491555,14.4480817,-19.423297200000004,442058.4203033835,7852241.764804915,4,1,False,,,,
osm:3792491612,3792491612,14.479823500000002,-19.441402899999993,445396.86896756396,7850248.618015718,3,1,False,,,,
osm:3792491619,3792491619,14.4810918,-19.441975000000003,445530.19661426084,7850185.713164219,3,1,False,,,,
osm:3792491624,3792491624,14.5445398,-19.442868199999996,452190.71349082596,7850105.725862224,3,1,False,,,,
osm:3792491626,3792491626,14.5725447,-19.442926500000006,455130.4252171761,7850106.814239245,1,1,False,,,,
osm:3792491635,3792491635,14.5708802,-19.44344939999999,454955.8459415658,7850048.517685559,3,1,False,,,,
osm:3792491652,3792491652,14.568712800000002,-19.443612300000005,454728.3785571771,7850029.923234327,3,1,False,,,,
osm:3792491653,3792491653,14.5712169,-19.4436162,454991.2354061459,7850030.148417669,3,1,False,,,,
osm:3792491671,3792491671,14.5178034,-19.444053199999992,449384.53221039067,7849966.953834303,3,1,False,,,,
osm:3792491673,3792491673,14.560504800000002,-19.444122900000007,453866.92729258083,7849971.242941395,4,1,False,,,,
osm:3792491689,3792491689,14.543721299999998,-19.444486399999995,452105.2694812798,7849926.434935853,3,1,False,,,,
osm:3792491702,3792491702,14.543718,-19.444630600000007,452104.96538320545,7849910.4774356745,3,1,False,,,,
osm:3792491708,3792491708,14.5466449,-19.444695899999996,452412.22046159283,7849904.063512162,4,1,False,,,,
osm:3792491721,3792491721,14.500998400000002,-19.4449369,447620.7852315036,7849864.138483426,4,1,False,,,,
osm:3792491735,3792491735,14.5280573,-19.445189399999993,450461.2330527466,7849844.209839992,3,1,False,,,,
osm:3792491746,3792491746,14.522787800000001,-19.445371799999997,449908.1514513602,7849822.500879471,4,1,False,,,,
osm:3792491749,3792491749,14.5281121,-19.4453902,450467.04631169717,7849822.005866657,3,1,False,,,,
osm:3792491753,3792491753,14.527394000000001,-19.445444699999996,450391.68428000866,7849815.768270805,2,1,False,,,,
osm:3793851466,3793851466,14.9249259,-19.2743182,492111.49558245915,7868817.687348299,1,1,False,,,,
osm:3794113827,3794113827,14.448226700000001,-19.4231558,442073.5929763852,7852257.460452374,3,1,False,,,,
osm:3794113843,3794113843,14.464618300000001,-19.423836399999995,443794.69406805217,7852187.576840581,3,1,False,,,,
osm:3794113871,3794113871,14.459540099999998,-19.424343900000007,443261.7395932025,7852129.753953712,3,1,False,,,,
osm:3794113873,3794113873,14.5236048,-19.424412599999997,449987.4949973382,7852142.000509948,3,1,False,,,,
osm:3794113879,3794113879,14.543716300000002,-19.424541,452098.89633370837,7852133.507454366,3,1,False,,,,
osm:3794113966,3794113966,14.491532900000001,-19.425989799999993,446620.998783142,7851957.849407198,3,1,False,,,,
osm:3794113998,3794113998,14.451506900000002,-19.4267818,442419.24153347505,7851857.31814609,3,1,False,,,,
osm:3794114000,3794114000,14.454964900000002,-19.4268009,442782.2773764495,7851856.356877482,3,1,False,,,,
osm:3794114054,3794114054,14.5650973,-19.427764199999995,454344.4294330513,7851782.648458973,3,1,False,,,,
osm:3794114074,3794114074,14.5623975,-19.4281694,454061.11722680484,7851737.093045696,3,1,False,,,,
osm:3794114087,3794114087,14.5054865,-19.4285389,448086.68984089233,7851680.040177086,3,1,False,,,,
osm:3794114091,3794114091,14.452118500000001,-19.428772900000002,442484.14958617574,7851637.193481584,3,1,False,,,,
osm:3794114135,3794114135,14.5243812,-19.4298512,450070.6654680384,7851540.412349865,3,1,False,,,,
osm:3794114151,3794114151,14.5624937,-19.4302535,454071.8021045694,7851506.501572445,3,1,False,,,,
osm:3794114164,3794114164,14.5677364,-19.430710699999995,454622.3014204225,7851457.299583098,3,1,False,,,,
osm:3794114169,3794114169,14.5982239,-19.430808799999994,457822.85308448406,7851454.193795955,3,1,False,,,,
osm:3794114192,3794114192,14.5440378,-19.431161699999997,452134.5875556057,7851400.978612991,3,1,False,,,,
osm:3794114225,3794114225,14.4610421,-19.431461399999993,443421.8897079694,7851342.648215257,2,1,False,,,,
osm:3794114227,3794114227,14.4884772,-19.431498999999995,446302.01443163137,7851347.271336969,3,1,False,,,,
osm:3794114231,3794114231,14.4629708,-19.4315693,443624.40047451924,7851331.340846323,1,1,False,,,,
osm:3794114248,3794114248,14.461193300000001,-19.4318891,443437.91064800374,7851295.369952978,3,1,False,,,,
osm:3794114252,3794114252,14.5099596,-19.432008899999996,448557.3709198824,7851297.405392013,3,1,False,,,,
osm:3794114259,3794114259,14.4611075,-19.432143500000002,443428.99153820495,7851267.19066974,3,1,False,,,,
osm:3794114291,3794114291,14.4606104,-19.4324858,443376.92518646736,7851229.149456824,3,1,False,,,,
osm:3794114298,3794114298,14.4603078,-19.432587500000004,443345.1939179171,7851217.796129242,3,1,False,,,,
osm:3794114328,3794114328,14.510701900000003,-19.432860299999998,448635.5639959692,7851203.414294279,3,1,False,,,,
osm:3794114331,3794114331,14.5430736,-19.4328812,452033.87216132623,7851210.437764874,3,1,False,,,,
osm:3794114335,3794114335,14.544102400000002,-19.432943899999994,452141.891225928,7851203.785885908,3,1,False,,,,
osm:3794114367,3794114367,14.4654638,-19.433230999999996,443886.6843159996,7851148.27666912,1,1,False,,,,
osm:3794114398,3794114398,14.5624673,-19.433811599999995,454070.03095239843,7851112.771075558,3,1,False,,,,
osm:3794114409,3794114409,14.463718600000002,-19.433781200000002,443703.6661298503,7851086.823668093,1,1,False,,,,
osm:3794114458,3794114458,14.464540300000001,-19.434499299999995,443790.17344911606,7851007.629439602,3,1,False,,,,
osm:3794114484,3794114484,14.614574,-19.435047999999995,459540.30395270645,7850989.027780711,4,1,False,,,,
osm:3794114525,3794114525,14.567260800000001,-19.436145399999997,454573.8848782702,7850855.794779543,3,1,False,,,,
osm:3794114609,3794114609,14.5640087,-19.437430000000006,454232.8556153295,7850712.785403868,3,1,False,,,,
osm:3794114653,3794114653,14.5108833,-19.438003500000004,448656.2236267212,7850634.341387223,1,1,False,,,,
osm:3794114678,3794114678,14.5427097,-19.4382409,451997.24599656416,7850617.254416399,3,1,False,,,,
osm:3794114718,3794114718,14.564740400000002,-19.438725999999996,454310.02779285307,7850569.570113249,3,1,False,,,,
osm:3794114873,3794114873,14.5116571,-19.439513600000005,448737.9268466141,7850467.469990553,3,1,False,,,,
osm:3794114908,3794114908,14.560747799999998,-19.4400812,453891.2937073879,7850418.545103873,3,1,False,,,,
osm:3794115093,3794115093,14.544396500000001,-19.442129199999997,452175.4547092506,7850187.460743394,3,1,False,,,,
osm:3794115127,3794115127,14.483420200000001,-19.442662199999997,445774.8422237007,7850110.405080868,3,1,False,,,,
osm:3794115152,3794115152,14.483437200000001,-19.4430348,445776.7504821619,7850069.179764465,3,1,False,,,,
osm:3794115298,3794115298,14.4859585,-19.443986599999995,446041.72977914725,7849964.649137057,3,1,False,,,,
osm:3794115306,3794115306,14.5113816,-19.444095199999996,448710.4457822057,7849960.405128386,3,1,False,,,,
osm:3794115308,3794115308,14.4858971,-19.444140999999995,446035.335599216,7849947.544500823,3,1,False,,,,
osm:3794278225,3794278225,14.337142600000002,-19.020593899999994,430241.68335629045,7896762.362019461,1,1,False,,,,
osm:3794286320,3794286320,14.481409999999999,-19.040151499999997,445430.97275368497,7894649.29785322,3,1,False,,,,
osm:3794286421,3794286421,14.338877000000002,-19.043777500000004,430433.86928943614,7894197.6908980785,2,1,False,,,,
osm:3794347801,3794347801,14.5201832,-19.248535300000004,449574.31873907644,7871602.6877056975,3,1,False,,,,
osm:3794347970,3794347970,14.536495799999999,-19.258892099999997,451291.7559727103,7870461.322154628,3,1,False,,,,
osm:3796993466,3796993466,14.3453038,-19.050827,431113.0565397959,7893420.168858737,3,1,False,,,,
osm:3796993506,3796993506,14.347196000000002,-19.0552676,431313.98777273303,7892929.539742827,3,1,False,,,,
osm:3796993540,3796993540,14.347113799999999,-19.058013199999994,431306.46903048723,7892625.695499694,3,1,False,,,,
osm:3796993661,3796993661,14.3463852,-19.058569000000002,431230.035728014,7892563.908484409,3,1,False,,,,
osm:3796993664,3796993664,14.352195199999999,-19.058665999999995,431841.39419385145,7892555.442188595,3,1,False,,,,
osm:3796993681,3796993681,14.344698199999998,-19.059969100000004,431053.11084332864,7892408.319403442,3,1,False,,,,
osm:3796993696,3796993696,14.346513600000002,-19.0607264,431244.43494436174,7892325.2334186975,3,1,False,,,,
osm:3796993697,3796993697,14.3438513,-19.060751600000007,430964.3258997138,7892321.399400869,4,1,False,,,,
osm:3796993700,3796993700,14.342744800000002,-19.0608264,430847.93417461886,7892312.686667659,3,1,False,,,,
osm:3796993702,3796993702,14.344291200000002,-19.060919400000003,431010.68029915437,7892303.004665498,3,1,False,,,,
osm:3796993708,3796993708,14.344639800000001,-19.061096999999997,431047.43235296116,7892283.489521721,4,1,False,,,,
osm:3796993709,3796993709,14.344362999999998,-19.061126100000003,431018.32035636384,7892280.16066375,4,1,False,,,,
osm:3796993712,3796993712,14.344356800000002,-19.061212700000002,431017.70382449334,7892270.575566576,3,1,False,,,,
osm:3796993717,3796993717,14.3440998,-19.061391,430990.7368694315,7892250.744832762,3,1,False,,,,
osm:3796993719,3796993719,14.343911900000002,-19.061559000000003,430971.0361753691,7892232.080988245,3,1,False,,,,
osm:3796993734,3796993734,14.3423432,-19.0620177,430806.1731676324,7892180.7058463935,3,1,False,,,,
osm:3796993735,3796993735,14.345330200000001,-19.062024100000006,431120.45690868265,7892181.173183452,3,1,False,,,,
osm:3796993736,3796993736,14.343851400000002,-19.0620302,430964.8655884409,7892179.916884121,4,1,False,,,,
osm:3796993864,3796993864,14.348250599999998,-19.063548099999988,431428.3569899284,7892013.680299979,3,1,False,,,,
osm:3796993865,3796993865,14.3513502,-19.063596600000004,431754.50198974763,7892009.522403836,3,1,False,,,,
osm:3796993872,3796993872,14.348428,-19.063985099999996,431447.2017962175,7891965.393745173,3,1,False,,,,
osm:3796993876,3796993876,14.347493599999998,-19.064217499999994,431348.98456738674,7891939.312248539,3,1,False,,,,
osm:3796993878,3796993878,14.353139600000002,-19.064227199999998,431943.03133213834,7891940.439136946,3,1,False,,,,
osm:3796993888,3796993888,14.35221,-19.064840900000004,431845.4744806673,7891872.169726783,3,1,False,,,,
osm:3796993890,3796993890,14.3518853,-19.064928099999992,431811.347022785,7891862.394481434,4,1,False,,,,
osm:3796993894,3796993894,14.3522031,-19.065081799999998,431844.8469498859,7891845.510455602,3,1,False,,,,
osm:3796993896,3796993896,14.348995,-19.0651652,431507.3433406929,7891835.03219899,3,1,False,,,,
osm:3796993897,3796993897,14.351881900000002,-19.06521879999999,431811.1081538435,7891830.225989837,3,1,False,,,,
osm:3796993902,3796993902,14.3517349,-19.0653642,431795.70113802626,7891814.079714937,3,1,False,,,,
osm:3796993907,3796993907,14.3511268,-19.065506899999995,431731.7788798285,7891798.05278036,3,1,False,,,,
osm:3796993909,3796993909,14.350934200000001,-19.0655222,431711.5209318245,7891796.284793491,4,1,False,,,,
osm:3796993914,3796993914,14.3491496,-19.065763700000005,431523.85520878696,7891768.866007084,3,1,False,,,,
osm:3796993917,3796993917,14.351875100000003,-19.065897199999995,431810.67008773796,7891755.155547276,3,1,False,,,,
osm:3796993923,3796993923,14.352121100000002,-19.066114299999995,431836.6414010395,7891731.228148197,4,1,False,,,,
osm:3796993929,3796993929,14.351714300000001,-19.06616800000001,431793.8624781478,7891725.127866313,4,1,False,,,,
osm:3796993930,3796993930,14.351226300000002,-19.066199900000004,431742.53131871246,7891721.408146005,4,1,False,,,,
osm:3796993942,3796993942,14.3515657,-19.0665905,431778.40058895596,7891678.318670807,3,1,False,,,,
osm:3796993943,3796993943,14.352353600000002,-19.06659489999999,431861.2999330266,7891678.138090941,1,1,False,,,,
osm:3796994057,3796994057,14.354398100000001,-19.067927700000002,432076.95133009605,7891531.451293439,3,1,False,,,,
osm:3796994074,3796994074,14.3524309,-19.069171499999992,431870.4856820337,7891393.056503205,3,1,False,,,,
osm:3796994079,3796994079,14.3529925,-19.069427599999994,431929.6770960892,7891364.936055496,3,1,False,,,,
osm:3796994085,3796994085,14.353525099999999,-19.069668099999998,431985.81083316565,7891338.530380417,4,1,False,,,,
osm:3796994094,3796994094,14.352294700000002,-19.0700277,431856.5057909449,7891298.261434274,3,1,False,,,,
osm:3796994097,3796994097,14.3542071,-19.070133100000003,432057.7544373337,7891287.340565078,3,1,False,,,,
osm:3796994100,3796994100,14.353122500000001,-19.0701866,431943.6644036064,7891280.99996619,3,1,False,,,,
osm:3796994104,3796994104,14.353115599999999,-19.070239999999995,431942.9602457334,7891275.088352909,4,1,False,,,,
osm:3796994107,3796994107,14.352370500000001,-19.070383000000007,431864.6259942018,7891258.975441001,3,1,False,,,,
osm:3796994111,3796994111,14.3517953,-19.070476599999996,431804.14697743533,7891248.394597822,3,1,False,,,,
osm:3796994121,3796994121,14.3555712,-19.071036600000003,432201.64017954055,7891187.892496741,3,1,False,,,,
osm:3796994145,3796994145,14.3492336,-19.0721257,431535.3055741448,7891064.916331636,3,1,False,,,,
osm:3796994154,3796994154,14.3560946,-19.0726966,432257.3818611847,7891004.408844113,3,1,False,,,,
osm:3796994180,3796994180,14.3488537,-19.077371199999998,431497.49218515365,7890484.330572319,3,1,False,,,,
osm:3796994791,3796994791,14.3679588,-19.131448,433529.07545106893,7884507.8531232,3,1,False,,,,
osm:3796994819,3796994819,14.3718074,-19.133916799999994,433934.8221447167,7884236.127907725,3,1,False,,,,
osm:3796994831,3796994831,14.3725216,-19.1349429,434010.34245270374,7884122.854966074,3,1,False,,,,
osm:3796995069,3796995069,14.371735800000002,-19.13986349999999,433929.65746539197,7883578.070585731,1,1,False,,,,
osm:3796995086,3796995086,14.378497300000001,-19.146038400000002,434643.1719446618,7882897.332043288,3,1,False,,,,
osm:3796995142,3796995142,14.3625092,-19.152093800000006,432964.26503621106,7882221.212943135,3,1,False,,,,
osm:3796995660,3796995660,14.3382436,-19.1613723,430416.4045745224,7881185.003540254,4,1,False,,,,
osm:3796995676,3796995676,14.3358376,-19.162337600000008,430163.8115066107,7881077.226775385,3,1,False,,,,
osm:3797094549,3797094549,14.340671900000002,-19.1341362,430660.37272098335,7884199.790101437,1,1,False,,,,
osm:3797094664,3797094664,14.366460800000002,-19.1343824,433372.70456559875,7884182.577587884,3,1,False,,,,
osm:3797094692,3797094692,14.3462468,-19.134746499999995,431246.94160116534,7884134.459581401,3,1,False,,,,
osm:3797094714,3797094714,14.3471922,-19.135226799999998,431346.568094155,7884081.683564711,3,1,False,,,,
osm:3797094989,3797094989,14.3509847,-19.135953999999998,431745.7239145078,7884002.700625418,3,1,False,,,,
osm:3797095006,3797095006,14.343255400000002,-19.136107399999993,430932.9009581558,7883982.689553761,3,1,False,,,,
osm:3797095010,3797095010,14.369392,-19.136180499999995,433681.697247768,7883984.724131517,3,1,False,,,,
osm:3797095034,3797095034,14.342157700000001,-19.136497499999997,430817.61888563115,7883939.088797117,3,1,False,,,,
osm:3797095053,3797095053,14.341331499999999,-19.136615500000005,430730.7772521746,7883925.704216799,3,1,False,,,,
osm:3797095105,3797095105,14.346729400000001,-19.1368878,431298.58242699236,7883897.703572149,1,1,False,,,,
osm:3797095265,3797095265,14.363464800000001,-19.1372055,433058.75230289943,7883869.043200167,3,1,False,,,,
osm:3797095301,3797095301,14.3685808,-19.137387699999998,433596.8667592354,7883850.833705518,3,1,False,,,,
osm:3797095315,3797095315,14.361735,-19.137464700000002,432876.93663278624,7883839.697960655,3,1,False,,,,
osm:3797095524,3797095524,14.3677226,-19.138533200000005,433507.0699546279,7883723.752349807,3,1,False,,,,
osm:3797095553,3797095553,14.3615534,-19.140223800000005,432858.95350150706,7883534.320300087,3,1,False,,,,
osm:3797095839,3797095839,14.335063200000002,-19.1522808,430078.1426473756,7882189.757638244,3,1,False,,,,
osm:3797096104,3797096104,14.3633621,-19.17092649999999,433061.5558701645,7880137.605346929,3,1,False,,,,
osm:3797096131,3797096131,14.3628573,-19.1720126,433008.91652635124,7880017.228917418,4,1,False,,,,
osm:3797096160,3797096160,14.3626664,-19.172701399999994,432989.1225261934,7879940.936252365,3,1,False,,,,
osm:3797096190,3797096190,14.3694398,-19.173983299999993,433701.830602734,7879801.6754472945,3,1,False,,,,
osm:3797096225,3797096225,14.368125299999999,-19.17699349999999,433564.82406700635,7879468.081006762,3,1,False,,,,
osm:3797783387,3797783387,14.4017204,-19.216047799999995,437111.9483764523,7875158.987443283,2,1,False,,,,
osm:3797783407,3797783407,14.407011699999998,-19.2192816,437669.3772168264,7874803.05422582,3,1,False,,,,
osm:3797783435,3797783435,14.4096555,-19.22919069999999,437951.00211280317,7873707.506327037,3,1,False,,,,
osm:3797783763,3797783763,14.3883787,-19.233586299999995,435716.3182875592,7873213.382752851,3,1,False,,,,
osm:3797783772,3797783772,14.3879713,-19.2345687,435673.88029358594,7873104.524075521,3,1,False,,,,
osm:3797783833,3797783833,14.371785000000001,-19.2511682,433979.23458852485,7871261.624341279,3,1,False,,,,
osm:3797811881,3797811881,14.4195424,-19.2438438,438995.61931080103,7872089.562982963,3,1,False,,,,
osm:3797811885,3797811885,14.4205202,-19.244433100000002,439098.6033482171,7872024.696745937,3,1,False,,,,
osm:3797811889,3797811889,14.4179745,-19.244653899999996,438831.1333291879,7871999.370194861,4,1,False,,,,
osm:3797811908,3797811908,14.402384,-19.24622,437193.1753145739,7871820.512773674,2,1,False,,,,
osm:3797811917,3797811917,14.399918300000001,-19.24641069999999,436934.10644433537,7871798.517925331,3,9,False,,,,
osm:3797811944,3797811944,14.4139118,-19.247471,438405.19703514857,7871686.208441952,1,1,False,,,,
osm:3797819866,3797819866,14.3729613,-19.251195899999995,434102.8700000107,7871259.005680565,2,9,False,,,,
osm:3797819879,3797819879,14.392741000000001,-19.252493300000005,436182.13423556817,7871122.823766604,2,1,False,,,,
osm:3797948511,3797948511,14.4252251,-19.4113736,439654.42255004117,7853553.350778687,3,1,False,,,,
osm:3797948553,3797948553,14.448940900000002,-19.4143143,442145.44455346226,7853236.073025776,3,1,False,,,,
osm:3797988741,3797988741,14.337939999999998,-19.128618500000005,430370.74430232396,7884809.266313272,3,13,False,,,,
osm:3798054530,3798054530,14.375106600000002,-19.155397999999998,434290.3026823671,7881860.375293456,3,1,False,,,,
osm:3798054865,3798054865,14.3573331,-19.181476799999995,432431.9253067,7878967.833473014,2,1,False,,,,
osm:3798055147,3798055147,14.3551901,-19.18901339999999,432209.6936323376,7878133.035084924,3,1,False,,,,
osm:3798055297,3798055297,14.353162400000002,-19.190793899999996,431997.2410115489,7877935.222871958,1,1,False,,,,
osm:3798055303,3798055303,14.359498800000003,-19.191222699999997,432663.5901953856,7877890.233952759,1,1,False,,,,
osm:3798055400,3798055400,14.363317199999997,-19.1980737,433067.8045634049,7877133.603848221,1,1,False,,,,
osm:3798119069,3798119069,14.382479299999998,-19.193805499999996,435080.636638923,7877613.1531342445,3,1,False,,,,
osm:3798119074,3798119074,14.3819179,-19.194445999999992,435021.8667612162,7877542.069239948,3,1,False,,,,
osm:3798119081,3798119081,14.3817908,-19.195197899999997,435008.79966918845,7877458.820185845,1,1,False,,,,
osm:3799236361,3799236361,14.365992,-19.19815,433349.03656091273,7877126.186249342,3,1,False,,,,
osm:3857089184,3857089184,16.6131986,-18.991109399999992,669815.7996629791,7899378.1638004035,1,1,False,,,,
osm:3857089222,3857089222,16.6475816,-18.999388,673427.3831199042,7898428.3226562375,3,1,False,,,,
osm:3857089226,3857089226,16.637332,-18.999607099999995,672348.0324563605,7898414.145649958,1,1,False,,,,
osm:3857089395,3857089395,16.6391909,-19.010187499999997,672532.8319311475,7897241.244614189,1,1,False,,,,
osm:3857089402,3857089402,16.4645671,-19.026084300000008,654134.8025008597,7895644.071006145,1,1,False,,,,
osm:3857089407,3857089407,16.5332165,-19.0263333,661360.7379693638,7895554.870379651,3,1,False,,,,
osm:3857089415,3857089415,16.5340796,-19.027326600000002,661450.6307871443,7895444.139379539,1,1,False,,,,
osm:3857089430,3857089430,16.4728153,-19.0432032,654987.1277422997,7893742.142455149,1,1,False,,,,
osm:3857089431,3857089431,16.738805,-19.0571801,682968.6851999213,7891938.968017002,1,1,False,,,,
osm:3857089687,3857089687,16.6968221,-19.0596627,678547.2698221791,7891707.446384524,3,1,False,,,,
osm:3857089872,3857089872,16.6834873,-19.0600768,677143.3609853422,7891675.134624636,3,1,False,,,,
osm:3857089914,3857089914,16.6989971,-19.0629616,678772.6490743262,7891340.084913884,1,1,False,,,,
osm:3859066813,3859066813,17.1599518,-18.606479399999998,727907.0430984892,7941342.692330377,3,1,False,,,,
osm:3859066814,3859066814,17.1576892,-18.6074537,727666.9179056907,7941237.703974207,1,1,False,,,,
osm:3859343409,3859343409,17.0452304,-18.798859200000003,715554.120432853,7920187.968779294,3,1,False,,,,
osm:3859343423,3859343423,17.045377,-18.8029604,715564.3507464292,7919733.781169334,4,1,False,,,,
osm:3859343882,3859343882,17.1271354,-19.1755245,723685.5543148535,7878386.671063328,1,1,False,,,,
osm:4024064294,4024064294,16.4448568,-19.0107597,652074.0296041539,7897357.311207462,1,1,False,,,,
osm:4024064318,4024064318,16.4469715,-19.012710799999994,652294.8665561238,7897139.541018569,1,1,False,,,,
osm:4024064328,4024064328,16.4455902,-19.013386199999992,652148.8446315798,7897065.986527365,3,1,False,,,,
osm:4024064531,4024064531,15.9180383,-19.192506999999996,596515.0340805373,7877617.645255297,3,1,False,,,,
osm:4024064718,4024064718,16.2095215,-19.076042699999995,627251.5515619724,7890319.5390945515,1,33,False,,,,
osm:4024064761,4024064761,15.9206052,-19.191325800000005,596785.6057252439,7877746.934786158,3,1,False,,,,
osm:4084909239,4084909239,16.0152608,-19.161839699999998,606756.7722434844,7880954.700515741,3,1,False,,,,
osm:4093319996,4093319996,16.945275,-18.4583248,705425.1236659166,7958001.562255317,3,1,False,,,,
osm:4093320015,4093320015,16.9432204,-18.4683182,705196.2003078081,7956897.69864825,3,1,False,,,,
osm:4093320018,4093320018,16.9385286,-18.472665099999997,704695.4532027962,7956421.849472534,3,1,False,,,,
osm:4093320034,4093320034,16.9875412,-18.471617800000008,709873.7757357958,7956481.557099087,1,1,False,,,,
osm:4096861404,4096861404,16.949105,-18.469432599999998,705816.4529823496,7956767.651424143,3,1,False,,,,
osm:4096861412,4096861412,16.9599408,-18.4715073,706958.5315886637,7956525.621182523,4,1,False,,,,
osm:4096861417,4096861417,16.9584033,-18.476160799999988,706790.548160612,7956012.268630244,3,1,False,,,,
osm:4096871365,4096871365,17.112627,-18.5287223,723012.8499878106,7950010.096509499,3,1,False,,,,
osm:4096871373,4096871373,17.1211223,-18.521314499999992,723919.6085157784,7950819.625444708,3,1,False,,,,
osm:4096871381,4096871381,17.1155598,-18.507293699999998,723350.3865189682,7952378.668049693,3,1,False,,,,
osm:4096871385,4096871385,17.118131,-18.5018681,723628.9909973931,7952976.110732392,3,1,False,,,,
osm:4212513872,4212513872,14.6220692,-19.440352,460328.4021991248,7850403.857897576,3,1,False,,,,
osm:4212514317,4212514317,14.6235289,-19.436991599999995,460480.8162935688,7850776.038563173,3,1,False,,,,
osm:4213356490,4213356490,14.586577799999999,-19.456866899999994,456607.1930694649,7848567.830750524,3,1,False,,,,
osm:4213356527,4213356527,14.5820503,-19.4427851,456128.1950102832,7850124.91132899,3,1,False,,,,
osm:4213356528,4213356528,14.5845866,-19.457270499999993,456398.30165481864,7848522.666609032,1,1,False,,,,
osm:4213356602,4213356602,14.589581900000002,-19.44020009999999,456918.10899772367,7850412.857794771,4,1,False,,,,
osm:4223931895,4223931895,16.2720321,-19.0619989,633840.2874860299,7891827.209724979,1,1,False,,,,
osm:4223931897,4223931897,16.271901,-19.0622938,633826.2549959497,7891794.673143593,3,1,False,,,,
osm:4239718783,4239718783,14.4498901,-19.42598969999999,442249.2260170654,7851944.428252583,2,1,False,,,,
osm:4239718784,4239718784,14.450137699999999,-19.426404400000003,442275.36627456767,7851898.6218128335,2,1,False,,,,
osm:4350860500,4350860500,15.9401039,-19.331200899999995,598751.9095104338,7862257.039337628,3,1,False,,,,
osm:4350860501,4350860501,15.940291200000003,-19.330775200000005,598771.8415133008,7862304.041895932,3,1,False,,,,
osm:4350860502,4350860502,15.940139500000003,-19.330761599999995,598755.9134067049,7862305.633493299,3,1,False,,,,
osm:4350875026,4350875026,16.9422401,-18.807101400000004,704686.2278804041,7919397.391958822,3,1,False,,,,
osm:4350903480,4350903480,17.0479215,-18.731434299999997,715923.7011013507,7927648.736003774,3,1,False,,,,
osm:4350903481,4350903481,17.048069,-18.73138429999999,715939.3217020024,7927654.0924083805,1,1,False,,,,
osm:4357827691,4357827691,17.0478046,-19.348602,715114.402558475,7859325.755318956,1,25,False,,,,
osm:4357827694,4357827694,16.9912288,-19.3672472,709145.6262830155,7857331.100008152,1,8,False,,,,
osm:4392096990,4392096990,14.445399900000002,-19.4266516,441778.06719954126,7851869.67290646,3,1,False,,,,
osm:4392096992,4392096992,14.450349100000002,-19.427176299999996,442297.8321625988,7851813.27655318,4,1,False,,,,
osm:4392096993,4392096993,14.4502836,-19.427191900000004,442290.9613379788,7851811.52836203,3,1,False,,,,
osm:4392097002,4392097002,14.447488600000002,-19.427441500000004,441997.6246772646,7851782.969600197,3,1,False,,,,
osm:4392097007,4392097007,14.4486756,-19.4278703,442122.3902440441,7851735.919165514,3,1,False,,,,
osm:4392097009,4392097009,14.463516,-19.4342133,443682.54660120845,7851038.942602553,3,1,False,,,,
osm:4392097012,4392097012,14.4621478,-19.435224699999996,443539.26596980984,7850926.576200223,1,1,False,,,,
osm:4392097013,4392097013,14.4871463,-19.4448749,446166.70712172793,7849866.724809028,3,1,False,,,,
osm:4392097017,4392097017,14.4864687,-19.446688700000003,446096.17812885426,7849665.803675985,3,1,False,,,,
osm:4392097029,4392097029,14.4883838,-19.448449,446297.7836782773,7849471.6135306535,3,1,False,,,,
osm:4392097035,4392097035,14.486117300000002,-19.448701899999996,446059.957223262,7849442.919532565,1,1,False,,,,
osm:4392097082,4392097082,14.4866591,-19.460409,446120.6946548685,7848147.619541779,3,1,False,,,,
osm:4392184370,4392184370,14.6119837,-19.435079200000004,459268.3944190332,7850984.964653039,3,1,False,,,,
osm:4392184373,4392184373,14.6126723,-19.436319700000002,459340.9891268205,7850847.859830515,3,1,False,,,,
osm:4392184589,4392184589,14.6158223,-19.4369828,459671.8221875322,7850775.225319552,3,1,False,,,,
osm:4392184591,4392184591,14.6158713,-19.437004200000004,459676.9711942965,7850772.868778754,3,1,False,,,,
osm:4392184605,4392184605,14.614103,-19.438351000000004,459491.6797969781,7850623.423480624,3,1,False,,,,
osm:4392184631,4392184631,14.6069482,-19.4417466,458741.47597809875,7850245.98380263,3,1,False,,,,
osm:4392184640,4392184640,14.579368100000002,-19.4433168,455846.7867123405,7850065.3899642015,3,1,False,,,,
osm:4392184641,4392184641,14.576459700000001,-19.4437533,455541.61005395156,7850016.340168274,3,1,False,,,,
osm:4392184654,4392184654,14.5545169,-19.4445167,453238.49042047263,7849926.05075505,3,1,False,,,,
osm:4392184660,4392184660,14.501009700000001,-19.4447665,447621.91672488896,7849882.997781564,3,1,False,,,,
osm:4392184668,4392184668,14.500965400000002,-19.4450845,447617.3685764638,7849847.795547242,3,1,False,,,,
osm:4392184670,4392184670,14.5001416,-19.4450915,447530.8965235092,7849846.770004657,3,1,False,,,,
osm:4392184681,4392184681,14.5007278,-19.445289899999995,447592.49363663734,7849824.994375233,3,1,False,,,,
osm:4392184691,4392184691,14.5285841,-19.4455602,450516.64343672094,7849803.330109857,3,1,False,,,,
osm:4392184709,4392184709,14.575596499999998,-19.445852099999996,455451.57263867854,7849783.873124892,3,1,False,,,,
osm:4392184713,4392184713,14.4975563,-19.445957099999998,447259.7971255417,7849750.195508428,3,1,False,,,,
osm:4392184783,4392184783,14.4937449,-19.449234900000004,446860.7833565234,7849386.312894303,3,1,False,,,,
osm:4392184814,4392184814,14.6107902,-19.45378149999999,459147.7864168517,7848915.175957112,3,1,False,,,,
osm:4392184818,4392184818,14.6109728,-19.454502400000003,459167.13309158746,7848835.447922961,3,1,False,,,,
osm:4392184843,4392184843,14.611058600000002,-19.454828699999993,459176.220530032,7848799.361469492,4,1,False,,,,
osm:4392184894,4392184894,14.529639,-19.460238499999996,450631.8163664985,7848179.388469087,3,1,False,,,,
osm:4392401196,4392401196,14.613901100000001,-19.438355400000003,459470.4868219047,7850622.889080552,3,1,False,,,,
osm:4392401198,4392401198,14.6054381,-19.445796000000005,458583.9864876176,7849797.533967794,3,1,False,,,,
osm:4392401233,4392401233,14.6032675,-19.452978,458357.9744388337,7849002.283840938,3,1,False,,,,
osm:4392401236,4392401236,14.603141400000002,-19.453926400000004,458344.9805975259,7848897.307783525,3,1,False,,,,
osm:4392401239,4392401239,14.604391300000001,-19.4540402,458476.2030288777,7848885.017379038,1,1,False,,,,
osm:4405849794,4405849794,14.491572800000002,-19.449658299999996,446632.9219955871,7849338.788627177,3,1,False,,,,
osm:4405912994,4405912994,14.492014299999997,-19.4497534,446679.2960778675,7849328.40205856,3,1,False,,,,
osm:4405913020,4405913020,14.5044106,-19.4583042,447983.2249482855,7848385.994971571,3,1,False,,,,
osm:4406629262,4406629262,14.4633844,-19.434356199999996,443668.7808410998,7851023.086694163,3,1,False,,,,
osm:4406629265,4406629265,14.467379200000002,-19.435904999999998,444088.67458461743,7850853.003460657,3,1,False,,,,
osm:4406629285,4406629285,14.4618534,-19.440976700000007,443510.3503391051,7850289.981121929,3,1,False,,,,
osm:4406631225,4406631225,14.463593,-19.4431914,443693.7253516852,7850045.479185283,1,1,False,,,,
osm:4406631234,4406631234,14.4628714,-19.44408079999999,443618.2848934527,7849946.824664297,3,1,False,,,,
osm:4406631243,4406631243,14.521206100000002,-19.445032299999994,449742.0165644532,7849859.607520035,3,1,False,,,,
osm:4406631247,4406631247,14.5270326,-19.4456372,450353.8068557499,7849794.362752104,3,1,False,,,,
osm:4406631252,4406631252,14.521238800000003,-19.4462804,449745.8332810275,7849721.507067822,3,1,False,,,,
osm:4406631263,4406631263,14.5269409,-19.447325399999993,450344.69467853266,7849607.526606476,4,1,False,,,,
osm:4406631281,4406631281,14.5258886,-19.448610200000005,450234.6282791985,7849465.051579207,3,1,False,,,,
osm:4406631377,4406631377,14.5250065,-19.4521707,450143.12415397284,7849070.804799136,3,1,False,,,,
osm:4406631399,4406631399,14.526975399999998,-19.453724099999995,450350.26266832155,7848899.480829825,4,1,False,,,,
osm:4406631402,4406631402,14.527113100000001,-19.4538417,450364.7520016401,7848886.507394217,1,1,False,,,,
osm:4406631435,4406631435,14.5287414,-19.456979500000003,450536.61620598054,7848539.759305008,3,1,False,,,,
osm:4406631444,4406631444,14.529249399999998,-19.4584129,450590.37103428575,7848381.290655188,3,1,False,,,,
osm:4406631457,4406631457,14.529844899999999,-19.4618776,450653.9234868536,7847998.070860108,3,1,False,,,,
osm:4406672137,4406672137,14.5960362,-19.430605999999997,457593.13985047844,7851476.097445285,3,1,False,,,,
osm:4406672138,4406672138,14.595951200000002,-19.430889799999996,457584.2903732746,7851444.6725833425,3,1,False,,,,
osm:4406672139,4406672139,14.597410899999998,-19.431025799999993,457737.5620208643,7851429.982331556,3,1,False,,,,
osm:4406672142,4406672142,14.597273100000002,-19.4313891,457723.1900628662,7851389.747499122,4,1,False,,,,
osm:4406672151,4406672151,14.5994957,-19.4319648,457956.66168656206,7851326.587444954,3,1,False,,,,
osm:4406672153,4406672153,14.599969100000001,-19.4320495,458006.37972769636,7851317.330459836,3,1,False,,,,
osm:4406672159,4406672159,14.597061599999998,-19.432752700000005,457701.34030990326,7851238.80620308,1,1,False,,,,
osm:4406672163,4406672163,14.6031328,-19.433108099999995,458338.76624312205,7851200.959376148,1,1,False,,,,
osm:4406672178,4406672178,14.594545700000001,-19.4342615,457437.62210280576,7851071.229751364,3,1,False,,,,
osm:4406672180,4406672180,14.5891692,-19.434922899999993,456873.39357841224,7850996.70461851,3,1,False,,,,
osm:4406672603,4406672603,14.593398,-19.436734799999993,457317.78751382866,7850797.262085212,3,1,False,,,,
osm:4406672619,4406672619,14.597773700000001,-19.437626799999993,457777.35419945396,7850699.636540184,4,1,False,,,,
osm:4406672635,4406672635,14.592465700000002,-19.439129199999996,457220.5471034001,7850532.077722774,3,1,False,,,,
osm:4406672649,4406672649,14.5970201,-19.4399908,457698.8583130824,7850437.862583125,3,1,False,,,,
osm:4406672666,4406672666,14.621394,-19.441300299999998,460257.75607566314,7850298.7680141125,4,1,False,,,,
osm:4406672671,4406672671,14.6221441,-19.4418393,460336.6258348555,7850239.297973478,4,1,False,,,,
osm:4406672676,4406672676,14.594767,-19.4421896,457462.9181830603,7850193.99855083,4,1,False,,,,
osm:4406672715,4406672715,14.580613500000002,-19.445510099999993,455978.10804171226,7849823.008308668,3,1,False,,,,
osm:4406672718,4406672718,14.598575100000001,-19.445678099999995,457863.5577769413,7849808.914261117,3,1,False,,,,
osm:4406672729,4406672729,14.576014500000001,-19.446556000000005,455495.6414313524,7849706.090830579,3,1,False,,,,
osm:4406672757,4406672757,14.590851000000002,-19.4492284,457053.7040917204,7849414.145032665,3,1,False,,,,
osm:4406672803,4406672803,14.586655399999998,-19.457479300000003,456615.5009268697,7848500.084856173,3,1,False,,,,
osm:4406672809,4406672809,14.490237399999998,-19.458446699999996,446495.630537293,7848365.878511673,4,1,False,,,,
osm:4406672853,4406672853,14.4953643,-19.461395700000004,447034.71530609985,7848041.138810948,1,1,False,,,,
osm:4406679840,4406679840,14.5999136,-19.43221829999999,458000.5968819682,7851298.6383411335,4,1,False,,,,
osm:4406679849,4406679849,14.599355500000001,-19.433980200000004,457942.4627049072,7851103.5388482865,3,1,False,,,,
osm:4406679871,4406679871,14.6002079,-19.436782,458032.6641231056,7850793.713195516,3,1,False,,,,
osm:4406679877,4406679877,14.6140118,-19.438353,459482.10674734856,7850623.180709375,3,1,False,,,,
osm:4406680592,4406680592,14.599199300000002,-19.4453841,457929.0033692323,7849841.59962572,3,1,False,,,,
osm:4406680608,4406680608,14.5906109,-19.449524299999997,457028.57957825914,7849381.342147438,3,1,False,,,,
osm:4406713690,4406713690,14.6084308,-19.436612099999998,458895.8136660533,7850814.497196978,3,1,False,,,,
osm:4406713724,4406713724,14.6137715,-19.4384203,459456.8984203903,7850615.677052714,3,1,False,,,,
osm:4406713762,4406713762,14.599312900000001,-19.444376199999997,457940.66816230986,7849953.156850467,4,1,False,,,,
osm:4406713771,4406713771,14.596933599999998,-19.44520869999999,457691.13027058815,7849860.453142226,4,1,False,,,,
osm:4406713772,4406713772,14.5994985,-19.445260099999995,457960.3780777922,7849855.393994475,3,1,False,,,,
osm:4406713816,4406713816,14.5927707,-19.451330199999997,457255.758381168,7849182.047486262,3,1,False,,,,
osm:4406713834,4406713834,14.5978146,-19.4535554,457785.7666040884,7848937.0624552,3,1,False,,,,
osm:4406713841,4406713841,14.5910528,-19.454013100000004,457076.1447521285,7848884.742245754,1,1,False,,,,
osm:4406713851,4406713851,14.6028011,-19.454552600000003,458309.42161610664,7848827.932962613,3,1,False,,,,
osm:4406713875,4406713875,14.595908900000001,-19.456419499999996,457586.48217827245,7848619.665468257,3,1,False,,,,
osm:4406713909,4406713909,14.594535600000002,-19.458093799999997,457442.77507422597,7848434.055790942,1,1,False,,,,
osm:4406713911,4406713911,14.5979501,-19.458151899999997,457801.17796812614,7848428.468017647,3,1,False,,,,
osm:4445637411,4445637411,14.617245100000002,-19.435388299999996,459820.78689951636,7850951.997347303,2,1,False,,,,
osm:4445637412,4445637412,14.617920900000001,-19.435424000000005,459891.73774330894,7850948.2045206465,2,1,False,,,,
osm:4498180592,4498180592,14.469603599999997,-19.317113599999995,444281.81071554846,7863998.711700076,4,1,False,,,,
osm:4498180598,4498180598,14.4692125,-19.317010099999997,444240.68960344663,7864010.038662977,1,1,False,,,,
osm:4498180599,4498180599,14.4694123,-19.317057499999997,444261.6951646791,7864004.857911468,3,1,False,,,,
osm:4498180604,4498180604,14.46894,-19.317424200000005,444212.20329026994,7863964.128531851,3,1,False,,,,
osm:4498180608,4498180608,14.469235499999998,-19.317719799999995,444243.3464720927,7863931.513968276,1,1,False,,,,
osm:4498180609,4498180609,14.4697651,-19.3166901,444298.633222928,7864045.626181055,3,1,False,,,,
osm:4498180611,4498180611,14.4695381,-19.316642700000003,444274.77019188076,7864050.798224868,1,1,False,,,,
osm:4549506870,4549506870,14.764459500000001,-18.960871600000004,475203.5435186749,7903485.449280778,3,1,False,,,,
osm:4549506872,4549506872,14.764369599999998,-18.961450099999997,475194.16481549444,7903421.426726283,3,1,False,,,,
osm:4549520102,4549520102,14.4687992,-19.317596900000005,444197.4705434119,7863944.972992884,1,1,False,,,,
osm:4616740743,4616740743,14.4864218,-19.314352999999993,446047.69621980586,7864309.510840587,2,1,False,,,,
osm:4616740754,4616740754,14.4820622,-19.314508199999995,445589.7540603187,7864290.973537293,3,1,False,,,,
osm:4616755797,4616755797,14.732063900000002,-19.075044099999996,471812.3389509157,7890847.5112071065,1,1,False,,,,
osm:4616755800,4616755800,14.7315337,-19.074722600000005,471756.5055640756,7890882.999740017,3,1,False,,,,
osm:4616772550,4616772550,14.861208300000001,-18.976235999999997,485390.1047583451,7901796.224895947,3,1,False,,,,
osm:4616775227,4616775227,14.8610051,-18.971493999999996,485368.3010419795,7902320.899617482,3,1,False,,,,
osm:4616775230,4616775230,14.8610355,-18.9726985,485371.6062799349,7902187.626963869,4,1,False,,,,
osm:4616784558,4616784558,14.8610189,-18.9723154,485369.82541378774,7902230.014728799,2,1,False,gate,,permissive,
osm:4616939221,4616939221,15.061318400000001,-18.978257399999993,506454.5937331191,7901577.192856239,3,1,False,,,,
osm:4616939222,4616939222,15.0611358,-18.979626099999994,506435.32004583545,7901425.756176869,3,1,False,,,,
osm:4616939228,4616939228,15.0612178,-18.978487399999995,506443.99537189037,7901551.747594183,3,1,False,,,,
osm:4616939229,4616939229,15.0610799,-18.978297299999994,506429.48683337093,7901572.786738362,3,1,False,,,,
osm:4624302919,4624302919,14.8610214,-18.9724431,485370.0997253819,7902215.885222222,2,1,False,cattle_grid,,,
osm:4626765166,4626765166,14.504254500000002,-19.2480861,447900.1399276843,7871647.695068747,3,1,False,,,,
osm:4626765170,4626765170,14.505999400000002,-19.2497949,448084.0594482069,7871459.131631225,1,1,False,,,,
osm:4626765176,4626765176,14.5041902,-19.248512399999992,447893.516825186,7871600.5039740745,3,1,False,,,,
osm:4626765180,4626765180,14.5037339,-19.248228799999993,447845.4720200782,7871631.7485905085,3,1,False,,,,
osm:4626805442,4626805442,14.547864100000002,-19.1643947,452459.2831294441,7880920.896565963,3,1,False,,,,
osm:4626815299,4626815299,14.582517799999998,-19.1433181,456097.4918281861,7883262.141449606,3,1,False,,,,
osm:4626815304,4626815304,14.5820379,-19.1433636,456047.0367893194,7883256.986130502,3,1,False,,,,
osm:4627030416,4627030416,15.713276800000001,-19.0065999,575070.8841687965,7898290.095700387,3,1,False,,,,
osm:4627853680,4627853680,15.667584500000002,-19.097019199999995,570223.6318821304,7888303.680190625,3,1,False,,,,
osm:4627949305,4627949305,16.9889561,-18.728618200000003,709708.1031217197,7928030.858238414,3,1,False,,,,
osm:4627949313,4627949313,16.9893742,-18.728636800000004,709752.177219949,7928028.307493666,3,1,False,,,,
osm:4660964767,4660964767,14.474000599999998,-19.003419500000003,444639.1339313033,7898711.439276255,1,1,False,,,,
osm:4723861578,4723861578,15.832397999999998,-18.9906613,587617.1319734743,7899998.7326678075,2,1,False,gate,,yes,
osm:4723861584,4723861584,15.8324863,-18.990514599999994,587626.5035947334,7900014.922094155,1,1,False,,,,
osm:4723880672,4723880672,15.308457,-18.976594199999997,532469.7270076065,7901733.9233594695,2,1,False,gate,,,
osm:4804133338,4804133338,15.515551000000002,-18.980844799999996,554268.4744149729,7901212.613015506,2,1,False,,,,
osm:4826748660,4826748660,17.0308507,-18.7643555,714081.6918449885,7924024.937027477,3,1,False,,,,
osm:4826748672,4826748672,17.0300061,-18.764386999999992,713992.5889984309,7924022.465667104,3,1,False,,,,
osm:4826748673,4826748673,17.0305131,-18.7642499,714046.2252350665,7924037.03304287,3,1,False,,,,
osm:4826748676,4826748676,17.0306635,-18.763961900000005,714062.4485564156,7924068.733902952,3,1,False,,,,
osm:4826748679,4826748679,17.0304272,-18.7634651,714038.1578282544,7924124.014082588,2,1,False,,,,
osm:4826851559,4826851559,15.924355299999998,-18.7228853,597451.5906282051,7929581.876182013,2,1,False,,,,
osm:4826851565,4826851565,15.9216624,-18.720558399999998,597168.997423987,7929840.829774169,3,1,False,,,,
osm:4826851665,4826851665,15.942111600000002,-18.501318,599452.3877257487,7954089.659617664,3,1,False,,,,
osm:4826851669,4826851669,15.943173700000001,-18.500820699999995,599564.8020925628,7954144.102391714,3,1,False,,,,
osm:4875401618,4875401618,14.8612108,-18.9705606,485389.8733498677,7902424.195250377,3,1,False,,,,
osm:4876738499,4876738499,16.9420829,-18.8071245,704669.6280804293,7919395.016041683,3,1,False,,,,
osm:4878678651,4878678651,14.8604856,-18.9650054,485313.0460493114,7903038.804910751,1,1,False,,,,
osm:5291218751,5291218751,15.061205299999997,-18.9788909,506442.6640682094,7901507.101749141,3,1,False,,,,
osm:5291218763,5291218763,15.0612187,-18.978511299999997,506444.0891900993,7901549.103083938,3,1,False,,,,
osm:5322498300,5322498300,17.1669229,-18.621970300000005,728622.1659260126,7939618.87679647,3,1,False,,,,
osm:5322498309,5322498309,17.1667022,-18.620778199999993,728600.4663493024,7939751.131740755,3,1,False,,,,
osm:5322498317,5322498317,17.05947,-18.782574499999996,717076.2782989325,7921973.3867018465,3,1,False,,,,
osm:5322498922,5322498922,17.0597714,-18.7825502,717108.0891253594,7921975.7087824205,3,1,False,,,,
osm:5322498930,5322498930,17.0601784,-18.7827675,717150.7246762817,7921951.156171024,3,1,False,,,,
osm:5322510341,5322510341,17.1817926,-18.619733699999998,730194.6182372681,7939847.457388944,3,1,False,,,,
osm:5322510352,5322510352,17.1681238,-18.6181402,728754.0414698622,7940041.363059088,3,1,False,,,,
osm:5322510357,5322510357,17.1693382,-18.618686099999994,728881.4883649241,7939979.378471108,3,1,False,,,,
osm:5323186694,5323186694,16.8080266,-18.5588638,690815.870554024,7947023.674893369,1,1,False,,,,
osm:5323203994,5323203994,14.8728039,-18.966253599999998,486609.9190204934,7902901.675473265,3,1,False,,,,
osm:5323204002,5323204002,14.8726726,-18.965892999999998,486596.0680812589,7902941.565021649,3,1,False,,,,
osm:5323219732,5323219732,14.486518,-19.314440800000003,446057.8312131297,7864299.825285456,3,1,False,,,,
osm:5323219743,5323219743,14.4854434,-19.314701200000002,445945.0258404319,7864270.675711468,3,1,False,,,,
osm:5323219751,5323219751,14.4858301,-19.314712500000006,445985.6538487489,7864269.545938496,3,1,False,,,,
osm:5323219752,5323219752,14.486471600000002,-19.314711499999994,446053.0455117582,7864269.856506933,3,1,False,,,,
osm:5323219774,5323219774,14.486079400000001,-19.3147121,446011.84362199117,7864269.667920595,2,1,False,gate,Staff Access gate,permissive,
osm:5323219805,5323219805,14.486732,-19.3146739,446080.3891829077,7864274.098215964,2,1,False,gate,,,
osm:5323219806,5323219806,14.481626399999998,-19.3147368,445544.04724615207,7864265.540824754,2,1,False,gate,Galton Gate,,yes
osm:5323219812,5323219812,14.481585,-19.314754800000006,445539.70397944626,7864263.536016377,3,1,False,,,,
osm:5323225355,5323225355,14.486742900000001,-19.316490499999993,446082.1299070339,7864073.085586114,3,1,False,,,,
osm:5323225357,5323225357,14.486753,-19.31658060000001,446083.2204818832,7864063.118706256,3,1,False,,,,
osm:5323225365,5323225365,14.4864613,-19.3167241,446052.6237281327,7864047.148869138,3,1,False,,,,
osm:5323225400,5323225400,14.486472500000001,-19.318270299999995,446054.30760895915,7863876.0574278375,3,1,False,,,,
osm:5323225410,5323225410,14.486741100000001,-19.317585100000002,446082.29974376695,7863951.961953346,3,1,False,,,,
osm:5323225417,5323225417,14.4868696,-19.3178936,446095.90005457227,7863917.8648519525,1,1,False,,,,
osm:5323225420,5323225420,14.486458700000002,-19.316388099999994,446052.2403555958,7864084.328172242,3,1,False,,,,
osm:5323225464,5323225464,14.485421100000002,-19.316356,445943.22712303384,7864087.556693133,3,1,False,,,,
osm:5323225471,5323225471,14.486353200000002,-19.316564799999995,446041.2152806036,7864064.742552842,3,1,False,,,,
osm:5323225472,5323225472,14.485053500000001,-19.316205299999993,445904.5601633823,7864104.117650115,1,1,False,,,,
osm:5323226065,5323226065,16.4711558,-19.034368199999992,654820.6570458442,7894721.439686228,3,1,False,,,,
osm:5323234347,5323234347,15.710607400000002,-19.0063067,574790.0550331516,7898323.676677948,3,1,False,,,,
osm:5323240415,5323240415,16.1314454,-19.239634499999998,618919.0923558392,7872270.226084495,2,1,False,,,,
osm:5323240417,5323240417,16.1909788,-19.206260299999997,625202.2467409279,7875921.9279772015,3,1,False,,,,
osm:5324337206,5324337206,15.633157,-19.0824022,566607.9075723977,7889934.562963512,2,1,False,,,,
osm:5324964722,5324964722,16.8295843,-18.609445800000003,693034.651252869,7941401.846190779,3,1,False,,,,
osm:5324964723,5324964723,16.9091589,-18.7852693,701224.82772691,7921851.883642076,3,1,False,,,,
osm:5324964727,5324964727,16.9094461,-18.785063099999995,701255.3525175797,7921874.383751093,3,1,False,,,,
osm:5324988596,5324988596,16.486282600000003,-19.042873999999998,656404.8763294927,7893766.63217369,3,1,False,,,,
osm:5324988600,5324988600,16.486712,-19.042559699999998,656450.3656688238,7893801.035555025,3,1,False,,,,
osm:5325002321,5325002321,16.2124719,-19.068518799999996,627567.7529303485,7891150.051386787,1,23,False,,,,
osm:5325027625,5325027625,15.5045297,-18.979430599999993,553108.7627923164,7901372.454770971,3,1,False,,,,
osm:5325027632,5325027632,15.5047171,-18.97899719999999,553128.627044859,7901420.35438704,3,1,False,,,,
osm:5325761886,5325761886,14.505874,-19.3175077,448092.2209162962,7863966.3719723895,2,1,False,gate,unmaned gate,,
osm:5325761887,5325761887,14.505883400000002,-19.317553000000007,448093.22270321776,7863961.362124899,3,1,False,,,,
osm:5325761888,5325761888,14.5342168,-19.281430600000004,451058.94990260125,7867966.708144069,2,1,False,gate,unmaned gate,,
osm:5325764098,5325764098,14.5359521,-19.278195400000005,451240.32817212405,7868325.184575908,3,1,False,,,,
osm:5327261954,5327261954,16.9450341,-18.8122678,704974.5062392585,7918822.267741492,2,1,False,,,,
osm:5349441689,5349441689,14.623582400000002,-19.430957499999998,460484.97285514313,7851443.753577853,3,1,False,,,,
osm:5349441691,5349441691,14.624325900000002,-19.4306187,460562.94203509553,7851481.413861298,3,1,False,,,,
osm:5349441695,5349441695,14.624425700000002,-19.430773,460573.45606829354,7851464.362666882,1,1,False,,,,
osm:5349441702,5349441702,14.6185745,-19.439106899999995,459961.25218532514,7850540.825371221,3,1,False,,,,
osm:5349441704,5349441704,14.6187059,-19.438941000000003,459975.0049214001,7850559.213592295,1,1,False,,,,
osm:5349441705,5349441705,14.618801999999999,-19.439274900000008,459985.1746055505,7850522.288223801,3,1,False,,,,
osm:5349441718,5349441718,14.6173729,-19.439836699999994,459835.29663622874,7850459.789430903,1,1,False,,,,
osm:5349441719,5349441719,14.6197067,-19.439968399999998,460080.3126974945,7850445.759011024,3,1,False,,,,
osm:5349447221,5349447221,14.619577600000001,-19.440034000000004,460066.776853812,7850438.470099898,2,1,False,,,,
osm:5349447222,5349447222,14.620218,-19.440384999999996,460134.0865778695,7850399.778620321,3,1,False,,,,
osm:5349447230,5349447230,14.6204055,-19.439972299999997,460153.6680775789,7850445.489353129,1,1,False,,,,
osm:5349447231,5349447231,14.618135000000002,-19.440695800000007,459915.50674721313,7850364.9033240955,1,1,False,,,,
osm:5391032378,5391032378,14.481208900000002,-19.314922499999994,445500.2488222673,7864244.860857535,5,1,False,,,,
osm:5391032383,5391032383,14.481555700000001,-19.315443700000003,445536.8540614993,7864187.2964729,1,1,False,,,,
osm:5391032387,5391032387,14.4816327,-19.316210899999998,445545.197232287,7864102.426047193,3,1,False,,,,
osm:5391032388,5391032388,14.4810756,-19.3145931,445486.1359705203,7864281.268717789,3,1,False,,,,
osm:5417840165,5417840165,16.0705764,-19.1237332,612599.6849252931,7885136.988466973,3,1,False,,,,
osm:5417840203,5417840203,16.1106199,-19.104704699999992,616825.105325315,7887216.519805644,3,1,False,,,,
osm:5417841422,5417841422,16.1937728,-19.051944799999998,625612.6198792098,7892997.755364322,3,1,False,,,,
osm:5417841618,5417841618,16.3406507,-19.036134899999993,641083.0595104757,7894635.861986351,3,20,False,,,,
osm:5417841619,5417841619,16.4910154,-18.942262800000005,656997.3370038348,7904897.798563797,3,1,False,,,,
osm:5417841632,5417841632,16.490938700000005,-18.942302899999998,656989.2218858838,7904893.428670597,3,1,False,,,,
osm:5417854026,5417854026,16.9292384,-18.8191212,703301.154281071,7918081.787157715,3,1,False,,,,
osm:5417921494,5417921494,15.5152174,-18.983687400000004,554232.4378759107,7900898.17884849,2,1,False,,,,
osm:5417921495,5417921495,15.515488400000002,-18.98384909999999,554260.9119237675,7900880.203088112,2,1,False,,,,
osm:5417921571,5417921571,15.5143415,-18.983212099999996,554140.3911445127,7900951.040812159,3,1,False,,,,
osm:5417921594,5417921594,15.514017,-18.983074999999992,554106.2773112608,7900966.310798733,3,1,False,,,,
osm:5418157935,5418157935,16.7442325,-18.500940999999997,684143.5000962784,7953501.235797731,2,1,False,gate,Nehale Iya Mpingana Gate,,
osm:5418197246,5418197246,15.9419526,-18.500851199999996,599435.8714400553,7954141.4004541,3,1,False,,,,
osm:5418213419,5418213419,14.5252316,-18.910246199999992,450003.49166907195,7909036.426927095,2,1,False,,,,
osm:5418530173,5418530173,15.664938399999999,-19.094415599999998,569946.3709290242,7888592.840162244,1,1,False,,,,
osm:5419589844,5419589844,15.8235268,-19.315198800000005,586513.94253888,7864090.239408636,3,1,False,,,,
osm:5419589846,5419589846,15.823669499999998,-19.315097299999998,586528.9878228783,7864101.400172364,3,1,False,,,,
osm:5419589866,5419589866,15.8244868,-19.312905000000004,586616.0070574221,7864343.592854358,1,1,False,,,,
osm:5419590461,5419590461,15.820621900000003,-19.313482799999992,586209.6573262436,7864281.581272559,3,1,False,,,,
osm:5419590463,5419590463,15.8206541,-19.313709999999997,586212.921137377,7864256.423181898,3,1,False,,,,
osm:5419590486,5419590486,15.8219223,-19.312910300000002,586346.5775788258,7864344.286694837,1,1,False,,,,
osm:5419595837,5419595837,15.7830102,-19.303368900000002,582263.2553283023,7865419.072022716,3,1,False,,,,
osm:5419595856,5419595856,15.793362599999998,-19.3068428,583349.1756121946,7865029.7044026535,3,1,False,,,,
osm:5419597738,5419597738,15.7728248,-19.311067599999998,581189.3235606161,7864571.9417254925,3,1,False,,,,
osm:5419597741,5419597741,15.772785599999999,-19.311256800000002,581185.111806372,7864551.023327552,3,1,False,,,,
osm:5419597949,5419597949,15.761834299999999,-19.323740900000004,580028.490713958,7863174.637267385,3,1,False,,,,
osm:5419597977,5419597977,15.7585913,-19.3248387,579687.2749754686,7863054.651331605,4,1,False,,,,
osm:5419597986,5419597986,15.757441000000002,-19.325418500000005,579566.1538713515,7862991.020144057,3,1,False,,,,
osm:5419597987,5419597987,15.7582203,-19.32386169999999,579648.7744528712,7863162.9362121,3,1,False,,,,
osm:5419597995,5419597995,15.772581,-19.311217000000003,581163.6361370779,7864555.523443831,3,1,False,,,,
osm:5419796139,5419796139,15.865447900000001,-19.327476600000008,590911.3451808863,7862710.085797893,3,1,False,,,,
osm:5419798443,5419798443,15.8646183,-19.327352200000004,590824.2630499332,7862724.287617939,3,1,False,,,,
osm:5419798448,5419798448,15.8644555,-19.3270296,590807.3388980645,7862760.072476092,3,1,False,,,,
osm:5419798454,5419798454,15.864860599999998,-19.327291299999995,590849.7507655083,7862730.899756687,3,1,False,,,,
osm:5419806945,5419806945,15.820438900000001,-19.319784199999994,586187.1282089138,7863584.35610385,3,1,False,,,,
osm:5419806952,5419806952,15.821305100000002,-19.319456999999996,586278.2991657169,7863620.132886465,4,1,False,,,,
osm:5419806969,5419806969,15.822662,-19.319558900000004,586420.7959674929,7863608.179941775,3,1,False,,,,
osm:5419806973,5419806973,15.8230342,-19.319598599999992,586459.8768815862,7863603.600918757,3,1,False,,,,
osm:5419806984,5419806984,15.8235266,-19.3201085,586511.3380437067,7863546.929134703,3,1,False,,,,
osm:5419806987,5419806987,15.8233915,-19.3202275,586497.0824264508,7863533.828011021,3,1,False,,,,
osm:5419807229,5419807229,15.821137200000003,-19.3188871,586260.9593139522,7863683.281992963,3,1,False,,,,
osm:5419811874,5419811874,15.8229058,-19.319430300000004,586446.4762120565,7863622.2892049765,3,1,False,,,,
osm:5419812021,5419812021,15.8240721,-19.317160599999998,586570.1981266643,7863872.872975856,3,1,False,,,,
osm:5419812025,5419812025,15.823606000000002,-19.320226199999993,586519.6175053774,7863533.86470693,3,1,False,,,,
osm:5419812060,5419812060,15.825035800000002,-19.319122100000005,586670.4079189046,7863655.330111244,3,1,False,,,,
osm:5419812061,5419812061,15.822853000000002,-19.3203687,586440.4358206762,7863518.47163955,3,1,False,,,,
osm:5419812121,5419812121,15.8260017,-19.319896299999996,586771.4730576203,7863569.1728931125,3,1,False,,,,
osm:5420507349,5420507349,15.7650004,-19.323105599999995,580361.4064950593,7863243.472655483,3,1,False,,,,
osm:5420509103,5420509103,15.798350500000002,-19.32452839999999,583864.2008658482,7863070.208341463,3,1,False,,,,
osm:5420509104,5420509104,15.7881666,-19.328132599999993,582792.5450403331,7862676.2695893645,3,1,False,,,,
osm:5420509740,5420509740,15.7985826,-19.309543800000004,583896.2292420662,7864728.292649409,3,1,False,,,,
osm:5420509741,5420509741,15.7938194,-19.321006499999996,583389.9858998439,7863462.130640723,3,1,False,,,,
osm:5420509819,5420509819,15.800718899999998,-19.322566599999988,584114.0105262027,7863286.152479071,3,1,False,,,,
osm:5420509820,5420509820,15.8005674,-19.3227859,584097.9827166658,7863261.958298368,3,1,False,,,,
osm:5420509926,5420509926,15.800449700000001,-19.322580100000003,584085.7232205216,7863284.789327508,3,1,False,,,,
osm:5423483948,5423483948,15.8645693,-18.9909916,591003.4619021177,7899945.861625858,3,1,False,,,,
osm:5423484136,5423484136,15.8720012,-18.786889299999995,591897.0686247309,7922527.28392141,3,1,False,,,,
osm:5423484185,5423484185,15.868596499999999,-18.785851400000002,591538.7983132369,7922643.88862451,4,1,False,,,,
osm:5423484252,5423484252,15.744037599999999,-19.0677389,578279.8769491031,7891511.310569046,3,1,False,,,,
osm:5423484254,5423484254,15.814724300000002,-19.070172299999996,585715.9230625809,7891208.984503368,1,1,False,,,,
osm:5423484255,5423484255,15.8175171,-19.0704653,586009.613969037,7891175.194239657,3,1,False,,,,
osm:5423484266,5423484266,15.816991200000002,-19.068558400000004,585955.2650457537,7891386.464978273,3,1,False,,,,
osm:5423484286,5423484286,15.743812099999998,-19.00524499999999,578285.4344939602,7898426.712484829,3,1,False,,,,
osm:5423484287,5423484287,15.7444854,-19.004860400000005,578356.4818584854,7898468.970745346,3,1,False,,,,
osm:5423484299,5423484299,15.723065400000001,-19.009627000000002,576099.7799586258,7897950.926328502,3,1,False,,,,
osm:5423484300,5423484300,15.7140939,-19.006533100000002,575156.9157614673,7898297.1385339,3,1,False,,,,
osm:5423484349,5423484349,15.784710799999997,-19.038507600000003,582573.7560022468,7894727.296369195,3,1,False,,,,
osm:5423484354,5423484354,15.7906898,-19.042442799999996,583200.9867408432,7894289.018532878,3,1,False,,,,
osm:5423484357,5423484357,15.7343931,-19.04509059999999,577275.6276315487,7894021.750529729,4,1,False,,,,
osm:5423484358,5423484358,15.6026467,-19.0638788,563405.1831657224,7891995.559501654,3,1,False,,,,
osm:5423572264,5423572264,15.732160900000002,-19.102560999999998,577014.1792547764,7887663.296688888,3,1,False,,,,
osm:5423572271,5423572271,15.7316678,-19.099755399999996,576963.606479183,7887973.970421024,1,1,False,,,,
osm:5423572272,5423572272,15.690374800000003,-19.098170899999996,572620.5456776813,7888166.943018997,3,1,False,,,,
osm:5423572275,5423572275,15.6896271,-19.097044899999997,572542.3827767605,7888291.850822095,1,1,False,,,,
osm:5423572276,5423572276,15.6177706,-19.1073864,564979.4614101,7887175.737960553,1,1,False,,,,
osm:5423572285,5423572285,15.6243156,-19.12013749999999,565662.8763797157,7885762.330461534,4,1,False,,,,
osm:5423572293,5423572293,15.804603600000002,-19.1695464,584600.4993545306,7880217.376239199,1,1,False,,,,
osm:5423572297,5423572297,15.805908500000001,-19.168995999999993,584737.9922644844,7880277.6493919175,3,1,False,,,,
osm:5423572298,5423572298,15.8714533,-19.172436499999993,591628.2628826146,7879863.794997709,3,1,False,,,,
osm:5423572311,5423572311,15.8691981,-19.147406499999995,591404.9192868627,7882634.79208878,3,1,False,,,,
osm:5423572569,5423572569,15.7530455,-19.1469763,579189.9121632209,7882739.120872816,3,1,False,,,,
osm:5423572576,5423572576,15.7539313,-19.148645099999996,579282.2696450094,7882554.054410986,3,1,False,,,,
osm:5423572577,5423572577,15.9185024,-19.185082999999995,596568.1582279857,7878438.937500054,3,1,False,,,,
osm:5423572579,5423572579,15.922382599999999,-19.180552499999997,596978.789015164,7878938.134555482,3,1,False,,,,
osm:5423572592,5423572592,15.909364499999999,-19.182616699999997,595608.7906101067,7878716.897511768,3,1,False,,,,
osm:5423572594,5423572594,15.910506200000002,-19.1826749,595728.8010368551,7878709.830561082,1,1,False,,,,
osm:5423572603,5423572603,15.907492,-19.167172400000002,595420.7984953613,7880427.0026754625,3,1,False,,,,
osm:5423572618,5423572618,15.901079599999997,-19.1660849,594747.1260336947,7880550.840485067,1,1,False,,,,
osm:5423572619,5423572619,15.903358800000001,-19.16700609999999,594986.2683219484,7880447.6607509125,3,1,False,,,,
osm:5423572626,5423572626,15.9023288,-19.1683345,594877.1987438543,7880301.219548833,1,1,False,,,,
osm:5423572651,5423572651,15.901227000000002,-19.166141000000003,594762.5938635443,7880544.5523828305,3,1,False,,,,
osm:5423595099,5423595099,16.1415043,-19.234634300000003,619980.062557694,7872816.676198981,3,1,False,,,,
osm:5423595100,5423595100,16.1413813,-19.23487679999999,619966.9569045198,7872789.924096095,3,1,False,,,,
osm:5423595103,5423595103,16.1411275,-19.235537799999992,619939.7979719295,7872716.947692532,1,1,False,,,,
osm:5423595104,5423595104,16.1411628,-19.234691800000004,619944.1230252307,7872810.548401251,3,1,False,,,,
osm:5423595105,5423595105,16.165017,-19.221278599999998,622461.5760480547,7874278.340906732,3,1,False,,,,
osm:5423595108,5423595108,16.1659436,-19.220591799999998,622559.4961202077,7874353.695614188,3,1,False,,,,
osm:5423595248,5423595248,16.1434681,-19.107321699999996,620278.8434593682,7886904.65494483,1,14,False,,,,
osm:5423595257,5423595257,16.1582109,-19.098236700000005,621836.4237595329,7887899.865244949,1,14,False,,,,
osm:5423595258,5423595258,16.1517691,-19.1019682,621155.9982185635,7887491.383026735,1,32,False,,,,
osm:5423595262,5423595262,16.1530677,-19.103732199999996,621291.3282226744,7887295.26752242,1,32,False,,,,
osm:5423595296,5423595296,16.2353387,-19.050126599999995,629988.262059418,7893168.70101152,3,1,False,,,,
osm:5423608809,5423608809,16.5202259,-19.042733100000003,659977.598435163,7893751.636937218,1,1,False,,,,
osm:5423608810,5423608810,16.668761,-19.008175,675648.0348545063,7897434.717386348,3,1,False,,,,
osm:5423608812,5423608812,16.6620593,-19.009887399999997,674940.6883556496,7897251.8621995365,3,1,False,,,,
osm:5423608813,5423608813,16.6612674,-19.0103546,674856.8295485079,7897200.938053038,1,1,False,,,,
osm:5423608814,5423608814,16.6610203,-19.009312400000002,674831.9048540435,7897316.53949845,1,1,False,,,,
osm:5423609526,5423609526,16.7901935,-18.859097299999995,688600.1371444543,7913810.388557566,1,1,False,,,,
osm:5423615307,5423615307,17.0721077,-18.804122299999996,718380.9997694514,7919572.502866214,3,1,False,,,,
osm:5423615312,5423615312,17.0706903,-18.804085,718231.6151304964,7919578.374240925,3,1,False,,,,
osm:5425906970,5425906970,14.9574373,-18.620914699999997,495510.23338397883,7941116.1141218,2,1,False,gate,Management Entrance Gate,forestry,
osm:5426321266,5426321266,14.5101686,-19.255737099999994,448524.07468580693,7870802.843602898,1,1,False,,,,
osm:5429033145,5429033145,17.1510208,-18.638209000000003,726922.2028443457,7937841.361562232,1,1,False,,,,
osm:5429033148,5429033148,17.1526844,-18.6388846,727096.8721569902,7937764.4601993775,3,1,False,,,,
osm:5433773022,5433773022,15.940329399999998,-19.328857399999997,598777.007500966,7862516.250514945,3,1,False,,,,
osm:5433773036,5433773036,15.937859899999998,-19.32725449999999,598518.5414416484,7862695.040400083,3,1,False,,,,
osm:5433773039,5433773039,15.940338500000001,-19.3287651,598778.0189697306,7862526.459559545,2,1,False,cattle_grid,,,
osm:5433773065,5433773065,15.9379135,-19.326917599999998,598524.3743133598,7862732.292386729,3,1,False,,,,
osm:546677426,546677426,17.0420414,-18.768254800000005,715256.8034711155,7923579.7823286615,3,1,False,,,,
osm:546677513,546677513,17.0457903,-18.763645699999998,715657.9819984587,7924085.476709468,3,1,False,,,,
osm:546677593,546677593,17.0392056,-18.7507912,714979.9108259783,7925516.446889918,1,1,False,,,,
osm:546677675,546677675,17.0488778,-18.748329699999996,716003.0665519784,7925777.235688922,3,1,False,,,,
osm:546677702,546677702,17.058532,-18.751409299999995,717017.2713935744,7925424.58337786,3,1,False,,,,
osm:546677719,546677719,17.0639944,-18.748423899999995,717597.1630025591,7925748.408656242,3,1,False,,,,
osm:546677870,546677870,17.0722731,-18.743937100000004,718476.026605651,7926234.975386841,3,1,False,,,,
osm:546677896,546677896,17.0752856,-18.748439399999995,718787.9355940253,7925732.86142045,4,1,False,,,,
osm:546678085,546678085,17.051038,-18.757347999999993,716219.3892067041,7924776.275419273,3,1,False,,,,
osm:546678103,546678103,17.0502312,-18.757912600000004,716133.5882526437,7924714.752958639,3,1,False,,,,
osm:546678144,546678144,17.0524584,-18.765556600000004,716358.7040534776,7923865.844155802,3,1,False,,,,
osm:546678187,546678187,17.0423496,-18.7686846,715288.7566937641,7923531.830106207,3,1,False,,,,
osm:546678202,546678202,17.0395194,-18.768995099999998,714989.9242823867,7923500.879313141,3,1,False,,,,
osm:5904927563,5904927563,16.8856497,-18.856389200000002,698662.6301552238,7914005.81836653,3,1,False,,,,
osm:5904927564,5904927564,16.884952900000002,-18.857787699999996,698587.5510184641,7913851.794313667,1,1,False,,,,
osm:5933689829,5933689829,14.6395927,-18.8025127,462022.44514221215,7920985.351547556,3,1,False,,,,
osm:6153911368,6153911368,15.9379776,-19.327130899999997,598530.9803538366,7862708.651399138,3,1,False,,,,
osm:6153911587,6153911587,15.9390284,-19.325871,598642.1269741034,7862847.477732148,3,1,False,,,,
osm:6153911588,6153911588,15.9393007,-19.3256154,598670.8867635998,7862875.608106363,1,1,False,,,,
osm:6153911589,6153911589,15.937281100000002,-19.327510099999998,598457.5833268907,7862667.0841776095,3,1,False,,,,
osm:6153911599,6153911599,15.9358688,-19.327098600000003,598309.4627488949,7862713.424893443,3,1,False,,,,
osm:6153911600,6153911600,15.9355845,-19.327099900000004,598279.595248762,7862713.442477988,1,1,False,,,,
osm:6153911601,6153911601,15.9375739,-19.327091,598488.5941422179,7862713.296621676,3,1,False,,,,
osm:6226553780,6226553780,17.043261499999996,-18.803378699999993,715340.78812434,7919690.040696479,2,1,False,gate,Von Lindequist Gate,customers,
osm:6226553781,6226553781,17.0427742,-18.80346769999999,715289.300595716,7919680.778963373,3,1,False,,,,
osm:6226725460,6226725460,16.337387,-19.0365199,640739.2308526979,7894595.872083703,1,20,False,,,,
osm:6226725461,6226725461,16.337562,-19.036214599999997,640757.9068618667,7894629.520020596,1,20,False,,,,
osm:6226725465,6226725465,16.337783,-19.0364033,640781.0080035613,7894608.459031011,3,20,False,,,,
osm:6226725467,6226725467,16.3205731,-19.0411778,638965.7023171856,7894093.765894507,1,4,False,,,,
osm:6226725468,6226725468,16.320296,-19.0411705,638936.5446912183,7894094.793108951,1,4,False,,,,
osm:6226727086,6226727086,16.3553706,-19.012214500000002,642652.7498928342,7897271.304667294,1,4,False,,,,
osm:6226727087,6226727087,16.3550115,-19.012344200000012,642614.8384195078,7897257.2417675555,1,4,False,,,,
osm:6226727088,6226727088,16.355010500000002,-19.012017300000004,642615.011937403,7897293.421413671,3,4,False,,,,
osm:6226745982,6226745982,16.2719241,-19.062185099999997,633828.7730696368,7891806.6853604615,2,1,False,yes,,,no
osm:6226746202,6226746202,16.074473,-19.126014599999998,613008.002974281,7884882.004235789,3,1,False,,,,
osm:6226746203,6226746203,16.0739876,-19.125853599999996,612957.0556003433,7884900.134927773,3,1,False,,,,
osm:6226746204,6226746204,16.0740395,-19.1263069,612962.2065657196,7884849.9370976435,3,1,False,,,,
osm:6228576300,6228576300,16.0494777,-19.142587699999993,610367.8671641588,7883063.925747691,3,1,False,,,,
osm:6228646126,6228646126,16.1107018,-19.108178499999994,616831.2815287723,7886832.0352624785,3,1,False,,,,
osm:6228646128,6228646128,16.1108797,-19.1083413,616849.8817707985,7886813.9001270365,3,1,False,,,,
osm:6228708184,6228708184,14.466373599999999,-19.275832999999995,443928.4320845017,7868565.579826219,2,1,False,,,,
osm:6231530067,6231530067,14.5201533,-19.44453920000001,449631.35222246434,7849913.864312803,2,1,False,,,,
osm:6231530070,6231530070,14.465200800000002,-19.434799199999993,443859.6140170226,7850974.6589410845,2,1,False,,,,
osm:6231530071,6231530071,14.464978899999998,-19.434696099999996,443836.2841521076,7850985.995295641,2,1,False,,,,
osm:6231530072,6231530072,14.4621277,-19.4334162,443536.53082967026,7851126.692531591,2,1,False,,,,
osm:6231725072,6231725072,16.2257271,-19.054841699999997,628973.1160897448,7892653.979719981,1,1,False,,,,
osm:6231725073,6231725073,16.2253783,-19.0549924,628936.293852676,7892637.558341841,1,1,False,,,,
osm:6235379512,6235379512,14.474487999999997,-19.43898899999999,444835.97177284065,7850514.031162245,2,1,False,,,,
osm:6235379513,6235379513,14.4743344,-19.438918799999996,444819.82400495873,7850521.750039076,2,1,False,,,,
osm:6235396695,6235396695,14.520234100000001,-19.444567599999996,449639.84256923536,7849910.745321667,2,1,False,,,,
osm:6235396696,6235396696,14.485064600000001,-19.443770600000004,445947.82476639736,7849988.270483898,2,1,False,,,,
osm:6235396697,6235396697,14.4849711,-19.4437238,445937.99447555153,7849993.41984866,2,1,False,,,,
osm:6246148715,6246148715,14.482465300000001,-19.314195999999995,445631.99809350685,7864325.646636683,3,1,False,,,,
osm:6503817526,6503817526,14.449081200000002,-19.414362100000005,442160.1916225013,7853230.830717346,3,1,False,,,,
osm:6535575951,6535575951,15.9189293,-19.1795762,596616.2556928777,7879048.090146784,2,1,False,gate,,,
osm:6535582087,6535582087,14.474339700000002,-19.0098291,444676.9438290633,7898002.313656102,2,1,False,,,,
osm:666073260,666073260,16.6808968,-18.968889699999995,676967.2168226063,7901770.860885378,3,1,False,,,,
osm:6709578085,6709578085,16.7890925,-18.847253499999994,688497.3473663778,7915122.539023289,1,1,False,,,,
osm:6935423514,6935423514,16.2797642,-19.4281082,634355.5955600883,7851303.0615426265,3,1,False,,,,
osm:6935423515,6935423515,16.284399,-19.4158447,634852.3611589067,7852656.697863362,3,1,False,,,,
osm:6935423516,6935423516,16.2867164,-19.41629,635095.3350275073,7852605.599115638,3,1,False,,,,
osm:6935423518,6935423518,16.2879824,-19.430860200000005,635216.2160567702,7850992.051629696,4,1,False,,,,
osm:6935423519,6935423519,16.3040067,-19.4361534,636894.284155766,7850393.561465758,3,1,False,,,,
osm:6935423520,6935423520,16.2817812,-19.4404415,634557.2152902891,7849936.5018150285,2,1,False,,,,
osm:6935423522,6935423522,16.3015222,-19.443365299999993,636627.3913398411,7849597.354989639,3,1,False,,,,
osm:6935423523,6935423523,16.3028526,-19.439318399999998,636770.4595115987,7850044.190939854,3,1,False,,,,
osm:6935423524,6935423524,16.3095903,-19.4204184,637493.7712473662,7852130.592336134,3,1,False,,,,
osm:6935423525,6935423525,16.3141246,-19.407467800000003,637980.8214032415,7853560.282648377,3,1,False,,,,
osm:6935423526,6935423526,16.3060069,-19.430668000000004,637108.8980864859,7850999.069226567,3,1,False,,,,
osm:6935423527,6935423527,16.3344865,-19.412061900000005,640115.1505892109,7853035.399369687,3,1,False,,,,
osm:6935423528,6935423528,16.3200187,-19.437456800000003,638574.3453495568,7850236.493880035,5,1,False,,,,
osm:6935423530,6935423530,16.4491743,-19.453022700000002,652120.6368642537,7848404.570649511,3,1,False,,,,
osm:6935423560,6935423560,16.3559547,-19.416899000000008,642365.3314739624,7852482.448145117,3,1,False,,,,
osm:6935423563,6935423563,16.3488579,-19.431305399999996,641607.6256230581,7850893.840404027,3,1,False,,,,
osm:6935423564,6935423564,16.344459,-19.4401885,641138.0698383573,7849914.298283024,3,1,False,,,,
osm:6935423565,6935423565,16.3420772,-19.445267300000005,640883.6148287526,7849354.143927412,3,1,False,,,,
osm:6935423566,6935423566,16.3374853,-19.454554299999995,640393.5236143139,7848330.041652825,3,1,False,,,,
osm:6935444491,6935444491,16.3668823,-19.433834799999996,643497.944801861,7850598.968213184,3,1,False,,,,
osm:6935444493,6935444493,16.381721,-19.4369659,645053.1943507377,7850239.987023498,3,1,False,,,,
osm:6935444505,6935444505,16.3875834,-19.4179183,645685.7087241547,7852343.193781617,3,1,False,,,,
osm:6935444507,6935444507,16.3843059,-19.434714999999997,645326.6019819746,7850486.932500033,3,1,False,,,,
osm:6935444509,6935444509,16.3823747,-19.435878499999998,645122.7967064064,7850359.78757743,4,1,False,,,,
osm:6935444512,6935444512,16.3570976,-19.453239200000002,642453.6407755833,7848459.465355488,5,1,False,,,,
osm:6935444513,6935444513,16.3677192,-19.458883999999998,643563.7799679558,7847825.877799274,3,1,False,,,,
osm:6935444514,6935444514,16.3824177,-19.4596933,645106.1334060035,7847723.966425449,3,1,False,,,,
osm:6935444515,6935444515,16.3752508,-19.459339199999995,644354.0562966625,7847769.190840659,3,1,False,,,,
osm:6935444523,6935444523,16.4252258,-19.4221131,649634.6647863362,7851846.650766419,3,1,False,,,,
osm:6935444533,6935444533,16.4530641,-19.428310200000006,652552.1122789851,7851136.329642177,3,1,False,,,,
osm:6935444534,6935444534,16.4501917,-19.4526625,652227.7878983758,7848443.537704038,4,1,False,,,,
osm:6935444548,6935444548,16.4104561,-19.457805499999996,648051.3723617808,7847909.00255933,3,1,False,,,,
osm:6935444549,6935444549,16.3991048,-19.4547725,646862.4048772552,7848254.427324745,3,1,False,,,,
osm:6935444550,6935444550,16.3974595,-19.460644200000004,646684.3917214132,7847605.95711731,3,1,False,,,,
osm:6935444554,6935444554,16.4026362,-19.4425559,647244.1733372121,7849603.531052977,3,1,False,,,,
osm:6935444562,6935444562,16.4027166,-19.442353599999997,647252.7972868446,7849625.852637547,4,1,False,,,,
osm:6935444563,6935444563,16.4159024,-19.445287500000003,648634.5493175533,7849289.79258644,4,1,False,,,,
osm:6935444574,6935444574,16.410355500000005,-19.4572857,648041.2828373294,7847966.62042657,3,1,False,,,,
osm:6935584707,6935584707,16.6048908,-19.482351399999995,668439.159019063,7845013.105577885,1,1,False,,,,
osm:6935584709,6935584709,16.5894198,-19.472074699999997,666825.617424879,7846165.704498014,3,1,False,,,,
osm:6935584712,6935584712,16.5825963,-19.4674015,666114.0428020344,7846689.5764395455,3,1,False,,,,
osm:6935584717,6935584717,16.5535211,-19.459733700000005,663069.3012367792,7847566.136560082,1,1,False,,,,
osm:6935584719,6935584719,16.5692067,-19.467846500000004,664707.9042099155,7846653.209735654,4,1,False,,,,
osm:6935584720,6935584720,16.5673184,-19.4694245,664508.0718981606,7846480.35626879,3,1,False,,,,
osm:6935584721,6935584721,16.5601945,-19.475190199999993,663754.3972406609,7845848.981151826,3,1,False,,,,
osm:6935584745,6935584745,16.5572977,-19.4775773,663447.9021261255,7845587.522604438,3,1,False,,,,
osm:6935584747,6935584747,16.54939,-19.463137,662632.192158029,7847193.355551921,3,1,False,,,,
osm:6935584766,6935584766,16.5641318,-19.436186299999996,664206.9923657437,7850162.393154177,3,1,False,,,,
osm:6935584767,6935584767,16.549868,-19.436242800000002,662709.1942327034,7850169.686317654,1,1,False,,,,
osm:6935584771,6935584771,16.5518582,-19.458853700000002,662895.5963304314,7847665.116028003,3,1,False,,,,
osm:6935584772,6935584772,16.5509946,-19.458870400000002,662804.9118594525,7847664.085642802,3,1,False,,,,
osm:6935584777,6935584777,16.5296173,-19.475574499999997,660544.1034876868,7845835.308283109,3,1,False,,,,
osm:6935584784,6935584784,16.4915922,-19.4785731,656549.5049489561,7845538.510866477,3,1,False,,,,
osm:6935608285,6935608285,16.5176158,-19.435756100000003,659323.121511403,7850253.729102426,3,1,False,,,,
osm:6935608286,6935608286,16.506679,-19.459693299999998,658151.5383028694,7847614.371016756,4,1,False,,,,
osm:6935608287,6935608287,16.4938473,-19.458236599999985,656805.7941414772,7847787.35680972,3,1,False,,,,
osm:6935608289,6935608289,16.5120435,-19.447917900000004,658726.1938463538,7848912.769235078,3,1,False,,,,
osm:6935608291,6935608291,16.4805865,-19.4471187,655424.1862504452,7849029.951258056,3,1,False,,,,
osm:6935608292,6935608292,16.4803075,-19.4477762,655394.2670524141,7848957.429807379,3,1,False,,,,
osm:6935608293,6935608293,16.4768314,-19.4563145,655021.1886686606,7848015.529713305,3,1,False,,,,
osm:7142498200,7142498200,17.1709175,-18.620307600000004,729046.007604369,7939797.850405373,3,1,False,,,,
osm:7485780284,7485780284,17.0798792,-18.7885723,719220.473979811,7921284.369763813,1,1,False,,,,
osm:7485783770,7485783770,17.0816267,-18.790963,719401.6276752015,7921017.554639008,3,1,False,,,,
osm:7485783771,7485783771,17.0815167,-18.790752199999993,719390.3029094911,7921041.026741635,3,1,False,,,,
osm:7539222368,7539222368,16.3261117,-18.457222199999997,640029.4801493125,7958714.861316992,4,7,False,,,,
osm:7680681007,7680681007,16.3744372,-18.5008511,645096.4204393628,7953848.484282118,2,1,False,,,,
osm:7685295709,7685295709,16.7287434,-18.657029399999992,682341.7386816536,7936240.602101274,3,1,False,,,,
osm:7755873429,7755873429,15.2864384,-19.24178389999999,530103.8990328381,7872394.543804688,1,1,False,,,,
osm:7755873431,7755873431,15.285409299999998,-19.2427098,529995.574513591,7872292.269190279,3,1,False,,,,
osm:8039932366,8039932366,17.062548099999997,-18.7852184,717397.4398529314,7921676.939830417,3,1,False,,,,
osm:8039932368,8039932368,17.0577095,-18.784999400000004,716887.5452668471,7921707.093320837,4,1,False,,,,
osm:8039932376,8039932376,17.0602717,-18.782157500000007,717161.3444100465,7922018.570636611,4,1,False,,,,
osm:8039932377,8039932377,17.0571783,-18.778916499999998,716839.3241538645,7922381.131292016,4,1,False,,,,
osm:8039932378,8039932378,17.0612875,-18.780081900000003,717271.113454105,7922247.103563469,4,1,False,,,,
osm:8039932379,8039932379,17.0438863,-18.799511499999998,715411.5825240389,7920117.388355033,3,1,False,,,,
osm:8039947894,8039947894,17.0448908,-18.798861299999995,715518.3139772317,7920188.148297697,3,1,False,,,,
osm:8039947895,8039947895,17.0445558,-18.8028614,715477.9004391541,7919745.7370262565,3,1,False,,,,
osm:8039947896,8039947896,17.044775100000003,-18.800233999999996,715504.367398974,7920036.32851144,4,1,False,,,,
osm:8039947897,8039947897,17.0431035,-18.801466000000005,715326.565337645,7919901.971137887,3,1,False,,,,
osm:8039947898,8039947898,17.0446652,-18.801538500000003,715491.1192470422,7919892.051531862,3,1,False,,,,
osm:8039947901,8039947901,17.0454958,-18.802867399999997,715576.993958959,7919743.932250601,3,1,False,,,,
osm:8039947909,8039947909,17.0681989,-18.8034642,717969.7535305411,7919650.157966046,3,1,False,,,,
osm:8039964421,8039964421,17.0953148,-18.665670800000004,721007.7917532958,7934870.914235149,3,1,False,,,,
osm:8039964423,8039964423,17.0971601,-18.662911099999985,721206.0784842602,7935174.140871678,1,1,False,,,,
osm:8039964424,8039964424,17.0986591,-18.6638235,721363.0634515791,7935071.281127575,3,1,False,,,,
osm:8039964425,8039964425,17.0974509,-18.663088799999997,721236.5321613292,7935154.109333015,3,1,False,,,,
osm:8039967682,8039967682,17.0894353,-18.665481699999997,720387.6629567838,7934899.102129273,3,35,False,,,,
osm:8040008529,8040008529,17.0985056,-18.644504699999995,721371.9323442248,7937210.1229529735,4,1,False,,,,
osm:8040008540,8040008540,17.1484733,-18.644768100000004,726644.6454330916,7937118.45596315,3,1,False,,,,
osm:8040008548,8040008548,17.1569912,-18.640083399999998,727549.7910802634,7937626.279540804,2,1,False,swing_gate,,,no
osm:8040008553,8040008553,17.1718366,-18.6385208,729118.5886228705,7937780.344997263,2,1,False,,,,
osm:8040008554,8040008554,17.161944,-18.639537499999996,728073.2098121406,7937680.414685905,4,1,False,,,,
osm:8040008555,8040008555,17.157720000000005,-18.632141699999995,727637.2898716056,7938504.550207095,3,1,False,,,,
osm:8040008560,8040008560,17.160239,-18.638843299999998,727894.1998976973,7937759.437388592,3,1,False,,,,
osm:8040008562,8040008562,17.1719296,-18.638506899999992,729128.4221050863,7937781.764865147,3,1,False,,,,
osm:8040008570,8040008570,17.1669278,-18.624314899999998,728619.5467001655,7939359.307448595,3,1,False,,,,
osm:8040089406,8040089406,17.0521472,-18.765910399999996,716325.4364049883,7923827.056201934,3,1,False,,,,
osm:8040089410,8040089410,17.0518525,-18.76564669999999,716294.6966923382,7923856.606433744,3,1,False,,,,
osm:8040089413,8040089413,17.0395491,-18.769261500000002,714992.7181592886,7923471.352673006,3,1,False,,,,
osm:8040089414,8040089414,17.0471511,-18.767370399999997,715796.7387473776,7923671.497771988,3,1,False,,,,
osm:8040089467,8040089467,17.0503629,-18.758711799999997,716146.4581169621,7924626.120419573,3,1,False,,,,
osm:8040089469,8040089469,17.0506319,-18.758893999999998,716174.5931529659,7924605.623984206,3,1,False,,,,
osm:8040089470,8040089470,17.0504736,-18.758606499999996,716158.2661521629,7924637.6428854745,4,1,False,,,,
osm:8040095807,8040095807,17.0551218,-18.754612499999997,716653.542711859,7925074.135643426,3,1,False,,,,
osm:8040095822,8040095822,17.0644579,-18.7476995,717646.973613642,7925828.035040842,4,1,False,,,,
osm:8040095825,8040095825,17.0652628,-18.7484159,717730.9409355599,7925747.744296052,4,1,False,,,,
osm:8040095826,8040095826,17.0647786,-18.747907199999993,717680.52890626,7925804.650313402,3,1,False,,,,
osm:8040095830,8040095830,17.0662891,-18.7484117,717839.1817762447,7925746.954414685,3,1,False,,,,
osm:8040095869,8040095869,17.0563247,-18.7415277,716797.1135856675,7926521.181793689,3,1,False,,,,
osm:8040095870,8040095870,17.0562032,-18.741625099999993,716784.1751349396,7926510.5472745,3,1,False,,,,
osm:8040095871,8040095871,17.0561665,-18.741492999999995,716780.4732416222,7926525.215614168,3,1,False,,,,
osm:8040095896,8040095896,17.0509194,-18.735731999999995,716234.4222571804,7927169.34148641,3,1,False,,,,
osm:8040095897,8040095897,17.054473,-18.739663399999998,716604.2016659748,7926729.814641522,3,1,False,,,,
osm:8040095919,8040095919,17.0559812,-18.742247499999998,716759.9670431814,7926441.916637141,3,1,False,,,,
osm:8040095920,8040095920,17.0560266,-18.74214669999999,716764.8838766776,7926453.020134099,3,1,False,,,,
osm:8040095924,8040095924,17.0561015,-18.742233599999995,716772.6722483521,7926443.309038132,3,1,False,,,,
osm:8040095943,8040095943,17.0583589,-18.7428926,717009.9069046597,7926367.608700917,3,1,False,,,,
osm:8040095945,8040095945,17.0554917,-18.7424058,716708.1397809018,7926424.987985934,3,1,False,,,,
osm:8040096017,8040096017,17.042665,-18.7463579,715350.3618471057,7926003.038385123,4,1,False,,,,
osm:8040096022,8040096022,17.0436256,-18.745317200000002,715452.989681252,7926117.083432214,3,1,False,,,,
osm:8040096031,8040096031,17.0421649,-18.7465132,715297.4233603067,7925986.451003866,3,1,False,,,,
osm:8040096034,8040096034,17.0420784,-18.746902,715287.8077005311,7925943.515017004,3,1,False,,,,
osm:8040096035,8040096035,17.0423582,-18.7463141,715318.0617189363,7926008.257936231,3,1,False,,,,
osm:8040096037,8040096037,17.042477600000005,-18.746279199999996,715330.6981481923,7926011.97707996,3,1,False,,,,
osm:8040096039,8040096039,17.0421563,-18.746187399999997,715296.9296969243,7926022.527764305,3,1,False,,,,
osm:8040096047,8040096047,17.0419739,-18.744853900000003,715279.3848840686,7926170.367874023,3,1,False,,,,
osm:8040096060,8040096060,17.0411417,-18.742854299999994,715194.1538784606,7926392.7307092715,3,1,False,,,,
osm:8040096062,8040096062,17.0409519,-18.742960499999995,715174.0021974827,7926381.203502445,3,1,False,,,,
osm:8040096082,8040096082,17.0431241,-18.745833,715399.4455871814,7926060.59028726,3,1,False,,,,
osm:8040096089,8040096089,17.0421096,-18.745413499999998,715292.9863379658,7926108.255655067,3,1,False,,,,
osm:8040096090,8040096090,17.0495646,-18.733472699999997,716094.4078328147,7927421.091823444,3,1,False,,,,
osm:8040096096,8040096096,17.0484014,-18.733529800000003,715971.6522687622,7927416.180459796,1,1,False,,,,
osm:8040096100,8040096100,17.0472883,-18.731835899999997,715856.4062422125,7927605.0452343635,3,1,False,,,,
osm:8040096111,8040096111,17.0457641,-18.731510299999993,715696.0606585763,7927642.934284839,3,1,False,,,,
osm:8040096117,8040096117,17.0478555,-18.732230499999993,715915.7278670288,7927560.675717755,3,1,False,,,,
osm:8040096121,8040096121,17.0475115,-18.7323218,715879.3298283376,7927550.985310289,1,1,False,,,,
osm:8040111146,8040111146,17.043804,-18.735916600000003,715483.7358536663,7927157.52323973,3,1,False,,,,
osm:8040111147,8040111147,17.0430958,-18.7359055,715409.0572104454,7927159.6080544265,3,1,False,,,,
osm:8040111148,8040111148,17.0430494,-18.736104399999995,715403.9111779507,7927137.645724056,3,1,False,,,,
osm:8040111174,8040111174,17.0273979,-18.748258200000002,713737.8777171444,7925811.061544726,2,1,False,,,,
osm:8040130888,8040130888,17.0390825,-18.7648959,714949.0521127328,7923955.192612963,3,1,False,,,,
osm:8040130894,8040130894,17.0600866,-18.782039500000003,717141.9786649896,7922031.8595573045,3,1,False,,,,
osm:8040130896,8040130896,17.0601045,-18.78219710000001,717143.6639885427,7922014.391015595,3,1,False,,,,
osm:8040130897,8040130897,17.0600559,-18.782262699999997,717138.4554767001,7922007.188293623,1,1,False,,,,
osm:8040130906,8040130906,17.0602896,-18.7835425,717161.4558295938,7921865.22606311,3,1,False,,,,
osm:8040130907,8040130907,17.0603248,-18.783628399999998,717165.0571501725,7921855.673740456,1,1,False,,,,
osm:8040130912,8040130912,17.0599728,-18.783552300000004,717128.0399931388,7921864.528080709,3,1,False,,,,
osm:8040130916,8040130916,17.0598658,-18.783728499999995,717116.5320543759,7921845.152997849,1,1,False,,,,
osm:8040130917,8040130917,17.0602579,-18.7828334,717159.02266375,7921943.763796192,3,1,False,,,,
osm:8040130920,8040130920,17.060069000000002,-18.783022799999998,717138.8621959541,7921923.027474274,3,1,False,,,,
osm:8040130922,8040130922,17.059965,-18.783181999999996,717127.6923321642,7921905.5306701185,3,1,False,,,,
osm:8040130924,8040130924,17.059722400000002,-18.7831841,717102.1099374512,7921905.594430583,1,1,False,,,,
osm:8040130925,8040130925,17.0602072,-18.7831371,717153.2874351658,7921910.205422487,1,1,False,,,,
osm:8040130952,8040130952,17.0880897,-18.782416799999996,720094.171530968,7921955.661682769,3,1,False,,,,
osm:8040143062,8040143062,17.078613,-18.756351999999993,719128.630533602,7924852.822266683,4,1,False,,,,
osm:8040228902,8040228902,17.0729717,-18.7433892,718550.4098958534,7926294.772531422,3,1,False,,,,
osm:8040229002,8040229002,17.0634583,-18.725758999999996,717569.6641584802,7928258.113797355,3,1,False,,,,
osm:8040229009,8040229009,17.0604164,-18.716134700000005,717261.1202158709,7929327.24856868,3,1,False,,,,
osm:8040229043,8040229043,17.0448663,-18.731710600000003,715601.1143335281,7927621.846874541,3,1,False,,,,
osm:8040229063,8040229063,17.0414564,-18.733491799999996,715239.21151306,7927428.787013178,3,1,False,,,,
osm:8041635906,8041635906,17.1769687,-18.6470497,729648.7357927496,7936829.558849471,3,1,False,,,,
osm:8041651595,8041651595,17.1365272,-18.618443499999998,725418.7047515123,7940047.8013811875,1,1,False,,,,
osm:8041651596,8041651596,17.1365269,-18.618563799999997,725418.5144614361,7940034.483951954,2,1,False,swing_gate,,,
osm:8041651610,8041651610,17.0956169,-18.626178300000003,721090.8156977687,7939242.47508734,3,1,False,,,,
osm:8041651622,8041651622,17.0861464,-18.6321736,720083.5857862347,7938590.437268431,4,1,False,,,,
osm:8041651636,8041651636,17.0755202,-18.6438753,718947.1489735903,7937308.057299301,4,1,False,,,,
osm:8041651651,8041651651,17.0728925,-18.647036899999996,718665.8051801977,7936961.273670248,1,1,False,,,,
osm:8041651652,8041651652,17.0712502,-18.643795100000002,718496.6508713181,7937322.150679199,1,1,False,,,,
osm:8041651654,8041651654,17.0731036,-18.647991000000008,718686.8590515458,7936855.395417109,1,1,False,,,,
osm:8041651655,8041651655,17.0731229,-18.6467597,718690.4733371014,7936991.678778661,4,1,False,,,,
osm:8041651656,8041651656,17.0731686,-18.6438312,718699.0478025004,7937315.812673407,4,1,False,,,,
osm:8042226451,8042226451,17.0424412,-18.801415500000004,715256.8049423522,7919908.364240252,3,1,False,,,,
osm:8042226456,8042226456,17.0428653,-18.803291199999997,715299.1295722148,7919700.207369034,2,1,False,gate,,,
osm:8042226457,8042226457,17.0426993,-18.8039878,715280.7422461973,7919623.2938617775,1,1,False,,,,
osm:8042226458,8042226458,17.042569,-18.801996700000004,715269.5390239607,7919843.8696409,1,1,False,,,,
osm:8042233756,8042233756,17.0426219,-18.72169510000001,715377.090773231,7928733.283167172,3,1,False,,,,
osm:8042233768,8042233768,17.0478567,-18.7231268,715927.4244791571,7928568.463534675,3,1,False,,,,
osm:8042233769,8042233769,17.0463142,-18.7133196,715777.175561416,7929655.995941195,3,1,False,,,,
osm:8042233770,8042233770,17.046551,-18.7145096,715800.6434909379,7929523.975575426,3,1,False,,,,
osm:8042233779,8042233779,17.045038,-18.714218099999997,715641.4191812166,7929558.0740009295,1,1,False,,,,
osm:8042233780,8042233780,17.0467693,-18.7143477,715823.8756970142,7929541.634018745,4,1,False,,,,
osm:8042233781,8042233781,17.0464591,-18.714635799999996,715790.7895351099,7929510.116269735,3,1,False,,,,
osm:8042233782,8042233782,17.0466361,-18.71464,715809.4544820418,7929509.437260702,3,1,False,,,,
osm:8042233783,8042233783,17.0462227,-18.714096800000004,715766.5376476295,7929570.069895788,1,1,False,,,,
osm:8042233784,8042233784,17.0462596,-18.714003000000005,715770.5489728246,7929580.409014698,4,1,False,,,,
osm:8042233789,8042233789,17.0474547,-18.713739099999998,715896.945847589,7929608.177439832,3,1,False,,,,
osm:8042233790,8042233790,17.04672,-18.7132976,715820.0083296254,7929657.940618538,1,1,False,,,,
osm:8042233792,8042233792,17.0467102,-18.7126302,715819.8216906385,7929731.834217347,3,1,False,,,,
osm:8042233797,8042233797,17.0462958,-18.713854099999995,715774.5563885083,7929596.848595566,1,1,False,,,,
osm:8042233802,8042233802,17.0385247,-18.6317872,715058.3749465622,7938691.032236066,3,1,False,,,,
osm:8042233828,8042233828,17.0489206,-18.639720699999998,716145.445405893,7937800.28438326,3,1,False,,,,
osm:8042233829,8042233829,17.0487862,-18.639835699999992,716131.1168330885,7937787.71603018,3,1,False,,,,
osm:8042233835,8042233835,17.0492529,-18.62062179999999,716204.6800028693,7939914.13425817,3,1,False,,,,
osm:8042233836,8042233836,17.0491379,-18.620470600000004,716192.7340989399,7939931.010767484,3,1,False,,,,
osm:8042233837,8042233837,17.0493805,-18.620469599999996,716218.3394425046,7939930.828939315,3,1,False,,,,
osm:8042233838,8042233838,17.0490489,-18.631871999999998,716168.9182526049,7938668.982107071,4,1,False,,,,
osm:8042233842,8042233842,17.1236737,-18.632540799999997,724043.5871398496,7938503.27977121,4,1,False,,,,
osm:8042233844,8042233844,17.1236727,-18.620775599999998,724058.908060397,7939805.739249515,3,1,False,,,,
osm:8042233849,8042233849,17.1469333,-18.632580499999996,726498.2940869624,7938469.642026191,3,1,False,,,,
osm:8042233851,8042233851,17.1236462,-18.644626899999995,724024.8280524199,7937165.329475639,3,1,False,,,,
osm:8042263896,8042263896,17.0397441,-18.800721999999997,714973.3377207255,7919988.401696583,3,1,False,,,,
osm:8042263898,8042263898,17.0401206,-18.800644699999996,715013.129541398,7919996.503265396,3,1,False,,,,
osm:8042263915,8042263915,17.0455718,-18.804006499999996,715583.5546632477,7919617.739683736,3,1,False,,,,
osm:8042263921,8042263921,17.0443739,-18.803730399999992,715457.6164706562,7919649.757941976,3,1,False,,,,
osm:8042263936,8042263936,17.044344,-18.804934399999997,715452.9306353444,7919516.5094118975,3,1,False,,,,
osm:8042263940,8042263940,17.0443964,-18.805838300000005,715457.3034963001,7919416.3826024365,3,1,False,,,,
osm:8042263946,8042263946,17.0452963,-18.807343500000005,715550.2570059614,7919248.662388213,3,1,False,,,,
osm:8042263948,8042263948,17.0448167,-18.805651399999995,715501.8517143049,7919436.56280798,3,1,False,,,,
osm:8042263952,8042263952,17.0455041,-18.805550799999992,715574.4491055148,7919446.865173479,4,1,False,,,,
osm:8042263958,8042263958,17.0452304,-18.8039031,715547.6939606292,7919629.6005814,3,1,False,,,,
osm:8042263959,8042263959,17.0450778,-18.80395409999999,715531.540950225,7919624.139975122,3,1,False,,,,
osm:8042263960,8042263960,17.0451014,-18.803823300000005,715534.1956702617,7919638.591119389,3,1,False,,,,
osm:8042263965,8042263965,17.0446648,-18.804493000000004,715487.3134516241,7919564.983948982,3,1,False,,,,
osm:8042263970,8042263970,17.0455219,-18.804687599999998,715577.4258506843,7919542.401304114,3,1,False,,,,
osm:8042263972,8042263972,17.0443202,-18.804425499999997,715451.069723973,7919572.874359175,3,1,False,,,,
osm:8042263973,8042263973,17.045414,-18.8036487,715567.3744015442,7919657.540280227,3,1,False,,,,
osm:8042263976,8042263976,17.0456462,-18.8040214,715591.379373566,7919615.999922955,3,1,False,,,,
osm:8042263977,8042263977,17.0456195,-18.804089599999994,715588.4775745776,7919608.482473364,3,1,False,,,,
osm:8042292595,8042292595,17.0471331,-18.80730979999999,715743.9428671366,7919250.162575785,3,1,False,,,,
osm:8042292599,8042292599,17.0448551,-18.809645999999997,715500.8097819265,7918994.307110519,3,1,False,,,,
osm:8043691008,8043691008,17.0614376,-18.7837061,717282.2906501488,7921845.712627715,3,1,False,,,,
osm:8075084013,8075084013,17.156893,-18.640285400000003,727539.1584390297,7937604.041613617,3,1,False,,,,
osm:8075099917,8075099917,17.158158,-18.6421203,727670.2119373791,7937399.29880688,1,1,False,,,,
osm:8644162481,8644162481,15.262869199999999,-19.25377,527624.8197953502,7871072.174821916,3,1,False,,,,
osm:8662881086,8662881086,17.0647114,-18.489071899999995,718003.2440758904,7954458.027976588,3,1,False,,,,
osm:8662922117,8662922117,17.0666403,-18.4836432,718213.8547649427,7955056.652749226,3,1,False,,,,
osm:8662922122,8662922122,17.065512,-18.4810658,718097.9396262559,7955343.332793291,1,1,False,,,,
osm:8662922144,8662922144,17.061678,-18.473702099999997,717702.2660861412,7956163.114608635,1,1,False,,,,
osm:8664246786,8664246786,17.1165681,-18.499895800000004,723466.482624566,7953196.386177973,3,1,False,,,,
osm:89025354,89025354,16.297759,-19.038561400000006,636566.7552549848,7894401.226997884,2,1,False,,,,
osm:89025415,89025415,16.4042162,-18.9951842,647809.5963344485,7899115.77334358,2,1,False,,,,
osm:89025530,89025530,16.5570984,-18.997124300000007,663903.2622910426,7898765.625859775,3,1,False,,,,
osm:89025833,89025833,16.9414973,-18.810676599999997,704603.5973342337,7919002.486833714,4,1,False,,,,
osm:89025846,89025846,16.9454616,-18.817636899999993,705013.0604326562,7918227.433774936,3,1,False,,,,
osm:89025854,89025854,17.0432667,-18.803445900000003,715341.2507947932,7919682.595245294,2,1,False,gate,Von Lindequist Gate,customers,
osm:8934960928,8934960928,17.0982088,-18.626216599999996,721364.3134570124,7939235.036185798,3,1,False,,,,
osm:8934993944,8934993944,17.0478784,-18.740057399999998,715908.1913625963,7926694.201137852,3,1,False,,,,
osm:8946934846,8946934846,15.9153203,-19.3630571,596129.7149290703,7858745.690360656,1,15,False,,,,
osm:8946948380,8946948380,16.0676846,-19.387568200000004,612116.055647615,7855941.283067616,1,10,False,,,,
osm:8962607610,8962607610,14.344244699999999,-19.054182199999996,431003.00163526856,7893048.486008206,3,1,False,,,,
osm:8962618542,8962618542,14.3328204,-19.032410999999996,429791.7681006184,7895453.031183969,1,1,False,,,,
osm:9082607882,9082607882,17.0643834,-18.4887938,717968.9519385376,7954489.209569475,3,1,False,,,,
osm:9085154954,9085154954,15.6833076,-18.463109099999997,572146.9350852836,7958440.383741053,1,19,False,,,,
osm:9240256817,9240256817,17.1685892,-18.617484,728804.0418508761,7940113.4150724895,3,1,False,,,,
osm:9712055401,9712055401,17.0664476,-18.8195047,717764.457764288,7917876.575436088,3,1,False,,,,
osm:9712055413,9712055413,17.0672562,-18.8192702,717850.0006591299,7917901.542940617,3,1,False,,,,
osm:9712055416,9712055416,17.0673559,-18.8194442,717860.28649919,7917882.1582191,3,1,False,,,,
osm:9712083918,9712083918,17.0673273,-18.819567499999998,717857.1126102144,7917868.543636432,4,1,False,,,,
osm:9712083990,9712083990,17.0689655,-18.8098571,718042.3321723633,7918941.503530344,1,1,False,,,,
osm:9712083994,9712083994,17.0670936,-18.81934860000001,717832.7586895489,7917893.063402494,1,1,False,,,,
osm:9712084047,9712084047,17.0571717,-18.847401699999992,716750.8071963268,7914799.659265483,3,1,False,,,,
osm:9712084062,9712084062,17.0530061,-18.844724899999996,716315.1865543101,7915101.077476036,3,1,False,,,,
osm:9712084138,9712084138,17.0694127,-18.8596838,718025.1308523585,7913424.971136114,4,1,False,,,,
osm:9712084139,9712084139,17.0560758,-18.8580227,716621.6597797329,7913625.2247318365,3,1,False,,,,
osm:9712084140,9712084140,17.0843947,-18.851900700000005,719614.2627850836,7914268.084547546,3,1,False,,,,
osm:9712084183,9712084183,17.0777847,-18.8637258,718902.2307397075,7912967.1781086475,3,1,False,,,,
osm:9712084186,9712084186,17.0774429,-18.8628392,718867.359384378,7913065.750878524,3,1,False,,,,
osm:976987083,976987083,15.9412157,-19.355936199999995,598853.8095601763,7859519.105596503,4,1,False,,,,
osm:976987089,976987089,15.928139400000001,-19.351803599999993,597482.794896385,7859983.860134406,1,1,False,,,,
osm:976987137,976987137,15.928116100000002,-19.352281599999994,597480.0635558548,7859930.976148253,4,1,False,,,,
osm:976987202,976987202,15.928105200000001,-19.351872499999995,597479.1616814297,7859976.25470779,3,1,False,,,,
osm:976987243,976987243,15.9282967,-19.352022,597499.1875350565,7859959.602533225,3,1,False,,,,
osm:976987457,976987457,15.929946700000002,-19.3528063,597672.032453837,7859871.877768706,3,1,False,,,,
osm:977754974,977754974,15.9166682,-19.178143899999995,596379.3406685182,7879207.841349863,3,1,False,,,,
osm:977755702,977755702,16.4912047,-18.942350000000005,657017.191478077,7904887.979080055,3,1,False,,,,
osm:977755983,977755983,16.2078204,-19.074663800000003,627073.6123989183,7890473.373647417,1,33,False,,,,
osm:977756062,977756062,16.5866589,-18.9326654,667079.7085465869,7905872.205385392,3,1,False,,,,
osm:977756935,977756935,16.129709,-19.2392335,618736.8600088941,7872315.790741224,2,1,False,gate,,,
osm:977757260,977757260,16.1296924,-19.238739899999995,618735.470047859,7872370.427615728,3,1,False,,,,
osm:9888495446,9888495446,14.6608589,-18.8194764,464266.9534644488,7919112.776780051,3,1,False,,,,
osm:9951583893,9951583893,16.4150831,-18.456857999999993,649426.1336870545,7958683.990334106,1,34,False,,,,
osm:9952445590,9952445590,16.4443139,-18.4610747,652509.5645490343,7958192.936101278,1,12,False,,,,
osm:9993439726,9993439726,14.5324316,-19.3751643,450899.3866396478,7857594.134641293,2,1,False,,,,
osm:9993439727,9993439727,14.5330261,-19.375872699999995,450962.0297262345,7857515.915411381,2,1,False,,,,
