edge_id,u,v,osm_way_id,length_m,name,ref,highway,surface,tracktype,smoothness,width,maxspeed,oneway,junction,access,vehicle,motor_vehicle,motorcar,bridge,tunnel,layer,seasonal,ford,construction,allow_forward_by_oneway,allow_backward_by_oneway,access_review,road_group,original_vertex_segments,component_id
buffer_5km:1,clip:1086078257:649461.985:7958816.000,osm:9951583893,1086078257,146.1011924684427,,,track,,,,,,,,,,,,,,,,,,True,True,False,surface_unknown,4,34
buffer_5km:2,clip:1086174512:654701.881:7958773.516,osm:9952445590,1086174512,2473.106211294263,,,track,,,,,,,,,,,,,,,,,,True,True,False,surface_unknown,33,12
buffer_5km:3,clip:1098120030:600835.744:7959207.873,osm:10054849522,1098120030,1663.408114203098,,,track,,,,,,,,,,,,,,,,,,True,True,False,surface_unknown,27,1
buffer_5km:4,clip:1130650028:602821.676:7959194.034,osm:10537179295,1130650028,106.40140043728162,,,track,,,,,,,,,,,,,,,,,,True,True,False,surface_unknown,2,21
buffer_5km:5,clip:1130650029:602941.447:7959193.193,osm:10537179319,1130650029,85.25106339862381,,,track,,,,,,,,,,,,,,,,,,True,True,False,surface_unknown,3,21
buffer_5km:6,clip:114143688:583698.569:7862588.475,osm:5420509103,114143688,511.11633798159596,,,residential,gravel,grade2,,,,,,private,,,,,,,,,,True,True,True,gravel,5,1
buffer_5km:7,clip:114786557:728037.710:7935103.224,osm:3207903978,114786557,656.3813835908754,,,track,,,,,,,,,,,,,,,,,,True,True,False,surface_unknown,1,1
buffer_5km:8,clip:114787442:731283.394:7939874.750,osm:259486245,114787442,966.3771242499934,,D3600,tertiary,gravel,,,,100,,,,,,,,,,,,,True,True,False,gravel,2,1
buffer_5km:9,clip:1182311970:721739.264:7956244.841,osm:10979355684,1182311970,70.09349744458682,,,track,,,,,,,,,,,,,,,,,,True,True,False,surface_unknown,3,1
buffer_5km:10,clip:1182311974:722107.751:7956120.553,osm:10979355725,1182311974,565.5758011527026,,,track,,,,,,,,,,,,,,,,,,True,True,False,surface_unknown,11,1
buffer_5km:11,clip:1184669993:580056.702:7862503.385,osm:11003409529,1184669993,659.8498360368482,,,track,,,,,,,,,,,,,,,,,,True,True,False,surface_unknown,27,1
buffer_5km:12,clip:1184669994:579827.450:7862509.061,osm:5419597977,1184669994,569.2061265625658,,,track,,,,,,,,,,,,,,,,,,True,True,False,surface_unknown,10,1
buffer_5km:13,clip:1184669995:578079.241:7862788.269,osm:11003409663,1184669995,70.86292936378663,,,track,ground,grade3,,,,,,,,,,,,,,,,True,True,False,earth_sand,1,1
buffer_5km:14,clip:1226681046:575135.528:7863368.930,osm:11003409663,1226681046,3782.4287366663125,,,track,,,,,,,,,,,,,,,,,,True,True,False,surface_unknown,115,1
buffer_5km:15,clip:1459312960:576701.965:7959359.512,osm:13383520941,1459312960,3681.1286605506134,,,track,,,,,,,,,,,,,,,,,,True,True,False,surface_unknown,2,1
buffer_5km:16,clip:173518537:458694.432:7943255.090,osm:1843142556,173518537,9449.000427687262,,,track,,grade3,,,,,,,,,,,,,,,,True,True,False,surface_unknown,1,2
buffer_5km:17,clip:173518538:451045.693:7941896.403,osm:1843142558,173518538,671.7821818677273,,,track,,grade3,,,,,,,,,,,,,,,,True,True,False,surface_unknown,1,2
buffer_5km:18,clip:173518544:449584.497:7939319.769,osm:1843142579,173518544,1215.2447242868216,,,track,,grade3,,,,,,,,,,,,,,,,True,True,False,surface_unknown,1,2
buffer_5km:19,clip:173518544:454421.547:7943253.458,osm:1843142560,173518544,2084.136532704411,,,track,,grade3,,,,,,,,,,,,,,,,True,True,False,surface_unknown,1,2
buffer_5km:20,clip:173518545:468111.119:7943286.759,osm:1843142556,173518545,815.9955717998017,,,track,,grade3,,,,,,,,,,,,,,,,True,True,False,surface_unknown,1,2
buffer_5km:21,clip:173518547:456249.298:7943255.480,osm:1843142565,173518547,2411.107682301131,,,track,,grade3,,,,,,,,,,,,,,,,True,True,False,surface_unknown,1,2
buffer_5km:22,clip:173518549:458504.778:7943255.132,osm:1843142561,173518549,2299.729548751193,,,track,,grade3,,,,,,,,,,,,,,,,True,True,False,surface_unknown,1,2
buffer_5km:23,clip:173982297:720490.043:7919489.844,osm:5423615307,173982297,2110.66258123314,,C38,primary,asphalt,,,,60,,,,,,,,,,,,,True,True,False,paved,2,1
buffer_5km:24,clip:174496001:720395.506:7934876.343,osm:8039967682,174496001,25.121241163905413,,,track,,,,,,,,,,,,,,,,,,True,True,False,surface_unknown,2,35
buffer_5km:25,clip:174496001:720719.066:7934871.234,osm:8039964421,174496001,290.5149067837981,,,track,,,,,,,,,,,,,,,,,,True,True,False,surface_unknown,4,1
buffer_5km:26,clip:174496001:721157.477:7934864.302,osm:8039964421,174496001,150.18014801564382,,,track,,,,,,,,,,,,,,,,,,True,True,False,surface_unknown,3,1
buffer_5km:27,clip:174522453:461839.750:7855266.114,osm:1851941987,174522453,5.023694914487921,,,track,,grade3,,,,,,private,,,,,,,,,,True,True,True,surface_unknown,1,1
buffer_5km:28,clip:174522453:461846.193:7855357.194,osm:3787476553,174522453,59.21107757079497,,,track,,grade3,,,,,,private,,,,,,,,,,True,True,True,surface_unknown,3,1
buffer_5km:29,clip:175619629:601102.696:7857016.153,osm:1861836153,175619629,1359.6301770326245,,,unclassified,,grade3,,,,,,,,,,,,,,,,True,True,False,surface_unknown,23,6
buffer_5km:30,clip:183344072:730597.500:7937256.109,osm:1937135743,183344072,974.0395069550116,,,track,,grade1,,,,,,,,,,,,,,,,True,True,False,surface_unknown,12,1
buffer_5km:31,clip:224458708:435465.699:7904893.248,osm:2332806949,224458708,293.747068444924,,C35,primary,asphalt,,,,120,,,,,,,,,,,,,True,True,False,paved,1,1
buffer_5km:32,clip:224458719:598640.844:7857252.947,osm:976987083,224458719,2309.593809739061,,C38,primary,asphalt,,,,120,,,,,,,,,,,,,True,True,False,paved,14,1
buffer_5km:33,clip:224458725:633936.624:7849404.277,clip:224458725:635120.578:7849111.131,224458725,1289.460386899783,,D2779,secondary,gravel,,,,100,no,,,,,,,,,,,,True,True,False,gravel,9,17
buffer_5km:34,clip:224458725:654240.474:7845575.568,osm:6935584784,224458725,2338.166142865754,,D2779,secondary,gravel,,,,100,no,,,,,,,,,,,,True,True,False,gravel,12,1
buffer_5km:35,clip:224458725:657133.695:7845286.171,osm:6935584784,224458725,636.3626078534617,,D2779,secondary,gravel,,,,100,no,,,,,,,,,,,,True,True,False,gravel,2,1
buffer_5km:36,clip:224458840:439590.145:7865785.947,osm:2332815609,224458840,6441.177368491573,,5920,service,,grade2,,,,,,,,,,,,,,,,True,True,False,surface_unknown,72,1
buffer_5km:37,clip:224458863:427013.041:7893152.284,osm:3796993681,224458863,4220.272137519687,,,track,sand,grade3,,,,,,,,,,,,,,,,True,True,False,earth_sand,112,1
buffer_5km:38,clip:224621773:494346.987:7946022.215,osm:2334244518,224621773,213.2829320011001,,,track,,,,,,,,,,,,,,,,,,True,True,False,surface_unknown,8,1
buffer_5km:39,clip:224621782:496231.266:7946218.449,osm:2334244728,224621782,1445.883553809491,,,track,,,,,,,,,,,,,,,,,,True,True,False,surface_unknown,23,1
buffer_5km:40,clip:226874307:725664.665:7954531.229,osm:10981320488,226874307,1096.7169013658117,,D3610,tertiary,gravel,,,,,,,,,,,,,,,,,True,True,False,gravel,1,1
buffer_5km:41,clip:22793360:710365.266:7854675.839,clip:22793360:719303.493:7863709.772,22793360,21449.74871497482,,D2866,tertiary,unpaved,,,,100,,,,,,,,,,,,,True,True,False,other_unpaved,76,3
buffer_5km:42,clip:22793370:687769.727:7843542.526,clip:22793370:694603.313:7847087.186,22793370,8306.653482493595,,D2865,secondary,,,,,100,,,,,,,,,,,,,True,True,False,surface_unknown,49,5
buffer_5km:43,clip:23895740:452010.850:7942609.474,osm:1843142558,23895740,903.4332979482991,,,unclassified,gravel,,,,,,,,,,,,,,,,,True,True,False,gravel,1,2
buffer_5km:44,clip:23950498:525272.629:7870317.370,osm:3785876798,23950498,995.6239090333031,,,track,,grade2,,,,,,private,,,,,,,,,,True,True,True,surface_unknown,3,1
buffer_5km:45,clip:314747015:720141.008:7922001.476,osm:8040130952,314747015,65.5342001977271,,,track,,,,,,,,,,,,,,,,,,True,True,False,surface_unknown,2,1
buffer_5km:46,clip:314747025:720080.261:7922650.177,osm:3207912993,314747025,127.07547482070046,,,track,,,,,,,,,,,,,,,,,,True,True,False,surface_unknown,3,1
buffer_5km:47,clip:314783375:445141.541:7911736.191,osm:3208311208,314783375,5119.2239309468505,,,track,,,,,,,,,,,,,,,,,,True,True,False,surface_unknown,15,1
buffer_5km:48,clip:315052725:713682.724:7958205.398,osm:3211389409,315052725,3552.712613239269,,,track,,,,,,,,,,,,,,,,,,True,True,False,surface_unknown,4,1
buffer_5km:49,clip:315052736:723993.701:7955475.436,osm:3211389016,315052736,287.98890281787124,,,track,,,,,,,,,,,,,,,,,,True,True,False,surface_unknown,2,1
buffer_5km:50,clip:315069878:718800.676:7930192.939,osm:8040229009,315069878,1766.347664157232,,,track,,,,,,,,,,,,,,,,,,True,True,False,surface_unknown,2,1
buffer_5km:51,clip:315069885:720079.503:7934881.328,osm:3211576284,315069885,191.18890032581186,,,track,,grade3,,,,,,,,,,,,,,,,True,True,False,surface_unknown,2,1
buffer_5km:52,clip:315069885:720266.294:7934878.382,clip:315069885:720343.823:7934877.159,315069885,77.58003535868899,,,track,,grade3,,,,,,,,,,,,,,,,True,True,False,surface_unknown,3,37
buffer_5km:53,clip:315069893:718858.862:7933850.158,osm:3211576200,315069893,1563.683818858315,,,track,,grade3,,,,,,,,,,,,,,,,True,True,False,surface_unknown,1,1
buffer_5km:54,clip:315069894:718767.291:7928137.576,osm:3211576170,315069894,1128.2945283943789,,,track,,,,,,,,,,,,,,,,,,True,True,False,surface_unknown,1,1
buffer_5km:55,clip:315069899:718840.597:7932688.428,osm:3211576358,315069899,1570.292875834847,,,track,,grade3,,,,,,,,,,,,,,,,True,True,False,surface_unknown,1,1
buffer_5km:56,clip:315069912:718820.980:7931443.563,osm:3211576190,315069912,2571.704593852592,,,track,,grade3,,,,,,,,,,,,,,,,True,True,False,surface_unknown,3,1
buffer_5km:57,clip:316122353:517351.970:7870058.586,osm:3757608664,316122353,114.63541771235019,,,track,,,,,,,,private,,,,,,,,,,True,True,True,surface_unknown,2,1
buffer_5km:58,clip:316122353:517778.982:7869962.528,osm:3757842376,316122353,549.1616128180024,,,track,,,,,,,,private,,,,,,,,,,True,True,True,surface_unknown,2,1
buffer_5km:59,clip:320652409:433721.249:7871070.940,osm:3797783833,320652409,373.3161971875836,,,track,,grade3,,,,,,,,,,,,,,,,True,True,False,surface_unknown,8,1
buffer_5km:60,clip:336438922:459251.841:7848653.586,osm:4392184843,336438922,172.5966929201296,,,track,unpaved,grade3,,,,,,,,,,,,,,,,True,True,False,other_unpaved,4,1
buffer_5km:61,clip:370600453:462290.824:7863819.033,osm:3746264862,370600453,17.727407198992516,,P2763,unclassified,unpaved,grade3,,,,,,private,,,,,,,,,,True,True,True,other_unpaved,1,1
buffer_5km:62,clip:370600454:460867.312:7866542.921,osm:3746264584,370600454,672.1729998421386,,,track,,grade3,,,,,,private,,,,,,,,,,True,True,True,surface_unknown,4,1
buffer_5km:63,clip:370694638:460617.072:7867882.931,osm:3751412155,370694638,2358.0910032653005,,,track,,grade3,,,,,,private,,,,,,,,,,True,True,True,surface_unknown,63,1
buffer_5km:64,clip:370697904:460847.492:7867910.342,osm:3743927982,370697904,881.0676552589987,,,track,,grade3,,,,,,private,,,,,,,,,,True,True,True,surface_unknown,3,1
buffer_5km:65,clip:370717036:490714.957:7868190.380,osm:3754905985,370717036,876.7909994115396,,,track,,grade3,,,,,,private,,,,,,,,,,True,True,True,surface_unknown,14,1
buffer_5km:66,clip:370717584:493890.006:7868758.848,osm:3754905984,370717584,3719.322466652494,,,track,,grade3,,,,,,private,,,,,,,,,,True,True,True,surface_unknown,19,1
buffer_5km:67,clip:370717584:495135.733:7869051.823,osm:3744100076,370717584,1231.0321158973152,,,track,,grade3,,,,,,private,,,,,,,,,,True,True,True,surface_unknown,37,1
buffer_5km:68,clip:370726103:488228.668:7868147.250,osm:3744167587,370726103,1416.8102964616573,,,track,,grade3,,,,,,private,,,,,,,,,,True,True,True,surface_unknown,21,1
buffer_5km:69,clip:370726115:461283.428:7867962.193,osm:3748197645,370726115,2088.8111313334484,,,track,,grade3,,,,,,private,,,,,,,,,,True,True,True,surface_unknown,23,1
buffer_5km:70,clip:370726115:463234.329:7868194.106,osm:3744167681,370726115,104.1420810320058,,,track,,grade3,,,,,,private,,,,,,,,,,True,True,True,surface_unknown,2,1
buffer_5km:71,clip:370726116:463451.099:7868217.918,osm:3751354126,370726116,147.01011587359352,,,track,,grade3,,,,,,private,,,,,,,,,,True,True,True,surface_unknown,3,1
buffer_5km:72,clip:370726116:465520.413:7868206.852,osm:3744167730,370726116,1176.4939291232256,,,track,,grade3,,,,,,private,,,,,,,,,,True,True,True,surface_unknown,20,1
buffer_5km:73,clip:370726118:466086.871:7868203.781,osm:3751544943,370726118,156.75017606166463,,,track,,grade3,,,,,,private,,,,,,,,,,True,True,True,surface_unknown,3,1
buffer_5km:74,clip:370731710:462358.496:7863228.219,osm:3785984743,370731710,157.43044921035283,,,track,,grade3,,,,,,private,,,,,,,,,,True,True,True,surface_unknown,2,1
buffer_5km:75,clip:370927160:460695.940:7866707.281,osm:3745903512,370927160,28.41750387574405,,,track,,grade3,,,,,,private,,,,,,,,,,True,True,True,surface_unknown,1,1
buffer_5km:76,clip:370927176:469806.008:7868182.138,osm:3751433384,370927176,1553.6886933872797,,,track,,grade3,,,,,,private,,,,,,,,,,True,True,True,surface_unknown,7,1
buffer_5km:77,clip:370927181:471899.137:7868149.283,osm:3745903205,370927181,1509.357204941585,,,track,,grade3,,,,,,private,,,,,,,,,,True,True,True,surface_unknown,20,1
buffer_5km:78,clip:370927192:479003.714:7868041.920,osm:3751463126,370927192,354.3971833595034,,,track,,grade3,,,,,,private,,,,,,,,,,True,True,True,surface_unknown,8,1
buffer_5km:79,clip:370927198:466642.726:7868200.751,osm:3745903461,370927198,158.622711095305,,,track,,grade3,,,,,,private,,,,,,,,,,True,True,True,surface_unknown,1,1
buffer_5km:80,clip:370968838:460878.527:7850236.326,osm:4212514317,370968838,730.5651086799738,,,track,,grade3,,,,,,private,,,,,,,,,,True,True,True,surface_unknown,18,1
buffer_5km:81,clip:371241974:462010.543:7864818.254,osm:3746264830,371241974,1079.6268275930215,,,track,,grade3,,,,,,private,,,,,,,,,,True,True,True,surface_unknown,4,1
buffer_5km:82,clip:371241991:459699.874:7867396.037,osm:3748198287,371241991,1272.5374412074023,,,track,,grade3,,,,,,private,,,,,,,,,,True,True,True,surface_unknown,15,1
buffer_5km:83,clip:371241992:459669.760:7867412.297,osm:3743888677,371241992,818.0691375835318,,,track,,grade3,,,,,,private,,,,,,,,,,True,True,True,surface_unknown,5,1
buffer_5km:84,clip:371242004:459656.678:7867419.360,osm:3748198071,371242004,1048.184273030174,,,track,,grade3,,,,,,private,,,,,,,,,,True,True,True,surface_unknown,5,1
buffer_5km:85,clip:371242023:462286.363:7863842.607,osm:3746264862,371242023,23.700151084553596,,,track,,grade3,,,,,,private,,,,,,,,,,True,True,True,surface_unknown,2,1
buffer_5km:86,clip:371242066:460587.189:7866797.508,osm:3748198287,371242066,972.7575982429421,,,track,,grade3,,,,,,private,,,,,,,,,,True,True,True,surface_unknown,7,1
buffer_5km:87,clip:371242075:462282.916:7863860.820,osm:3746264844,371242075,1276.6653122006062,,,track,,grade3,,,,,,private,,,,,,,,,,True,True,True,surface_unknown,3,1
buffer_5km:88,clip:371242078:463038.573:7868170.845,osm:3748197645,371242078,1705.6594691967578,,,track,,grade3,,,,,,private,,,,,,,,,,True,True,True,surface_unknown,7,1
buffer_5km:89,clip:371242086:461355.883:7865989.845,osm:3746264584,371242086,447.31058904674614,,,track,,grade3,,,,,,private,,,,,,,,,,True,True,True,surface_unknown,3,1
buffer_5km:90,clip:371575017:463045.048:7868171.615,osm:3751353908,371575017,423.0244455265404,,,track,,grade3,,,,,,private,,,,,,,,,,True,True,True,surface_unknown,3,1
buffer_5km:91,clip:371583998:489125.317:7868162.843,osm:3744095693,371583998,1277.0552083749578,,,track,,grade3,,,,,,private,,,,,,,,,,True,True,True,surface_unknown,4,1
buffer_5km:92,clip:371585914:481283.223:7868029.764,osm:3744167265,371585914,2351.9963881319545,,,track,,grade3,,,,,,private,,,,,,,,,,True,True,True,surface_unknown,7,1
buffer_5km:93,clip:371585918:480479.632:7868020.061,osm:3751497550,371585918,2140.7906482782714,Power Line Service Track,,track,,grade3,,,,,,private,,,,,,,,,,True,True,True,surface_unknown,13,1
buffer_5km:94,clip:371591203:466100.868:7868203.705,osm:3751544943,371591203,145.64722619634134,,,track,,grade3,,,,,,private,,,,,,,,,,True,True,True,surface_unknown,5,1
buffer_5km:95,clip:371945393:485116.862:7868093.141,osm:3751510148,371945393,393.250409931553,,,track,,grade3,,,,,,private,,,,,,,,,,True,True,True,surface_unknown,9,1
buffer_5km:96,clip:371945395:489141.105:7868163.117,osm:3744095692,371945395,1264.4240175796074,,,track,,grade3,,,,,,private,,,,,,,,,,True,True,True,surface_unknown,13,1
buffer_5km:97,clip:371945398:489160.028:7868163.446,osm:3754905985,371945398,1258.8766009429276,,,track,,grade3,,,,,,private,,,,,,,,,,True,True,True,surface_unknown,45,1
buffer_5km:98,clip:371948189:488416.765:7868150.525,osm:3754925777,371948189,1343.324943296408,,,track,,grade4,,,,,,private,,,,,,,,,,True,True,True,surface_unknown,18,1
buffer_5km:99,clip:371958284:474881.515:7868102.341,osm:3755009643,371958284,2518.4456903525625,,,track,,grade4,,,,,,private,,,,,,,,,,True,True,True,surface_unknown,30,1
buffer_5km:100,clip:371968932:513194.834:7870867.556,osm:3757608438,371968932,2125.4138585039796,,,track,,grade4,,,,,,private,,,,,,,,,,True,True,True,surface_unknown,62,1
buffer_5km:101,clip:371968933:511677.417:7871078.183,osm:3784855682,371968933,2339.8421758676636,,,track,,grade3,,,,,,private,,,,,,,,,,True,True,True,surface_unknown,68,1
buffer_5km:102,clip:372121777:534142.766:7866855.011,osm:3756574088,372121777,126.77204294042332,,,track,,grade3,,,,,,private,,,,,,,,,,True,True,True,surface_unknown,5,1
buffer_5km:103,clip:372172740:494944.881:7869006.944,osm:3744167151,372172740,3102.3730603677236,,,track,,grade3,,,,,,private,,,,,,,,,,True,True,True,surface_unknown,21,1
buffer_5km:104,clip:372175245:501874.894:7870635.200,osm:3757086834,372175245,830.091556067386,,,track,,grade3,,,,,,private,,,,,,,,,,True,True,True,surface_unknown,15,1
buffer_5km:105,clip:372212127:505653.578:7871218.848,osm:3757569902,372212127,1783.6657763883156,,,track,,grade3,,,,,,private,,,,,,,,,,True,True,True,surface_unknown,41,1
buffer_5km:106,clip:372212128:504183.489:7871137.633,osm:3757513454,372212128,583.3025081360502,,,track,,grade3,,,,,,private,,,,,,,,,,True,True,True,surface_unknown,8,1
buffer_5km:107,clip:372212129:503684.790:7871060.096,osm:3757086823,372212129,727.4030458595898,,,track,,grade3,,,,,,private,,,,,,,,,,True,True,True,surface_unknown,17,1
buffer_5km:108,clip:372219013:517145.681:7870104.987,osm:3757608659,372219013,55.58318410692182,,,track,,grade3,,,,,,private,,,,,,,,,,True,True,True,surface_unknown,3,1
buffer_5km:109,clip:372235119:517654.481:7869990.536,osm:3222296058,372235119,1979.2765334067208,,,track,,grade3,,,,,,private,,,,,,,,,,True,True,True,surface_unknown,14,1
buffer_5km:110,clip:372235120:520265.416:7869412.011,osm:3757842384,372235120,1372.6577757476234,,,track,,grade3,,,,,,private,,,,,,,,,,True,True,True,surface_unknown,15,1
buffer_5km:111,clip:372235121:518925.392:7869704.629,osm:3757842384,372235121,209.31562812980732,,,track,,grade3,,,,,,private,,,,,,,,,,True,True,True,surface_unknown,1,1
buffer_5km:112,clip:372244120:492466.339:7868423.908,osm:3757910581,372244120,385.40831872565985,,,track,,grade3,,,,,,private,,,,,,,,,,True,True,True,surface_unknown,5,11
buffer_5km:113,clip:372244121:493847.522:7868748.854,osm:3758709873,372244121,1263.231304947587,,,track,,grade3,,,,,,private,,,,,,,,,,True,True,True,surface_unknown,4,11
buffer_5km:114,clip:372244123:496105.228:7869279.767,osm:3744100076,372244123,212.8431885029056,,,track,,grade3,,,,,,private,,,,,,,,,,True,True,True,surface_unknown,7,1
buffer_5km:115,clip:372244124:491886.963:7868297.024,osm:3758588607,372244124,124.07217179195716,,,track,,grade3,,,,,,private,,,,,,,,,,True,True,True,surface_unknown,5,1
buffer_5km:116,clip:372304700:491264.449:7868214.175,osm:3758588607,372304700,574.4368305018983,,,track,,grade3,,,,,,private,,,,,,,,,,True,True,True,surface_unknown,8,1
buffer_5km:117,clip:372318304:492834.394:7868510.510,osm:3758709873,372318304,463.4774365086993,,,track,,grade3,,,,,,private,,,,,,,,,,True,True,True,surface_unknown,15,11
buffer_5km:118,clip:372331445:507990.949:7871347.731,osm:3757570134,372331445,130.96009388609488,,,track,,grade3,,,,,,private,,,,,,,,,,True,True,True,surface_unknown,4,1
buffer_5km:119,clip:372331446:509083.926:7871407.895,osm:3758833096,372331446,874.8948095424222,,,track,,grade3,,,,,,private,,,,,,,,,,True,True,True,surface_unknown,18,1
buffer_5km:120,clip:372334084:516437.214:7870264.326,osm:3784855920,372334084,254.61993799354335,,,track,,grade3,,,,,,private,,,,,,,,,,True,True,True,surface_unknown,6,1
buffer_5km:121,clip:372343636:523880.097:7869901.578,osm:3782326902,372343636,490.2625936926588,,,track,,grade3,,,,,,private,,,,,,,,,,True,True,True,surface_unknown,14,1
buffer_5km:122,clip:374853427:525021.307:7870242.338,osm:3782326826,374853427,1016.8787166002252,,,track,,grade3,,,,,,private,,,,,,,,,,True,True,True,surface_unknown,30,1
buffer_5km:123,clip:374853713:522506.005:7869497.889,osm:3782310162,374853713,786.318799568372,,,track,,grade2,,,,,,private,,,,,,,,,,True,True,True,surface_unknown,5,1
buffer_5km:124,clip:375074044:528101.897:7870975.846,osm:3784636479,375074044,99.76532341662194,,,track,,grade3,,,,,,private,,,,,,,,,,True,True,True,surface_unknown,6,1
buffer_5km:125,clip:375074046:527720.852:7871048.076,osm:3784636455,375074046,71.79042146641987,,,track,,grade3,,,,,,private,,,,,,,,,,True,True,True,surface_unknown,4,1
buffer_5km:126,clip:375074046:528085.828:7871058.300,osm:3784920658,375074046,150.44306965395924,,,track,,grade3,,,,,,private,,,,,,,,,,True,True,True,surface_unknown,4,1
buffer_5km:127,clip:375074047:527452.748:7870968.075,osm:3784636462,375074047,106.07983825136176,,,track,,grade4,,,,,,private,,,,,,,,,,True,True,True,surface_unknown,4,1
buffer_5km:128,clip:375074047:528145.041:7870754.463,osm:3784920712,375074047,145.1325408692122,,,track,,grade4,,,,,,private,,,,,,,,,,True,True,True,surface_unknown,6,1
buffer_5km:129,clip:375096638:521596.957:7869335.899,osm:3784856061,375096638,188.1789669788176,,,track,,grade4,,,,,,private,,,,,,,,,,True,True,True,surface_unknown,7,1
buffer_5km:130,clip:375102369:529177.061:7868694.027,osm:3784921151,375102369,826.8811723177269,,,track,,grade2,,,,,,private,,,,,,,,,,True,True,True,surface_unknown,5,1
buffer_5km:131,clip:375202563:530081.087:7867843.794,osm:3785876827,375202563,1190.6066388441773,,,track,,grade3,,,,,,private,,,,,,,,,,True,True,True,surface_unknown,16,1
buffer_5km:132,clip:375202564:533097.046:7866888.948,osm:3785903891,375202564,2399.4180525992874,,,track,,grade3,,,,,,private,,,,,,,,,,True,True,True,surface_unknown,40,1
buffer_5km:133,clip:375213511:462349.933:7862545.596,osm:3785984998,375213511,254.50152552847226,,,track,,grade3,,,,,,private,,,,,,,,,,True,True,True,surface_unknown,8,1
buffer_5km:134,clip:375213515:462296.125:7863791.023,osm:3785984649,375213515,1188.8081048761785,,,track,,grade3,,,,,,private,,,,,,,,,,True,True,True,surface_unknown,6,1
buffer_5km:135,clip:375213517:462021.258:7857829.432,osm:3786247791,375213517,150.909130686383,,,track,,grade3,,,,,,private,,,,,,,,,,True,True,True,surface_unknown,2,1
buffer_5km:136,clip:375213521:462357.420:7863240.374,osm:3785984753,375213521,1176.3290019816077,,,track,,grade3,,,,,,private,,,,,,,,,,True,True,True,surface_unknown,7,1
buffer_5km:137,clip:375215848:462217.178:7860583.772,osm:3786010165,375215848,578.4132153710729,,,track,,grade3,,,,,,private,,,,,,,,,,True,True,True,surface_unknown,8,1
buffer_5km:138,clip:375215849:462139.686:7859494.464,osm:1851941824,375215849,1007.6388858673865,,,track,,grade3,,,,,,private,,,,,,,,,,True,True,True,surface_unknown,11,1
buffer_5km:139,clip:375239409:462008.695:7857652.787,osm:3786247791,375239409,108.83556024140087,,,track,,grade3,,,,,,private,,,,,,,,,,True,True,True,surface_unknown,2,1
buffer_5km:140,clip:375239411:461866.745:7855647.716,osm:3787476489,375239411,198.7780578785194,,,track,,grade3,,,,,,private,,,,,,,,,,True,True,True,surface_unknown,4,1
buffer_5km:141,clip:375239417:461984.737:7857315.457,osm:3786310185,375239417,690.8700983036174,,,track,,grade3,,,,,,private,,,,,,,,,,True,True,True,surface_unknown,13,1
buffer_5km:142,clip:375239422:461839.533:7855263.045,osm:1851941987,375239422,3.5351148050982535,,,track,,grade3,,,,,,private,,,,,,,,,,True,True,True,surface_unknown,1,1
buffer_5km:143,clip:375239426:462069.216:7858503.743,osm:3786247522,375239426,1044.0889943553086,,,track,,grade3,,,,,,private,,,,,,,,,,True,True,True,surface_unknown,7,1
buffer_5km:144,clip:375375912:461792.929:7854591.450,osm:3787476923,375375912,142.6378606094383,,,track,,grade3,,,,,,private,,,,,,,,,,True,True,True,surface_unknown,7,1
buffer_5km:145,clip:375375921:461836.146:7855215.166,osm:3787476735,375375921,18.56875401208442,,,track,,grade3,,,,,,private,,,,,,,,,,True,True,True,surface_unknown,1,1
buffer_5km:146,clip:375375938:461678.692:7852935.863,osm:1851942119,375375938,378.2300542478964,,,track,,grade3,,,,,,private,,,,,,,,,,True,True,True,surface_unknown,2,1
buffer_5km:147,clip:375375944:461833.993:7855184.734,osm:3787476735,375375944,19.099815352116128,,,track,,grade3,,,,,,private,,,,,,,,,,True,True,True,surface_unknown,1,1
buffer_5km:148,clip:375394262:461459.634:7851518.939,osm:3787654610,375394262,372.288612073007,,,track,,grade3,,,,,,private,,,,,,,,,,True,True,True,surface_unknown,3,1
buffer_5km:149,clip:375394264:461538.169:7851838.053,osm:3787654508,375394264,993.825297169234,,,track,,grade3,,,,,,private,,,,,,,,,,True,True,True,surface_unknown,19,1
buffer_5km:150,clip:375394268:461359.035:7851218.704,osm:3787654610,375394268,233.45038409959682,,,track,,grade3,,,,,,private,,,,,,,,,,True,True,True,surface_unknown,3,1
buffer_5km:151,clip:376257688:430033.256:7880939.471,osm:3796995676,376257688,194.0019939388243,,,track,,grade3,,,,,,,,,,,,,,,,True,True,False,surface_unknown,5,1
buffer_5km:152,clip:376268364:429097.059:7884190.520,osm:3797095053,376268364,1686.1486192894984,,,track,,grade4,,,,,,,,,,,,,,,,True,True,False,surface_unknown,32,1
buffer_5km:153,clip:376268366:429751.662:7881927.204,osm:3797095839,376268366,460.77571499494286,,,track,,grade3,,,,,,,,,,,,,,,,True,True,False,surface_unknown,13,1
buffer_5km:154,clip:376268366:430002.073:7881048.089,osm:3796995676,376268366,166.1226742868661,,,track,,grade3,,,,,,,,,,,,,,,,True,True,False,surface_unknown,4,1
buffer_5km:155,clip:376342368:435651.181:7868422.345,osm:3797819879,376342368,3096.7082076040438,,,track,,grade3,,,,,,,,,,,,,,,,True,True,False,surface_unknown,67,1
buffer_5km:156,clip:376342372:433842.608:7870896.290,osm:3797819866,376342372,480.56981461179146,,,track,,grade4,,,,,,,,,,,,,,,,True,True,False,surface_unknown,13,9
buffer_5km:157,clip:376346745:437397.462:7854574.420,osm:3797948511,376346745,2737.5490828682096,,,track,,grade3,,,,,,,,,,,,,,,,True,True,False,surface_unknown,55,1
buffer_5km:158,clip:376361204:428620.467:7885799.943,osm:3797988741,376361204,2049.2277018861655,,,track,,grade4,,,,,,,,,,,,,,,,True,True,False,surface_unknown,19,13
buffer_5km:159,clip:421480334:460451.627:7849669.641,osm:4406672671,421480334,597.373940802042,,,track,unpaved,grade3,,,,,,,,,,,,,,,,True,True,False,other_unpaved,10,1
buffer_5km:160,clip:421488817:461114.482:7850646.163,osm:4212514317,421488817,651.5326277535747,,,track,unpaved,grade3,,,,,,,,,,,,,,,,True,True,False,other_unpaved,6,1
buffer_5km:161,clip:421546009:455812.475:7847921.778,osm:4406672729,421546009,2194.411744036105,,,track,unpaved,grade3,,,,,,,,,,,,,,,,True,True,False,other_unpaved,38,1
buffer_5km:162,clip:421546009:456922.277:7847937.508,osm:4406672803,421546009,669.9545598206461,,,track,unpaved,grade3,,,,,,,,,,,,,,,,True,True,False,other_unpaved,14,1
buffer_5km:163,clip:421585276:453997.028:7847915.610,osm:4392184709,421585276,2606.391499642012,,,track,unpaved,grade3,,,,,,,,,,,,,,,,True,True,False,other_unpaved,26,1
buffer_5km:164,clip:421586055:461222.057:7850884.553,osm:3789112489,421586055,753.3614644297857,,,track,,grade3,,,,,,yes,,,,,,,,,,True,True,False,surface_unknown,3,1
buffer_5km:165,clip:423619303:722898.882:7908663.732,osm:251875251,423619303,5447.532361964174,,D3025,tertiary,unpaved,,,,100,,,,,,,,,,,,,True,True,False,other_unpaved,1,1
buffer_5km:166,clip:423619303:725650.471:7871115.750,osm:251875251,423619303,41606.80235341156,,D3025,tertiary,unpaved,,,,100,,,,,,,,,,,,,True,True,False,other_unpaved,44,1
buffer_5km:167,clip:438014360:713506.740:7857027.265,osm:4357827694,438014360,4371.684621562431,,,track,,,,,,,,,,,,,,,,,,True,True,False,surface_unknown,1,8
buffer_5km:168,clip:438014363:715542.581:7859376.681,osm:4357827691,438014363,431.19617766046946,,,track,,,,,,,,,,,,,,,,,,True,True,False,surface_unknown,1,25
buffer_5km:169,clip:441466993:446198.331:7847887.038,osm:4392097082,441466993,273.603121415912,,,track,unpaved,grade2,,,,,,,,,,,,,,,,True,True,False,other_unpaved,6,1
buffer_5km:170,clip:441466998:445673.429:7847884.995,osm:4392097082,441466998,533.1313034587854,,,track,unpaved,grade3,,,,,,,,,,,,,,,,True,True,False,other_unpaved,11,1
buffer_5km:171,clip:441475147:446411.537:7847887.864,osm:4406672809,441475147,505.94968490627554,,,track,unpaved,grade3,,,,,,,,,,,,,,,,True,True,False,other_unpaved,5,1
buffer_5km:172,clip:441475148:459453.802:7848777.615,osm:4392184843,441475148,282.54482322531055,,,track,unpaved,grade3,,,,,,,,,,,,,,,,True,True,False,other_unpaved,7,1
buffer_5km:173,clip:441475151:450677.377:7847903.859,osm:4392184894,441475151,279.2720296529135,,,track,unpaved,grade3,,,,,,,,,,,,,,,,True,True,False,other_unpaved,3,1
buffer_5km:174,clip:441475155:458540.753:7848293.915,osm:4392184843,441475155,947.582177628446,,,track,unpaved,grade3,,,,,,,,,,,,,,,,True,True,False,other_unpaved,23,1
buffer_5km:175,clip:441496188:457799.601:7848060.339,osm:4406713851,441496188,975.0845082297554,,,track,unpaved,grade4,,,,,,,,,,,,,,,,True,True,False,other_unpaved,26,1
buffer_5km:176,clip:442936063:446656.411:7847888.810,osm:4406672809,442936063,505.4059264169984,,,track,unpaved,grade3,,,,,,,,,,,,,,,,True,True,False,other_unpaved,7,1
buffer_5km:177,clip:442941888:447981.410:7847893.867,osm:4405913020,442941888,505.63299636546117,,,track,unpaved,grade4,,,,,,,,,,,,,,,,True,True,False,other_unpaved,11,1
buffer_5km:178,clip:442941891:448520.428:7847895.897,osm:4405913020,442941891,788.4232392629493,,,track,unpaved,grade5,,,,,,,,,,,,,,,,True,True,False,other_unpaved,21,1
buffer_5km:179,clip:443013677:442776.838:7848108.691,osm:4406629285,443013677,2620.2347198454063,,,track,unpaved,grade3,,,,,,,,,,,,,,,,True,True,False,other_unpaved,71,1
buffer_5km:180,clip:443013686:450669.547:7847903.830,osm:4406631457,443013686,95.52680745859713,,,track,unpaved,grade3,,,,,,,,,,,,,,,,True,True,False,other_unpaved,2,1
buffer_5km:181,clip:443013687:443776.223:7847992.389,osm:4406631234,443013687,2195.786153859985,,,track,unpaved,grade5,,,,,,,,,,,,,,,,True,True,False,other_unpaved,30,1
buffer_5km:182,clip:443019500:456632.642:7847924.505,osm:4406672803,443019500,593.6439657637261,,,track,unpaved,grade4,,,,,,,,,,,,,,,,True,True,False,other_unpaved,6,1
buffer_5km:183,clip:443019509:460671.563:7849943.877,osm:4406672671,443019509,453.27022287633764,,,track,unpaved,grade4,,,,,,,,,,,,,,,,True,True,False,other_unpaved,9,1
buffer_5km:184,clip:443024668:457490.786:7847999.276,osm:4406713911,443024668,541.9965309728591,,,track,unpaved,grade5,,,,,,,,,,,,,,,,True,True,False,other_unpaved,11,1
buffer_5km:185,clip:443024669:457170.767:7847950.708,osm:4406713834,443024669,1506.4795782196318,,,track,unpaved,grade5,,,,,,,,,,,,,,,,True,True,False,other_unpaved,34,1
buffer_5km:186,clip:443028115:450368.972:7847902.736,osm:4406631444,443028115,566.4319053197793,,,track,unpaved,grade4,,,,,,,,,,,,,,,,True,True,False,other_unpaved,14,1
buffer_5km:187,clip:443028118:450585.922:7847903.526,osm:4406631457,443028118,116.46484788710882,,,track,unpaved,grade4,,,,,,,,,,,,,,,,True,True,False,other_unpaved,2,1
buffer_5km:188,clip:447436097:461215.543:7850870.077,osm:1851942240,447436097,750.100504670837,,C35,primary,asphalt,,,,120,,,,,,,,,,,,,True,True,False,paved,2,1
buffer_5km:189,clip:476243357:678640.986:7958561.098,osm:10874245397,476243357,6366.064094074744,,D3646,secondary,gravel,grade3,,,80,,,,,,,,,,,,,True,True,False,gravel,4,1
buffer_5km:190,clip:526753292:571707.391:7959387.079,osm:9085154954,526753292,1100.1681921060124,,,track,ground,,,,,,,,,,,,,,,,,True,True,False,earth_sand,9,19
buffer_5km:191,clip:551118509:719655.968:7925585.138,osm:8040143062,551118509,902.4253421410484,,,track,,,,,,,,,,,,,,,,,,True,True,False,surface_unknown,2,1
buffer_5km:192,clip:551118512:719609.882:7925717.664,osm:546677896,551118512,822.0964040449624,,,track,,,,,,,,private,,,,,,,,,,True,True,True,surface_unknown,4,1
buffer_5km:193,clip:554464860:437591.055:7851321.821,osm:4392096990,554464860,4380.950525098215,,,track,ground,grade3,,,,,,private,,,,,,,,,,True,True,True,earth_sand,38,1
buffer_5km:194,clip:562167598:589279.342:7861839.280,osm:5419798443,562167598,2623.0334811678927,,,track,ground,grade4,,,,,,,,,,,,,,,,True,True,False,earth_sand,248,1
buffer_5km:195,clip:562169288:587868.769:7862551.165,osm:5419812121,562169288,1603.842044004833,,,track,ground,grade4,,,,,,,,,,,,,,,,True,True,False,earth_sand,204,1
buffer_5km:196,clip:562260642:580927.421:7862522.948,osm:5420507349,562260642,1005.2585584475894,,,track,ground,grade4,,,,,,,,,,,,,,,,True,True,False,earth_sand,94,1
buffer_5km:197,clip:562260642:582627.724:7862577.160,osm:5420509104,562260642,193.65125744427877,,,track,ground,grade4,,,,,,,,,,,,,,,,True,True,False,earth_sand,18,1
buffer_5km:198,clip:563359009:724961.281:7934803.730,osm:1851700231,563359009,1207.689785014419,,,track,,,,,,,,,,,,,,,,,,True,True,False,surface_unknown,2,1
buffer_5km:199,clip:563359010:721363.187:7934861.045,osm:8039964424,563359010,210.23572547551314,,,track,,,,,,,,,,,,,,,,,,True,True,False,surface_unknown,1,1
buffer_5km:200,clip:628519675:454807.180:7920469.004,osm:5933689829,628519675,8315.232461205975,,,track,,,,,,,,,,,,,,,,,,True,True,False,surface_unknown,208,1
buffer_5km:201,clip:688103633:518155.647:7869877.787,osm:3757842376,688103633,329.70206909052666,,D2680,unclassified,ground,,,,,,,,,,,,,,,,,True,True,False,earth_sand,1,1
buffer_5km:202,clip:740776674:633682.837:7849468.802,osm:6935423514,740776674,1953.743150609839,,,unclassified,,,,,,,,,,,,,,,,,,True,True,False,surface_unknown,2,1
buffer_5km:203,clip:740776680:636363.429:7848805.563,osm:6935423522,740776680,834.6322483511408,,,unclassified,,,,,,,,,,,,,,,,,,True,True,False,surface_unknown,1,1
buffer_5km:204,clip:740776686:638254.362:7848340.470,osm:6935423528,740776686,1922.8351939405113,,,unclassified,,,,,,,,,,,,,,,,,,True,True,False,surface_unknown,1,1
buffer_5km:205,clip:740776687:640171.528:7847868.696,osm:6935423566,740776687,511.9784590943081,,,unclassified,,,,,,,,,,,,,,,,,,True,True,False,surface_unknown,1,1
buffer_5km:206,clip:740776688:651943.301:7846133.927,osm:6935423530,740776688,2297.019333047834,,,unclassified,,,,,,,,,,,,,,,,,,True,True,False,surface_unknown,16,1
buffer_5km:207,clip:740776691:641589.314:7847541.721,osm:6935423566,740776691,1432.257724226321,,,unclassified,,,,,,,,,,,,,,,,,,True,True,False,surface_unknown,1,1
buffer_5km:208,clip:740776694:642283.483:7847477.293,osm:6935444512,740776694,996.8030907518936,,,unclassified,,,,,,,,,,,,,,,,,,True,True,False,surface_unknown,1,1
buffer_5km:209,clip:740776701:644290.617:7847394.086,osm:6935444515,740776701,380.43131664236915,,,unclassified,,,,,,,,,,,,,,,,,,True,True,False,surface_unknown,1,1
buffer_5km:210,clip:740776707:646598.562:7847298.133,osm:6935444550,740776707,319.56655721377234,,,unclassified,,,,,,,,,,,,,,,,,,True,True,False,surface_unknown,1,1
buffer_5km:211,clip:740776711:648202.041:7847044.837,osm:6935444548,740776711,877.2029479992749,,,unclassified,,,,,,,,,,,,,,,,,,True,True,False,surface_unknown,2,1
buffer_5km:212,clip:740776712:649698.987:7846680.471,osm:6935423530,740776712,2972.709288962377,,,unclassified,,,,,,,,,,,,,,,,,,True,True,False,surface_unknown,4,1
buffer_5km:213,clip:740792088:664213.153:7845154.173,osm:6935584721,740792088,832.5954919295367,,,unclassified,,,,,,,,,,,,,,,,,,True,True,False,surface_unknown,1,1
buffer_5km:214,clip:740792089:665497.678:7845129.925,osm:6935584720,740792089,1674.211444459581,,,unclassified,,,,,,,,,,,,,,,,,,True,True,False,surface_unknown,1,1
buffer_5km:215,clip:740792091:666135.855:7845117.844,osm:6935584709,740792091,1254.511161094198,,,unclassified,,,,,,,,,,,,,,,,,,True,True,False,surface_unknown,2,1
buffer_5km:216,clip:740792097:661269.240:7845209.400,osm:6935584777,740792097,957.9061259019842,,,unclassified,,,,,,,,,,,,,,,,,,True,True,False,surface_unknown,1,1
buffer_5km:217,clip:740792098:662957.264:7845177.792,osm:6935584745,740792098,639.2218044992411,,,unclassified,,,,,,,,,,,,,,,,,,True,True,False,surface_unknown,1,1
buffer_5km:218,clip:740792106:659628.244:7845239.977,osm:6935584777,740792106,1092.345511131945,,,unclassified,,,,,,,,,,,,,,,,,,True,True,False,surface_unknown,1,1
buffer_5km:219,clip:740792108:657563.445:7845278.238,osm:6935608286,740792108,2418.2108922428047,,,unclassified,,,,,,,,,,,,,,,,,,True,True,False,surface_unknown,3,1
buffer_5km:220,clip:740792116:653840.021:7845672.679,osm:6935608293,740792116,2636.0174362347684,,,unclassified,,,,,,,,,,,,,,,,,,True,True,False,surface_unknown,2,1
buffer_5km:221,clip:806227340:640077.110:7958896.070,osm:7539222368,806227340,187.85756277966038,,,track,ground,,,,,,,,,,,,,,,,,True,True,False,earth_sand,2,7
buffer_5km:222,clip:806227341:639939.727:7958897.302,osm:7539222368,806227341,205.21232780950933,,,track,ground,,,,,,,,,,,,,,,,,True,True,False,earth_sand,3,7
buffer_5km:223,clip:806950275:684573.823:7958506.764,osm:2341116848,806950275,5120.219361892491,,,unclassified,ground,,,,,,,,,,,,,,,,,True,True,False,earth_sand,10,1
buffer_5km:224,clip:863032325:720476.860:7919552.807,osm:8039947909,863032325,2509.038825317394,,,track,,,,,,,,,,,,,,,,,,True,True,False,surface_unknown,7,1
buffer_5km:225,clip:863039392:720371.358:7934876.724,osm:8039967682,863039392,27.687913753902894,,,track,,,,,,,,,,,,,,,,,,True,True,False,surface_unknown,1,35
buffer_5km:226,clip:863053628:720149.657:7921909.113,osm:7485783770,863053628,1179.781154734408,,,track,,,,,,,,,,,,,,,,,,True,True,False,surface_unknown,12,1
buffer_5km:227,clip:863053629:720134.003:7922076.289,osm:8040130952,863053629,161.15406864667392,,,track,,,,,,,,,,,,,,,,,,True,True,False,surface_unknown,9,1
buffer_5km:228,clip:863056586:720114.141:7922288.386,osm:3207912993,863056586,408.232684501507,,,track,,,,,,,,,,,,,,,,,,True,True,False,surface_unknown,8,1
buffer_5km:229,clip:863065564:718758.803:7927615.419,osm:1850598327,863065564,1224.6839700795156,,,track,,,,,,,,,,,,,,,,,,True,True,False,surface_unknown,10,1
buffer_5km:230,clip:863065565:718768.758:7928227.892,osm:8040229002,863065565,1226.989161048901,,,track,,,,,,,,,,,,,,,,,,True,True,False,surface_unknown,60,1
buffer_5km:231,clip:863233364:729915.117:7936349.006,osm:8041635906,863233364,549.4455243873682,,,track,,,,,,,,,,,,,,,,,,True,True,False,surface_unknown,2,1
buffer_5km:232,clip:863236520:729239.683:7935753.990,osm:8041635906,863236520,1204.7413294676876,,,track,,,,,,,,,,,,,,,,,,True,True,False,surface_unknown,51,1
buffer_5km:233,clip:93178007:694293.199:7958412.802,osm:4093320018,93178007,10591.073482349893,,B1,primary,paved,,,,120,no,,,,,,,,,,,,True,True,False,paved,3,1
buffer_5km:234,clip:932507566:527831.872:7871081.202,osm:3784636441,932507566,32.46679679376783,,,track,,grade3,,,,,,private,,,,,,,,,,True,True,True,surface_unknown,2,1
buffer_5km:235,clip:932507566:528077.248:7871102.327,osm:3784636381,932507566,215.60601873249863,,,track,,grade3,,,,,,private,,,,,,,,,,True,True,True,surface_unknown,5,1
buffer_5km:236,clip:934783357:720292.971:7956732.578,osm:8662922117,934783357,2812.8180127088945,,,track,ground,,,,,,,,,,,,,,,,,True,True,False,earth_sand,28,1
buffer_5km:237,clip:967058211:597278.584:7857451.526,osm:8946934846,967058211,1734.3600539081958,,,track,,,,,,,,,,,,,,,,,,True,True,False,surface_unknown,3,15
buffer_5km:238,clip:967058243:609318.525:7855675.780,osm:8946948380,967058243,3498.567503008381,,,track,,,,,,,,,,,,,,,,,,True,True,False,surface_unknown,13,10
buffer_5km:239,clip:98522428:729963.256:7936400.904,osm:1937135743,98522428,498.94484171587106,,B1,primary,asphalt,,,,120,,,,,,,,,,,,,True,True,False,paved,2,1
buffer_5km:240,osm:10006512975,osm:3799236361,376369079,946.6239699281235,,,track,,grade3,,,,,,,,,,,,,,,,True,True,False,surface_unknown,27,1
buffer_5km:241,osm:10054825898,osm:2333046348,224482896,3517.010779293474,,,unclassified,ground,,,,,,,forestry,,,,,,,,,,True,True,True,earth_sand,1,1
buffer_5km:242,osm:10054825898,osm:5418197246,224482896,38.08005325542846,,,unclassified,ground,,,,,,,forestry,,,,,,,,,,True,True,True,earth_sand,1,1
buffer_5km:243,osm:10054825898,osm:10054849522,1098120030,3675.4726609135378,,,track,,,,,,,,,,,,,,,,,,True,True,False,surface_unknown,25,1
buffer_5km:244,osm:10054849522,osm:13383520926,1459312958,7234.406779909574,,,track,,,,,,,,,,,,,,,,,,True,True,False,surface_unknown,21,1
buffer_5km:245,osm:1027299970,osm:2332810902,26337762,2905.9424564160704,,C38,tertiary,gravel,grade2,very_bad,,60,,,,,,,,,,,,,True,True,False,gravel,15,1
buffer_5km:246,osm:1027299970,osm:2332810756,26337762,1526.255942537152,,C38,tertiary,gravel,grade2,very_bad,,60,,,,,,,,,,,,,True,True,False,gravel,13,1
buffer_5km:247,osm:1027299970,osm:1027300124,88450570,353.4775145232446,,,track,gravel,grade2,,,60,no,,private,,,,,,,,,,True,True,True,gravel,9,1
buffer_5km:248,osm:10537179295,osm:10537179302,1130650028,199.89478350759055,,,track,,,,,,,,,,,,,,,,,,True,True,False,surface_unknown,7,21
buffer_5km:249,osm:10537179295,osm:10537179319,1130650030,54.344111781432474,,,track,,,,,,,,,,,,,,,,,,True,True,False,surface_unknown,2,21
buffer_5km:250,osm:10537179302,osm:10537179319,1130650029,184.0837299988089,,,track,,,,,,,,,,,,,,,,,,True,True,False,surface_unknown,7,21
buffer_5km:251,osm:10537179302,osm:10537179316,1130650029,213.2744583823266,,,track,,,,,,,,,,,,,,,,,,True,True,False,surface_unknown,10,21
buffer_5km:252,osm:10723252768,osm:10723252769,1152884579,162.358873126871,,,residential,unpaved,,,,60,,,,,,,,,,,,,True,True,False,other_unpaved,2,1
buffer_5km:253,osm:10723252769,osm:5322510352,1152884579,71.34698242790822,,,residential,unpaved,,,,60,,,,,,,,,,,,,True,True,False,other_unpaved,2,1
buffer_5km:254,osm:10723252769,osm:9240256817,1152884580,56.54509687754821,,,track,,,,,,,,,,,,,,,,,,True,True,False,surface_unknown,1,1
buffer_5km:255,osm:1080162677,osm:3207903719,93178007,2116.895851414722,,B1,primary,paved,,,,120,no,,,,,,,,,,,,True,True,False,paved,6,1
buffer_5km:256,osm:1080162677,osm:1080162704,93178009,83.31237575011401,,B1,primary,paved,,,,100,,,,,,,yes,,1,,,,True,True,False,paved,1,1
buffer_5km:257,osm:1080162704,osm:1937135743,98522428,569.9638071149868,,B1,primary,asphalt,,,,120,,,,,,,,,,,,,True,True,False,paved,2,1
buffer_5km:258,osm:1083452460,osm:8040096034,25582631,177.95473459000343,,,unclassified,gravel,,,,100,,,private,,,,,,,,,,True,True,True,gravel,4,1
buffer_5km:259,osm:1083452460,osm:278854458,25582631,445.19477061890814,,,unclassified,gravel,,,,100,,,private,,,,,,,,,,True,True,True,gravel,5,1
buffer_5km:260,osm:1083452460,osm:546677675,863471321,798.4416134227033,,,track,,,,,,,,,,,,,,,,,,True,True,False,surface_unknown,3,1
buffer_5km:261,osm:1083452562,osm:259483464,23939509,185.16991061236448,,,track,gravel,grade2,,,,,,,,yes,,,,,,,,True,True,False,gravel,8,1
buffer_5km:262,osm:1083452562,osm:1083452562,23939509,208.18265917225207,,,track,gravel,grade2,,,,,,,,yes,,,,,,,,True,True,False,gravel,15,1
buffer_5km:263,osm:1083452573,osm:288788135,28157365,31.602662399694772,,,track,gravel,grade2,,,,,,,,yes,,,,,,,,True,True,False,gravel,3,1
buffer_5km:264,osm:1083452573,osm:309192401,28157365,254.3638358781708,,,track,gravel,grade2,,,,,,,,yes,,,,,,,,True,True,False,gravel,17,1
buffer_5km:265,osm:1083452573,osm:2339698110,225158148,35.50262732796008,,,track,gravel,grade2,,,,,,,,yes,,,,,,,,True,True,False,gravel,4,1
buffer_5km:266,osm:1083452584,osm:8040089413,25582631,3296.8942522808325,,,unclassified,gravel,,,,100,,,private,,,,,,,,,,True,True,True,gravel,2,1
buffer_5km:267,osm:1083452584,osm:8039932379,25582631,132.41771644083786,,,unclassified,gravel,,,,100,,,private,,,,,,,,,,True,True,True,gravel,4,1
buffer_5km:268,osm:1083452584,osm:8039947894,551118511,214.5568278565077,,,track,,grade3,,,,,,,,,,,,,,,,True,True,False,surface_unknown,1,1
buffer_5km:269,osm:1083452602,osm:259145778,93458956,61.95309372954618,,,service,gravel,,,,,,,,,,,,,,,,,True,True,False,gravel,4,1
buffer_5km:270,osm:1083452602,osm:1083452602,225322569,157.88441151100184,,,service,gravel,,,,,,,,,,,,,,,,,True,True,False,gravel,16,1
buffer_5km:271,osm:1083452602,osm:2341117067,225322569,50.6950816599806,,,service,gravel,,,,,,,,,,,,,,,,,True,True,False,gravel,5,1
buffer_5km:272,osm:10874245397,osm:2341116845,476243357,1037.6908057545063,,D3646,secondary,gravel,grade3,,,80,,,,,,,,,,,,,True,True,False,gravel,3,1
buffer_5km:273,osm:10874245397,osm:11343219127,1169437131,681.8142240704981,,,service,,,,,,,,,,,,,,,,,,True,True,False,surface_unknown,10,1
buffer_5km:274,osm:10874245409,osm:10874245411,1169437131,69.60251365287657,,,service,,,,,,,,,,,,,,,,,,True,True,False,surface_unknown,2,1
buffer_5km:275,osm:10874245409,osm:11343219127,1169437131,226.71184909850257,,,service,,,,,,,,,,,,,,,,,,True,True,False,surface_unknown,4,1
buffer_5km:276,osm:10874245409,osm:11343219159,1264528970,98.09118378173332,,,service,,,,,,,,,,,,,,,,,,True,True,False,surface_unknown,7,1
buffer_5km:277,osm:10874245411,osm:11343219159,1222926779,20.72571329268905,,,service,,,,,,,,,,,,,,,,,,True,True,False,surface_unknown,1,1
buffer_5km:278,osm:10874245411,osm:11343219129,1222926779,449.5180628811257,,,service,,,,,,,,,,,,,,,,,,True,True,False,surface_unknown,18,1
buffer_5km:279,osm:10979334751,osm:3211389152,315052686,110.2731268871189,,,track,,,,,,,,,,,,,,,,,,True,True,False,surface_unknown,2,1
buffer_5km:280,osm:10979334751,osm:10981320877,315052686,107.86690705609695,,,track,,,,,,,,,,,,,,,,,,True,True,False,surface_unknown,2,1
buffer_5km:281,osm:10979334751,osm:10979334754,1182311881,340.53248324996446,,,track,,,,,,,,,,,,,,,,,,True,True,False,surface_unknown,3,1
buffer_5km:282,osm:10979334754,osm:3211389041,315052722,260.83805656182085,,,track,,,,,,,,,,,,,,,,,,True,True,False,surface_unknown,3,1
buffer_5km:283,osm:10979334754,osm:3211388528,315052722,195.4408685309616,,,track,,,,,,,,,,,,,,,,,,True,True,False,surface_unknown,1,1
buffer_5km:284,osm:10979334766,osm:10979334768,1182311884,148.78111224998523,,,track,,,,,,,,,,,,,,,,,,True,True,False,surface_unknown,2,1
buffer_5km:285,osm:10979334766,osm:10979355530,1182311955,319.83011432929504,,,track,,,,,,,,,,,,,,,,,,True,True,False,surface_unknown,7,1
buffer_5km:286,osm:10979334766,osm:10979355523,1182311955,23.33525457535236,,,track,,,,,,,,,,,,,,,,,,True,True,False,surface_unknown,1,1
buffer_5km:287,osm:10979334771,osm:3211389041,315052682,15.376075322926216,,,track,,,,,,,,,,,,,,,,,,True,True,False,surface_unknown,1,1
buffer_5km:288,osm:10979334771,osm:3211389384,315052682,455.47540120266603,,,track,,,,,,,,,,,,,,,,,,True,True,False,surface_unknown,2,1
buffer_5km:289,osm:10979334771,osm:10979334776,1182311885,175.6611946448822,,,track,,,,,,,,,,,,,,,,,,True,True,False,surface_unknown,5,1
buffer_5km:290,osm:10979334778,osm:10979334787,1182311886,111.42564231913366,,,track,,,,,,,,,,,,,,,,,,True,True,False,surface_unknown,2,1
buffer_5km:291,osm:10979334787,osm:10979334792,1182311888,453.96461326615355,,,track,,,,,,,,,,,,,,,,,,True,True,False,surface_unknown,5,1
buffer_5km:292,osm:10979334787,osm:3211389033,1182311888,307.137155637315,,,track,,,,,,,,,,,,,,,,,,True,True,False,surface_unknown,6,1
buffer_5km:293,osm:10979334792,osm:10979334794,315052686,470.7822322735567,,,track,,,,,,,,,,,,,,,,,,True,True,False,surface_unknown,6,1
buffer_5km:294,osm:10979334792,osm:3211389152,315052686,352.4894591264244,,,track,,,,,,,,,,,,,,,,,,True,True,False,surface_unknown,2,1
buffer_5km:295,osm:10979334794,osm:3211388759,315052686,71.38032858889892,,,track,,,,,,,,,,,,,,,,,,True,True,False,surface_unknown,3,1
buffer_5km:296,osm:10979334794,osm:10981320550,1182556530,63.279671058263986,,,track,,,,,,,,,,,,,,,,,,True,True,False,surface_unknown,4,1
buffer_5km:297,osm:10979344972,osm:10979344973,315052682,110.30441227270092,,,track,,,,,,,,,,,,,,,,,,True,True,False,surface_unknown,1,1
buffer_5km:298,osm:10979344972,osm:10979355931,315052682,576.6545973405946,,,track,,,,,,,,,,,,,,,,,,True,True,False,surface_unknown,8,1
buffer_5km:299,osm:10979344972,osm:10979355354,1182311933,313.4217914055632,,,track,,,,,,,,,,,,,,,,,,True,True,False,surface_unknown,10,1
buffer_5km:300,osm:10979344972,osm:10979355094,1182311933,14.94019832261729,,,track,,,,,,,,,,,,,,,,,,True,True,False,surface_unknown,1,1
buffer_5km:301,osm:10979344973,osm:10979344976,315052682,329.12109581756226,,,track,,,,,,,,,,,,,,,,,,True,True,False,surface_unknown,3,1
buffer_5km:302,osm:10979344973,osm:10979355816,1182311983,69.68670922658808,,,track,,,,,,,,,,,,,,,,,,True,True,False,surface_unknown,3,1
buffer_5km:303,osm:10979344976,osm:10979355482,315052682,672.1294526559848,,,track,,,,,,,,,,,,,,,,,,True,True,False,surface_unknown,14,1
buffer_5km:304,osm:10979344976,osm:10979355817,1182311979,163.76375546728104,,,track,,,,,,,,,,,,,,,,,,True,True,False,surface_unknown,10,1
buffer_5km:305,osm:10979344998,osm:10979356006,315052682,583.3700065093658,,,track,,,,,,,,,,,,,,,,,,True,True,False,surface_unknown,8,1
buffer_5km:306,osm:10979344998,osm:10979355482,315052682,420.9485947896789,,,track,,,,,,,,,,,,,,,,,,True,True,False,surface_unknown,9,1
buffer_5km:307,osm:10979344998,osm:10979355702,1182311972,93.86262737577422,,,track,,,,,,,,,,,,,,,,,,True,True,False,surface_unknown,1,1
buffer_5km:308,osm:10979355035,osm:10979355037,1182311897,89.7436660833716,,,track,,,,,,,,,,,,,,,,,,True,True,False,surface_unknown,1,1
buffer_5km:309,osm:10979355036,osm:10979355037,1182311898,47.685866287808096,,,track,,,,,,,,,,,,,,,,,,True,True,False,surface_unknown,1,1
buffer_5km:310,osm:10979355037,osm:3211388719,1182311898,84.89380784180369,,,track,,,,,,,,,,,,,,,,,,True,True,False,surface_unknown,1,1
buffer_5km:311,osm:10979355090,osm:10979355841,1182311933,398.5856961553805,,,track,,,,,,,,,,,,,,,,,,True,True,False,surface_unknown,6,1
buffer_5km:312,osm:10979355094,osm:10979355095,1182311909,17.6365526496253,,,track,,,,,,,,,,,,,,,,,,True,True,False,surface_unknown,1,1
buffer_5km:313,osm:10979355094,osm:10979355841,1182311933,16.047731586714008,,,track,,,,,,,,,,,,,,,,,,True,True,False,surface_unknown,1,1
buffer_5km:314,osm:10979355095,osm:10979355157,1182311909,947.4859676951693,,,track,,,,,,,,,,,,,,,,,,True,True,False,surface_unknown,27,1
buffer_5km:315,osm:10979355095,osm:10979355931,1182311983,562.2201841173169,,,track,,,,,,,,,,,,,,,,,,True,True,False,surface_unknown,6,1
buffer_5km:316,osm:10979355095,osm:10979355841,1182311983,11.640492615913656,,,track,,,,,,,,,,,,,,,,,,True,True,False,surface_unknown,1,1
buffer_5km:317,osm:10979355132,osm:10979355155,1182311910,253.65229363421267,,,track,,,,,,,,,,,,,,,,,,True,True,False,surface_unknown,11,1
buffer_5km:318,osm:10979355133,osm:10979355140,1182311911,434.2527174022404,,,track,,,,,,,,,,,,,,,,,,True,True,False,surface_unknown,7,1
buffer_5km:319,osm:10979355140,osm:10979355926,315052682,198.14275392311953,,,track,,,,,,,,,,,,,,,,,,True,True,False,surface_unknown,9,1
buffer_5km:320,osm:10979355140,osm:10979355910,315052682,362.76712582811564,,,track,,,,,,,,,,,,,,,,,,True,True,False,surface_unknown,8,1
buffer_5km:321,osm:10979355140,osm:10979355155,1182311911,208.22800077093544,,,track,,,,,,,,,,,,,,,,,,True,True,False,surface_unknown,15,1
buffer_5km:322,osm:10979355155,osm:10979355157,1182311911,20.80281331449844,,,track,,,,,,,,,,,,,,,,,,True,True,False,surface_unknown,2,1
buffer_5km:323,osm:10979355157,osm:10979355926,1182311911,79.29505521670794,,,track,,,,,,,,,,,,,,,,,,True,True,False,surface_unknown,6,1
buffer_5km:324,osm:10979355186,osm:10979355192,1182311917,81.24518645538119,,,track,,,,,,,,,,,,,,,,,,True,True,False,surface_unknown,6,1
buffer_5km:325,osm:10979355192,osm:10979355205,1182311916,44.71888183797719,,,track,,,,,,,,,,,,,,,,,,True,True,False,surface_unknown,3,1
buffer_5km:326,osm:10979355192,osm:10979355201,1182311917,87.58645902556839,,,track,,,,,,,,,,,,,,,,,,True,True,False,surface_unknown,7,1
buffer_5km:327,osm:10979355201,osm:10979355276,1182311917,346.41106743164585,,,track,,,,,,,,,,,,,,,,,,True,True,False,surface_unknown,6,1
buffer_5km:328,osm:10979355201,osm:10979355205,1182311918,117.34992804276183,,,track,,,,,,,,,,,,,,,,,,True,True,False,surface_unknown,4,1
buffer_5km:329,osm:10979355201,osm:10979355394,1182311918,215.56455698159692,,,track,,,,,,,,,,,,,,,,,,True,True,False,surface_unknown,3,1
buffer_5km:330,osm:10979355205,osm:10979355230,1182311918,367.2127518601978,,,track,,,,,,,,,,,,,,,,,,True,True,False,surface_unknown,6,1
buffer_5km:331,osm:10979355216,osm:10979355224,1182311921,108.44640764433326,,,track,,,,,,,,,,,,,,,,,,True,True,False,surface_unknown,8,1
buffer_5km:332,osm:10979355224,osm:3211388829,1182311920,489.419322559819,,,track,,,,,,,,,,,,,,,,,,True,True,False,surface_unknown,4,1
buffer_5km:333,osm:10979355224,osm:10979355226,1182311921,33.32524989627284,,,track,,,,,,,,,,,,,,,,,,True,True,False,surface_unknown,2,1
buffer_5km:334,osm:10979355226,osm:10979355230,1182311921,145.44838695173473,,,track,,,,,,,,,,,,,,,,,,True,True,False,surface_unknown,4,1
buffer_5km:335,osm:10979355226,osm:10979355253,1182556546,94.53524765503603,,,track,,,,,,,,,,,,,,,,,,True,True,False,surface_unknown,3,1
buffer_5km:336,osm:10979355230,osm:10979355236,1182311921,163.3279546797386,,,track,,,,,,,,,,,,,,,,,,True,True,False,surface_unknown,6,1
buffer_5km:337,osm:10979355245,osm:10979355250,1182311934,39.247421007757694,,,track,,,,,,,,,,,,,,,,,,True,True,False,surface_unknown,5,1
buffer_5km:338,osm:10979355245,osm:3211389020,1182311955,514.0892961769425,,,track,,,,,,,,,,,,,,,,,,True,True,False,surface_unknown,17,1
buffer_5km:339,osm:10979355245,osm:10979355487,1182311955,240.04064391383605,,,track,,,,,,,,,,,,,,,,,,True,True,False,surface_unknown,7,1
buffer_5km:340,osm:10979355250,osm:10979355253,1182311934,276.94874651475436,,,track,,,,,,,,,,,,,,,,,,True,True,False,surface_unknown,3,1
buffer_5km:341,osm:10979355250,osm:10981320641,1182556547,557.2973772283849,,,track,,,,,,,,,,,,,,,,,,True,True,False,surface_unknown,6,1
buffer_5km:342,osm:10979355253,osm:10979355276,1182311934,1155.9466426275526,,,track,,,,,,,,,,,,,,,,,,True,True,False,surface_unknown,23,1
buffer_5km:343,osm:10979355276,osm:10979355367,1182311934,376.3880050584632,,,track,,,,,,,,,,,,,,,,,,True,True,False,surface_unknown,7,1
buffer_5km:344,osm:10979355282,osm:10979355293,1182311925,437.6967825609992,,,track,,,,,,,,,,,,,,,,,,True,True,False,surface_unknown,9,1
buffer_5km:345,osm:10979355292,osm:10979355293,1182311925,57.17473956540982,,,track,,,,,,,,,,,,,,,,,,True,True,False,surface_unknown,2,1
buffer_5km:346,osm:10979355292,osm:10979355367,1182311933,320.4983301278644,,,track,,,,,,,,,,,,,,,,,,True,True,False,surface_unknown,7,1
buffer_5km:347,osm:10979355292,osm:10979355354,1182311933,64.10396487027873,,,track,,,,,,,,,,,,,,,,,,True,True,False,surface_unknown,2,1
buffer_5km:348,osm:10979355293,osm:10979355354,1182311926,54.973950487181405,,,track,,,,,,,,,,,,,,,,,,True,True,False,surface_unknown,1,1
buffer_5km:349,osm:10979355299,osm:10979355903,1182311927,136.0678965242235,,,track,,,,,,,,,,,,,,,,,,True,True,False,surface_unknown,6,1
buffer_5km:350,osm:10979355304,osm:10979355306,1182311929,111.70524374474113,,,track,,,,,,,,,,,,,,,,,,True,True,False,surface_unknown,2,1
buffer_5km:351,osm:10979355306,osm:10979355872,1182311939,327.3828549321607,,,track,,,,,,,,,,,,,,,,,,True,True,False,surface_unknown,6,1
buffer_5km:352,osm:10979355306,osm:10979355425,1182311939,9.444587198102608,,,track,,,,,,,,,,,,,,,,,,True,True,False,surface_unknown,1,1
buffer_5km:353,osm:10979355320,osm:10979355425,1182311930,344.4494400558663,,,track,,,,,,,,,,,,,,,,,,True,True,False,surface_unknown,9,1
buffer_5km:354,osm:10979355336,osm:10979355370,1182311932,153.49012763887634,,,track,,,,,,,,,,,,,,,,,,True,True,False,surface_unknown,7,1
buffer_5km:355,osm:10979355367,osm:10979355370,1182311934,68.59912481033857,,,track,,,,,,,,,,,,,,,,,,True,True,False,surface_unknown,3,1
buffer_5km:356,osm:10979355370,osm:10979355400,1182311934,446.13067569001396,,,track,,,,,,,,,,,,,,,,,,True,True,False,surface_unknown,12,1
buffer_5km:357,osm:10979355382,osm:10979355388,1182311935,104.54220109271137,,,track,,,,,,,,,,,,,,,,,,True,True,False,surface_unknown,6,1
buffer_5km:358,osm:10979355388,osm:10979355400,1182311938,77.06127430325779,,,track,,,,,,,,,,,,,,,,,,True,True,False,surface_unknown,1,1
buffer_5km:359,osm:10979355388,osm:10979355399,1182311938,22.05366356774112,,,track,,,,,,,,,,,,,,,,,,True,True,False,surface_unknown,1,1
buffer_5km:360,osm:10979355393,osm:10979355405,1182311937,58.442076847741006,,,track,,,,,,,,,,,,,,,,,,True,True,False,surface_unknown,1,1
buffer_5km:361,osm:10979355393,osm:3211388675,1182311938,234.5897779676109,,,track,,,,,,,,,,,,,,,,,,True,True,False,surface_unknown,2,1
buffer_5km:362,osm:10979355393,osm:10979355415,1182311938,35.14800908361474,,,track,,,,,,,,,,,,,,,,,,True,True,False,surface_unknown,1,1
buffer_5km:363,osm:10979355394,osm:10979355399,1182311938,332.33646480654784,,,track,,,,,,,,,,,,,,,,,,True,True,False,surface_unknown,5,1
buffer_5km:364,osm:10979355399,osm:3211389074,1182311936,323.1748664646832,,,track,,,,,,,,,,,,,,,,,,True,True,False,surface_unknown,3,1
buffer_5km:365,osm:10979355400,osm:10979355405,1182311938,365.35432825770897,,,track,,,,,,,,,,,,,,,,,,True,True,False,surface_unknown,5,1
buffer_5km:366,osm:10979355405,osm:10979355415,1182311938,54.89567184309209,,,track,,,,,,,,,,,,,,,,,,True,True,False,surface_unknown,3,1
buffer_5km:367,osm:10979355408,osm:10979355415,1182311939,145.96464311653398,,,track,,,,,,,,,,,,,,,,,,True,True,False,surface_unknown,7,1
buffer_5km:368,osm:10979355415,osm:10979355425,1182311939,610.0666349126637,,,track,,,,,,,,,,,,,,,,,,True,True,False,surface_unknown,10,1
buffer_5km:369,osm:10979355425,osm:3211389397,1182311930,167.58247810656874,,,track,,,,,,,,,,,,,,,,,,True,True,False,surface_unknown,4,1
buffer_5km:370,osm:10979355431,osm:10979355867,1182311940,389.5375063645295,,,track,,,,,,,,,,,,,,,,,,True,True,False,surface_unknown,11,1
buffer_5km:371,osm:10979355482,osm:10979356006,1182311947,661.7669395233859,,,track,,,,,,,,,,,,,,,,,,True,True,False,surface_unknown,16,1
buffer_5km:372,osm:10979355487,osm:10979355490,1182311949,121.93401412105263,,,track,,,,,,,,,,,,,,,,,,True,True,False,surface_unknown,3,1
buffer_5km:373,osm:10979355487,osm:10979355533,1182311955,152.81852277964987,,,track,,,,,,,,,,,,,,,,,,True,True,False,surface_unknown,4,1
buffer_5km:374,osm:10979355491,osm:10979355498,1182311950,283.9130869707945,,,track,,,,,,,,,,,,,,,,,,True,True,False,surface_unknown,7,1
buffer_5km:375,osm:10979355491,osm:3211389384,1182311951,183.20248851433962,,,track,,,,,,,,,,,,,,,,,,True,True,False,surface_unknown,8,1
buffer_5km:376,osm:10979355491,osm:10979355530,1182311951,260.9097019815559,,,track,,,,,,,,,,,,,,,,,,True,True,False,surface_unknown,3,1
buffer_5km:377,osm:10979355523,osm:3211388528,315052735,276.1564686078403,,,track,,,,,,,,,,,,,,,,,,True,True,False,surface_unknown,1,1
buffer_5km:378,osm:10979355523,osm:3211388985,315052735,510.57341243671345,,,track,,,,,,,,,,,,,,,,,,True,True,False,surface_unknown,5,1
buffer_5km:379,osm:10979355530,osm:10979355533,1182311955,121.49049523333773,,,track,,,,,,,,,,,,,,,,,,True,True,False,surface_unknown,3,1
buffer_5km:380,osm:10979355533,osm:10981320642,1182556548,524.2231599870893,,,track,,,,,,,,,,,,,,,,,,True,True,False,surface_unknown,11,1
buffer_5km:381,osm:10979355563,osm:10979356009,1182311957,356.35863033341474,,,track,,,,,,,,,,,,,,,,,,True,True,False,surface_unknown,9,1
buffer_5km:382,osm:10979355628,osm:10979355708,1182311963,36.67594557590486,,,track,,,,,,,,,,,,,,,,,,True,True,False,surface_unknown,4,1
buffer_5km:383,osm:10979355628,osm:10979355707,1182311964,34.55606763074094,,,track,,,,,,,,,,,,,,,,,,True,True,False,surface_unknown,2,1
buffer_5km:384,osm:10979355628,osm:3211388755,1182311964,1031.933784735108,,,track,,,,,,,,,,,,,,,,,,True,True,False,surface_unknown,29,1
buffer_5km:385,osm:10979355630,osm:10979355643,1182311965,279.4409399778619,,,track,,,,,,,,,,,,,,,,,,True,True,False,surface_unknown,3,1
buffer_5km:386,osm:10979355635,osm:10979355643,1182311966,271.9438525456071,,,track,,,,,,,,,,,,,,,,,,True,True,False,surface_unknown,8,1
buffer_5km:387,osm:10979355635,osm:10979355775,1182311975,152.4017529513681,,,track,,,,,,,,,,,,,,,,,,True,True,False,surface_unknown,5,1
buffer_5km:388,osm:10979355635,osm:10979355768,1182311975,251.60665425174298,,,track,,,,,,,,,,,,,,,,,,True,True,False,surface_unknown,3,1
buffer_5km:389,osm:10979355643,osm:10979355775,1182311965,161.1820342139689,,,track,,,,,,,,,,,,,,,,,,True,True,False,surface_unknown,3,1
buffer_5km:390,osm:10979355643,osm:10979355684,1182311966,845.4754139670692,,,track,,,,,,,,,,,,,,,,,,True,True,False,surface_unknown,10,1
buffer_5km:391,osm:10979355684,osm:10979355691,1182311970,585.7293417930617,,,track,,,,,,,,,,,,,,,,,,True,True,False,surface_unknown,7,1
buffer_5km:392,osm:10979355691,osm:10979355702,1182311970,205.9588657532082,,,track,,,,,,,,,,,,,,,,,,True,True,False,surface_unknown,11,1
buffer_5km:393,osm:10979355691,osm:10979355768,1182311974,1008.8989830693606,,,track,,,,,,,,,,,,,,,,,,True,True,False,surface_unknown,42,1
buffer_5km:394,osm:10979355691,osm:10979355725,1182311974,59.07418366903367,,,track,,,,,,,,,,,,,,,,,,True,True,False,surface_unknown,1,1
buffer_5km:395,osm:10979355702,osm:10979355707,1182311972,25.84336396364633,,,track,,,,,,,,,,,,,,,,,,True,True,False,surface_unknown,1,1
buffer_5km:396,osm:10979355707,osm:10979355708,1182311972,27.674152881143968,,,track,,,,,,,,,,,,,,,,,,True,True,False,surface_unknown,1,1
buffer_5km:397,osm:10979355708,osm:10979355725,1182311972,170.24831730015595,,,track,,,,,,,,,,,,,,,,,,True,True,False,surface_unknown,8,1
buffer_5km:398,osm:10979355767,osm:10979355768,1182311975,26.936864525835823,,,track,,,,,,,,,,,,,,,,,,True,True,False,surface_unknown,1,1
buffer_5km:399,osm:10979355775,osm:10979355780,1182311975,401.4093731881363,,,track,,,,,,,,,,,,,,,,,,True,True,False,surface_unknown,5,1
buffer_5km:400,osm:10979355780,osm:10979355804,1182311978,197.75091078352474,,,track,,,,,,,,,,,,,,,,,,True,True,False,surface_unknown,11,1
buffer_5km:401,osm:10979355780,osm:10979355791,1182311978,215.67180016757712,,,track,,,,,,,,,,,,,,,,,,True,True,False,surface_unknown,3,1
buffer_5km:402,osm:10979355781,osm:10979355804,1182311976,119.19762323661196,,,track,,,,,,,,,,,,,,,,,,True,True,False,surface_unknown,6,1
buffer_5km:403,osm:10979355804,osm:10979355816,1182311978,574.0159907509312,,,track,,,,,,,,,,,,,,,,,,True,True,False,surface_unknown,12,1
buffer_5km:404,osm:10979355816,osm:10979355841,1182311983,32.67392118891655,,,track,,,,,,,,,,,,,,,,,,True,True,False,surface_unknown,1,1
buffer_5km:405,osm:10979355847,osm:10979355910,1182311984,235.89108496775492,,,track,,,,,,,,,,,,,,,,,,True,True,False,surface_unknown,7,1
buffer_5km:406,osm:10979355866,osm:10979355903,315052682,343.3109935318252,,,track,,,,,,,,,,,,,,,,,,True,True,False,surface_unknown,10,1
buffer_5km:407,osm:10979355866,osm:10979355885,315052682,506.256379949781,,,track,,,,,,,,,,,,,,,,,,True,True,False,surface_unknown,12,1
buffer_5km:408,osm:10979355866,osm:10979355867,1182311988,101.90178872377695,,,track,,,,,,,,,,,,,,,,,,True,True,False,surface_unknown,1,1
buffer_5km:409,osm:10979355867,osm:10979355872,1182311988,265.2707720951005,,,track,,,,,,,,,,,,,,,,,,True,True,False,surface_unknown,5,1
buffer_5km:410,osm:10979355872,osm:3211389116,1182311988,201.27974115783633,,,track,,,,,,,,,,,,,,,,,,True,True,False,surface_unknown,6,1
buffer_5km:411,osm:10979355885,osm:3211389116,315052737,393.84302804125247,,,track,,,,,,,,,,,,,,,,,,True,True,False,surface_unknown,6,1
buffer_5km:412,osm:10979355885,osm:8662881086,315052737,30.06187226145812,,,track,,,,,,,,,,,,,,,,,,True,True,False,surface_unknown,3,1
buffer_5km:413,osm:10979355903,osm:10979355910,315052682,370.705132101074,,,track,,,,,,,,,,,,,,,,,,True,True,False,surface_unknown,7,1
buffer_5km:414,osm:10979355926,osm:10979355931,315052682,135.83724199131748,,,track,,,,,,,,,,,,,,,,,,True,True,False,surface_unknown,5,1
buffer_5km:415,osm:10979356006,osm:10979356009,315052682,153.11558541160218,,,track,,,,,,,,,,,,,,,,,,True,True,False,surface_unknown,3,1
buffer_5km:416,osm:10979356009,osm:3211389020,315052682,33.05633985186223,,,track,,,,,,,,,,,,,,,,,,True,True,False,surface_unknown,1,1
buffer_5km:417,osm:10981320261,osm:10981320266,1182556493,645.4157302503986,,,unclassified,gravel,,,,,,,,,,,,,,,,,True,True,False,gravel,5,1
buffer_5km:418,osm:10981320261,osm:10981320272,1182556494,742.6886300704157,,,track,,,,,,,,,,,,,,,,,,True,True,False,surface_unknown,3,1
buffer_5km:419,osm:10981320261,osm:10981320267,1182556494,562.7192723568163,,,track,,,,,,,,,,,,,,,,,,True,True,False,surface_unknown,3,1
buffer_5km:420,osm:10981320266,osm:4096871373,226874307,861.3980434450797,,D3610,tertiary,gravel,,,,,,,,,,,,,,,,,True,True,False,gravel,6,1
buffer_5km:421,osm:10981320266,osm:10981320272,226874307,327.86248362100804,,D3610,tertiary,gravel,,,,,,,,,,,,,,,,,True,True,False,gravel,3,1
buffer_5km:422,osm:10981320272,osm:4096871381,226874307,506.28241588381525,,D3610,tertiary,gravel,,,,,,,,,,,,,,,,,True,True,False,gravel,9,1
buffer_5km:423,osm:10981320272,osm:10981320276,1182556494,1174.89514341166,,,track,,,,,,,,,,,,,,,,,,True,True,False,surface_unknown,4,1
buffer_5km:424,osm:10981320276,osm:10981320781,1546069257,721.7908919967539,,,residential,gravel,,,,,,,,,,,,,,,,,True,True,False,gravel,6,1
buffer_5km:425,osm:10981320276,osm:3211388971,1546069257,19.69471669650509,,,residential,gravel,,,,,,,,,,,,,,,,,True,True,False,gravel,2,1
buffer_5km:426,osm:10981320281,osm:10981320290,1182556496,464.9237645599001,,,track,,,,,,,,,,,,,,,,,,True,True,False,surface_unknown,6,1
buffer_5km:427,osm:10981320281,osm:14062071304,1546069260,677.61652672932,,,track,,,,,,,,,,,,,,,,,,True,True,False,surface_unknown,11,1
buffer_5km:428,osm:10981320281,osm:14062071319,1546069260,213.23230166737497,,,track,,,,,,,,,,,,,,,,,,True,True,False,surface_unknown,5,1
buffer_5km:429,osm:10981320287,osm:3211388520,315052686,23.80204799552549,,,track,,,,,,,,,,,,,,,,,,True,True,False,surface_unknown,1,1
buffer_5km:430,osm:10981320287,osm:3211388971,315052686,31.896500659725938,,,track,,,,,,,,,,,,,,,,,,True,True,False,surface_unknown,1,1
buffer_5km:431,osm:10981320287,osm:10981320288,1182556497,72.9397559588914,,,track,,,,,,,,,,,,,,,,,,True,True,False,surface_unknown,1,1
buffer_5km:432,osm:10981320288,osm:10981320290,1182556496,95.1896743273373,,,track,,,,,,,,,,,,,,,,,,True,True,False,surface_unknown,1,1
buffer_5km:433,osm:10981320288,osm:14062071320,1182556497,801.9076189383951,,,track,,,,,,,,,,,,,,,,,,True,True,False,surface_unknown,2,1
buffer_5km:434,osm:10981320290,osm:10981320292,1182556498,370.8135866162909,,,track,,,,,,,,,,,,,,,,,,True,True,False,surface_unknown,2,1
buffer_5km:435,osm:10981320321,osm:4096871373,1182556504,777.1952939702805,,,track,,,,,,,,,,,,,,,,,,True,True,False,surface_unknown,4,1
buffer_5km:436,osm:10981320444,osm:10981320946,1182556516,84.34082275151314,,,track,,,,,,,,,,,,,,,,,,True,True,False,surface_unknown,1,1
buffer_5km:437,osm:10981320445,osm:10981320601,226874307,427.71148528113287,,D3610,tertiary,gravel,,,,,,,,,,,,,,,,,True,True,False,gravel,1,1
buffer_5km:438,osm:10981320445,osm:10981320452,226874307,171.83262735891302,,D3610,tertiary,gravel,,,,,,,,,,,,,,,,,True,True,False,gravel,1,1
buffer_5km:439,osm:10981320445,osm:10981320451,1182556517,225.59599124414592,,,track,,,,,,,,,,,,,,,,,,True,True,False,surface_unknown,6,1
buffer_5km:440,osm:10981320452,osm:10981320465,226874307,536.2021941801436,,D3610,tertiary,gravel,,,,,,,,,,,,,,,,,True,True,False,gravel,1,1
buffer_5km:441,osm:10981320452,osm:10981320458,1182556518,276.09042592793463,,,track,,,,,,,,,,,,,,,,,,True,True,False,surface_unknown,6,1
buffer_5km:442,osm:10981320463,osm:10981320464,1182556520,260.57229389315205,,,track,,,,,,,,,,,,,,,,,,True,True,False,surface_unknown,1,1
buffer_5km:443,osm:10981320464,osm:10981320469,1182556521,75.66109555451858,,,track,,,,,,,,,,,,,,,,,,True,True,False,surface_unknown,3,1
buffer_5km:444,osm:10981320464,osm:10981320465,1182556521,173.3471922746321,,,track,,,,,,,,,,,,,,,,,,True,True,False,surface_unknown,2,1
buffer_5km:445,osm:10981320465,osm:10981320488,226874307,306.2022826314526,,D3610,tertiary,gravel,,,,,,,,,,,,,,,,,True,True,False,gravel,1,1
buffer_5km:446,osm:10981320470,osm:10981320490,1182556524,492.8297107742656,,,track,,,,,,,,,,,,,,,,,,True,True,False,surface_unknown,12,1
buffer_5km:447,osm:10981320483,osm:10981320489,1182556522,440.49795207894863,,,track,,,,,,,,,,,,,,,,,,True,True,False,surface_unknown,10,1
buffer_5km:448,osm:10981320484,osm:10981320490,1182556523,633.3052770911609,,,track,,,,,,,,,,,,,,,,,,True,True,False,surface_unknown,4,1
buffer_5km:449,osm:10981320488,osm:10981320489,1182556524,64.97933583397054,,,track,,,,,,,,,,,,,,,,,,True,True,False,surface_unknown,1,1
buffer_5km:450,osm:10981320489,osm:10981320490,1182556524,69.33576355850717,,,track,,,,,,,,,,,,,,,,,,True,True,False,surface_unknown,1,1
buffer_5km:451,osm:10981320511,osm:10981320527,1182556527,409.57483334879197,,,track,,,,,,,,,,,,,,,,,,True,True,False,surface_unknown,6,1
buffer_5km:452,osm:10981320521,osm:10981320527,1182556529,469.0553711290433,,,track,,,,,,,,,,,,,,,,,,True,True,False,surface_unknown,6,1
buffer_5km:453,osm:10981320521,osm:3211389154,1182556599,962.2207878128786,,,track,,,,,,,,,,,,,,,,,,True,True,False,surface_unknown,16,1
buffer_5km:454,osm:10981320527,osm:3211389029,1182556529,365.5875284333826,,,track,,,,,,,,,,,,,,,,,,True,True,False,surface_unknown,12,1
buffer_5km:455,osm:10981320550,osm:3211389029,315052694,282.34811822778346,,,track,ground,,,,,,,,,,,,,,,,,True,True,False,earth_sand,14,1
buffer_5km:456,osm:10981320550,osm:3211388759,315052694,74.1603413866413,,,track,ground,,,,,,,,,,,,,,,,,True,True,False,earth_sand,4,1
buffer_5km:457,osm:10981320601,osm:4096871385,226874307,23.17173791806667,,D3610,tertiary,gravel,,,,,,,,,,,,,,,,,True,True,False,gravel,1,1
buffer_5km:458,osm:10981320601,osm:3211389390,315052694,176.06868868155198,,,track,ground,,,,,,,,,,,,,,,,,True,True,False,earth_sand,2,1
buffer_5km:459,osm:10981320602,osm:10981320618,1182556544,765.7226900293907,,,track,,,,,,,,,,,,,,,,,,True,True,False,surface_unknown,16,1
buffer_5km:460,osm:10981320618,osm:10981320623,1182556562,299.02497024137904,,,track,,,,,,,,,,,,,,,,,,True,True,False,surface_unknown,12,1
buffer_5km:461,osm:10981320618,osm:10981320733,1182556562,744.5013965331275,,,track,,,,,,,,,,,,,,,,,,True,True,False,surface_unknown,10,1
buffer_5km:462,osm:10981320623,osm:10981320630,1182556548,299.09547771951,,,track,,,,,,,,,,,,,,,,,,True,True,False,surface_unknown,7,1
buffer_5km:463,osm:10981320623,osm:10981320759,1182556562,256.47628574178265,,,track,,,,,,,,,,,,,,,,,,True,True,False,surface_unknown,6,1
buffer_5km:464,osm:10981320630,osm:10981320642,1182556548,368.8966529047789,,,track,,,,,,,,,,,,,,,,,,True,True,False,surface_unknown,2,1
buffer_5km:465,osm:10981320630,osm:10981320766,1182556562,425.0529648670215,,,track,,,,,,,,,,,,,,,,,,True,True,False,surface_unknown,7,1
buffer_5km:466,osm:10981320630,osm:10981320759,1182556562,87.08765624151435,,,track,,,,,,,,,,,,,,,,,,True,True,False,surface_unknown,1,1
buffer_5km:467,osm:10981320641,osm:3211388832,315052737,24.94832162795127,,,track,,,,,,,,,,,,,,,,,,True,True,False,surface_unknown,1,1
buffer_5km:468,osm:10981320641,osm:3211388829,315052737,321.97322824169413,,,track,,,,,,,,,,,,,,,,,,True,True,False,surface_unknown,1,1
buffer_5km:469,osm:10981320642,osm:3211389013,315052737,297.04835797475846,,,track,,,,,,,,,,,,,,,,,,True,True,False,surface_unknown,1,1
buffer_5km:470,osm:10981320642,osm:3211388832,315052737,386.12698642244936,,,track,,,,,,,,,,,,,,,,,,True,True,False,surface_unknown,1,1
buffer_5km:471,osm:10981320663,osm:10981320766,1182556549,440.3654938583851,,,track,,,,,,,,,,,,,,,,,,True,True,False,surface_unknown,11,1
buffer_5km:472,osm:10981320670,osm:10981320766,1182556550,184.0838966228674,,,track,,,,,,,,,,,,,,,,,,True,True,False,surface_unknown,7,1
buffer_5km:473,osm:10981320733,osm:3211388520,315052675,64.00738574384549,,,track,,,,,,,,,,,,,,,,,,True,True,False,surface_unknown,2,1
buffer_5km:474,osm:10981320733,osm:3211389023,315052675,4058.289320504166,,,track,,,,,,,,,,,,,,,,,,True,True,False,surface_unknown,8,1
buffer_5km:475,osm:10981320759,osm:3211389013,1182556491,335.0122774784949,,,track,,,,,,,,,,,,,,,,,,True,True,False,surface_unknown,2,1
buffer_5km:476,osm:10981320766,osm:3211388832,1182556562,306.10772204682655,,,track,,,,,,,,,,,,,,,,,,True,True,False,surface_unknown,4,1
buffer_5km:477,osm:10981320776,osm:10981320779,1182556564,31.372069059270864,,,track,,,,,,,,,,,,,,,,,,True,True,False,surface_unknown,1,1
buffer_5km:478,osm:10981320777,osm:10981320779,1182556565,54.99822200450092,,,track,,,,,,,,,,,,,,,,,,True,True,False,surface_unknown,2,1
buffer_5km:479,osm:10981320779,osm:3211389160,1182556565,275.2825660210257,,,track,,,,,,,,,,,,,,,,,,True,True,False,surface_unknown,2,1
buffer_5km:480,osm:10981320781,osm:4096871381,1182556566,538.7086052398702,,,unclassified,unpaved,,,,,,,,,,,,,,,,,True,True,False,other_unpaved,5,1
buffer_5km:481,osm:10981320781,osm:10981320782,1546069258,247.65891586456513,,,track,unpaved,,,,,,,,,,,,,,,,,True,True,False,other_unpaved,1,1
buffer_5km:482,osm:10981320781,osm:10981320785,1546069259,60.55752469201351,,,residential,gravel,,,,,,,,,,,,,,,,,True,True,False,gravel,1,1
buffer_5km:483,osm:10981320783,osm:10981320785,1182556567,265.6054656558528,,,track,,,,,,,,,,,,,,,,,,True,True,False,surface_unknown,2,1
buffer_5km:484,osm:10981320785,osm:10981320786,1546069259,187.54867679650198,,,residential,gravel,,,,,,,,,,,,,,,,,True,True,False,gravel,1,1
buffer_5km:485,osm:10981320786,osm:10981320793,1182556568,237.0658894745456,,,track,,,,,,,,,,,,,,,,,,True,True,False,surface_unknown,7,1
buffer_5km:486,osm:10981320786,osm:10981320799,1546069259,213.87279100752397,,,residential,gravel,,,,,,,,,,,,,,,,,True,True,False,gravel,1,1
buffer_5km:487,osm:10981320794,osm:10981320799,1182556569,182.6652968387672,,,track,,,,,,,,,,,,,,,,,,True,True,False,surface_unknown,5,1
buffer_5km:488,osm:10981320799,osm:10981320800,1546069259,341.3405266124655,,,residential,gravel,,,,,,,,,,,,,,,,,True,True,False,gravel,1,1
buffer_5km:489,osm:10981320800,osm:8664246786,1182556570,353.5489247201307,,,track,,,,,,,,,,,,,,,,,,True,True,False,surface_unknown,4,1
buffer_5km:490,osm:10981320800,osm:4096871385,1546069259,221.09434843151206,,,residential,gravel,,,,,,,,,,,,,,,,,True,True,False,gravel,2,1
buffer_5km:491,osm:10981320875,osm:10981320877,1182556588,154.0688083317817,,,track,,,,,,,,,,,,,,,,,,True,True,False,surface_unknown,2,1
buffer_5km:492,osm:10981320877,osm:3211389394,315052686,11.157396391158754,,,track,,,,,,,,,,,,,,,,,,True,True,False,surface_unknown,1,1
buffer_5km:493,osm:10981320902,osm:8664246786,315052737,176.12588914815333,,,track,,,,,,,,,,,,,,,,,,True,True,False,surface_unknown,1,1
buffer_5km:494,osm:10981320902,osm:3211388850,315052737,717.4196361678892,,,track,,,,,,,,,,,,,,,,,,True,True,False,surface_unknown,2,1
buffer_5km:495,osm:10981320902,osm:10981320908,1182556595,165.19574617504017,,,track,,,,,,,,,,,,,,,,,,True,True,False,surface_unknown,6,1
buffer_5km:496,osm:10981320909,osm:3211388850,1182556596,285.11492510808955,,,track,,,,,,,,,,,,,,,,,,True,True,False,surface_unknown,10,1
buffer_5km:497,osm:10981320919,osm:10981320961,1182556597,482.47694983826244,,,track,,,,,,,,,,,,,,,,,,True,True,False,surface_unknown,9,1
buffer_5km:498,osm:10981320928,osm:10981320961,1182556597,410.61583888590843,,,track,,,,,,,,,,,,,,,,,,True,True,False,surface_unknown,4,1
buffer_5km:499,osm:10981320932,osm:3211388545,1182556598,667.3271449280013,,,track,,,,,,,,,,,,,,,,,,True,True,False,surface_unknown,12,1
buffer_5km:500,osm:10981320944,osm:10981320946,1182556599,74.21411870543552,,,track,,,,,,,,,,,,,,,,,,True,True,False,surface_unknown,2,1
buffer_5km:501,osm:10981320946,osm:3211389154,1182556599,118.7776649752265,,,track,,,,,,,,,,,,,,,,,,True,True,False,surface_unknown,2,1
buffer_5km:502,osm:10981320961,osm:3211389154,315052694,464.56522615211037,,,track,ground,,,,,,,,,,,,,,,,,True,True,False,earth_sand,3,1
buffer_5km:503,osm:10981320961,osm:3211389029,315052694,425.65303168523144,,,track,ground,,,,,,,,,,,,,,,,,True,True,False,earth_sand,8,1
buffer_5km:504,osm:10998445540,osm:2397679935,231378847,54.682143959358854,,,track,,grade2,,,,,,,,,,,,,,,,True,True,False,surface_unknown,2,1
buffer_5km:505,osm:10998445540,osm:2397679755,231378847,45.21367626116662,,,track,,grade2,,,,,,,,,,,,,,,,True,True,False,surface_unknown,1,1
buffer_5km:506,osm:10998445540,osm:10998445565,1184322573,43.794320853042564,,,track,,grade2,,,,,,,,,,,,,,,,True,True,False,surface_unknown,3,1
buffer_5km:507,osm:10998445552,osm:1846866003,270859533,7.737710364170817,,,residential,,grade3,,,,,,,,,,,,,,,,True,True,False,surface_unknown,1,1
buffer_5km:508,osm:10998445552,osm:1846866005,270859533,20.96016124904641,,,residential,,grade3,,,,,,,,,,,,,,,,True,True,False,surface_unknown,1,1
buffer_5km:509,osm:10998445552,osm:10998445559,1184322575,19.87673663224143,,,residential,,,,,,,,,,,,,,,,,,True,True,False,surface_unknown,2,1
buffer_5km:510,osm:10998445559,osm:5327261954,551641990,16.864980888074818,,,residential,,grade2,,,,,,,,,,,,,,,,True,True,False,surface_unknown,2,1
buffer_5km:511,osm:10998445559,osm:1846866005,551641990,21.078090717983315,,,residential,,grade2,,,,,,,,,,,,,,,,True,True,False,surface_unknown,2,1
buffer_5km:512,osm:10998445563,osm:1846865965,173940124,72.77709645974103,,,residential,,grade3,,,,,,,,,,,,,,,,True,True,False,surface_unknown,5,1
buffer_5km:513,osm:10998445563,osm:1846865874,173940124,37.70420521169344,,,residential,,grade3,,,,,,,,,,,,,,,,True,True,False,surface_unknown,2,1
buffer_5km:514,osm:10998445563,osm:1846865929,1184322574,32.0074331605217,,,residential,ground,grade3,,,,,,,,,,,,,,,,True,True,False,earth_sand,3,1
buffer_5km:515,osm:10998445565,osm:3252158120,551641992,18.60471641885737,,,residential,,grade3,,,,,,,,,,,,,,,,True,True,False,surface_unknown,3,1
buffer_5km:516,osm:10998445565,osm:2397679755,551641992,72.78313994880412,,,residential,,grade3,,,,,,,,,,,,,,,,True,True,False,surface_unknown,6,1
buffer_5km:517,osm:10998445622,osm:10998445640,1184322577,34.264009829898875,,,track,,,,,,,,,,,,,,,,,,True,True,False,surface_unknown,3,1
buffer_5km:518,osm:10998445622,osm:10998445627,1184322578,61.787008241472634,,,track,,,,,,,,,,,,,,,,,,True,True,False,surface_unknown,1,1
buffer_5km:519,osm:10998445622,osm:10998445635,1184322578,40.52717179028116,,,track,,,,,,,,,,,,,,,,,,True,True,False,surface_unknown,3,1
buffer_5km:520,osm:10998445627,osm:309211188,551304677,200.56794744319484,,D3646,secondary,gravel,grade3,,,60,,,,,,,,,,,,,True,True,False,gravel,4,1
buffer_5km:521,osm:10998445627,osm:309224021,551304677,457.88664943046535,,D3646,secondary,gravel,grade3,,,60,,,,,,,,,,,,,True,True,False,gravel,20,1
buffer_5km:522,osm:10998445629,osm:10998445663,1184322579,136.76996980178876,,,track,,,,,,,,,,,,,,,,,,True,True,False,surface_unknown,14,1
buffer_5km:523,osm:10998445629,osm:10998445640,1184322579,110.57042991972008,,,track,,,,,,,,,,,,,,,,,,True,True,False,surface_unknown,10,1
buffer_5km:524,osm:10998445629,osm:10998445635,1184322579,51.49451695504328,,,track,,,,,,,,,,,,,,,,,,True,True,False,surface_unknown,6,1
buffer_5km:525,osm:10998445635,osm:10998445640,1184322579,33.6463260157335,,,track,,,,,,,,,,,,,,,,,,True,True,False,surface_unknown,5,1
buffer_5km:526,osm:10998445663,osm:1846614097,28157254,45.37233137949529,,6025,track,gravel,grade3,,,,,,,,,,,,,,,,True,True,False,gravel,4,1
buffer_5km:527,osm:10998445663,osm:1846614097,28157254,70.65215228626312,,6025,track,gravel,grade3,,,,,,,,,,,,,,,,True,True,False,gravel,9,1
buffer_5km:528,osm:10998445671,osm:259146107,551304677,19.321799497612346,,D3646,secondary,gravel,grade3,,,60,,,,,,,,,,,,,True,True,False,gravel,1,1
buffer_5km:529,osm:10998445671,osm:10998445693,551304677,6.85055687811276,,D3646,secondary,gravel,grade3,,,60,,,,,,,,,,,,,True,True,False,gravel,1,1
buffer_5km:530,osm:10998445671,osm:10998445676,1184322580,23.609632790095613,,6025,track,gravel,grade3,,,,,,,,,,,,,,,,True,True,False,gravel,5,1
buffer_5km:531,osm:10998445676,osm:1846614097,28157254,109.9600982511619,,6025,track,gravel,grade3,,,,,,,,,,,,,,,,True,True,False,gravel,5,1
buffer_5km:532,osm:10998445676,osm:259146107,28157254,22.720838793144228,,6025,track,gravel,grade3,,,,,,,,,,,,,,,,True,True,False,gravel,1,1
buffer_5km:533,osm:10998445677,osm:1846614139,551373735,143.21485729554837,,,unclassified,,grade3,,,,,,,,,,,,,,,,True,True,False,surface_unknown,8,1
buffer_5km:534,osm:10998445677,osm:10998445677,551373735,86.66170246930986,,,unclassified,,grade3,,,,,,,,,,,,,,,,True,True,False,surface_unknown,13,1
buffer_5km:535,osm:10998445693,osm:309211188,551304677,34.514082232612324,,D3646,secondary,gravel,grade3,,,60,,,,,,,,,,,,,True,True,False,gravel,1,1
buffer_5km:536,osm:10998445693,osm:309211189,1184322581,27.23079625080741,,6025,residential,dirt,grade3,,,,,,forestry,,,,,,,,,,True,True,True,earth_sand,4,1
buffer_5km:537,osm:10998445719,osm:1846864772,173940132,269.0820566667361,,,track,,,,,,,,,,,,,,,,,,True,True,False,surface_unknown,26,1
buffer_5km:538,osm:10998445719,osm:309203378,173940132,224.534412514976,,,track,,,,,,,,,,,,,,,,,,True,True,False,surface_unknown,22,1
buffer_5km:539,osm:10998445719,osm:1846864197,1184322582,77.87651834911954,,,track,,,,,,,,,,,,,,,,,,True,True,False,surface_unknown,12,1
buffer_5km:540,osm:10998445808,osm:4875401618,1184322583,150.50080996928068,,,track,,,,,,,,,,,,,,,,,,True,True,False,surface_unknown,10,1
buffer_5km:541,osm:10998445823,osm:2332807639,224458843,118.81776007121297,,,track,,,,,,,,forestry,,,,,,,,,,True,True,True,surface_unknown,4,1
buffer_5km:542,osm:10998445823,osm:10998445827,224458843,28.874880592833428,,,track,,,,,,,,forestry,,,,,,,,,,True,True,True,surface_unknown,3,1
buffer_5km:543,osm:10998445823,osm:10998445831,1184322584,27.19357521628458,,,track,,,,,,,,,,,,,,,,,,True,True,False,surface_unknown,4,1
buffer_5km:544,osm:10998445827,osm:2332807603,224458843,19.45194135447772,,,track,,,,,,,,forestry,,,,,,,,,,True,True,True,surface_unknown,3,1
buffer_5km:545,osm:10998445827,osm:10998445831,1184322585,27.81365824375792,,,track,,,,,,,,,,,,,,,,,,True,True,False,surface_unknown,4,1
buffer_5km:546,osm:10998445831,osm:10998445839,1184322585,145.6791481432476,,,track,,,,,,,,,,,,,,,,,,True,True,False,surface_unknown,8,1
buffer_5km:547,osm:10998445839,osm:4616775230,224458873,17.074977435975466,,,tertiary,gravel,,,,60,,,yes,,,,,,,,,,True,True,False,gravel,1,1
buffer_5km:548,osm:10998445839,osm:4624302919,224458873,11.252937933130509,,,tertiary,gravel,,,,60,,,yes,,,,,,,,,,True,True,False,gravel,1,1
buffer_5km:549,osm:10998445840,osm:10998445849,1184322587,57.503342910592195,,,track,,,,,,,,,,,,,,,,,,True,True,False,surface_unknown,4,1
buffer_5km:550,osm:10998445849,osm:10998445855,551188260,55.872320933277024,,,unclassified,fine_gravel,,,,,,,permissive,,,,,,,,,,True,True,False,gravel,2,1
buffer_5km:551,osm:10998445849,osm:4616775227,551188260,5.46636357580186,,,unclassified,fine_gravel,,,,,,,permissive,,,,,,,,,,True,True,False,gravel,1,1
buffer_5km:552,osm:10998445850,osm:4616784558,551188260,7.127239291600148,,,unclassified,fine_gravel,,,,,,,permissive,,,,,,,,,,True,True,False,gravel,1,1
buffer_5km:553,osm:10998445850,osm:10998445855,551188260,22.437191303979223,,,unclassified,fine_gravel,,,,,,,permissive,,,,,,,,,,True,True,False,gravel,1,1
buffer_5km:554,osm:10998445850,osm:10998445860,1184322588,122.37766894694212,,,track,,,,,,,,,,,,,,,,,,True,True,False,surface_unknown,8,1
buffer_5km:555,osm:10998445855,osm:10998445860,1184322589,95.33477709901004,,,track,,,,,,,,,,,,,,,,,,True,True,False,surface_unknown,4,1
buffer_5km:556,osm:10998445860,osm:11360510668,1184322589,219.5046585108297,,,track,,,,,,,,,,,,,,,,,,True,True,False,surface_unknown,19,1
buffer_5km:557,osm:11003409414,osm:2244855917,224458829,2109.9563437311235,,,tertiary,gravel,,,,60,,,,,,,,,,,,,True,True,False,gravel,8,1
buffer_5km:558,osm:11003409414,osm:2244852626,224458829,21.935612305485808,,,tertiary,gravel,,,,60,,,,,,,,,,,,,True,True,False,gravel,1,1
buffer_5km:559,osm:11003409414,osm:2333161259,1184669989,18.38966886996809,,,service,,,,,,,,,,,,,,,,,,True,True,False,surface_unknown,4,1
buffer_5km:560,osm:11003409528,osm:5419597949,562138050,160.42470490092634,,,track,ground,grade2,,,,,,,,,,,,,,,,True,True,False,earth_sand,12,1
buffer_5km:561,osm:11003409528,osm:5419597977,562138050,260.23112262530555,,,track,ground,grade2,,,,,,,,,,,,,,,,True,True,False,earth_sand,17,1
buffer_5km:562,osm:11003409528,osm:11003409529,1184669992,73.70776910347305,,,track,,,,,,,,,,,,,,,,,,True,True,False,surface_unknown,4,1
buffer_5km:563,osm:11003409529,osm:5419597949,1184669992,45.937601077494044,,,track,,,,,,,,,,,,,,,,,,True,True,False,surface_unknown,6,1
buffer_5km:564,osm:11003409663,osm:5419597986,1184669995,1544.6726103153999,,,track,ground,grade3,,,,,,,,,,,,,,,,True,True,False,earth_sand,51,1
buffer_5km:565,osm:11003432394,osm:2334299301,224626728,626.5159934234122,,,track,,,,,,,,forestry,,,,,,,,,,True,True,True,surface_unknown,43,1
buffer_5km:566,osm:11003432394,osm:2334299200,224626728,46.7569082417929,,,track,,,,,,,,forestry,,,,,,,,,,True,True,True,surface_unknown,4,1
buffer_5km:567,osm:11003432394,osm:11003432394,1184672823,443.6641202374894,,,track,,,,,,,,,,,,,,,,,,True,True,False,surface_unknown,34,1
buffer_5km:568,osm:11003434448,osm:2334246568,1184672826,85.02305782030294,,,service,gravel,,,,,no,,,,yes,,,,,,,,True,True,False,gravel,4,1
buffer_5km:569,osm:11197644572,osm:11197644584,1208482744,547.3076544810294,,,track,,,,,,,,,,,,,,,,,,True,True,False,surface_unknown,12,1
buffer_5km:570,osm:11197644584,osm:3784669221,375091525,754.4455379367455,,,track,,grade4,,,,,,private,,,,,,,,,,True,True,True,surface_unknown,21,1
buffer_5km:571,osm:11197644584,osm:3784799939,375091525,1607.9210506909862,,,track,,grade4,,,,,,private,,,,,,,,,,True,True,True,surface_unknown,19,1
buffer_5km:572,osm:11197729495,osm:1865740896,176015289,100.2128172391793,,,service,unpaved,,,,,,,,,,,,,,,,,True,True,False,other_unpaved,4,1
buffer_5km:573,osm:11218530502,osm:11218530505,1210835561,68.90056822687986,,,track,,,,,,,,,,,,,,,,,,True,True,False,surface_unknown,3,1
buffer_5km:574,osm:11218530505,osm:1847240976,1210835561,11.879602493142654,,,track,,,,,,,,,,,,,,,,,,True,True,False,surface_unknown,1,1
buffer_5km:575,osm:11218530505,osm:11218530507,1210835562,85.12302733606822,,,track,,,,,,,,,,,,,,,,,,True,True,False,surface_unknown,2,1
buffer_5km:576,osm:11235648221,osm:11235657962,1212728061,43.53063150929558,,,service,unpaved,,,,,,,private,,,,,,,,,,True,True,True,other_unpaved,2,1
buffer_5km:577,osm:11235648221,osm:11235657991,1212728069,78.29153079502805,,,service,unpaved,,,,,,,private,,,,,,,,,,True,True,True,other_unpaved,6,1
buffer_5km:578,osm:11235648221,osm:11235657957,1212728071,165.4464666909142,,,service,unpaved,,,,,,,private,,,,,,,,,,True,True,True,other_unpaved,4,1
buffer_5km:579,osm:11235657860,osm:6228576300,224458811,3179.425356000931,,,unclassified,gravel,grade2,,,60,no,,,,,,,,,,,,True,True,False,gravel,39,1
buffer_5km:580,osm:11235657860,osm:6228576300,224458811,7716.337632968914,,,unclassified,gravel,grade2,,,60,no,,,,,,,,,,,,True,True,False,gravel,90,1
buffer_5km:581,osm:11235657860,osm:11356718544,1224578781,216.15882991725684,,,track,,grade3,,,,,,,,,,,,,,,,True,True,False,surface_unknown,11,1
buffer_5km:582,osm:11235657904,osm:2757981439,1212728064,100.2522374508395,,,track,gravel,,,,,,,,,,,,,,,,,True,True,False,gravel,4,1
buffer_5km:583,osm:11235657904,osm:11235657909,1212728065,148.63650508170957,,,track,gravel,,,,,,,,,,,,,,,,,True,True,False,gravel,5,1
buffer_5km:584,osm:11235657904,osm:2483484376,1212728065,119.7114620750966,,,track,gravel,,,,,,,,,,,,,,,,,True,True,False,gravel,4,1
buffer_5km:585,osm:11235657909,osm:2332811638,240628434,18.770689165815146,,C38,primary,gravel,,,,60,no,,,,,,,,,,,,True,True,False,gravel,2,1
buffer_5km:586,osm:11235657909,osm:2483484400,240628434,30.561725193202683,,C38,primary,gravel,,,,60,no,,,,,,,,,,,,True,True,False,gravel,2,1
buffer_5km:587,osm:11235657910,osm:2483484370,224458723,38.77234319891448,,C38,primary,asphalt,,,,60,no,,yes,,,,,,,,,,True,True,False,paved,1,1
buffer_5km:588,osm:11235657910,osm:2758941699,224458723,44.63840411544195,,C38,primary,asphalt,,,,60,no,,yes,,,,,,,,,,True,True,False,paved,1,1
buffer_5km:589,osm:11235657910,osm:11235657914,1212728066,46.747256891676535,,,track,gravel,,,,,,,,,,,,,,,,,True,True,False,gravel,4,1
buffer_5km:590,osm:11235657914,osm:2757981439,1212728063,70.47015996973465,,,track,,,,,,,,,,,,,,,,,,True,True,False,surface_unknown,1,1
buffer_5km:591,osm:11235657914,osm:11235657916,1212728067,17.2971249454318,,,track,gravel,,,,,,,,,,,,,,,,,True,True,False,gravel,1,1
buffer_5km:592,osm:11235657914,osm:11235657915,1212728067,77.29879390150717,,,track,gravel,,,,,,,,,,,,,,,,,True,True,False,gravel,1,1
buffer_5km:593,osm:11235657915,osm:2483484370,240628431,30.152571234600252,,,residential,gravel,,,,,,,private,,,,,,,,,,True,True,True,gravel,1,1
buffer_5km:594,osm:11235657915,osm:2483484373,240628431,173.0196175488622,,,residential,gravel,,,,,,,private,,,,,,,,,,True,True,True,gravel,4,1
buffer_5km:595,osm:11235657916,osm:11235658190,240628434,21.097047196760478,,C38,primary,gravel,,,,60,no,,,,,,,,,,,,True,True,False,gravel,2,1
buffer_5km:596,osm:11235657916,osm:2483484396,240628434,20.107965845366543,,C38,primary,gravel,,,,60,no,,,,,,,,,,,,True,True,False,gravel,1,1
buffer_5km:597,osm:11235657936,osm:2757981544,270822372,155.8469761459956,,,residential,unpaved,,,,,,,private,,,,,,,,,,True,True,True,other_unpaved,6,1
buffer_5km:598,osm:11235657936,osm:2757981766,270822372,67.63659471872235,,,residential,unpaved,,,,,,,private,,,,,,,,,,True,True,True,other_unpaved,6,1
buffer_5km:599,osm:11235657936,osm:11235657967,1289201823,82.55629069307426,,,service,unpaved,,,,,,,private,,,,,,,,,,True,True,True,other_unpaved,3,1
buffer_5km:600,osm:11235657957,osm:2757981432,1212728070,142.6479599147404,,,service,unpaved,,,,,,,private,,,,,,,,,,True,True,True,other_unpaved,13,1
buffer_5km:601,osm:11235657957,osm:2757981432,1212728071,47.89805638438503,,,service,unpaved,,,,,,,private,,,,,,,,,,True,True,True,other_unpaved,4,1
buffer_5km:602,osm:11235657961,osm:11235657962,1212728072,22.252076660346543,,,service,unpaved,,,,,,,private,,,,,,,,,,True,True,True,other_unpaved,1,1
buffer_5km:603,osm:11235657961,osm:11235657995,1289201822,11.282272403455831,,,service,unpaved,,,,,,,private,,,,,,,,,,True,True,True,other_unpaved,1,1
buffer_5km:604,osm:11235657961,osm:11235657991,1289201822,48.26361934943936,,,service,unpaved,,,,,,,private,,,,,,,,,,True,True,True,other_unpaved,4,1
buffer_5km:605,osm:11235657962,osm:11235657966,1212728072,166.5183707272041,,,service,unpaved,,,,,,,private,,,,,,,,,,True,True,True,other_unpaved,4,1
buffer_5km:606,osm:11235657966,osm:11235657967,1289201823,36.875450396821535,,,service,unpaved,,,,,,,private,,,,,,,,,,True,True,True,other_unpaved,1,1
buffer_5km:607,osm:11235657966,osm:2757981432,1289201823,17.501092652260347,,,service,unpaved,,,,,,,private,,,,,,,,,,True,True,True,other_unpaved,2,1
buffer_5km:608,osm:11235657967,osm:11235657995,1212728073,151.74481767157747,,,service,unpaved,,,,,,,private,,,,,,,,,,True,True,True,other_unpaved,4,1
buffer_5km:609,osm:11235657971,osm:11235657980,1212728074,29.00486933584555,,,service,unpaved,,,,,,,private,,,,,,,,,,True,True,True,other_unpaved,1,1
buffer_5km:610,osm:11235657971,osm:11235657972,1289201822,96.2205224379485,,,service,unpaved,,,,,,,private,,,,,,,,,,True,True,True,other_unpaved,5,1
buffer_5km:611,osm:11235657971,osm:11235657985,1289201822,28.9580055549639,,,service,unpaved,,,,,,,private,,,,,,,,,,True,True,True,other_unpaved,1,1
buffer_5km:612,osm:11235657972,osm:11235657980,1212728075,73.30689631750363,,,service,unpaved,,,,,,,private,,,,,,,,,,True,True,True,other_unpaved,8,1
buffer_5km:613,osm:11235657972,osm:11235657991,1289201822,48.95424211948564,,,service,unpaved,,,,,,,private,,,,,,,,,,True,True,True,other_unpaved,2,1
buffer_5km:614,osm:11235657980,osm:11235657997,1212728075,96.0706215285393,,,service,unpaved,,,,,,,private,,,,,,,,,,True,True,True,other_unpaved,5,1
buffer_5km:615,osm:11235657995,osm:11235657997,1289201822,100.22519316485946,,,service,unpaved,,,,,,,private,,,,,,,,,,True,True,True,other_unpaved,2,1
buffer_5km:616,osm:11235657997,osm:2757981659,1289201822,66.72090282959462,,,service,unpaved,,,,,,,private,,,,,,,,,,True,True,True,other_unpaved,5,1
buffer_5km:617,osm:11235658067,osm:11235658090,270822385,46.223525779931826,,,service,,,,,,,,,,,,,,,,,,True,True,False,surface_unknown,1,1
buffer_5km:618,osm:11235658067,osm:2332811416,270822385,129.16768878298652,,,service,,,,,,,,,,,,,,,,,,True,True,False,surface_unknown,1,1
buffer_5km:619,osm:11235658067,osm:11235658071,1212728076,110.1927321166626,,,track,,,,,,,,,,,,,,,,,,True,True,False,surface_unknown,4,1
buffer_5km:620,osm:11235658084,osm:11235658092,1212728077,65.14494857820853,,,track,,,,,,,,,,,,,,,,,,True,True,False,surface_unknown,6,1
buffer_5km:621,osm:11235658084,osm:11235658084,1212728077,106.54956168556502,,,track,,,,,,,,,,,,,,,,,,True,True,False,surface_unknown,13,1
buffer_5km:622,osm:11235658090,osm:2332811357,270822385,99.87352391945966,,,service,,,,,,,,,,,,,,,,,,True,True,False,surface_unknown,1,1
buffer_5km:623,osm:11235658090,osm:11235658092,1212728078,81.11239015676463,,,service,,,,,,,,,,,,,,,,,,True,True,False,surface_unknown,2,1
buffer_5km:624,osm:11235658092,osm:11235658178,1212728078,44.550220647882824,,,service,,,,,,,,,,,,,,,,,,True,True,False,surface_unknown,3,1
buffer_5km:625,osm:11235658099,osm:1253853903,109553742,243.85268881029282,,,service,,,,,,,,,,,,,,,,,,True,True,False,surface_unknown,9,1
buffer_5km:626,osm:11235658099,osm:1253853976,109553742,19.587991484849034,,,service,,,,,,,,,,,,,,,,,,True,True,False,surface_unknown,2,1
buffer_5km:627,osm:11235658099,osm:11235658100,1212728079,29.59534159112906,,,service,,,,,,,,,,,,,,,,,,True,True,False,surface_unknown,1,1
buffer_5km:628,osm:11235658100,osm:1253853931,270822377,42.94298506108391,,,service,,,,,,,,,,,,,,,,,,True,True,False,surface_unknown,3,1
buffer_5km:629,osm:11235658100,osm:1253853976,270822377,19.39816562709086,,,service,,,,,,,,,,,,,,,,,,True,True,False,surface_unknown,1,1
buffer_5km:630,osm:11235658130,osm:1253853909,109553712,14.098408742074351,,,service,,,,,,,,,,,,,,,,,,True,True,False,surface_unknown,3,1
buffer_5km:631,osm:11235658130,osm:1253853964,109553712,94.90660740730272,,,service,,,,,,,,,,,,,,,,,,True,True,False,surface_unknown,6,1
buffer_5km:632,osm:11235658130,osm:11235658138,1212728080,24.88533134147172,,,track,,,,,,,,,,,,,,,,,,True,True,False,surface_unknown,4,1
buffer_5km:633,osm:11235658134,osm:11235658138,1212728081,25.312544682414902,,,track,,,,,,,,,,,,,,,,,,True,True,False,surface_unknown,4,1
buffer_5km:634,osm:11235658138,osm:11235658166,1212728081,12.938204678105244,,,track,,,,,,,,,,,,,,,,,,True,True,False,surface_unknown,1,1
buffer_5km:635,osm:11235658139,osm:11235658139,562604578,59.512528981598834,,,track,,,,,,,,,,,,,,,,,,True,True,False,surface_unknown,14,1
buffer_5km:636,osm:11235658139,osm:11235658166,562604578,140.58150619554556,,,track,,,,,,,,,,,,,,,,,,True,True,False,surface_unknown,15,1
buffer_5km:637,osm:11235658166,osm:1253853909,562604578,11.262663098215807,,,track,,,,,,,,,,,,,,,,,,True,True,False,surface_unknown,1,1
buffer_5km:638,osm:11235658178,osm:2757981735,270822385,75.7823704345203,,,service,,,,,,,,,,,,,,,,,,True,True,False,surface_unknown,5,1
buffer_5km:639,osm:11235658178,osm:2332811357,270822385,40.03174924700137,,,service,,,,,,,,,,,,,,,,,,True,True,False,surface_unknown,3,1
buffer_5km:640,osm:11235658190,osm:2483484400,240628434,44.02227453527071,,C38,primary,gravel,,,,60,no,,,,,,,,,,,,True,True,False,gravel,5,1
buffer_5km:641,osm:11235658190,osm:2757981439,1212728064,52.945627659688995,,,track,gravel,,,,,,,,,,,,,,,,,True,True,False,gravel,3,1
buffer_5km:642,osm:11343196543,osm:11343196543,28156807,116.14598282654293,,5951,service,gravel,grade2,,,,,,,,yes,,,,,,,,True,True,False,gravel,15,1
buffer_5km:643,osm:11343196543,osm:4627949313,28156807,1257.712158682563,,5951,service,gravel,grade2,,,,,,,,yes,,,,,,,,True,True,False,gravel,54,1
buffer_5km:644,osm:11343218763,osm:2341738686,1222926771,375.6595302962643,,,track,,,,,,,,,,,,,,,,,,True,True,False,surface_unknown,28,1
buffer_5km:645,osm:11343218798,osm:11343218835,1222926770,26.31931454553331,,,track,,,,,,,,private,,,,,,,,,,True,True,True,surface_unknown,2,1
buffer_5km:646,osm:11343218798,osm:11343218803,1222926772,38.29642060262677,,,track,,,,,,,,private,,,,,,,,,,True,True,True,surface_unknown,6,1
buffer_5km:647,osm:11343218798,osm:11343218803,1222926772,33.4497330104184,,,track,,,,,,,,private,,,,,,,,,,True,True,True,surface_unknown,6,1
buffer_5km:648,osm:11343218803,osm:11343218835,1222926772,383.7061522335174,,,track,,,,,,,,private,,,,,,,,,,True,True,True,surface_unknown,32,1
buffer_5km:649,osm:11343218835,osm:2341738723,1222926772,28.309216788246854,,,track,,,,,,,,private,,,,,,,,,,True,True,True,surface_unknown,1,1
buffer_5km:650,osm:11343218867,osm:2341738815,225393764,20.4317601449117,,,residential,,grade2,,,,,,private,,,,,,,,,,True,True,True,surface_unknown,7,1
buffer_5km:651,osm:11343219113,osm:11343219122,1222926777,131.7459843733353,,,track,,,,,,,,,,,,,,,,,,True,True,False,surface_unknown,9,1
buffer_5km:652,osm:11343219113,osm:11343219127,1222926778,65.31982882747195,,,track,,,,,,,,,,,,,,,,,,True,True,False,surface_unknown,1,1
buffer_5km:653,osm:11343219113,osm:11343219123,1222926778,70.28344776549565,,,track,,,,,,,,,,,,,,,,,,True,True,False,surface_unknown,4,1
buffer_5km:654,osm:11343219129,osm:11343219129,1222926779,74.96966999252271,,,service,,,,,,,,,,,,,,,,,,True,True,False,surface_unknown,13,1
buffer_5km:655,osm:11343219159,osm:11343219189,1222926779,489.5144934093538,,,service,,,,,,,,,,,,,,,,,,True,True,False,surface_unknown,21,1
buffer_5km:656,osm:11343219189,osm:11343219189,1222926780,41.89778185817489,,,service,,,,,,,,,,,,,,,,,,True,True,False,surface_unknown,16,1
buffer_5km:657,osm:11346997310,osm:2338986681,31256703,136.5154632910081,,,service,compacted,,,,,,,,,,,,,,,,,True,True,False,other_unpaved,10,1
buffer_5km:658,osm:11346997310,osm:309216189,31256703,223.39635544605565,,,service,compacted,,,,,,,,,,,,,,,,,True,True,False,other_unpaved,16,1
buffer_5km:659,osm:11346997310,osm:2338986784,1223284075,10.081687844808295,,,service,compacted,,,,,,,,,,,,,,,,,True,True,False,other_unpaved,1,1
buffer_5km:660,osm:11346997321,osm:2338986734,1223284076,55.458049842560065,,,service,compacted,,,,,,,,,,,,,,,,,True,True,False,other_unpaved,3,1
buffer_5km:661,osm:11346997552,osm:11346997561,23908661,40.51862684249959,,,tertiary,gravel,grade2,,,60,,,,,yes,,,,,,,,True,True,False,gravel,1,1
buffer_5km:662,osm:11346997552,osm:11741559451,23908661,5002.237979375951,,,tertiary,gravel,grade2,,,60,,,,,yes,,,,,,,,True,True,False,gravel,132,1
buffer_5km:663,osm:11346997552,osm:11346997561,1223284078,48.260127803806974,,,track,,,,,,,,,,,,,,,,,,True,True,False,surface_unknown,9,1
buffer_5km:664,osm:11346997561,osm:2339698110,23908661,1853.3316526965893,,,tertiary,gravel,grade2,,,60,,,,,yes,,,,,,,,True,True,False,gravel,43,1
buffer_5km:665,osm:11356715398,osm:11356715465,562604581,30.343578305678392,,,track,,,,,,,,,,,,,,,,,,True,True,False,surface_unknown,3,1
buffer_5km:666,osm:11356715398,osm:5423572626,562604581,3.0496898113604023,,,track,,,,,,,,,,,,,,,,,,True,True,False,surface_unknown,1,1
buffer_5km:667,osm:11356715398,osm:11356715412,1224578771,284.01713150739437,,,track,,,,,,,,,,,,,,,,,,True,True,False,surface_unknown,10,1
buffer_5km:668,osm:11356715412,osm:11356715431,1224578772,66.85812373465066,,,track,,,,,,,,,,,,,,,,,,True,True,False,surface_unknown,1,1
buffer_5km:669,osm:11356715412,osm:11356715466,1224578772,134.78935974542438,,,track,,,,,,,,,,,,,,,,,,True,True,False,surface_unknown,5,1
buffer_5km:670,osm:11356715431,osm:5423572651,562604585,518.2597210975338,,,track,,,,,,,,,,,,,,,,,,True,True,False,surface_unknown,35,1
buffer_5km:671,osm:11356715431,osm:11356718188,562604585,81.15781863877082,,,track,,,,,,,,,,,,,,,,,,True,True,False,surface_unknown,5,1
buffer_5km:672,osm:11356715465,osm:11356715466,562604581,22.446216365112914,,,track,,,,,,,,,,,,,,,,,,True,True,False,surface_unknown,1,1
buffer_5km:673,osm:11356715465,osm:5423572603,1224578773,550.791646899702,,,track,,,,,,,,,,,,,,,,,,True,True,False,surface_unknown,29,1
buffer_5km:674,osm:11356715466,osm:11356718173,562604581,128.47069046632092,,,track,,,,,,,,,,,,,,,,,,True,True,False,surface_unknown,10,1
buffer_5km:675,osm:11356718169,osm:5423572619,562604580,34.038084991003224,,,track,,,,,,,,,,,,,,,,,,True,True,False,surface_unknown,2,1
buffer_5km:676,osm:11356718169,osm:11356718188,562604580,141.32303251558744,,,track,,,,,,,,,,,,,,,,,,True,True,False,surface_unknown,8,1
buffer_5km:677,osm:11356718169,osm:11356718173,1224578774,14.537918693663306,,,track,,,,,,,,,,,,,,,,,,True,True,False,surface_unknown,1,1
buffer_5km:678,osm:11356718173,osm:5423572619,562604581,22.80313219469455,,,track,,,,,,,,,,,,,,,,,,True,True,False,surface_unknown,2,1
buffer_5km:679,osm:11356718188,osm:5423572651,562604580,108.74361769553623,,,track,,,,,,,,,,,,,,,,,,True,True,False,surface_unknown,7,1
buffer_5km:680,osm:11356718223,osm:2332808162,224458846,3289.8157913989426,,6305,tertiary,gravel,grade2,,,60,no,,,,yes,,,,,,,,True,True,False,gravel,24,1
buffer_5km:681,osm:11356718223,osm:309217444,224458846,31.314922412258433,,6305,tertiary,gravel,grade2,,,60,no,,,,yes,,,,,,,,True,True,False,gravel,3,1
buffer_5km:682,osm:11356718223,osm:309217350,1224578776,24.682799928880396,,,service,ground,,,,,,,,,,,,,,,,,True,True,False,earth_sand,5,1
buffer_5km:683,osm:11356718347,osm:11356718349,224458961,84.95369813386382,,,service,gravel,grade2,,,60,no,,,,yes,,,,,,,,True,True,False,gravel,16,1
buffer_5km:684,osm:11356718347,osm:11356718349,224458961,24.25513971020239,,,service,gravel,grade2,,,60,no,,,,yes,,,,,,,,True,True,False,gravel,1,1
buffer_5km:685,osm:11356718347,osm:11356718348,1224578779,28.458640215139322,,,service,gravel,grade2,,,60,no,,,,yes,,,,,,,,True,True,False,gravel,1,1
buffer_5km:686,osm:11356718348,osm:5323240417,26451337,152.15785646329923,,,tertiary,gravel,grade2,,,60,no,,,,,,,,,,,,True,True,False,gravel,8,1
buffer_5km:687,osm:11356718348,osm:2332813150,26451337,42.01406691686707,,,tertiary,gravel,grade2,,,60,no,,,,,,,,,,,,True,True,False,gravel,5,1
buffer_5km:688,osm:11356718349,osm:2332813150,224458961,15.698333895449368,,,service,gravel,grade2,,,60,no,,,,yes,,,,,,,,True,True,False,gravel,1,1
buffer_5km:689,osm:11356718541,osm:259190232,23912842,8243.829450702022,,,unclassified,gravel,grade2,,,60,no,,,,,,,,,,,,True,True,False,gravel,107,1
buffer_5km:690,osm:11356718541,osm:259190399,23912842,40.71691743171198,,,unclassified,gravel,grade2,,,60,no,,,,,,,,,,,,True,True,False,gravel,2,1
buffer_5km:691,osm:11356718541,osm:11356718544,1224578781,34.933809377150595,,,track,,grade3,,,,,,,,,,,,,,,,True,True,False,surface_unknown,3,1
buffer_5km:692,osm:11356718544,osm:259190399,1224578780,27.855452308663484,,,track,,grade3,,,,,,,,,,,,,,,,True,True,False,surface_unknown,3,1
buffer_5km:693,osm:11356718590,osm:288555374,26338806,22.19652216281471,,,unclassified,gravel,grade2,very_bad,,60,no,,,,,,,,,,,,True,True,False,gravel,1,1
buffer_5km:694,osm:11356718590,osm:288555423,26338806,1078.8585293724996,,,unclassified,gravel,grade2,very_bad,,60,no,,,,,,,,,,,,True,True,False,gravel,23,1
buffer_5km:695,osm:11356718590,osm:11356718600,1224578782,35.80348319000843,,,service,gravel,grade2,,,60,,,,,,,,,,,,,True,True,False,gravel,5,1
buffer_5km:696,osm:11356718595,osm:11356718600,26338796,43.82834173482995,,,service,gravel,grade2,,,60,,,,,,,,,,,,,True,True,False,gravel,5,1
buffer_5km:697,osm:11356718595,osm:89025354,26338827,2670.9984417129376,,,unclassified,gravel,grade2,very_bad,,60,,,,,,,,,,,,,True,True,False,gravel,23,1
buffer_5km:698,osm:11356718595,osm:288555374,26338827,21.14043945500437,,,unclassified,gravel,grade2,very_bad,,60,,,,,,,,,,,,,True,True,False,gravel,1,1
buffer_5km:699,osm:11356718600,osm:288555377,26338796,243.68323802957474,,,service,gravel,grade2,,,60,,,,,,,,,,,,,True,True,False,gravel,3,1
buffer_5km:700,osm:11356718801,osm:259163209,23910266,17.880779149005193,Halali Road,,tertiary,gravel,grade2,,,60,no,,,,,,,,,,,,True,True,False,gravel,1,1
buffer_5km:701,osm:11356718801,osm:259162805,23910266,664.238161304981,Halali Road,,tertiary,gravel,grade2,,,60,no,,,,,,,,,,,,True,True,False,gravel,19,1
buffer_5km:702,osm:11356718801,osm:2338986044,1224578783,561.1369469806373,,,track,,grade5,,,,,,forestry,,,,,,,,,,True,True,True,surface_unknown,24,1
buffer_5km:703,osm:11360510647,osm:11360510667,1225040893,244.97540155258162,,,track,,,,,,,,,,,,,,,,,,True,True,False,surface_unknown,20,1
buffer_5km:704,osm:11360510647,osm:11360510647,1225040893,352.86461813536135,,,track,,,,,,,,,,,,,,,,,,True,True,False,surface_unknown,31,1
buffer_5km:705,osm:11360510667,osm:2332807454,224458938,3416.301490266427,,,tertiary,gravel,grade2,,,60,,,,,,,,,,,,,True,True,False,gravel,96,1
buffer_5km:706,osm:11360510667,osm:4616775230,224458938,16.548855606094865,,,tertiary,gravel,grade2,,,60,,,,,,,,,,,,,True,True,False,gravel,1,1
buffer_5km:707,osm:11360510668,osm:4616775227,551188260,37.29009453743542,,,unclassified,fine_gravel,,,,,,,permissive,,,,,,,,,,True,True,False,gravel,6,1
buffer_5km:708,osm:11360510668,osm:4616775227,551188260,87.2929418196515,,,unclassified,fine_gravel,,,,,,,permissive,,,,,,,,,,True,True,False,gravel,14,1
buffer_5km:709,osm:11360534080,osm:2332976249,1225040878,126.3582840470347,,,service,,,,,,,,,,,,,,,,,,True,True,False,surface_unknown,13,1
buffer_5km:710,osm:11360534239,osm:11360534240,1225040884,18.367352993713954,,,tertiary,gravel,,,,60,no,,yes,,,,yes,,1,,,,True,True,False,gravel,1,1
buffer_5km:711,osm:11360534239,osm:2332975218,1225040885,1491.693724728153,,,tertiary,gravel,,,,60,no,,yes,,,,,,,,,,True,True,False,gravel,47,1
buffer_5km:712,osm:11360534240,osm:2332814835,224482902,1701.2909043309025,,,tertiary,gravel,,,,60,no,,yes,,,,,,,,,,True,True,False,gravel,35,1
buffer_5km:713,osm:11360534738,osm:2758087290,224621786,38.48638503724843,,,tertiary,gravel,grade2,,,60,,,,,,,,,,,,,True,True,False,gravel,1,1
buffer_5km:714,osm:11360534738,osm:2332807769,224621786,2335.042982047624,,,tertiary,gravel,grade2,,,60,,,,,,,,,,,,,True,True,False,gravel,15,1
buffer_5km:715,osm:11360534738,osm:2758087363,1225040895,45.78508285432277,,,service,gravel,,,,,,,,,yes,,,,,,,,True,True,False,gravel,4,1
buffer_5km:716,osm:11360534771,osm:2332807854,224621762,453.2231249633905,,,track,dirt,grade3,,,,,,forestry,,,,,,,,,,True,True,True,earth_sand,18,1
buffer_5km:717,osm:11360534771,osm:11360534771,224621762,163.35259698989657,,,track,dirt,grade3,,,,,,forestry,,,,,,,,,,True,True,True,earth_sand,11,1
buffer_5km:718,osm:11360534875,osm:2332809095,224458846,26.543600577895166,,6305,tertiary,gravel,grade2,,,60,no,,,,yes,,,,,,,,True,True,False,gravel,1,1
buffer_5km:719,osm:11360534875,osm:2332809269,224458846,2096.6929768193336,,6305,tertiary,gravel,grade2,,,60,no,,,,yes,,,,,,,,True,True,False,gravel,14,1
buffer_5km:720,osm:11360534875,osm:11360534879,1225040896,31.403346812161196,,,track,,,,,,,,,,,,,,,,,,True,True,False,surface_unknown,4,1
buffer_5km:721,osm:11360534879,osm:2332809095,271423996,33.59761904778202,,,track,,,,,,,,,,yes,,,,,,,,True,True,False,surface_unknown,1,1
buffer_5km:722,osm:11360534879,osm:2763771335,271423996,274.4322375711078,,,track,,,,,,,,,,yes,,,,,,,,True,True,False,surface_unknown,2,1
buffer_5km:723,osm:11361641060,osm:11361641060,1225169875,73.8112707244895,,,track,,,,,,,,,,,,,,,,,,True,True,False,surface_unknown,14,1
buffer_5km:724,osm:11361641060,osm:11361641072,1225169875,239.89214709993325,,,track,,,,,,,,,,,,,,,,,,True,True,False,surface_unknown,12,1
buffer_5km:725,osm:11361641072,osm:11361641076,1225169874,51.09043628848693,,,track,,,,,,,,,,,,,,,,,,True,True,False,surface_unknown,5,1
buffer_5km:726,osm:11361641072,osm:11361641076,1225169875,49.48474918883755,,,track,,,,,,,,,,,,,,,,,,True,True,False,surface_unknown,4,1
buffer_5km:727,osm:11361641076,osm:976987083,1225169875,408.06632668610325,,,track,,,,,,,,,,,,,,,,,,True,True,False,surface_unknown,36,1
buffer_5km:728,osm:11361641193,osm:11361641210,1225169876,405.4258795385605,,,track,,,,,,,,,,,,,,,,,,True,True,False,surface_unknown,17,1
buffer_5km:729,osm:11361641210,osm:1865741035,1225169876,145.41863387942578,,,track,,,,,,,,,,,,,,,,,,True,True,False,surface_unknown,2,1
buffer_5km:730,osm:11361641210,osm:11361641257,1225169877,450.98668282399285,,,track,,,,,,,,,,,,,,,,,,True,True,False,surface_unknown,5,1
buffer_5km:731,osm:11361641210,osm:11361641247,1225169877,120.57076769446229,,,track,,,,,,,,,,,,,,,,,,True,True,False,surface_unknown,5,1
buffer_5km:732,osm:11361641247,osm:309234846,176015295,706.4072894720905,,,unclassified,gravel,grade3,,,,,,private,,,,,,,,,,True,True,True,gravel,9,1
buffer_5km:733,osm:11361641247,osm:1865741035,176015295,183.39727724076704,,,unclassified,gravel,grade3,,,,,,private,,,,,,,,,,True,True,True,gravel,5,1
buffer_5km:734,osm:11361641256,osm:11361641257,1225169877,326.01504143075215,,,track,,,,,,,,,,,,,,,,,,True,True,False,surface_unknown,1,1
buffer_5km:735,osm:11361641257,osm:11361641372,1225169878,2215.6371280376356,,,track,,,,,,,,,,,,,,,,,,True,True,False,surface_unknown,115,1
buffer_5km:736,osm:11361641372,osm:11361641385,1225169879,948.265565118584,,,track,,,,,,,,,,,,,,,,,,True,True,False,surface_unknown,11,1
buffer_5km:737,osm:11361641372,osm:11361641373,1225169879,189.87568983391964,,,track,,,,,,,,,,,,,,,,,,True,True,False,surface_unknown,2,1
buffer_5km:738,osm:11361641439,osm:1865741087,176015295,124.31437923710394,,,unclassified,gravel,grade3,,,,,,private,,,,,,,,,,True,True,True,gravel,3,1
buffer_5km:739,osm:11361641439,osm:1865741125,176015295,32.93474800938474,,,unclassified,gravel,grade3,,,,,,private,,,,,,,,,,True,True,True,gravel,1,1
buffer_5km:740,osm:11361641439,osm:1865741098,1516213027,84.87206484013927,,,unclassified,,,,,,,,private,,,,,,,,,,True,True,True,surface_unknown,12,1
buffer_5km:741,osm:11361641457,osm:976987137,83949722,212.15479818905692,,,unclassified,gravel,,,,,,,,,,,,,,,,,True,True,False,gravel,2,1
buffer_5km:742,osm:11361641457,osm:11361641493,83949722,64.35740839626948,,,unclassified,gravel,,,,,,,,,,,,,,,,,True,True,False,gravel,2,1
buffer_5km:743,osm:11361641457,osm:11361641482,1225169891,111.89242799571394,,,track,,,,,,,,,,,,,,,,,,True,True,False,surface_unknown,11,1
buffer_5km:744,osm:11361641458,osm:11361641474,1225169892,65.46062222190315,,,track,,,,,,,,,,,,,,,,,,True,True,False,surface_unknown,9,1
buffer_5km:745,osm:11361641467,osm:11361641474,1225169893,46.8256726250386,,,track,,,,,,,,,,,,,,,,,,True,True,False,surface_unknown,7,1
buffer_5km:746,osm:11361641474,osm:11361641482,1225169893,83.15472719656385,,,track,,,,,,,,,,,,,,,,,,True,True,False,surface_unknown,8,1
buffer_5km:747,osm:11361641482,osm:11361641496,1225169893,54.304573772048755,,,track,,,,,,,,,,,,,,,,,,True,True,False,surface_unknown,6,1
buffer_5km:748,osm:11361641488,osm:11361641493,1225169894,56.578517781718375,,,track,,,,,,,,,,,,,,,,,,True,True,False,surface_unknown,5,1
buffer_5km:749,osm:11361641493,osm:1861835546,83949722,222.70304551899335,,,unclassified,gravel,,,,,,,,,,,,,,,,,True,True,False,gravel,1,1
buffer_5km:750,osm:11361641494,osm:11361641496,1225169895,47.826805924101606,,,track,,,,,,,,,,,,,,,,,,True,True,False,surface_unknown,2,1
buffer_5km:751,osm:11361641496,osm:11361641526,1225169895,312.9587640434944,,,track,,,,,,,,,,,,,,,,,,True,True,False,surface_unknown,30,1
buffer_5km:752,osm:11361641527,osm:976987083,83949722,1222.4537286319285,,,unclassified,gravel,,,,,,,,,,,,,,,,,True,True,False,gravel,6,1
buffer_5km:753,osm:11361641527,osm:976987457,83949722,11.403535082739385,,,unclassified,gravel,,,,,,,,,,,,,,,,,True,True,False,gravel,1,1
buffer_5km:754,osm:11361641527,osm:11361641540,1225169896,196.43573267817536,,,service,,,,,,,,,,,,,,,,,,True,True,False,surface_unknown,13,1
buffer_5km:755,osm:11361641541,osm:11361641545,1225169897,68.6330155092592,,,service,,,,,,,,,,,,,,,,,,True,True,False,surface_unknown,4,1
buffer_5km:756,osm:11361641545,osm:976987457,83949722,39.04724711574429,,,unclassified,gravel,,,,,,,,,,,,,,,,,True,True,False,gravel,1,1
buffer_5km:757,osm:11361641545,osm:1861835801,83949722,117.67868913330497,,,unclassified,gravel,,,,,,,,,,,,,,,,,True,True,False,gravel,1,1
buffer_5km:758,osm:11741146846,osm:11741146859,1263727560,367.6597201889038,,,track,,,,,,,,,,,,,,,,,,True,True,False,surface_unknown,13,1
buffer_5km:759,osm:11741146859,osm:6226746202,26337762,787.2105487474229,,C38,tertiary,gravel,grade2,very_bad,,60,,,,,,,,,,,,,True,True,False,gravel,4,1
buffer_5km:760,osm:11741146859,osm:3507157369,26337762,2769.8084203855424,,C38,tertiary,gravel,grade2,very_bad,,60,,,,,,,,,,,,,True,True,False,gravel,19,1
buffer_5km:761,osm:11741203414,osm:11741203503,26337762,56.02868119278858,,C38,tertiary,gravel,grade2,very_bad,,60,,,,,,,,,,,,,True,True,False,gravel,1,1
buffer_5km:762,osm:11741203414,osm:2332810449,26337762,2504.923457218709,,C38,tertiary,gravel,grade2,very_bad,,60,,,,,,,,,,,,,True,True,False,gravel,19,1
buffer_5km:763,osm:11741203414,osm:11741203498,1263732010,50.324982256144764,,,track,,grade2,very_bad,,,,,,,,,,,,,,,True,True,False,surface_unknown,7,1
buffer_5km:764,osm:11741203488,osm:11741203498,1263732012,316.01805521785644,,,track,,grade2,very_bad,,,,,,,,,,,,,,,True,True,False,surface_unknown,10,1
buffer_5km:765,osm:11741203498,osm:11741203503,1263732012,32.86349249500123,,,track,,grade2,very_bad,,,,,,,,,,,,,,,True,True,False,surface_unknown,5,1
buffer_5km:766,osm:11741203503,osm:4084909239,26337762,1664.4127185472548,,C38,tertiary,gravel,grade2,very_bad,,60,,,,,,,,,,,,,True,True,False,gravel,2,1
buffer_5km:767,osm:11741230271,osm:259154900,1263736338,486.74998021680256,,,track,,grade2,very_bad,,,,,,,,,,,,,,,True,True,False,surface_unknown,13,1
buffer_5km:768,osm:11741230330,osm:11741230331,1263736340,72.62322610160116,,,track,,grade2,very_bad,,,,,,,,,,,,,,,True,True,False,surface_unknown,1,1
buffer_5km:769,osm:11741230331,osm:2975523409,551186510,5354.230619547576,,C38,primary,gravel,,,,60,,,,,,,,,,,,,True,True,False,gravel,51,1
buffer_5km:770,osm:11741230331,osm:259154900,551186510,4591.629497368354,,C38,primary,gravel,,,,60,,,,,,,,,,,,,True,True,False,gravel,48,1
buffer_5km:771,osm:11741557020,osm:288791228,225220011,411.4488602298204,,C38,primary,gravel,,,,60,,,,,,,,,,,,,True,True,False,gravel,3,1
buffer_5km:772,osm:11741557020,osm:11741557029,225220011,209.5516516267554,,C38,primary,gravel,,,,60,,,,,,,,,,,,,True,True,False,gravel,1,1
buffer_5km:773,osm:11741557020,osm:11741557029,1263784137,219.93949747497496,,,track,,grade2,very_bad,,,,,,,,,,,,,,,True,True,False,surface_unknown,9,1
buffer_5km:774,osm:11741557029,osm:2339309096,225220011,1265.5555733195683,,C38,primary,gravel,,,,60,,,,,,,,,,,,,True,True,False,gravel,13,1
buffer_5km:775,osm:11741559451,osm:2339698223,23908661,1842.7511627322456,,,tertiary,gravel,grade2,,,60,,,,,yes,,,,,,,,True,True,False,gravel,20,1
buffer_5km:776,osm:11741559451,osm:6709578085,1263781442,46.38996907997155,,,service,,,,,,,,,,,,,,,,,,True,True,False,surface_unknown,1,1
buffer_5km:777,osm:11971853918,osm:2333162055,224458896,4383.563565395319,,,tertiary,gravel,grade2,,,100,,,,,,,,,,,,,True,True,False,gravel,36,1
buffer_5km:778,osm:11971853918,osm:2332809215,224458896,7.782321987017916,,,tertiary,gravel,grade2,,,100,,,,,,,,,,,,,True,True,False,gravel,1,1
buffer_5km:779,osm:12042208908,osm:12042208939,1300078711,684.6401899517223,,,unclassified,gravel,,,,,,,,,,,,,,,,,True,True,False,gravel,31,1
buffer_5km:780,osm:12042208939,osm:2332810806,224458906,3279.364946962991,,,unclassified,gravel,grade2,,,60,no,,,,,,,,,,,,True,True,False,gravel,17,1
buffer_5km:781,osm:12042208939,osm:13960711223,224458906,3127.382525019006,,,unclassified,gravel,grade2,,,60,no,,,,,,,,,,,,True,True,False,gravel,26,1
buffer_5km:782,osm:12112182074,osm:7539222368,806227340,3533.88660410811,,,track,ground,,,,,,,,,,,,,,,,,True,True,False,earth_sand,33,7
buffer_5km:783,osm:12112182082,osm:7539222368,1307912356,272.25777237366503,,,track,ground,,,,,,,,,,,,,,,,,True,True,False,earth_sand,4,7
buffer_5km:784,osm:12112182082,osm:12112182089,1307912356,561.8882268964461,,,track,ground,,,,,,,,,,,,,,,,,True,True,False,earth_sand,7,7
buffer_5km:785,osm:12112182082,osm:12112182094,1307912357,93.67880500072187,,,track,ground,,,,,,,,,,,,,,,,,True,True,False,earth_sand,5,7
buffer_5km:786,osm:1241512995,osm:7142498200,23939871,60.332068596766156,Main Street,D3600,tertiary,asphalt,,,,60,,,,,,,,,,,,,True,True,False,paved,1,1
buffer_5km:787,osm:1241512995,osm:5322510341,114787442,1089.3511895393426,,D3600,tertiary,gravel,,,,100,,,,,,,,,,,,,True,True,False,gravel,2,1
buffer_5km:788,osm:1241512996,osm:1299335331,23939871,91.86319439596134,Main Street,D3600,tertiary,asphalt,,,,60,,,,,,,,,,,,,True,True,False,paved,2,1
buffer_5km:789,osm:1241512996,osm:1241513009,23939871,57.04505114342093,Main Street,D3600,tertiary,asphalt,,,,60,,,,,,,,,,,,,True,True,False,paved,1,1
buffer_5km:790,osm:1241512996,osm:1299335355,108177541,317.98098399163007,,,residential,,,,,60,,,,,,,,,,,,,True,True,False,surface_unknown,10,1
buffer_5km:791,osm:1241513003,osm:1241513005,108177542,329.5405119564301,,,residential,,,,,60,,,,,,,,,,,,,True,True,False,surface_unknown,4,1
buffer_5km:792,osm:1241513003,osm:1241513014,108177543,31.66552464533224,,,residential,,,,,60,,,,,,,,,,,,,True,True,False,surface_unknown,2,1
buffer_5km:793,osm:1241513005,osm:1241513007,108177542,181.66645061246965,,,residential,,,,,60,,,,,,,,,,,,,True,True,False,surface_unknown,3,1
buffer_5km:794,osm:1241513005,osm:1241513022,108177546,72.80102607112808,,,residential,,,,,60,,,,,,,,,,,,,True,True,False,surface_unknown,1,1
buffer_5km:795,osm:1241513007,osm:1241513020,823240936,32.337829461857964,,,residential,,,,,60,,,,,,,,,,,,,True,True,False,surface_unknown,1,1
buffer_5km:796,osm:1241513007,osm:1241513021,823240936,55.377565848150994,,,residential,,,,,60,,,,,,,,,,,,,True,True,False,surface_unknown,1,1
buffer_5km:797,osm:1241513009,osm:7142498200,23939871,78.67688371173136,Main Street,D3600,tertiary,asphalt,,,,60,,,,,,,,,,,,,True,True,False,paved,2,1
buffer_5km:798,osm:1241513009,osm:1241513011,108177543,75.58966372602572,,,residential,,,,,60,,,,,,,,,,,,,True,True,False,surface_unknown,1,1
buffer_5km:799,osm:1241513011,osm:1241513013,108177543,169.98107364086803,,,residential,,,,,60,,,,,,,,,,,,,True,True,False,surface_unknown,3,1
buffer_5km:800,osm:1241513011,osm:1241513028,108177549,64.91342856276286,,,residential,,,,,60,,,,,,,,,,,,,True,True,False,surface_unknown,1,1
buffer_5km:801,osm:1241513013,osm:1241513014,108177543,140.69472267478085,,,residential,,,,,60,,,,,,,,,,,,,True,True,False,surface_unknown,1,1
buffer_5km:802,osm:1241513013,osm:1241513028,108177550,115.39599893192025,,,residential,,,,,60,,,,,,,,,,,,,True,True,False,surface_unknown,1,1
buffer_5km:803,osm:1241513014,osm:1241513016,108177544,78.3262679503659,,,residential,,,,,60,,,,,,,,,,,,,True,True,False,surface_unknown,2,1
buffer_5km:804,osm:1241513016,osm:1241513023,108177547,27.010727471936544,,,residential,,,,,60,,,,,,,,,,,,,True,True,False,surface_unknown,2,1
buffer_5km:805,osm:1241513020,osm:7142498200,764547301,62.057070168180815,,,residential,,,,,60,,,,,,,,,,,,,True,True,False,surface_unknown,1,1
buffer_5km:806,osm:1241513021,osm:1241513026,108177548,72.39423491295824,,,residential,,,,,60,,,,,,,,,,,,,True,True,False,surface_unknown,1,1
buffer_5km:807,osm:1241513021,osm:1241513022,823240936,62.612359449582385,,,residential,,,,,60,,,,,,,,,,,,,True,True,False,surface_unknown,1,1
buffer_5km:808,osm:1241513022,osm:1241513023,108177546,120.59874791159797,,,residential,,,,,60,,,,,,,,,,,,,True,True,False,surface_unknown,1,1
buffer_5km:809,osm:1241513023,osm:1241513025,108177547,51.091975054055425,,,residential,,,,,60,,,,,,,,,,,,,True,True,False,surface_unknown,2,1
buffer_5km:810,osm:1241513025,osm:1241513026,108177548,43.41994179498934,,,residential,,,,,60,,,,,,,,,,,,,True,True,False,surface_unknown,2,1
buffer_5km:811,osm:1241513026,osm:1241513028,108177549,54.32054111991057,,,residential,,,,,60,,,,,,,,,,,,,True,True,False,surface_unknown,1,1
buffer_5km:812,osm:1253846903,osm:1253846905,109553716,22.032925972465705,,,service,,,,,,,,,,,,,,,,,,True,True,False,surface_unknown,2,1
buffer_5km:813,osm:1253846903,osm:2757981806,109553746,168.60171068828043,,,service,,,,,,,,,,,,,,,,,,True,True,False,surface_unknown,18,1
buffer_5km:814,osm:1253846905,osm:1253853947,109553709,123.00057917247084,,,service,,,,,,,,,,,,,,,,,,True,True,False,surface_unknown,1,1
buffer_5km:815,osm:1253846905,osm:1253853903,109553716,48.878165347339966,,,service,,,,,,,,,,,,,,,,,,True,True,False,surface_unknown,1,1
buffer_5km:816,osm:1253853866,osm:977754974,109553716,22.719067580594487,,,service,,,,,,,,,,,,,,,,,,True,True,False,surface_unknown,3,1
buffer_5km:817,osm:1253853866,osm:1253853903,109553716,52.9122483685885,,,service,,,,,,,,,,,,,,,,,,True,True,False,surface_unknown,1,1
buffer_5km:818,osm:1253853866,osm:2483466193,109553722,91.60175331664007,,,service,,,,,,,,,,,,,,,,,,True,True,False,surface_unknown,7,1
buffer_5km:819,osm:1253853866,osm:1253853870,109553739,28.887425653927078,,,service,,,,,,,,,,,,,,,,,,True,True,False,surface_unknown,3,1
buffer_5km:820,osm:1253853870,osm:1253853923,109553740,19.7741048823565,,,service,,,,,,,,,,,,,,,,,,True,True,False,surface_unknown,1,1
buffer_5km:821,osm:1253853870,osm:1253853975,109553740,138.35713804999094,,,service,,,,,,,,,,,,,,,,,,True,True,False,surface_unknown,5,1
buffer_5km:822,osm:1253853873,osm:977754974,109553716,14.403716019425202,,,service,,,,,,,,,,,,,,,,,,True,True,False,surface_unknown,1,1
buffer_5km:823,osm:1253853873,osm:2332811626,224458847,43.35158945444998,,,service,,,,,,,,,,,,,,,,,,True,True,False,surface_unknown,4,1
buffer_5km:824,osm:1253853877,osm:1253853975,109553740,112.6010185387286,,,service,,,,,,,,,,,,,,,,,,True,True,False,surface_unknown,4,1
buffer_5km:825,osm:1253853877,osm:1253853963,109553740,167.97942207687848,,,service,,,,,,,,,,,,,,,,,,True,True,False,surface_unknown,2,1
buffer_5km:826,osm:1253853877,osm:3507201728,343937366,28.057133465120128,,,service,,,,,,,,,,,,,,,,,,True,True,False,surface_unknown,4,1
buffer_5km:827,osm:1253853878,osm:1253853900,109553746,38.6287047614283,,,service,,,,,,,,,,,,,,,,,,True,True,False,surface_unknown,6,1
buffer_5km:828,osm:1253853878,osm:1253853890,109553746,75.7654650438133,,,service,,,,,,,,,,,,,,,,,,True,True,False,surface_unknown,5,1
buffer_5km:829,osm:1253853878,osm:2332811438,551187106,32.806000263062,,,service,,,,,,,,,,,,,,,,,,True,True,False,surface_unknown,1,1
buffer_5km:830,osm:1253853890,osm:13960711194,224458849,128.9264148959832,,,service,,,,,,,,private,,,,,,,,,,True,True,True,surface_unknown,3,1
buffer_5km:831,osm:1253853897,osm:2332811423,109553712,79.31512618462698,,,service,,,,,,,,,,,,,,,,,,True,True,False,surface_unknown,2,1
buffer_5km:832,osm:1253853897,osm:1253853931,109553722,35.93308042950288,,,service,,,,,,,,,,,,,,,,,,True,True,False,surface_unknown,3,1
buffer_5km:833,osm:1253853897,osm:1253853975,109553722,218.24063781905684,,,service,,,,,,,,,,,,,,,,,,True,True,False,surface_unknown,12,1
buffer_5km:834,osm:1253853899,osm:1253853906,109553712,164.13837973632013,,,service,,,,,,,,,,,,,,,,,,True,True,False,surface_unknown,16,1
buffer_5km:835,osm:1253853899,osm:2757981496,270822374,44.45260922147301,,,service,,,,,,no,,,,,,,,,,,,True,True,False,surface_unknown,5,1
buffer_5km:836,osm:1253853899,osm:1253853906,270822374,254.3899327205091,,,service,,,,,,no,,,,,,,,,,,,True,True,False,surface_unknown,18,1
buffer_5km:837,osm:1253853900,osm:2757981806,109553746,22.051002131400317,,,service,,,,,,,,,,,,,,,,,,True,True,False,surface_unknown,2,1
buffer_5km:838,osm:1253853900,osm:2757981806,270822357,313.74093257112946,,,service,asphalt,,,,,,,,,,,,,,,,,True,True,False,paved,21,1
buffer_5km:839,osm:1253853904,osm:1253853906,109553712,68.38706497595211,,,service,,,,,,,,,,,,,,,,,,True,True,False,surface_unknown,4,1
buffer_5km:840,osm:1253853904,osm:1253853909,109553712,29.930400154031787,,,service,,,,,,,,,,,,,,,,,,True,True,False,surface_unknown,4,1
buffer_5km:841,osm:1253853904,osm:2757996408,270825302,29.229156791880534,,,service,dirt,,,,,,,,,,,,,,,,,True,True,False,earth_sand,2,1
buffer_5km:842,osm:1253853923,osm:977754974,109553740,9.228211966240485,,,service,,,,,,,,,,,,,,,,,,True,True,False,surface_unknown,1,1
buffer_5km:843,osm:1253853923,osm:1253853963,109553740,59.43048162019455,,,service,,,,,,,,,,,,,,,,,,True,True,False,surface_unknown,5,1
buffer_5km:844,osm:1253853931,osm:2483466193,109553722,84.29322504576484,,,service,,,,,,,,,,,,,,,,,,True,True,False,surface_unknown,7,1
buffer_5km:845,osm:1253853963,osm:2757981263,270822370,82.66427536281005,,,service,,,,,,,,,,,,,,,,,,True,True,False,surface_unknown,10,1
buffer_5km:846,osm:1253853964,osm:2332811423,109553712,38.77107108564759,,,service,,,,,,,,,,,,,,,,,,True,True,False,surface_unknown,5,1
buffer_5km:847,osm:1253853964,osm:2757981430,270822374,40.770888171417454,,,service,,,,,,no,,,,,,,,,,,,True,True,False,surface_unknown,4,1
buffer_5km:848,osm:1253853976,osm:2483466193,270822377,96.63043219072203,,,service,,,,,,,,,,,,,,,,,,True,True,False,surface_unknown,10,1
buffer_5km:849,osm:1293391949,osm:5420509740,114143689,2365.0550703640306,,,track,gravel,,,,,,,private,,,,,,,,,,True,True,True,gravel,15,1
buffer_5km:850,osm:1293391949,osm:5419590463,114143689,18.43163764631508,,,track,gravel,,,,,,,private,,,,,,,,,,True,True,True,gravel,1,1
buffer_5km:851,osm:1293391949,osm:5419590461,562137032,21.70857792840157,,,track,ground,,,,,,,,,,,,,,,,,True,True,False,earth_sand,2,1
buffer_5km:852,osm:1293391978,osm:5419807229,114143688,576.8254109638325,,,residential,gravel,grade2,,,,,,private,,,,,,,,,,True,True,True,gravel,10,1
buffer_5km:853,osm:1293391978,osm:5419590463,114143689,85.11104871434486,,,track,gravel,,,,,,,private,,,,,,,,,,True,True,True,gravel,1,1
buffer_5km:854,osm:1293391978,osm:5419589844,460622498,260.54883963416904,,,residential,gravel,grade2,,,,,,private,,,,,,,,,,True,True,True,gravel,3,1
buffer_5km:855,osm:1293391980,osm:2483533949,240633728,31.98603343497978,,6138,unclassified,gravel,grade3,,,,,,private,,,,,,,,,,True,True,True,gravel,4,1
buffer_5km:856,osm:1293391980,osm:309235162,460622498,31.202243327480883,,,residential,gravel,grade2,,,,,,private,,,,,,,,,,True,True,True,gravel,1,1
buffer_5km:857,osm:1293391980,osm:1866004272,460622498,559.3096397941973,,,residential,gravel,grade2,,,,,,private,,,,,,,,,,True,True,True,gravel,5,1
buffer_5km:858,osm:1293391986,osm:259636535,28156701,30.53129739872005,,,unclassified,gravel,grade2,,,,,,private,,,,,,,,,,True,True,True,gravel,1,1
buffer_5km:859,osm:1293391986,osm:1865740896,562127317,3167.1661513372947,,,unclassified,gravel,,,,,,,private,,,,,,,,,,True,True,True,gravel,46,1
buffer_5km:860,osm:1299335290,osm:1299335333,114786556,885.5189383114424,,,track,,grade3,,,,,,,,,,,,,,,,True,True,False,surface_unknown,6,1
buffer_5km:861,osm:1299335290,osm:1299335295,114786573,241.37754310042436,,,track,,grade3,,,,,,,,,,,,,,,,True,True,False,surface_unknown,1,1
buffer_5km:862,osm:1299335290,osm:1299335296,114786573,210.7362395315477,,,track,,grade3,,,,,,,,,,,,,,,,True,True,False,surface_unknown,1,1
buffer_5km:863,osm:1299335295,osm:1299335324,114786567,669.1434033387669,,,track,,,,,,,,,,,,,,,,,,True,True,False,surface_unknown,1,1
buffer_5km:864,osm:1299335295,osm:1299335345,114786567,197.06446061577293,,,track,,,,,,,,,,,,,,,,,,True,True,False,surface_unknown,1,1
buffer_5km:865,osm:1299335296,osm:1299335298,114786570,280.5446298074993,,,track,,,,,,,,,,,,,,,,,,True,True,False,surface_unknown,1,1
buffer_5km:866,osm:1299335296,osm:1299335357,114786573,173.89258972688108,,,track,,grade3,,,,,,,,,,,,,,,,True,True,False,surface_unknown,1,1
buffer_5km:867,osm:1299335298,osm:1299335345,23939923,532.4306347427132,,,track,,,,,,,,,,,,,,,,,,True,True,False,surface_unknown,1,1
buffer_5km:868,osm:1299335298,osm:259486247,23939923,1848.0963976627231,,,track,,,,,,,,,,,,,,,,,,True,True,False,surface_unknown,2,1
buffer_5km:869,osm:1299335298,osm:1299335361,114786570,1055.531563777101,,,track,,,,,,,,,,,,,,,,,,True,True,False,surface_unknown,5,1
buffer_5km:870,osm:1299335300,osm:1299335315,93178007,97.16100981983297,,B1,primary,paved,,,,120,no,,,,,,,,,,,,True,True,False,paved,1,1
buffer_5km:871,osm:1299335300,osm:1299335348,93178007,568.3215920652759,,B1,primary,paved,,,,120,no,,,,,,,,,,,,True,True,False,paved,4,1
buffer_5km:872,osm:1299335300,osm:1299335332,114786568,118.3544323037159,,,track,,,,,,,,,,,,,,,,,,True,True,False,surface_unknown,2,1
buffer_5km:873,osm:1299335304,osm:1299335345,114786567,116.72155960186647,,,track,,,,,,,,,,,,,,,,,,True,True,False,surface_unknown,7,1
buffer_5km:874,osm:1299335304,osm:5322510341,114786567,1170.0718958061486,,,track,,,,,,,,,,,,,,,,,,True,True,False,surface_unknown,3,1
buffer_5km:875,osm:1299335304,osm:9240256817,1001056069,949.0978907383753,,,track,,,,,,,,,,,,,,,,,,True,True,False,surface_unknown,9,1
buffer_5km:876,osm:1299335315,osm:259486206,93178007,303.3449511880138,,B1,primary,paved,,,,120,no,,,,,,,,,,,,True,True,False,paved,1,1
buffer_5km:877,osm:1299335315,osm:1299335332,551119804,52.646033276713155,,,track,,grade3,,,,,,,,,,,,,,,,True,True,False,surface_unknown,1,1
buffer_5km:878,osm:1299335321,osm:8040008560,114786557,203.81200302686443,,,track,,,,,,,,,,,,,,,,,,True,True,False,surface_unknown,1,1
buffer_5km:879,osm:1299335321,osm:8040008554,114786557,154.24950665649067,,,track,,,,,,,,,,,,,,,,,,True,True,False,surface_unknown,1,1
buffer_5km:880,osm:1299335321,osm:3207903822,314746354,1317.904918999785,,,track,,,,,,,,,,,,,,,,,,True,True,False,surface_unknown,1,1
buffer_5km:881,osm:1299335322,osm:1299335361,114786560,181.019642510113,,,track,,,,,,,,,,,,,,,,,,True,True,False,surface_unknown,2,1
buffer_5km:882,osm:1299335325,osm:1299335332,114786568,240.37884152369833,,,track,,,,,,,,,,,,,,,,,,True,True,False,surface_unknown,2,1
buffer_5km:883,osm:1299335331,osm:1299335355,23939871,135.14543965820283,Main Street,D3600,tertiary,asphalt,,,,60,,,,,,,,,,,,,True,True,False,paved,1,1
buffer_5km:884,osm:1299335331,osm:5322510357,114786563,65.35153345550687,,,service,unpaved,,,,60,,,,,,,,,,,,,True,True,False,other_unpaved,2,1
buffer_5km:885,osm:1299335341,osm:5322498309,93178007,21.55477960836805,,B1,primary,paved,,,,120,no,,,,,,,,,,,,True,True,False,paved,1,1
buffer_5km:886,osm:1299335341,osm:259486206,93178007,300.9317006379035,,B1,primary,paved,,,,120,no,,,,,,,,,,,,True,True,False,paved,1,1
buffer_5km:887,osm:1299335341,osm:1299335346,114786555,2313.5530588991824,,,track,,,,,,,,,,,,,,,,,,True,True,False,surface_unknown,2,1
buffer_5km:888,osm:1299335345,osm:259486245,23939923,1239.7826602081918,,,track,,,,,,,,,,,,,,,,,,True,True,False,surface_unknown,4,1
buffer_5km:889,osm:1299335346,osm:8042233844,114786557,2225.1343487172203,,,track,,,,,,,,,,,,,,,,,,True,True,False,surface_unknown,2,1
buffer_5km:890,osm:1299335346,osm:8042233849,114786557,1323.378782268785,,,track,,,,,,,,,,,,,,,,,,True,True,False,surface_unknown,1,1
buffer_5km:891,osm:1299335348,osm:3859066813,93178007,479.83614071871017,,B1,primary,paved,,,,120,no,,,,,,,,,,,,True,True,False,paved,1,1
buffer_5km:892,osm:1299335348,osm:1299335361,114786570,101.90926744763537,,,track,,,,,,,,,,,,,,,,,,True,True,False,surface_unknown,1,1
buffer_5km:893,osm:1299335355,osm:259486206,23939871,211.50808287596269,Main Street,D3600,tertiary,asphalt,,,,60,,,,,,,,,,,,,True,True,False,paved,6,1
buffer_5km:894,osm:1299335355,osm:5322510352,1152884579,60.4854964418169,,,residential,unpaved,,,,60,,,,,,,,,,,,,True,True,False,other_unpaved,2,1
buffer_5km:895,osm:1299335365,osm:8042233844,114786557,1693.422828828953,,,track,,,,,,,,,,,,,,,,,,True,True,False,surface_unknown,3,1
buffer_5km:896,osm:1299335365,osm:3207903679,563359010,983.3952498002604,,,track,,,,,,,,,,,,,,,,,,True,True,False,surface_unknown,1,1
buffer_5km:897,osm:13136876567,osm:3211576313,315069877,821.3521188140548,,,track,,,,,,,,,,,,,,,,,,True,True,False,surface_unknown,1,1
buffer_5km:898,osm:13136876567,osm:3211576327,1429075718,587.188881238791,,,track,,,,,,,,,,,,,,,,,,True,True,False,surface_unknown,1,1
buffer_5km:899,osm:13383520925,osm:13383520926,1459312959,710.6816547373371,,,track,,,,,,,,,,,,,,,,yes,,True,True,False,surface_unknown,1,1
buffer_5km:900,osm:13383520925,osm:13383520977,1459312962,6173.826217390844,,,track,,,,,,,,,,,,,,,,,,True,True,False,surface_unknown,13,1
buffer_5km:901,osm:13383520939,osm:13383520941,1459312961,3617.6983805187283,,,track,,,,,,,,,,,,,,,,,,True,True,False,surface_unknown,2,1
buffer_5km:902,osm:13383520941,osm:13383520977,1459312961,12336.033612967543,,,track,,,,,,,,,,,,,,,,,,True,True,False,surface_unknown,4,1
buffer_5km:903,osm:13383520977,osm:13383535789,1459312962,4171.255097121509,,,track,,,,,,,,,,,,,,,,,,True,True,False,surface_unknown,112,1
buffer_5km:904,osm:13844196882,osm:309203403,1516148687,123.83715810934517,,,residential,,,,,,,,,,,,,,,,,,True,True,False,surface_unknown,8,1
buffer_5km:905,osm:13846109998,osm:13846154996,1516479300,351.74476971656975,,,unclassified,,,,,,,,,,,,,,,,,,True,True,False,surface_unknown,11,6
buffer_5km:906,osm:13846154909,osm:13846154996,1516479300,396.213240963498,,,unclassified,,,,,,,,,,,,,,,,,,True,True,False,surface_unknown,14,6
buffer_5km:907,osm:13846154923,osm:13846154989,1516479301,768.0665046702429,,,unclassified,,,,,,,,,,,,,,,,,,True,True,False,surface_unknown,39,6
buffer_5km:908,osm:13846154962,osm:13846154990,1516479302,134.39165138603897,,,service,,,,,,,,,,,,,,,,,,True,True,False,surface_unknown,14,6
buffer_5km:909,osm:13846154962,osm:13846154989,1516479305,37.99334159143547,,,unclassified,,,,,,,,,,,,,,,,,,True,True,False,surface_unknown,3,6
buffer_5km:910,osm:13846154962,osm:13846154985,1516479305,84.84301656420644,,,unclassified,,,,,,,,,,,,,,,,,,True,True,False,surface_unknown,2,6
buffer_5km:911,osm:13846154976,osm:13846154983,1516479303,57.54922964966463,,,service,,,,,,,,,,,,,,,,,,True,True,False,surface_unknown,4,6
buffer_5km:912,osm:13846154980,osm:13846154983,1516479304,38.21352041635784,,,service,,,,,,,,,,,,,,,,,,True,True,False,surface_unknown,3,6
buffer_5km:913,osm:13846154983,osm:13846154993,1516479304,31.648232585192844,,,service,,,,,,,,,,,,,,,,,,True,True,False,surface_unknown,2,6
buffer_5km:914,osm:13846154989,osm:13846154990,1516479305,11.563972829747598,,,unclassified,,,,,,,,,,,,,,,,,,True,True,False,surface_unknown,1,6
buffer_5km:915,osm:13846154990,osm:13846154993,1516479305,80.31853587015931,,,unclassified,,,,,,,,,,,,,,,,,,True,True,False,surface_unknown,3,6
buffer_5km:916,osm:13846154993,osm:13846154996,1516479305,152.34575536148708,,,unclassified,,,,,,,,,,,,,,,,,,True,True,False,surface_unknown,3,6
buffer_5km:917,osm:13846154996,osm:1861836153,1516479305,1763.8470456051537,,,unclassified,,,,,,,,,,,,,,,,,,True,True,False,surface_unknown,37,6
buffer_5km:918,osm:13960711166,osm:288555536,26338659,16.160314567388525,,,unclassified,gravel,grade2,very_bad,,60,,,,,,,,,,,,,True,True,False,gravel,1,1
buffer_5km:919,osm:13960711166,osm:288562391,26338659,754.2504919129788,,,unclassified,gravel,grade2,very_bad,,60,,,,,,,,,,,,,True,True,False,gravel,15,1
buffer_5km:920,osm:13960711194,osm:2758965837,224458835,79.15615153687455,,6305,tertiary,gravel,,bad,,60,,,,,,,,,,,,,True,True,False,gravel,4,1
buffer_5km:921,osm:13960711194,osm:2332811638,224458835,13.67486714474888,,6305,tertiary,gravel,,bad,,60,,,,,,,,,,,,,True,True,False,gravel,3,1
buffer_5km:922,osm:13960711223,osm:259190592,224458906,26.81224250291022,,,unclassified,gravel,grade2,,,60,no,,,,,,,,,,,,True,True,False,gravel,1,1
buffer_5km:923,osm:13960711295,osm:2332813150,26451337,13568.641262661267,,,tertiary,gravel,grade2,,,60,no,,,,,,,,,,,,True,True,False,gravel,129,1
buffer_5km:924,osm:13960711295,osm:6228646128,26451337,1021.2923783529238,,,tertiary,gravel,grade2,,,60,no,,,,,,,,,,,,True,True,False,gravel,9,1
buffer_5km:925,osm:13960711295,osm:288555536,1531733159,16271.429694481105,Halali detour,,track,,grade2,,,,,,,,,,,,,,,,True,True,False,surface_unknown,226,1
buffer_5km:926,osm:14006851006,osm:288791228,28156942,11.864851188949459,,,service,gravel,grade2,,,,,,,,yes,,,,,,,,True,True,False,gravel,1,1
buffer_5km:927,osm:14006851006,osm:2339309108,28156942,1773.5648442925688,,,service,gravel,grade2,,,,,,,,yes,,,,,,,,True,True,False,gravel,34,1
buffer_5km:928,osm:14062071319,osm:3211388971,1546069257,578.9667735382569,,,residential,gravel,,,,,,,,,,,,,,,,,True,True,False,gravel,4,1
buffer_5km:929,osm:14062071319,osm:251875131,1546069257,693.7865159719433,,,residential,gravel,,,,,,,,,,,,,,,,,True,True,False,gravel,4,1
buffer_5km:930,osm:14128035830,osm:2332809613,293976571,85.05213161291647,,,track,,grade3,,,,,,private,,,,,,,,,,True,True,True,surface_unknown,4,36
buffer_5km:931,osm:1493177657,osm:2332811283,136067498,907.3886889613068,,,track,dirt,grade4,,,,,,forestry,,,,,,,,,,True,True,True,earth_sand,34,1
buffer_5km:932,osm:1493177657,osm:1493177659,136067498,208.6876263616979,,,track,dirt,grade4,,,,,,forestry,,,,,,,,,,True,True,True,earth_sand,5,1
buffer_5km:933,osm:1493177657,osm:5423572603,562604580,601.603267389139,,,track,,,,,,,,,,,,,,,,,,True,True,False,surface_unknown,15,1
buffer_5km:934,osm:1493335577,osm:2334246536,488055004,211.90253604271328,,,service,dirt,,,,,,,,,yes,,,,,,,,True,True,False,earth_sand,9,1
buffer_5km:935,osm:1493335577,osm:1493335577,551567054,119.17651900298443,,,service,dirt,,,,,yes,,,,yes,,,,,,,,True,False,False,earth_sand,15,1
buffer_5km:936,osm:1493335592,osm:2332807665,224621786,285.20149812569656,,,tertiary,gravel,grade2,,,60,,,,,,,,,,,,,True,True,False,gravel,6,1
buffer_5km:937,osm:1493335592,osm:2334246544,224621786,44.98113637892657,,,tertiary,gravel,grade2,,,60,,,,,,,,,,,,,True,True,False,gravel,1,1
buffer_5km:938,osm:1493335592,osm:2334246536,488055004,45.31603101994349,,,service,dirt,,,,,,,,,yes,,,,,,,,True,True,False,earth_sand,4,1
buffer_5km:939,osm:1825569046,osm:1867772264,176232288,66.58422279288969,,,unclassified,,,,,,,,,,,,,,,,,,True,True,False,surface_unknown,6,1
buffer_5km:940,osm:1825569046,osm:1867772288,224458723,57.2765900808731,,C38,primary,asphalt,,,,60,no,,yes,,,,,,,,,,True,True,False,paved,1,1
buffer_5km:941,osm:1825569046,osm:5433773022,224458723,78.08107159221139,,C38,primary,asphalt,,,,60,no,,yes,,,,,,,,,,True,True,False,paved,1,1
buffer_5km:942,osm:1825569049,osm:4350860502,224458723,39.98762934436275,,C38,primary,asphalt,,,,60,no,,yes,,,,,,,,,,True,True,False,paved,1,1
buffer_5km:943,osm:1825569049,osm:1867772295,224458723,27.295030201158163,,C38,primary,asphalt,,,,60,no,,yes,,,,,,,,,,True,True,False,paved,1,1
buffer_5km:944,osm:1825569049,osm:4350860501,437267539,45.1732094275379,,,service,paving_stones,,good,,,,,,,,,,,,,,,True,True,False,paved,2,1
buffer_5km:945,osm:1843142556,osm:1843142588,173518545,4202.084168312677,,,track,,grade3,,,,,,,,,,,,,,,,True,True,False,surface_unknown,1,2
buffer_5km:946,osm:1843142558,osm:1843142579,23895740,2952.437218902044,,,unclassified,gravel,,,,,,,,,,,,,,,,,True,True,False,gravel,3,2
buffer_5km:947,osm:1843142558,osm:1843142560,173518538,2877.290039258517,,,track,,grade3,,,,,,,,,,,,,,,,True,True,False,surface_unknown,2,2
buffer_5km:948,osm:1843142560,osm:1843142565,173518538,1619.355969188727,,,track,,grade3,,,,,,,,,,,,,,,,True,True,False,surface_unknown,1,2
buffer_5km:949,osm:1843142560,osm:1843142584,173518544,2902.248852511016,,,track,,grade3,,,,,,,,,,,,,,,,True,True,False,surface_unknown,1,2
buffer_5km:950,osm:1843142561,osm:1843142565,173518538,2232.5032491819957,,,track,,grade3,,,,,,,,,,,,,,,,True,True,False,surface_unknown,10,2
buffer_5km:951,osm:1843142561,osm:1843142589,173518549,2707.094979563142,,,track,,grade3,,,,,,,,,,,,,,,,True,True,False,surface_unknown,1,2
buffer_5km:952,osm:1843142565,osm:1843142582,173518547,2578.5880404048144,,,track,,grade3,,,,,,,,,,,,,,,,True,True,False,surface_unknown,1,2
buffer_5km:953,osm:1843142577,osm:1843142578,173518553,75.76123475205948,,,unclassified,ground,grade4,,,,,,forestry,,,,,,,,,,True,True,True,earth_sand,1,1
buffer_5km:954,osm:1843142577,osm:2334245321,173518553,19894.115689203554,,,unclassified,ground,grade4,,,,,,forestry,,,,,,,,,,True,True,True,earth_sand,3,1
buffer_5km:955,osm:1843142577,osm:2333046631,224482895,56.95016836549631,,,track,ground,grade4,,,,,,forestry,,,,,,,,,,True,True,True,earth_sand,4,1
buffer_5km:956,osm:1843142578,osm:5933689829,173518553,40782.34614427544,,,unclassified,ground,grade4,,,,,,forestry,,,,,,,,,,True,True,True,earth_sand,22,1
buffer_5km:957,osm:1843142578,osm:2333046624,224482895,6.038382503901769,,,track,ground,grade4,,,,,,forestry,,,,,,,,,,True,True,True,earth_sand,1,1
buffer_5km:958,osm:1843142579,osm:1843142584,173518544,3777.746208062825,,,track,,grade3,,,,,,,,,,,,,,,,True,True,False,surface_unknown,1,2
buffer_5km:959,osm:1843142582,osm:1843142584,173518547,1504.5194352577842,,,track,,grade3,,,,,,,,,,,,,,,,True,True,False,surface_unknown,1,2
buffer_5km:960,osm:1843142582,osm:1843142589,173518550,2089.1113686366516,,,track,,grade3,,,,,,,,,,,,,,,,True,True,False,surface_unknown,2,2
buffer_5km:961,osm:1843142588,osm:1843142589,173518550,10045.1927538059,,,track,,grade3,,,,,,,,,,,,,,,,True,True,False,surface_unknown,3,2
buffer_5km:962,osm:1845073405,osm:2333046379,224482901,1259.3193722377412,,,unclassified,,,,,,,,forestry,,,,,,,,yes,,True,True,True,surface_unknown,1,1
buffer_5km:963,osm:1845073405,osm:2333046351,224482905,1790.8575593554858,,,unclassified,ground,,,,,,,,,,,,,,,,,True,True,False,earth_sand,2,1
buffer_5km:964,osm:1846614139,osm:309211197,173914361,62.6864817743954,,,residential,dirt,grade3,,,,,,forestry,,,,,,,,,,True,True,True,earth_sand,3,1
buffer_5km:965,osm:1846614222,osm:89025833,26358476,15.31829227073842,,,unclassified,asphalt,,,,,,,,,,,,,,,,,True,True,False,paved,1,1
buffer_5km:966,osm:1846614222,osm:371166203,551123509,82.89016394421162,,,unclassified,asphalt,,,,20,,,,,,,,,,,,,True,True,False,paved,2,1
buffer_5km:967,osm:1846614253,osm:5417854026,28157364,50.52855816338052,,,service,gravel,grade3,,,,yes,,,,yes,,,,,,,,True,False,False,gravel,6,1
buffer_5km:968,osm:1846614253,osm:2340321770,28157364,33.91434765385552,,,service,gravel,grade3,,,,yes,,,,yes,,,,,,,,False,True,False,gravel,4,1
buffer_5km:969,osm:1846614253,osm:2340321808,665260072,102.49581971339639,,,service,gravel,grade3,,,,,,,,yes,,,,,,,,True,True,False,gravel,2,1
buffer_5km:970,osm:1846614260,osm:2339698223,225158147,24.509704210805996,,,tertiary,unpaved,grade3,,,60,,,,,,,,,,,,,True,True,False,other_unpaved,6,1
buffer_5km:971,osm:1846614260,osm:259148193,225220011,46.30717049534331,,C38,primary,gravel,,,,60,,,,,,,,,,,,,True,True,False,gravel,3,1
buffer_5km:972,osm:1846614260,osm:1846614261,225220011,19.595278848050828,,C38,primary,gravel,,,,60,,,,,,,,,,,,,True,True,False,gravel,1,1
buffer_5km:973,osm:1846614261,osm:2339698239,225220011,30.409204451055984,,C38,primary,gravel,,,,60,,,,,,,,,,,,,True,True,False,gravel,1,1
buffer_5km:974,osm:1846614261,osm:1846614262,665260070,31.247284671699717,,,unclassified,gravel,grade2,,,60,,,,,yes,,,,,,,,True,True,False,gravel,3,1
buffer_5km:975,osm:1846614262,osm:259146690,173914351,1330.9072311369762,,,unclassified,gravel,grade2,,,60,,,,,yes,,,,,,,,True,True,False,gravel,33,1
buffer_5km:976,osm:1846614262,osm:2339698239,225158149,31.10480429754919,,,unclassified,unpaved,grade3,,,60,,,,,,,,,,,,,True,True,False,other_unpaved,4,1
buffer_5km:977,osm:1846614264,osm:259146249,23908612,1349.9585718229612,,,service,unpaved,grade3,,,,,,,,yes,,,,,,,,True,True,False,other_unpaved,25,1
buffer_5km:978,osm:1846614264,osm:1846614264,561938109,264.5056695864823,,,service,unpaved,grade3,,,,yes,,,,yes,,,,,,,,True,False,False,other_unpaved,17,1
buffer_5km:979,osm:1846614288,osm:259146730,173914351,76.69206372923618,,,unclassified,gravel,grade2,,,60,,,,,yes,,,,,,,,True,True,False,gravel,3,1
buffer_5km:980,osm:1846614288,osm:259146690,173914351,11033.443943755996,,,unclassified,gravel,grade2,,,60,,,,,yes,,,,,,,,True,True,False,gravel,191,1
buffer_5km:981,osm:1846614288,osm:259146730,173914360,117.11112921170879,,,track,,grade2,,,,,,,,,,,,,,,,True,True,False,surface_unknown,17,1
buffer_5km:982,osm:1846864141,osm:2341739330,173982458,70.23298373961794,,,track,,,,,,,,,,,,,,,,,,True,True,False,surface_unknown,6,1
buffer_5km:983,osm:1846864141,osm:8042226456,225393733,28.26704225897855,,,track,,,,,,,,,,,,,,,,,,True,True,False,surface_unknown,2,1
buffer_5km:984,osm:1846864141,osm:6226553781,551124886,9.136933066822971,,C38,primary,asphalt,,,,60,,,,,,,,,,,,,True,True,False,paved,1,1
buffer_5km:985,osm:1846864141,osm:2341739366,551124886,7.946346220138435,,C38,primary,asphalt,,,,60,,,,,,,,,,,,,True,True,False,paved,1,1
buffer_5km:986,osm:1846865198,osm:1846865254,173940129,21.442428932506335,,,unclassified,,,,,,,,,,,,,,,,,,True,True,False,surface_unknown,2,1
buffer_5km:987,osm:1846865215,osm:1846865254,173940146,19.730162995882523,,,unclassified,,,,,,,,,,,,,,,,,,True,True,False,surface_unknown,2,1
buffer_5km:988,osm:1846865222,osm:1846865769,173940126,454.67456280139413,,,residential,,,,,,,,,,,,,,,,,,True,True,False,surface_unknown,34,1
buffer_5km:989,osm:1846865222,osm:1846865769,173940141,193.49941457068272,,,residential,,,,,,,,,,,,,,,,,,True,True,False,surface_unknown,11,1
buffer_5km:990,osm:1846865254,osm:1846865483,173940146,51.215073054310125,,,unclassified,,,,,,,,,,,,,,,,,,True,True,False,surface_unknown,5,1
buffer_5km:991,osm:1846865384,osm:1846865483,173940110,54.64695877212514,,,unclassified,,,,,,,,,,,,,,,,,,True,True,False,surface_unknown,5,1
buffer_5km:992,osm:1846865384,osm:1846865413,173940110,19.47234001823069,,,unclassified,,,,,,,,,,,,,,,,,,True,True,False,surface_unknown,1,1
buffer_5km:993,osm:1846865384,osm:1846865543,173940139,50.32609688756145,,,unclassified,,,,,,,,,,,,,,,,,,True,True,False,surface_unknown,4,1
buffer_5km:994,osm:1846865483,osm:1846865622,173940110,40.37659158659516,,,unclassified,,,,,,,,,,,,,,,,,,True,True,False,surface_unknown,3,1
buffer_5km:995,osm:1846865616,osm:2340321511,225220162,29.99106850275082,,,unclassified,,,,,20,,,,,,,,,,,,,True,True,False,surface_unknown,4,1
buffer_5km:996,osm:1846865616,osm:1846865704,551123509,37.74459846138278,,,unclassified,asphalt,,,,20,,,,,,,,,,,,,True,True,False,paved,1,1
buffer_5km:997,osm:1846865616,osm:288785714,551123509,36.61852609680304,,,unclassified,asphalt,,,,20,,,,,,,,,,,,,True,True,False,paved,1,1
buffer_5km:998,osm:1846865622,osm:371166192,32955711,471.5380030159021,,,unclassified,,,,,20,,,,,,,,,,,,,True,True,False,surface_unknown,25,1
buffer_5km:999,osm:1846865622,osm:1846865693,32955711,40.605058395403596,,,unclassified,,,,,20,,,,,,,,,,,,,True,True,False,surface_unknown,2,1
buffer_5km:1000,osm:1846865680,osm:1846865704,173940121,20.299997743771645,,,unclassified,,,,,20,,,,,,,,,,,,,True,True,False,surface_unknown,1,1
buffer_5km:1001,osm:1846865680,osm:1846865693,173940143,21.26933676221837,,,unclassified,,,,,20,,,,,,,,,,,,,True,True,False,surface_unknown,2,1
buffer_5km:1002,osm:1846865680,osm:2340321514,173940143,9.451742790914905,,,unclassified,,,,,20,,,,,,,,,,,,,True,True,False,surface_unknown,1,1
buffer_5km:1003,osm:1846865693,osm:371166203,32955711,39.70171205073676,,,unclassified,,,,,20,,,,,,,,,,,,,True,True,False,surface_unknown,5,1
buffer_5km:1004,osm:1846865704,osm:1846865743,551123509,24.70029803694842,,,unclassified,asphalt,,,,20,,,,,,,,,,,,,True,True,False,paved,1,1
buffer_5km:1005,osm:1846865723,osm:1846865867,173940113,207.4695760762404,,,residential,,grade2,,,,,,,,,,,,,,,,True,True,False,surface_unknown,3,1
buffer_5km:1006,osm:1846865723,osm:89025833,494007248,143.2862525958688,,,track,unpaved,grade3,,,60,,,,,,,,,,,,,True,True,False,other_unpaved,2,1
buffer_5km:1007,osm:1846865723,osm:4826748660,494007248,11817.04702105606,,,track,unpaved,grade3,,,60,,,,,,,,,,,,,True,True,False,other_unpaved,108,1
buffer_5km:1008,osm:1846865743,osm:1846865769,173940126,47.95045019969623,,,residential,,,,,,,,,,,,,,,,,,True,True,False,surface_unknown,1,1
buffer_5km:1009,osm:1846865743,osm:371166203,551123509,6.594519187991021,,,unclassified,asphalt,,,,20,,,,,,,,,,,,,True,True,False,paved,1,1
buffer_5km:1010,osm:1846865867,osm:5327261954,173940113,209.77644801512145,,,residential,,grade2,,,,,,,,,,,,,,,,True,True,False,surface_unknown,7,1
buffer_5km:1011,osm:1846865867,osm:2397679755,551641991,258.2145128787277,,,residential,,grade2,,,,,,,,,,,,,,,,True,True,False,surface_unknown,13,1
buffer_5km:1012,osm:1846865874,osm:1846865929,173940124,92.77420047722126,,,residential,,grade3,,,,,,,,,,,,,,,,True,True,False,surface_unknown,11,1
buffer_5km:1013,osm:1846865874,osm:2397679936,231379090,5.2090298627331295,,,unclassified,,grade3,,,,,,,,,,,,,,,,True,True,False,surface_unknown,1,1
buffer_5km:1014,osm:1846865929,osm:1846865965,173940124,53.33336253958966,,,residential,,grade3,,,,,,,,,,,,,,,,True,True,False,surface_unknown,6,1
buffer_5km:1015,osm:1846865965,osm:1846866003,173940124,68.61081360598894,,,residential,,grade3,,,,,,,,,,,,,,,,True,True,False,surface_unknown,6,1
buffer_5km:1016,osm:1846866003,osm:1846866005,270859533,172.43990727349643,,,residential,,grade3,,,,,,,,,,,,,,,,True,True,False,surface_unknown,20,1
buffer_5km:1017,osm:1847238760,osm:1847238782,173982457,36.719710550092344,,,track,,,,,,,,,,,,,,,,,,True,True,False,surface_unknown,3,1
buffer_5km:1018,osm:1847238776,osm:2341739201,173982454,51.23681397665302,,,track,,,,,,,,,,,,,,,,,,True,True,False,surface_unknown,3,1
buffer_5km:1019,osm:1847238782,osm:1847238940,173982457,61.21338099887947,,,track,,,,,,,,,,,,,,,,,,True,True,False,surface_unknown,4,1
buffer_5km:1020,osm:1847238782,osm:2341739125,225393732,134.25288801349086,,,track,,,,,,,,,,,,,,,,,,True,True,False,surface_unknown,11,1
buffer_5km:1021,osm:1847238940,osm:1847239141,173982456,64.40608384652587,,,track,,,,,,,,,,,,,,,,,,True,True,False,surface_unknown,1,1
buffer_5km:1022,osm:1847238940,osm:2341739201,173982456,98.77851753295548,,,track,,,,,,,,,,,,,,,,,,True,True,False,surface_unknown,8,1
buffer_5km:1023,osm:1847239087,osm:1847239228,225393733,45.33725743947637,,,track,,,,,,,,,,,,,,,,,,True,True,False,surface_unknown,1,1
buffer_5km:1024,osm:1847239141,osm:1847239168,173982455,18.15653093478858,,,track,,,,,,,,,,,,,,,,,,True,True,False,surface_unknown,1,1
buffer_5km:1025,osm:1847239141,osm:1847239146,173982455,106.91587010564524,,,track,,,,,,,,,,,,,,,,,,True,True,False,surface_unknown,5,1
buffer_5km:1026,osm:1847239146,osm:2341739201,173982454,85.65802677755121,,,track,,,,,,,,,,,,,,,,,,True,True,False,surface_unknown,5,1
buffer_5km:1027,osm:1847239146,osm:1847239148,173982455,4.547289213746917,,,track,,,,,,,,,,,,,,,,,,True,True,False,surface_unknown,1,1
buffer_5km:1028,osm:1847239155,osm:1847239235,173982453,30.77512620299167,,,track,,,,,,,,,,,,,,,,,,True,True,False,surface_unknown,1,1
buffer_5km:1029,osm:1847239168,osm:1847239235,173982455,39.47011278306668,,,track,,,,,,,,,,,,,,,,,,True,True,False,surface_unknown,3,1
buffer_5km:1030,osm:1847239168,osm:8042226451,863310574,79.64678240900551,,,track,,,,,,,,,,,,,,,,,,True,True,False,surface_unknown,3,1
buffer_5km:1031,osm:1847239228,osm:8042226451,173982453,12.886348440454803,,,track,,,,,,,,,,,,,,,,,,True,True,False,surface_unknown,1,1
buffer_5km:1032,osm:1847239228,osm:8042226456,225393733,234.73031629305177,,,track,,,,,,,,,,,,,,,,,,True,True,False,surface_unknown,10,1
buffer_5km:1033,osm:1847239235,osm:8042226451,173982453,17.966974209741885,,,track,,,,,,,,,,,,,,,,,,True,True,False,surface_unknown,2,1
buffer_5km:1034,osm:1847239415,osm:278854469,644860550,171.7834952807945,,C38,primary,asphalt,,,,60,,,,,,,,,,,,,True,True,False,paved,2,1
buffer_5km:1035,osm:1847239415,osm:6226553780,665243361,57.09771539621862,,C38,primary,asphalt,,,,80,yes,,,,,,,,,,,,False,True,False,paved,3,1
buffer_5km:1036,osm:1847239415,osm:89025854,665243362,56.85651532620808,,C38,primary,asphalt,,,,60,yes,,,,,,,,,,,,True,False,False,paved,3,1
buffer_5km:1037,osm:1847239463,osm:8042263915,813526090,18.01108514924351,,,unclassified,gravel,grade2,,,60,,,,,,,,,,,,,True,True,False,gravel,2,1
buffer_5km:1038,osm:1847239463,osm:8042263973,813526090,28.184567472950114,,,unclassified,gravel,grade2,,,60,,,,,,,,,,,,,True,True,False,gravel,2,1
buffer_5km:1039,osm:1847240877,osm:1847240976,173982452,89.1873475577836,,,track,,grade2,,,,,,,,,,,,,,,,True,True,False,surface_unknown,1,1
buffer_5km:1040,osm:1847240976,osm:2289302990,173982452,130.8116363550094,,,track,,grade2,,,,,,,,,,,,,,,,True,True,False,surface_unknown,4,1
buffer_5km:1041,osm:1847241084,osm:1847241125,26332610,104.99159580567307,,,track,,grade2,,,,,,,,,,,,,,,,True,True,False,surface_unknown,4,1
buffer_5km:1042,osm:1847241084,osm:288500124,26332610,17.311907538954053,,,track,,grade2,,,,,,,,,,,,,,,,True,True,False,surface_unknown,1,1
buffer_5km:1043,osm:1847241084,osm:2289302990,173982452,274.8390652774133,,,track,,grade2,,,,,,,,,,,,,,,,True,True,False,surface_unknown,13,1
buffer_5km:1044,osm:1848895589,osm:3859343423,1307652524,8.287470176072965,,,unclassified,gravel,,,,60,,,private,,,,,,,,,,True,True,True,gravel,1,1
buffer_5km:1045,osm:1848895589,osm:278854469,1307652524,43.17467086206933,,,unclassified,gravel,,,,60,,,private,,,,,,,,,,True,True,True,gravel,1,1
buffer_5km:1046,osm:1848896624,osm:9712055401,174172158,2034.554428435547,,,track,,grade3,,,,,,,,,,,,,,,,True,True,False,surface_unknown,32,1
buffer_5km:1047,osm:1848896624,osm:3207912996,174172158,119.79709610710005,,,track,,grade3,,,,,,,,,,,,,,,,True,True,False,surface_unknown,1,1
buffer_5km:1048,osm:1848896624,osm:9712084062,1056952761,2777.5762868286565,,,track,,,,,,,,,,,,,,,,,,True,True,False,surface_unknown,4,1
buffer_5km:1049,osm:1848896829,osm:1848896858,174172158,2527.6385286745394,,,track,,grade3,,,,,,,,,,,,,,,,True,True,False,surface_unknown,24,1
buffer_5km:1050,osm:1848896829,osm:9712084183,174172158,37.30569867495801,,,track,,grade3,,,,,,,,,,,,,,,,True,True,False,surface_unknown,2,1
buffer_5km:1051,osm:1848896829,osm:9712084138,1056952766,998.3090532835581,,,track,,,,,,,,,,,,,,,,,,True,True,False,surface_unknown,23,1
buffer_5km:1052,osm:1848896858,osm:251875251,23937767,688.7867407567161,,,track,,grade3,,,,,,,,,,,,,,,,True,True,False,surface_unknown,4,1
buffer_5km:1053,osm:1848896858,osm:2333106534,23937767,252.6224878169253,,,track,,grade3,,,,,,,,,,,,,,,,True,True,False,surface_unknown,1,1
buffer_5km:1054,osm:1850596819,osm:1850596891,174361668,1238.9644806133863,,,track,,,,,,,,,,,,,,,,,,True,True,False,surface_unknown,32,1
buffer_5km:1055,osm:1850596891,osm:1850597127,174361668,209.2434548798079,,,track,,,,,,,,,,,,,,,,,,True,True,False,surface_unknown,9,1
buffer_5km:1056,osm:1850596891,osm:8042233792,863306446,71.11818342144228,,,track,,,,,,,,,,,,,,,,,,True,True,False,surface_unknown,1,1
buffer_5km:1057,osm:1850596906,osm:1850596915,174361647,27.577337047891483,,,track,,,,,,,,,,,,,,,,,,True,True,False,surface_unknown,3,1
buffer_5km:1058,osm:1850596906,osm:1850596935,174361647,20.830384572107025,,,track,,,,,,,,,,,,,,,,,,True,True,False,surface_unknown,4,1
buffer_5km:1059,osm:1850596906,osm:8042233792,863306447,75.42706852527917,,,track,,,,,,,,,,,,,,,,,,True,True,False,surface_unknown,2,1
buffer_5km:1060,osm:1850596935,osm:1850596944,174361647,8.019410630714647,,,track,,,,,,,,,,,,,,,,,,True,True,False,surface_unknown,1,1
buffer_5km:1061,osm:1850596935,osm:1850596938,174361656,11.426888711513326,,,track,,,,,,,,,,,,,,,,,,True,True,False,surface_unknown,3,1
buffer_5km:1062,osm:1850596944,osm:1850597009,174361647,51.027506674447594,,,track,,,,,,,,,,,,,,,,,,True,True,False,surface_unknown,8,1
buffer_5km:1063,osm:1850596944,osm:1850596960,174361657,24.02151997945456,,,track,,,,,,,,,,,,,,,,,,True,True,False,surface_unknown,3,1
buffer_5km:1064,osm:1850597009,osm:8042233769,174361647,9.583583540462897,,,track,,,,,,,,,,,,,,,,,,True,True,False,surface_unknown,2,1
buffer_5km:1065,osm:1850597009,osm:1850597012,174361662,25.37769753843207,,,track,,,,,,,,,,,,,,,,,,True,True,False,surface_unknown,5,1
buffer_5km:1066,osm:1850597061,osm:1850597066,174361642,26.833240120619312,,,track,,,,,,,,,,,,,,,,,,True,True,False,surface_unknown,3,1
buffer_5km:1067,osm:1850597061,osm:1850597066,174361642,31.977659319070614,,,track,,,,,,,,,,,,,,,,,,True,True,False,surface_unknown,4,1
buffer_5km:1068,osm:1850597061,osm:8042233769,863306439,9.080785416938127,,,track,,,,,,,,,,,,,,,,,,True,True,False,surface_unknown,1,1
buffer_5km:1069,osm:1850597066,osm:1850597078,174361642,15.902959358160969,,,track,,,,,,,,,,,,,,,,,,True,True,False,surface_unknown,1,1
buffer_5km:1070,osm:1850597078,osm:1850597130,174361642,67.92391967163279,,,track,,,,,,,,,,,,,,,,,,True,True,False,surface_unknown,2,1
buffer_5km:1071,osm:1850597078,osm:8042233780,863306444,99.0881684957041,,,track,,,,,,,,,,,,,,,,,,True,True,False,surface_unknown,2,1
buffer_5km:1072,osm:1850597117,osm:8042233769,174361647,25.687269107553174,,,track,,,,,,,,,,,,,,,,,,True,True,False,surface_unknown,4,1
buffer_5km:1073,osm:1850597124,osm:1850597127,174361642,11.042456204300773,,,track,,,,,,,,,,,,,,,,,,True,True,False,surface_unknown,1,1
buffer_5km:1074,osm:1850597124,osm:1850597130,174361642,18.96895990202538,,,track,,,,,,,,,,,,,,,,,,True,True,False,surface_unknown,1,1
buffer_5km:1075,osm:1850597124,osm:8042233789,315069896,18.055673274359172,,,track,,,,,,,,,,,,,,,,,,True,True,False,surface_unknown,1,1
buffer_5km:1076,osm:1850597127,osm:1850597357,174361668,531.0427186434509,,,track,,,,,,,,,,,,,,,,,,True,True,False,surface_unknown,16,1
buffer_5km:1077,osm:1850597130,osm:8042233789,863306445,19.221168205155564,,,track,,,,,,,,,,,,,,,,,,True,True,False,surface_unknown,1,1
buffer_5km:1078,osm:1850597206,osm:1850597281,174361643,36.959183966947045,,,track,,,,,,,,,,,,,,,,,,True,True,False,surface_unknown,4,1
buffer_5km:1079,osm:1850597206,osm:1850597208,174361661,17.810958191590558,,,track,,,,,,,,,,,,,,,,,,True,True,False,surface_unknown,4,1
buffer_5km:1080,osm:1850597206,osm:8042233784,863306456,34.13151886216397,,,track,,,,,,,,,,,,,,,,,,True,True,False,surface_unknown,3,1
buffer_5km:1081,osm:1850597224,osm:1850597281,174361643,83.69621212177377,,,track,,,,,,,,,,,,,,,,,,True,True,False,surface_unknown,12,1
buffer_5km:1082,osm:1850597262,osm:1850597281,174361660,20.38341139808596,,,track,,,,,,,,,,,,,,,,,,True,True,False,surface_unknown,4,1
buffer_5km:1083,osm:1850597357,osm:8042233768,174361668,656.6766087253494,,,track,,,,,,,,,,,,,,,,,,True,True,False,surface_unknown,6,1
buffer_5km:1084,osm:1850597357,osm:8042233756,315069896,744.1249612289854,,,track,,,,,,,,,,,,,,,,,,True,True,False,surface_unknown,10,1
buffer_5km:1085,osm:1850597357,osm:3211576179,315069896,282.47248672769234,,,track,,,,,,,,,,,,,,,,,,True,True,False,surface_unknown,3,1
buffer_5km:1086,osm:1850597371,osm:8042233768,174361668,163.4834530496932,,,track,,,,,,,,,,,,,,,,,,True,True,False,surface_unknown,3,1
buffer_5km:1087,osm:1850597371,osm:1850597844,174361668,774.2079029949626,,,track,,,,,,,,,,,,,,,,,,True,True,False,surface_unknown,19,1
buffer_5km:1088,osm:1850597371,osm:3211576240,315069878,1437.8492388226214,,,track,,,,,,,,,,,,,,,,,,True,True,False,surface_unknown,4,1
buffer_5km:1089,osm:1850597844,osm:1850597863,174361668,105.04787870672936,,,track,,,,,,,,,,,,,,,,,,True,True,False,surface_unknown,3,1
buffer_5km:1090,osm:1850597844,osm:3211576170,315069894,1701.7990741953513,,,track,,,,,,,,,,,,,,,,,,True,True,False,surface_unknown,2,1
buffer_5km:1091,osm:1850597860,osm:4350903480,25582631,61.159356647606394,,,unclassified,gravel,,,,100,,,private,,,,,,,,,,True,True,True,gravel,2,1
buffer_5km:1092,osm:1850597860,osm:1850597863,25582631,68.7654773529177,,,unclassified,gravel,,,,100,,,private,,,,,,,,,,True,True,True,gravel,4,1
buffer_5km:1093,osm:1850597860,osm:1850597862,174361666,36.33170752466195,,,track,,,,,,,,private,,,,,,,,,,True,True,True,surface_unknown,2,1
buffer_5km:1094,osm:1850597862,osm:8040096117,174361666,20.451897562665998,,,track,,,,,,,,private,,,,,,,,,,True,True,True,surface_unknown,1,1
buffer_5km:1095,osm:1850597862,osm:8040096100,863049524,65.12528474641262,,,track,,,,,,,,,,,,,,,,,,True,True,False,surface_unknown,4,1
buffer_5km:1096,osm:1850597863,osm:8040096090,25582631,172.05027986152476,,,unclassified,gravel,,,,100,,,private,,,,,,,,,,True,True,True,gravel,2,1
buffer_5km:1097,osm:1850597869,osm:1850597886,174361655,61.599590097719826,,,track,,,,,,,,private,,,,,,,,,,True,True,True,surface_unknown,3,1
buffer_5km:1098,osm:1850597869,osm:8040096117,174361666,55.195822435496694,,,track,,,,,,,,private,,,,,,,,,,True,True,True,surface_unknown,3,1
buffer_5km:1099,osm:1850597869,osm:1850597874,174361666,16.139899219857988,,,track,,,,,,,,private,,,,,,,,,,True,True,True,surface_unknown,1,1
buffer_5km:1100,osm:1850597899,osm:8040229063,174361652,17.805598968296575,,,track,,,,,,,,,,,,,,,,,,True,True,False,surface_unknown,2,1
buffer_5km:1101,osm:1850597907,osm:1850597922,174361652,52.75589285317177,,,track,,,,,,,,,,,,,,,,,,True,True,False,surface_unknown,3,1
buffer_5km:1102,osm:1850597907,osm:8040229063,174361652,156.66645815343188,,,track,,,,,,,,,,,,,,,,,,True,True,False,surface_unknown,7,1
buffer_5km:1103,osm:1850597907,osm:1850597917,174361663,90.90005108397271,,,track,,,,,,,,,,,,,,,,,,True,True,False,surface_unknown,4,1
buffer_5km:1104,osm:1850597922,osm:1850598037,174361639,214.12550910494292,,,track,,,,,,,,,,,,,,,,,,True,True,False,surface_unknown,9,1
buffer_5km:1105,osm:1850597922,osm:1850597931,174361652,43.48362691717613,,,track,,,,,,,,,,,,,,,,,,True,True,False,surface_unknown,3,1
buffer_5km:1106,osm:1850597931,osm:1850597932,174361640,26.041186339990965,,,track,,,,,,,,,,,,,,,,,,True,True,False,surface_unknown,2,1
buffer_5km:1107,osm:1850597931,osm:1850597959,174361652,47.69662263227275,,,track,,,,,,,,,,,,,,,,,,True,True,False,surface_unknown,4,1
buffer_5km:1108,osm:1850597932,osm:1850597932,174361640,42.6193839378026,,,track,,,,,,,,,,,,,,,,,,True,True,False,surface_unknown,4,1
buffer_5km:1109,osm:1850597959,osm:1850597963,174361645,12.176150574146746,,,track,,,,,,,,,,,,,,,,,,True,True,False,surface_unknown,1,1
buffer_5km:1110,osm:1850597959,osm:1850597987,174361652,54.62819717626411,,,track,,,,,,,,,,,,,,,,,,True,True,False,surface_unknown,4,1
buffer_5km:1111,osm:1850597987,osm:1850597989,174361644,12.194044432558641,,,track,,grade3,,,,,,,,,,,,,,,,True,True,False,surface_unknown,1,1
buffer_5km:1112,osm:1850597987,osm:1850598009,174361652,36.710150076126425,,,track,,,,,,,,,,,,,,,,,,True,True,False,surface_unknown,2,1
buffer_5km:1113,osm:1850598009,osm:1850598024,174361646,10.334057614018306,,,track,,grade3,,,,,,,,,,,,,,,,True,True,False,surface_unknown,1,1
buffer_5km:1114,osm:1850598009,osm:1850598046,174361652,36.93845962586216,,,track,,,,,,,,,,,,,,,,,,True,True,False,surface_unknown,2,1
buffer_5km:1115,osm:1850598037,osm:8040111147,174361648,69.3752241361488,,,track,,,,,,,,,,,,,,,,,,True,True,False,surface_unknown,3,1
buffer_5km:1116,osm:1850598037,osm:8040111146,174361648,6.240885327576535,,,track,,,,,,,,,,,,,,,,,,True,True,False,surface_unknown,1,1
buffer_5km:1117,osm:1850598046,osm:1850598077,174361648,21.74200231373851,,,track,,,,,,,,,,,,,,,,,,True,True,False,surface_unknown,1,1
buffer_5km:1118,osm:1850598046,osm:8040111147,174361648,16.9054783009367,,,track,,,,,,,,,,,,,,,,,,True,True,False,surface_unknown,2,1
buffer_5km:1119,osm:1850598067,osm:1850598166,174361648,299.97189876709353,,,track,,,,,,,,,,,,,,,,,,True,True,False,surface_unknown,7,1
buffer_5km:1120,osm:1850598067,osm:1850598075,174361648,27.769458716747103,,,track,,,,,,,,,,,,,,,,,,True,True,False,surface_unknown,1,1
buffer_5km:1121,osm:1850598067,osm:8040111146,174361648,29.376879565746094,,,track,,,,,,,,,,,,,,,,,,True,True,False,surface_unknown,2,1
buffer_5km:1122,osm:1850598075,osm:8040111148,174361648,81.12501249763815,,,track,,,,,,,,,,,,,,,,,,True,True,False,surface_unknown,3,1
buffer_5km:1123,osm:1850598075,osm:1850598220,174361667,151.85209480533248,,,track,,grade3,,,,,,,,,,,,,,,,True,True,False,surface_unknown,7,1
buffer_5km:1124,osm:1850598075,osm:8040111146,863053615,16.96669794098698,,,track,,,,,,,,,,,,,,,,,,True,True,False,surface_unknown,1,1
buffer_5km:1125,osm:1850598077,osm:8040111148,174361648,8.808649119999181,,,track,,,,,,,,,,,,,,,,,,True,True,False,surface_unknown,1,1
buffer_5km:1126,osm:1850598077,osm:1850598141,174361653,54.32589098272939,,,track,,grade3,,,,,,,,,,,,,,,,True,True,False,surface_unknown,4,1
buffer_5km:1127,osm:1850598141,osm:1850598160,174361651,18.954405219149105,,,track,,grade3,,,,,,,,,,,,,,,,True,True,False,surface_unknown,2,1
buffer_5km:1128,osm:1850598141,osm:1850598187,174361653,47.63199695279424,,,track,,grade3,,,,,,,,,,,,,,,,True,True,False,surface_unknown,3,1
buffer_5km:1129,osm:1850598166,osm:1850598209,174361648,41.26218045849196,,,track,,,,,,,,,,,,,,,,,,True,True,False,surface_unknown,2,1
buffer_5km:1130,osm:1850598166,osm:3663270393,315069896,741.4881204486766,,,track,,,,,,,,,,,,,,,,,,True,True,False,surface_unknown,39,1
buffer_5km:1131,osm:1850598187,osm:1850598228,174361653,68.33307814464568,,,track,,grade3,,,,,,,,,,,,,,,,True,True,False,surface_unknown,5,1
buffer_5km:1132,osm:1850598187,osm:1850598215,174361658,34.28003047335945,,,track,,grade3,,,,,,,,,,,,,,,,True,True,False,surface_unknown,3,1
buffer_5km:1133,osm:1850598209,osm:278854451,174361641,435.03586877804696,,,track,,grade3,,,,,,,,,,,,,,,,True,True,False,surface_unknown,10,1
buffer_5km:1134,osm:1850598209,osm:8934993944,174361648,366.10066410026803,,,track,,,,,,,,,,,,,,,,,,True,True,False,surface_unknown,7,1
buffer_5km:1135,osm:1850598220,osm:1850598238,174361653,51.642658327263874,,,track,,grade3,,,,,,,,,,,,,,,,True,True,False,surface_unknown,3,1
buffer_5km:1136,osm:1850598220,osm:1850598280,174361653,182.51982632403775,,,track,,grade3,,,,,,,,,,,,,,,,True,True,False,surface_unknown,9,1
buffer_5km:1137,osm:1850598228,osm:1850598237,174361650,9.81322430141496,,,track,,grade3,,,,,,,,,,,,,,,,True,True,False,surface_unknown,1,1
buffer_5km:1138,osm:1850598228,osm:1850598236,174361653,48.51495470984851,,,track,,grade3,,,,,,,,,,,,,,,,True,True,False,surface_unknown,3,1
buffer_5km:1139,osm:1850598236,osm:1850598238,174361653,11.399416081576224,,,track,,grade3,,,,,,,,,,,,,,,,True,True,False,surface_unknown,1,1
buffer_5km:1140,osm:1850598236,osm:1850598250,174361654,56.85365514991871,,,track,,grade3,,,,,,,,,,,,,,,,True,True,False,surface_unknown,3,1
buffer_5km:1141,osm:1850598238,osm:1850598264,174361659,71.30500168678745,,,track,,grade3,,,,,,,,,,,,,,,,True,True,False,surface_unknown,4,1
buffer_5km:1142,osm:1850598280,osm:1850598280,174361653,52.642680446714934,,,track,,grade3,,,,,,,,,,,,,,,,True,True,False,surface_unknown,5,1
buffer_5km:1143,osm:1850598327,osm:546677870,43393549,230.99055393597362,,,track,,,,,,,,private,,,,,,,,,,True,True,True,surface_unknown,6,1
buffer_5km:1144,osm:1850598327,osm:8040228902,43393549,169.06906693373398,,,track,,,,,,,,private,,,,,,,,,,True,True,True,surface_unknown,5,1
buffer_5km:1145,osm:1850598585,osm:546677426,551118514,71.31177262173944,,,track,,,,,,,,private,,,,,,,,,,True,True,True,surface_unknown,3,1
buffer_5km:1146,osm:1850598585,osm:1850598588,551118514,189.01908836945526,,,track,,,,,,,,private,,,,,,,,,,True,True,True,surface_unknown,5,1
buffer_5km:1147,osm:1850598585,osm:546678187,863049504,93.80137811887673,,,track,,,,,,,,,,,,,,,,,,True,True,False,surface_unknown,1,1
buffer_5km:1148,osm:1850598588,osm:546678202,551118514,32.599010749672416,,,track,,,,,,,,private,,,,,,,,,,True,True,True,surface_unknown,1,1
buffer_5km:1149,osm:1850598588,osm:8040089413,863049505,37.933593544903665,,,track,,,,,,,,,,,,,,,,,,True,True,False,surface_unknown,1,1
buffer_5km:1150,osm:1851700217,osm:8041651622,314746349,1295.8488105522047,,,track,,grade3,,,,,,,,,,,,,,,,True,True,False,surface_unknown,2,1
buffer_5km:1151,osm:1851700217,osm:8042233842,314746349,2665.562578890314,,,track,,grade3,,,,,,,,,,,,,,,,True,True,False,surface_unknown,3,1
buffer_5km:1152,osm:1851700217,osm:8040008529,563359010,1331.8011377262678,,,track,,,,,,,,,,,,,,,,,,True,True,False,surface_unknown,2,1
buffer_5km:1153,osm:1851700217,osm:8934960928,563359010,699.9313020767829,,,track,,,,,,,,,,,,,,,,,,True,True,False,surface_unknown,3,1
buffer_5km:1154,osm:1851700220,osm:8042233849,114786557,1275.5904935916337,,,track,,,,,,,,,,,,,,,,,,True,True,False,surface_unknown,5,1
buffer_5km:1155,osm:1851700220,osm:8075084013,114786557,1050.8562995467785,,,track,,,,,,,,,,,,,,,,,,True,True,False,surface_unknown,3,1
buffer_5km:1156,osm:1851700220,osm:5429033148,314746348,680.6435230826203,,,track,,grade3,,,,,,,,,,,,,,,,True,True,False,surface_unknown,2,1
buffer_5km:1157,osm:1851700220,osm:8040008540,563359009,109.34412329130903,,,track,,,,,,,,,,,,,,,,,,True,True,False,surface_unknown,2,1
buffer_5km:1158,osm:1851700230,osm:3207903994,314746353,1587.4359605083464,,,track,,,,,,,,,,,,,,,,,,True,True,False,surface_unknown,1,1
buffer_5km:1159,osm:1851700230,osm:1851700231,314746353,4310.495346116186,,,track,,,,,,,,,,,,,,,,,,True,True,False,surface_unknown,1,1
buffer_5km:1160,osm:1851700230,osm:8039964424,563359010,772.5656672719084,,,track,,,,,,,,,,,,,,,,,,True,True,False,surface_unknown,1,1
buffer_5km:1161,osm:1851700230,osm:8040008529,563359010,1366.3082293673006,,,track,,,,,,,,,,,,,,,,,,True,True,False,surface_unknown,1,1
buffer_5km:1162,osm:1851700231,osm:3207903978,314746353,2376.1989878570334,,,track,,,,,,,,,,,,,,,,,,True,True,False,surface_unknown,4,1
buffer_5km:1163,osm:1851700231,osm:8040008540,563359009,1654.4770289757173,,,track,,,,,,,,,,,,,,,,,,True,True,False,surface_unknown,2,1
buffer_5km:1164,osm:1851941824,osm:3786010215,174522455,980.1876606396571,,,track,ground,grade3,,,,,,private,,,,,,,,,,True,True,True,earth_sand,5,1
buffer_5km:1165,osm:1851941824,osm:3786247522,174522455,1005.2832269522984,,,track,ground,grade3,,,,,,private,,,,,,,,,,True,True,True,earth_sand,2,1
buffer_5km:1166,osm:1851941824,osm:3786010452,375215849,918.1471619105974,,,track,,grade3,,,,,,private,,,,,,,,,,True,True,True,surface_unknown,15,1
buffer_5km:1167,osm:1851941828,osm:3786247522,174522455,101.19023451741313,,,track,ground,grade3,,,,,,private,,,,,,,,,,True,True,True,earth_sand,1,1
buffer_5km:1168,osm:1851941828,osm:1851941843,174522455,1157.9135889367124,,,track,ground,grade3,,,,,,private,,,,,,,,,,True,True,True,earth_sand,10,1
buffer_5km:1169,osm:1851941828,osm:3786247786,375239410,759.7833980404872,,,track,,grade3,,,,,,private,,,,,,,,,,True,True,True,surface_unknown,7,1
buffer_5km:1170,osm:1851941843,osm:3786310185,174522455,718.2877441788308,,,track,ground,grade3,,,,,,private,,,,,,,,,,True,True,True,earth_sand,7,1
buffer_5km:1171,osm:1851941843,osm:3786247791,375213517,384.16350216573807,,,track,,grade3,,,,,,private,,,,,,,,,,True,True,True,surface_unknown,5,1
buffer_5km:1172,osm:1851941843,osm:3786247786,375213517,704.4538928565929,,,track,,grade3,,,,,,private,,,,,,,,,,True,True,True,surface_unknown,6,1
buffer_5km:1173,osm:1851941930,osm:3787476532,174522454,2.773548236568071,,,track,,grade3,,,,,,private,,,,,,,,,,True,True,True,surface_unknown,1,1
buffer_5km:1174,osm:1851941973,osm:3787476553,174522453,14.138838125546663,,,track,,grade3,,,,,,private,,,,,,,,,,True,True,True,surface_unknown,2,1
buffer_5km:1175,osm:1851941973,osm:1851941973,174522453,74.29799931918714,,,track,,grade3,,,,,,private,,,,,,,,,,True,True,True,surface_unknown,5,1
buffer_5km:1176,osm:1851941981,osm:3787476544,174522454,145.64510149782464,,,track,,grade3,,,,,,private,,,,,,,,,,True,True,True,surface_unknown,4,1
buffer_5km:1177,osm:1851941981,osm:3786310697,174522455,187.61616306811328,,,track,ground,grade3,,,,,,private,,,,,,,,,,True,True,True,earth_sand,2,1
buffer_5km:1178,osm:1851941981,osm:1851942013,174522455,92.87114643554523,,,track,ground,grade3,,,,,,private,,,,,,,,,,True,True,True,earth_sand,1,1
buffer_5km:1179,osm:1851941987,osm:1851942017,174522453,68.61833357796594,,,track,,grade3,,,,,,private,,,,,,,,,,True,True,True,surface_unknown,3,1
buffer_5km:1180,osm:1851942013,osm:1851942021,174522455,85.95179301517783,,,track,ground,grade3,,,,,,private,,,,,,,,,,True,True,True,earth_sand,2,1
buffer_5km:1181,osm:1851942013,osm:3787476715,375375945,56.46941767518092,,,track,,grade3,,,,,,private,,,,,,,,,,True,True,True,surface_unknown,2,1
buffer_5km:1182,osm:1851942017,osm:1851942018,174522453,23.660356694377015,,,track,,grade3,,,,,,private,,,,,,,,,,True,True,True,surface_unknown,1,1
buffer_5km:1183,osm:1851942017,osm:3787476735,375375921,16.80405639709835,,,track,,grade3,,,,,,private,,,,,,,,,,True,True,True,surface_unknown,2,1
buffer_5km:1184,osm:1851942018,osm:1851942021,174522453,355.94615603584236,,,track,,grade3,,,,,,private,,,,,,,,,,True,True,True,surface_unknown,21,1
buffer_5km:1185,osm:1851942018,osm:3787476715,375375927,76.03254500107016,,,track,,grade3,,,,,,private,,,,,,,,,,True,True,True,surface_unknown,2,1
buffer_5km:1186,osm:1851942021,osm:3786310720,174522455,132.0212279125275,,,track,ground,grade3,,,,,,private,,,,,,,,,,True,True,True,earth_sand,4,1
buffer_5km:1187,osm:1851942119,osm:3787555941,174522455,1035.1905333915015,,,track,ground,grade3,,,,,,private,,,,,,,,,,True,True,True,earth_sand,14,1
buffer_5km:1188,osm:1851942119,osm:3787654056,174522455,5.0398832490250465,,,track,ground,grade3,,,,,,private,,,,,,,,,,True,True,True,earth_sand,1,1
buffer_5km:1189,osm:1851942119,osm:3787477437,375375938,1178.0412743531763,,,track,,grade3,,,,,,private,,,,,,,,,,True,True,True,surface_unknown,22,1
buffer_5km:1190,osm:1851942235,osm:3787654575,174522455,45.724449196027074,,,track,ground,grade3,,,,,,private,,,,,,,,,,True,True,True,earth_sand,1,1
buffer_5km:1191,osm:1851942235,osm:5349441689,554300263,40.36861934500129,,,service,,,,,,,,,,,,,,,,,,True,True,False,surface_unknown,4,1
buffer_5km:1192,osm:1851942235,osm:1851942239,554300267,141.37936404897118,,,service,ground,grade3,,,,,,private,,,,,,,,,,True,True,True,earth_sand,2,1
buffer_5km:1193,osm:1851942239,osm:3746267469,370968837,350.29520083925314,,,track,,grade3,,,,,,private,,,,,,,,,,True,True,True,surface_unknown,10,1
buffer_5km:1194,osm:1851942239,osm:3746267469,554300267,331.22180454421215,,,service,ground,grade3,,,,,,private,,,,,,,,,,True,True,True,earth_sand,1,1
buffer_5km:1195,osm:1851942240,osm:4445637412,447436097,576.0148995820816,,C35,primary,asphalt,,,,120,,,,,,,,,,,,,True,True,False,paved,2,1
buffer_5km:1196,osm:1851942240,osm:3789112489,554300267,20.070346539533762,,,service,ground,grade3,,,,,,private,,,,,,,,,,True,True,True,earth_sand,1,1
buffer_5km:1197,osm:1851942240,osm:3746267470,554300268,27.40677404497924,,,service,unpaved,grade3,,,,,,,,,,,,,,,,True,True,False,other_unpaved,1,1
buffer_5km:1198,osm:1851942241,osm:3792491653,442931352,694.9406358223767,,C35,primary,asphalt,,,,120,,,,,,,,,,,,,True,True,False,paved,11,1
buffer_5km:1199,osm:1851942241,osm:3744215089,442931352,1588.1680317330197,,C35,primary,asphalt,,,,120,,,,,,,,,,,,,True,True,False,paved,12,1
buffer_5km:1200,osm:1851942241,osm:4392184641,1091324390,433.632870266997,,,service,gravel,grade3,,,,no,,private,,,,,,,,,,True,True,True,gravel,8,1
buffer_5km:1201,osm:1851942274,osm:1851942280,174522452,18.333303689721188,,,track,ground,grade3,,,,no,,private,,,,,,,,,,True,True,True,earth_sand,1,1
buffer_5km:1202,osm:1851942274,osm:2333046834,1091324390,219.93559834990114,,,service,gravel,grade3,,,,no,,private,,,,,,,,,,True,True,True,gravel,8,1
buffer_5km:1203,osm:1851942280,osm:4392184709,174522452,81.2850583343643,,,track,ground,grade3,,,,no,,private,,,,,,,,,,True,True,True,earth_sand,5,1
buffer_5km:1204,osm:1851942280,osm:4406672729,421546009,77.14908659408974,,,track,unpaved,grade3,,,,,,,,,,,,,,,,True,True,False,other_unpaved,2,1
buffer_5km:1205,osm:1861835419,osm:1861835426,175619628,13.566580938358621,,,service,,,,,,,,,,,,,,,,,,True,True,False,surface_unknown,1,1
buffer_5km:1206,osm:1861835425,osm:1861835426,175619615,20.74210083671008,,,service,,,,,,,,,,,,,,,,,,True,True,False,surface_unknown,2,1
buffer_5km:1207,osm:1861835426,osm:1861835452,175619628,53.98999009609828,,,service,,,,,,,,,,,,,,,,,,True,True,False,surface_unknown,4,1
buffer_5km:1208,osm:1861835440,osm:1861835452,83949719,24.62620560429389,,,service,,,,,,,,,,,,,,,,,,True,True,False,surface_unknown,1,1
buffer_5km:1209,osm:1861835452,osm:1861835507,83949719,65.10823372302062,,,service,,,,,,,,,,,,,,,,,,True,True,False,surface_unknown,6,1
buffer_5km:1210,osm:1861835460,osm:1861835495,175619620,40.2021253050232,,,service,,,,,,,,,,,,,,,,,,True,True,False,surface_unknown,4,1
buffer_5km:1211,osm:1861835461,osm:1861835494,175619622,29.179057272007274,,,service,,,,,,,,,,,,,,,,,,True,True,False,surface_unknown,2,1
buffer_5km:1212,osm:1861835481,osm:1861835494,175619617,26.15121499915223,,,service,,,,,,,,,,,,,,,,,,True,True,False,surface_unknown,2,1
buffer_5km:1213,osm:1861835494,osm:1861835506,175619622,11.20516967874416,,,service,,,,,,,,,,,,,,,,,,True,True,False,surface_unknown,1,1
buffer_5km:1214,osm:1861835495,osm:1861835507,175619620,25.19494672376044,,,service,,,,,,,,,,,,,,,,,,True,True,False,surface_unknown,1,1
buffer_5km:1215,osm:1861835495,osm:1861835504,175619625,16.86958998953987,,,service,,,,,,,,,,,,,,,,,,True,True,False,surface_unknown,3,1
buffer_5km:1216,osm:1861835500,osm:1861835504,175619632,11.135051704860587,,,service,,,,,,,,,,,,,,,,,,True,True,False,surface_unknown,1,1
buffer_5km:1217,osm:1861835504,osm:1861835509,175619625,3.9638434140032777,,,service,,,,,,,,,,,,,,,,,,True,True,False,surface_unknown,1,1
buffer_5km:1218,osm:1861835506,osm:1861835511,175619610,11.245490180973105,,,service,,,,,,,,,,,,,,,,,,True,True,False,surface_unknown,1,1
buffer_5km:1219,osm:1861835506,osm:1861835509,175619622,30.413822521539934,,,service,,,,,,,,,,,,,,,,,,True,True,False,surface_unknown,2,1
buffer_5km:1220,osm:1861835507,osm:1861835649,83949719,77.36449369582954,,,service,,,,,,,,,,,,,,,,,,True,True,False,surface_unknown,6,1
buffer_5km:1221,osm:1861835509,osm:1861835542,175619625,17.02692441313295,,,service,,,,,,,,,,,,,,,,,,True,True,False,surface_unknown,1,1
buffer_5km:1222,osm:1861835574,osm:1861835577,175619631,23.587530373714085,,,service,,,,,,,,,,,,,,,,,,True,True,False,surface_unknown,3,1
buffer_5km:1223,osm:1861835577,osm:1861835607,175619621,15.807458252883878,,,service,,,,,,,,,,,,,,,,,,True,True,False,surface_unknown,3,1
buffer_5km:1224,osm:1861835577,osm:1861835633,175619631,37.079939506527666,,,service,,,,,,,,,,,,,,,,,,True,True,False,surface_unknown,6,1
buffer_5km:1225,osm:1861835633,osm:1861835647,175619624,49.65422639018001,,,service,,,,,,,,,,,,,,,,,,True,True,False,surface_unknown,6,1
buffer_5km:1226,osm:1861835633,osm:1861835667,175619624,12.337774030987381,,,service,,,,,,,,,,,,,,,,,,True,True,False,surface_unknown,2,1
buffer_5km:1227,osm:1861835647,osm:1861835649,175619614,13.266655329815753,,,service,,,,,,,,,,,,,,,,,,True,True,False,surface_unknown,1,1
buffer_5km:1228,osm:1861835647,osm:1861835659,175619614,16.722041911174717,,,service,,,,,,,,,,,,,,,,,,True,True,False,surface_unknown,1,1
buffer_5km:1229,osm:1861835649,osm:976987243,83949719,73.94385466525338,,,service,,,,,,,,,,,,,,,,,,True,True,False,surface_unknown,6,1
buffer_5km:1230,osm:1861835653,osm:1861835696,83949720,29.418531011844355,,,service,,,,,,,,,,,,,,,,,,True,True,False,surface_unknown,3,1
buffer_5km:1231,osm:1861835673,osm:1861835698,175619618,23.57811838439344,,,service,,,,,,,,,,,,,,,,,,True,True,False,surface_unknown,2,1
buffer_5km:1232,osm:1861835696,osm:1861835698,83949720,16.060943630077873,,,service,,,,,,,,,,,,,,,,,,True,True,False,surface_unknown,2,1
buffer_5km:1233,osm:1861835696,osm:1861835707,175619613,15.491065294195487,,,service,,,,,,,,,,,,,,,,,,True,True,False,surface_unknown,2,1
buffer_5km:1234,osm:1861835698,osm:1861835702,83949720,5.555234306403916,,,service,,,,,,,,,,,,,,,,,,True,True,False,surface_unknown,1,1
buffer_5km:1235,osm:1861835702,osm:976987202,83949720,36.0207491876464,,,service,,,,,,,,,,,,,,,,,,True,True,False,surface_unknown,2,1
buffer_5km:1236,osm:1861835702,osm:1861835741,175619616,16.19544671269957,,,service,,,,,,,,,,,,,,,,,,True,True,False,surface_unknown,2,1
buffer_5km:1237,osm:1861835766,osm:1861835766,175619612,34.58230619286495,,,service,,,,,,,,,,,,,,,,,,True,True,False,surface_unknown,6,1
buffer_5km:1238,osm:1861835766,osm:1861835801,175619612,60.353298185375166,,,service,,,,,,,,,,,,,,,,,,True,True,False,surface_unknown,5,1
buffer_5km:1239,osm:1861835801,osm:976987137,83949722,44.14541659442921,,,unclassified,gravel,,,,,,,,,,,,,,,,,True,True,False,gravel,1,1
buffer_5km:1240,osm:1861835801,osm:1861835825,175619612,19.21799339892578,,,service,,,,,,,,,,,,,,,,,,True,True,False,surface_unknown,1,1
buffer_5km:1241,osm:1861835823,osm:1861835888,175619619,41.376216317565905,,,service,,,,,,,,,,,,,,,,,,True,True,False,surface_unknown,4,1
buffer_5km:1242,osm:1861835823,osm:976987137,175619623,32.429355895995236,,,service,,,,,,,,,,,,,,,,,,True,True,False,surface_unknown,1,1
buffer_5km:1243,osm:1861835823,osm:1861835945,175619623,87.18173338837933,,,service,,,,,,,,,,,,,,,,,,True,True,False,surface_unknown,11,1
buffer_5km:1244,osm:1861835825,osm:1861835842,175619611,6.511588308306571,,,service,,,,,,,,,,,,,,,,,,True,True,False,surface_unknown,1,1
buffer_5km:1245,osm:1861835825,osm:1861835913,175619612,61.20807135651047,,,service,,,,,,,,,,,,,,,,,,True,True,False,surface_unknown,7,1
buffer_5km:1246,osm:1861835913,osm:1861835989,175619612,33.57154985356197,,,service,,,,,,,,,,,,,,,,,,True,True,False,surface_unknown,3,1
buffer_5km:1247,osm:1861835913,osm:1861835947,175619630,12.61024135903269,,,service,,,,,,,,,,,,,,,,,,True,True,False,surface_unknown,2,1
buffer_5km:1248,osm:1861835913,osm:1861835989,175619630,44.422514325795866,,,service,,,,,,,,,,,,,,,,,,True,True,False,surface_unknown,8,1
buffer_5km:1249,osm:1861836056,osm:1861836090,175619629,38.99923529151524,,,unclassified,,grade3,,,,,,,,,,,,,,,,True,True,False,surface_unknown,1,6
buffer_5km:1250,osm:1861836090,osm:1861836093,175619627,206.27020806072872,,,track,,grade3,,,,,,,,,,,,,,,,True,True,False,surface_unknown,6,6
buffer_5km:1251,osm:1861836090,osm:1861836153,175619629,929.6974459015682,,,unclassified,,grade3,,,,,,,,,,,,,,,,True,True,False,surface_unknown,12,6
buffer_5km:1252,osm:1865706750,osm:1865706762,176011135,23.188078357769253,,,service,,,,,,,,,,,,,,,,,,True,True,False,surface_unknown,2,1
buffer_5km:1253,osm:1865706754,osm:1865706762,176011138,6.8507150725758725,,,service,,,,,,,,,,,,,,,,,,True,True,False,surface_unknown,1,1
buffer_5km:1254,osm:1865706762,osm:1865706786,176011138,33.14504000249414,,,service,,,,,,,,,,,,,,,,,,True,True,False,surface_unknown,5,1
buffer_5km:1255,osm:1865706772,osm:1865706786,83949727,17.225486095648595,,,service,,,,,,,,,,,,,,,,,,True,True,False,surface_unknown,1,1
buffer_5km:1256,osm:1865706786,osm:1865706853,83949727,37.10051852895224,,,service,,,,,,,,,,,,,,,,,,True,True,False,surface_unknown,1,1
buffer_5km:1257,osm:1865706822,osm:1865706853,176011136,28.372977901705923,,,service,,,,,,,,,,,,,,,,,,True,True,False,surface_unknown,2,1
buffer_5km:1258,osm:1865706853,osm:1865706869,83949727,8.376684804089242,,,service,,,,,,,,,,,,,,,,,,True,True,False,surface_unknown,2,1
buffer_5km:1259,osm:1865706869,osm:1865706882,83949727,18.856978235162902,,,service,,,,,,,,,,,,,,,,,,True,True,False,surface_unknown,1,1
buffer_5km:1260,osm:1865706869,osm:1865706882,176011137,51.33769331424557,,,service,,,,,,,,,,,,,,,,,,True,True,False,surface_unknown,6,1
buffer_5km:1261,osm:1865706882,osm:976987457,83949727,61.618985227180794,,,service,,,,,,,,,,,,,,,,,,True,True,False,surface_unknown,6,1
buffer_5km:1262,osm:1865740896,osm:309234846,562127317,2553.006814488948,,,unclassified,gravel,,,,,,,private,,,,,,,,,,True,True,True,gravel,34,1
buffer_5km:1263,osm:1865741035,osm:1865741087,176015295,995.2564510852766,,,unclassified,gravel,grade3,,,,,,private,,,,,,,,,,True,True,True,gravel,32,1
buffer_5km:1264,osm:1865741035,osm:1865741087,1225169876,1209.464041749553,,,track,,,,,,,,,,,,,,,,,,True,True,False,surface_unknown,25,1
buffer_5km:1265,osm:1865741098,osm:1865741135,1516213025,24.09723553174917,,,unclassified,gravel,grade3,,,,,,private,,,,,,,,,,True,True,True,gravel,3,1
buffer_5km:1266,osm:1865741098,osm:1865741135,1516213026,62.28444081033567,,,unclassified,gravel,grade3,,,,,,private,,,,,,,,,,True,True,True,gravel,10,1
buffer_5km:1267,osm:1865741125,osm:1865741158,176015293,86.03110411456936,,,service,,,,,,,,,,,,,,,,,,True,True,False,surface_unknown,4,1
buffer_5km:1268,osm:1865741125,osm:1865741135,176015295,48.478145810980486,,,unclassified,gravel,grade3,,,,,,private,,,,,,,,,,True,True,True,gravel,4,1
buffer_5km:1269,osm:1866004272,osm:1866004334,176038637,366.1908345742914,,,track,,grade3,,,,,,,,,,,,,,,,True,True,False,surface_unknown,19,1
buffer_5km:1270,osm:1866004272,osm:5419796139,460622498,775.6296498353303,,,residential,gravel,grade2,,,,,,private,,,,,,,,,,True,True,True,gravel,4,1
buffer_5km:1271,osm:1866004294,osm:1866004413,176038635,145.44794343422535,,,track,ground,,,,,,,,,,,,,,,,,True,True,False,earth_sand,7,1
buffer_5km:1272,osm:1866004294,osm:2483533949,562127317,134.96057674354938,,,unclassified,gravel,,,,,,,private,,,,,,,,,,True,True,True,gravel,4,1
buffer_5km:1273,osm:1866004294,osm:309235151,562127317,70.88948403565072,,,unclassified,gravel,,,,,,,private,,,,,,,,,,True,True,True,gravel,3,1
buffer_5km:1274,osm:1866004318,osm:1866004334,562127317,60.51787627734204,,,unclassified,gravel,,,,,,,private,,,,,,,,,,True,True,True,gravel,4,1
buffer_5km:1275,osm:1866004334,osm:309235134,562127317,317.9310738558974,,,unclassified,gravel,,,,,,,private,,,,,,,,,,True,True,True,gravel,9,1
buffer_5km:1276,osm:1866004413,osm:309235134,176038633,125.98994582545163,,,track,ground,,,,,,,,,,,,,,,,,True,True,False,earth_sand,9,1
buffer_5km:1277,osm:1866004413,osm:309235151,176038635,65.51371539001187,,,track,ground,,,,,,,,,,,,,,,,,True,True,False,earth_sand,4,1
buffer_5km:1278,osm:1866218977,osm:1866218981,114143689,449.2281203384004,,,track,gravel,,,,,,,private,,,,,,,,,,True,True,True,gravel,21,1
buffer_5km:1279,osm:1866218977,osm:1866218981,114143689,136.90476747691346,,,track,gravel,,,,,,,private,,,,,,,,,,True,True,True,gravel,4,1
buffer_5km:1280,osm:1866218977,osm:5419595837,562137676,369.5406212763366,,,track,ground,grade3,,,,,,,,,,,,,,,,True,True,False,earth_sand,15,1
buffer_5km:1281,osm:1866218981,osm:5419595856,114143689,1000.0910745443562,,,track,gravel,,,,,,,private,,,,,,,,,,True,True,True,gravel,6,1
buffer_5km:1282,osm:1866219378,osm:2483533944,460622498,4530.7134959511695,,,residential,gravel,grade2,,,,,,private,,,,,,,,,,True,True,True,gravel,17,1
buffer_5km:1283,osm:1866219378,osm:5419589844,460622498,23.312981425030305,,,residential,gravel,grade2,,,,,,private,,,,,,,,,,True,True,True,gravel,1,1
buffer_5km:1284,osm:1866219378,osm:5419589846,562137252,25.897814803408075,,,track,ground,grade2,,,,,,,,,,,,,,,,True,True,False,earth_sand,3,1
buffer_5km:1285,osm:1866219378,osm:5419812021,562169288,208.11699765933844,,,track,ground,grade4,,,,,,,,,,,,,,,,True,True,False,earth_sand,13,1
buffer_5km:1286,osm:1867772228,osm:1867772288,176232287,216.01229654102534,,,unclassified,,,,,,,,,,,,,,,,,,True,True,False,surface_unknown,9,1
buffer_5km:1287,osm:1867772288,osm:1867772295,224458723,9.043761607732922,,C38,primary,asphalt,,,,60,no,,yes,,,,,,,,,,True,True,False,paved,1,1
buffer_5km:1288,osm:1867772295,osm:2340324630,176232289,53.38971608846927,,,unclassified,,,,,,,,,,,,,,,,,,True,True,False,surface_unknown,3,1
buffer_5km:1289,osm:1867772329,osm:2340324633,225220120,20.151664439904383,,,service,,,,,,,,,,,,,,,,,,True,True,False,surface_unknown,1,1
buffer_5km:1290,osm:2027069844,osm:5423484185,23950014,160.355055811782,,,unclassified,ground,grade4,,,,,,forestry,,,,,,,,,,True,True,True,earth_sand,4,1
buffer_5km:1291,osm:2027069844,osm:5423484136,562592437,232.99457296404958,,,track,,,,,,,,,,,,,,,,,,True,True,False,surface_unknown,2,1
buffer_5km:1292,osm:2244852625,osm:2244852625,215064876,281.8421422018294,,,service,,,,,,yes,,,,,,,,,,,,True,False,False,surface_unknown,25,1
buffer_5km:1293,osm:2244852625,osm:2333161259,215064877,391.02306027883907,,,service,,,,,,,,,,,,,,,,,,True,True,False,surface_unknown,14,1
buffer_5km:1294,osm:2244852626,osm:2333161259,215064877,22.082560473726325,,,service,,,,,,,,,,,,,,,,,,True,True,False,surface_unknown,2,1
buffer_5km:1295,osm:2244852626,osm:2332807779,224458829,3060.6453646748523,,,tertiary,gravel,,,,60,,,,,,,,,,,,,True,True,False,gravel,6,1
buffer_5km:1296,osm:2244855906,osm:2244855917,215065183,564.8170163236241,,,service,dirt,,,,,,,,,,,,,,,,,True,True,False,earth_sand,23,1
buffer_5km:1297,osm:2244855906,osm:2244873747,215067203,169.5519561955268,,,service,,,,,,,,,private,,,,,,,,,True,True,False,surface_unknown,18,1
buffer_5km:1298,osm:2244855917,osm:2332808141,224458829,868.5073655208463,,,tertiary,gravel,,,,60,,,,,,,,,,,,,True,True,False,gravel,1,1
buffer_5km:1299,osm:2244873743,osm:6535582087,224495474,160.53603405867597,,,service,,,,,10,,,private,,,,,,,,,,True,True,True,surface_unknown,22,1
buffer_5km:1300,osm:2244873743,osm:2244873846,941880706,14.21417953266327,,,service,,,,,,yes,,,private,,,,,,,,,False,True,False,surface_unknown,4,1
buffer_5km:1301,osm:2244873743,osm:2244873752,941880706,16.6186926347531,,,service,,,,,,yes,,,private,,,,,,,,,True,False,False,surface_unknown,3,1
buffer_5km:1302,osm:2244873747,osm:2244873752,215067194,13.454166474682212,,,service,,,,,,yes,,,private,,,,,,,,,False,True,False,surface_unknown,2,1
buffer_5km:1303,osm:2244873747,osm:2244873846,215067194,22.733435621300135,,,service,,,,,,yes,,,private,,,,,,,,,True,False,False,surface_unknown,4,1
buffer_5km:1304,osm:2244873771,osm:6535582087,695999584,41.586907548261806,,,service,,,,,10,,,,private,,,,,,,,,True,True,False,surface_unknown,6,1
buffer_5km:1305,osm:2289297955,osm:288500124,813526091,68.27801215244631,,,unclassified,gravel,grade2,,,,no,,,,,,,,,,,,True,True,False,gravel,2,1
buffer_5km:1306,osm:2289302989,osm:2289302990,219799687,119.5758264464795,,,track,,,,,,,,,,,,,,,,,,True,True,False,surface_unknown,4,1
buffer_5km:1307,osm:2332806277,osm:3260107155,224458719,36.888284037548225,,C38,primary,asphalt,,,,120,,,,,,,,,,,,,True,True,False,paved,2,1
buffer_5km:1308,osm:2332806277,osm:4350860500,224458723,9.30121018721029,,C38,primary,asphalt,,,,60,no,,yes,,,,,,,,,,True,True,False,paved,1,1
buffer_5km:1309,osm:2332806282,osm:2332808507,224458912,32.01699573706088,,,unclassified,gravel,grade2,,,,yes,,,,yes,,,,,,,,False,True,False,gravel,4,1
buffer_5km:1310,osm:2332806282,osm:5417841422,561936250,35.22452042521201,,,unclassified,gravel,,,,,yes,,,,,,,,,,,,True,False,False,gravel,7,1
buffer_5km:1311,osm:2332806384,osm:2334246587,224621794,20183.655464228927,,,track,dirt,grade3,,,,,,forestry,,,,,,,,,,True,True,True,earth_sand,14,1
buffer_5km:1312,osm:2332806384,osm:2334298555,224621794,13050.20235934817,,,track,dirt,grade3,,,,,,forestry,,,,,,,,,,True,True,True,earth_sand,16,1
buffer_5km:1313,osm:2332806384,osm:2332806388,562931039,18291.405718591894,,,track,ground,grade5,,,,,,forestry,,,,,,,,,,True,True,True,earth_sand,3,1
buffer_5km:1314,osm:2332806384,osm:259616868,562931039,20020.494747924567,,,track,ground,grade5,,,,,,forestry,,,,,,,,,,True,True,True,earth_sand,2,1
buffer_5km:1315,osm:2332806388,osm:2334246694,224621785,19408.982123221333,,,track,dirt,grade3,,,,,,forestry,,,,,,,,,,True,True,True,earth_sand,13,1
buffer_5km:1316,osm:2332806388,osm:2334298840,224621785,11164.556870282957,,,track,dirt,grade3,,,,,,forestry,,,,,,,,,,True,True,True,earth_sand,11,1
buffer_5km:1317,osm:2332806388,osm:2332806403,562931039,20177.961577598362,,,track,ground,grade5,,,,,,forestry,,,,,,,,,,True,True,True,earth_sand,8,1
buffer_5km:1318,osm:2332806403,osm:2334246175,224621774,4053.7142682678564,,,track,dirt,grade3,,,,,,forestry,,,,,,,,,,True,True,True,earth_sand,2,1
buffer_5km:1319,osm:2332806403,osm:2334246618,224621774,18165.968324157126,,,track,dirt,grade3,,,,,,forestry,,,,,,,,,,True,True,True,earth_sand,18,1
buffer_5km:1320,osm:2332806403,osm:2334246280,562931039,24163.170291358485,,,track,ground,grade5,,,,,,forestry,,,,,,,,,,True,True,True,earth_sand,5,1
buffer_5km:1321,osm:2332806406,osm:288500381,26332633,706.3259541889952,,,unclassified,gravel,,,,30,no,,,,,,,,,,,,True,True,False,gravel,24,1
buffer_5km:1322,osm:2332806406,osm:288500333,26332633,185.75085379671177,,,unclassified,gravel,,,,30,no,,,,,,,,,,,,True,True,False,gravel,6,1
buffer_5km:1323,osm:2332806406,osm:288499463,1307652522,837.9079863323934,Reichsvogel Trail (3.2km),,track,,,,,,,,,,,,,,,,,,True,True,False,surface_unknown,43,1
buffer_5km:1324,osm:2332806406,osm:288499969,1307652522,128.78435628510803,Reichsvogel Trail (3.2km),,track,,,,,,,,,,,,,,,,,,True,True,False,surface_unknown,6,1
buffer_5km:1325,osm:2332806413,osm:2332806420,224458818,60.653578728506965,,,track,,,,,,,,forestry,,,,,,,,,,True,True,True,surface_unknown,2,1
buffer_5km:1326,osm:2332806413,osm:2332806418,562931039,1133.8934043303054,,,track,ground,grade5,,,,,,forestry,,,,,,,,,,True,True,True,earth_sand,6,1
buffer_5km:1327,osm:2332806413,osm:2334246291,562931039,3.2398761676038386,,,track,ground,grade5,,,,,,forestry,,,,,,,,,,True,True,True,earth_sand,1,1
buffer_5km:1328,osm:2332806418,osm:2332806438,224458930,93.83869486710512,,,track,,,,,,,,,,,,,,,,,,True,True,False,surface_unknown,4,1
buffer_5km:1329,osm:2332806418,osm:9888495446,562931039,1734.1771396632248,,,track,ground,grade5,,,,,,forestry,,,,,,,,,,True,True,True,earth_sand,7,1
buffer_5km:1330,osm:2332806420,osm:2332807344,224458818,17361.68705025745,,,track,,,,,,,,forestry,,,,,,,,,,True,True,True,surface_unknown,113,1
buffer_5km:1331,osm:2332806420,osm:2332806445,224621800,254.60436056295583,,,track,gravel,,,,,,,forestry,,,,,,,,,,True,True,True,gravel,4,1
buffer_5km:1332,osm:2332806420,osm:2334246293,224621800,88.6730131807528,,,track,gravel,,,,,,,forestry,,,,,,,,,,True,True,True,gravel,3,1
buffer_5km:1333,osm:2332806443,osm:2332806445,224458877,11.069304773186857,,,track,,,,,,,,,,,,,,,,,,True,True,False,surface_unknown,1,1
buffer_5km:1334,osm:2332806445,osm:2334246318,224621800,5881.896326497938,,,track,gravel,,,,,,,forestry,,,,,,,,,,True,True,True,gravel,13,1
buffer_5km:1335,osm:2332806580,osm:2334246383,224621788,25.544736884390375,,,service,,,,,,,,,,,,,,,,,,True,True,False,surface_unknown,4,1
buffer_5km:1336,osm:2332806580,osm:2334246381,224621800,27.314666780780698,,,track,gravel,,,,,,,forestry,,,,,,,,,,True,True,True,gravel,1,1
buffer_5km:1337,osm:2332806580,osm:2334246372,224621800,91.04442205383198,,,track,gravel,,,,,,,forestry,,,,,,,,,,True,True,True,gravel,1,1
buffer_5km:1338,osm:2332806684,osm:5418213419,561985196,4281.498092492801,,,unclassified,gravel,,,,,,,forestry,,,,,,,,,,True,True,True,gravel,88,1
buffer_5km:1339,osm:2332806684,osm:9888495446,562930239,14949.53691427148,,,unclassified,gravel,,,,,,,forestry,,,,,,,,,,True,True,True,gravel,8,1
buffer_5km:1340,osm:2332806823,osm:2332806831,224458936,49.537997059760414,,,track,,,,,,,,,,,,,,,,,,True,True,False,surface_unknown,4,1
buffer_5km:1341,osm:2332806823,osm:2332806828,224458946,52.016823584266774,,,unclassified,gravel,,,,,,,forestry,,,,,,,,,,True,True,True,gravel,1,1
buffer_5km:1342,osm:2332806823,osm:3208311208,224458946,4518.771247645491,,,unclassified,gravel,,,,,,,forestry,,,,,,,,,,True,True,True,gravel,2,1
buffer_5km:1343,osm:2332806828,osm:2332806831,224458880,60.17946510086941,,,track,,,,,,,,,,,,,,,,,,True,True,False,surface_unknown,3,1
buffer_5km:1344,osm:2332806828,osm:2332807983,224458946,10317.529843693785,,,unclassified,gravel,,,,,,,forestry,,,,,,,,,,True,True,True,gravel,3,1
buffer_5km:1345,osm:2332806831,osm:2332807779,224458822,4267.659876844956,,,track,,,,,,,,forestry,,,,,,,,,,True,True,True,surface_unknown,123,1
buffer_5km:1346,osm:2332806849,osm:2332806854,224458891,49.55451050235211,,,track,,grade2,,,,,,forestry,,,,,,,,,,True,True,True,surface_unknown,3,1
buffer_5km:1347,osm:2332806849,osm:2332806858,224621800,68.6839066307489,,,track,gravel,,,,,,,forestry,,,,,,,,,,True,True,True,gravel,1,1
buffer_5km:1348,osm:2332806849,osm:2334246381,224621800,10104.45505223665,,,track,gravel,,,,,,,forestry,,,,,,,,,,True,True,True,gravel,58,1
buffer_5km:1349,osm:2332806854,osm:2332806858,224458938,51.218208780896425,,,tertiary,gravel,grade2,,,60,,,,,,,,,,,,,True,True,False,gravel,3,1
buffer_5km:1350,osm:2332806854,osm:2332806929,224458938,890.3965931179706,,,tertiary,gravel,grade2,,,60,,,,,,,,,,,,,True,True,False,gravel,16,1
buffer_5km:1351,osm:2332806858,osm:2332806868,224458938,35.862261018892816,,,tertiary,gravel,grade2,,,60,,,,,,,,,,,,,True,True,False,gravel,1,1
buffer_5km:1352,osm:2332806868,osm:2332807089,224458829,3045.279664092734,,,tertiary,gravel,,,,60,,,,,,,,,,,,,True,True,False,gravel,19,1
buffer_5km:1353,osm:2332806929,osm:2332807344,224458938,13166.675624741221,,,tertiary,gravel,grade2,,,60,,,,,,,,,,,,,True,True,False,gravel,83,1
buffer_5km:1354,osm:2332806929,osm:2332807044,1184672827,194.26066799100894,,,service,,,,,,,,,,yes,,,,,,,,True,True,False,surface_unknown,6,1
buffer_5km:1355,osm:2332806949,osm:2332807487,224458708,1877.0965091949304,,C35,primary,asphalt,,,,120,,,,,,,,,,,,,True,True,False,paved,3,1
buffer_5km:1356,osm:2332806949,osm:2332807153,224458904,1334.0087512622379,,,track,,,,,,,,,,,,,,,,,,True,True,False,surface_unknown,42,1
buffer_5km:1357,osm:2332807018,osm:2332807089,224458837,81.14055471881898,,,service,,,,,,,,,,yes,,,,,,,,True,True,False,surface_unknown,2,1
buffer_5km:1358,osm:2332807018,osm:2332807018,561950847,260.5223125377082,,,service,,,,,,yes,,,,yes,,,,,,,,True,False,False,surface_unknown,22,1
buffer_5km:1359,osm:2332807044,osm:2332807044,224458842,280.0087872837856,,,service,,,,,,yes,,,,yes,,,,,,,,True,False,False,surface_unknown,21,1
buffer_5km:1360,osm:2332807089,osm:2332807779,224458829,10146.850696695805,,,tertiary,gravel,,,,60,,,,,,,,,,,,,True,True,False,gravel,92,1
buffer_5km:1361,osm:2332807279,osm:2332807326,224458938,529.6426779106964,,,tertiary,gravel,grade2,,,60,,,,,,,,,,,,,True,True,False,gravel,10,1
buffer_5km:1362,osm:2332807279,osm:2332807454,224458938,7729.987032887042,,,tertiary,gravel,grade2,,,60,,,,,,,,,,,,,True,True,False,gravel,52,1
buffer_5km:1363,osm:2332807279,osm:4549506870,459028973,105.39193313827792,,,track,,,,,,,,forestry,,,,,,,,,,True,True,True,surface_unknown,4,1
buffer_5km:1364,osm:2332807326,osm:2332807345,224458938,76.51539677675163,,,tertiary,gravel,grade2,,,60,,,,,,,,,,,,,True,True,False,gravel,1,1
buffer_5km:1365,osm:2332807326,osm:2332807350,224458948,67.69704913937353,,,service,,,,,,,,,,yes,,,,,,,,True,True,False,surface_unknown,7,1
buffer_5km:1366,osm:2332807344,osm:2332807345,224458938,2528.0201866983434,,,tertiary,gravel,grade2,,,60,,,,,,,,,,,,,True,True,False,gravel,22,1
buffer_5km:1367,osm:2332807345,osm:2332807350,561950849,61.414076599874555,,,service,gravel,,,,,,,,,yes,,,,,,,,True,True,False,gravel,5,1
buffer_5km:1368,osm:2332807350,osm:2332807396,561950849,279.3418080733955,,,service,gravel,,,,,,,,,yes,,,,,,,,True,True,False,gravel,3,1
buffer_5km:1369,osm:2332807396,osm:2332807435,224458862,183.22243641538472,,,service,gravel,,,,,yes,,,,yes,,,,,,,,True,False,False,gravel,10,1
buffer_5km:1370,osm:2332807396,osm:2332807435,224458862,179.96985774475147,,,service,gravel,,,,,yes,,,,yes,,,,,,,,False,True,False,gravel,8,1
buffer_5km:1371,osm:2332807435,osm:4549506872,1184669990,367.5330288958479,,,track,,,,,,,,,,,,,,,,,,True,True,False,surface_unknown,9,1
buffer_5km:1372,osm:2332807454,osm:2332807461,459028149,2200.5928676559624,,,track,gravel,grade2,,,60,,,forestry,,yes,,,,,,,,True,True,True,gravel,16,1
buffer_5km:1373,osm:2332807461,osm:2332807477,224458927,69.10969999379819,,,track,,,,,,,,,,yes,,,,,,,,True,True,False,surface_unknown,4,1
buffer_5km:1374,osm:2332807461,osm:2332807463,459028149,72.0658316643914,,,track,gravel,grade2,,,60,,,forestry,,yes,,,,,,,,True,True,True,gravel,1,1
buffer_5km:1375,osm:2332807463,osm:2332807477,224458856,45.68298908980175,,,track,,,,,,,,,,yes,,,,,,,,True,True,False,surface_unknown,5,1
buffer_5km:1376,osm:2332807463,osm:2332807468,459028149,155.9795998159601,,,track,gravel,grade2,,,60,,,forestry,,yes,,,,,,,,True,True,True,gravel,1,1
buffer_5km:1377,osm:2332807468,osm:4875401618,224458858,590.883906467178,,,track,,,,,,,,forestry,,,,,,,,,,True,True,True,surface_unknown,18,1
buffer_5km:1378,osm:2332807468,osm:4878678651,224458858,48.659114654367556,,,track,,,,,,,,forestry,,,,,,,,,,True,True,True,surface_unknown,3,1
buffer_5km:1379,osm:2332807468,osm:5323204002,459028149,1306.9295824909764,,,track,gravel,grade2,,,60,,,forestry,,yes,,,,,,,,True,True,True,gravel,4,1
buffer_5km:1380,osm:2332807477,osm:2332807485,224458856,44.57441866670014,,,track,,,,,,,,,,yes,,,,,,,,True,True,False,surface_unknown,1,1
buffer_5km:1381,osm:2332807481,osm:5323203994,224458938,114.97563266068326,,,tertiary,gravel,grade2,,,60,,,,,,,,,,,,,True,True,False,gravel,6,1
buffer_5km:1382,osm:2332807481,osm:2758091614,224621786,1692.2310097733196,,,tertiary,gravel,grade2,,,60,,,,,,,,,,,,,True,True,False,gravel,3,1
buffer_5km:1383,osm:2332807481,osm:5323204002,459028149,121.6434455881344,,,track,gravel,grade2,,,60,,,forestry,,yes,,,,,,,,True,True,True,gravel,1,1
buffer_5km:1384,osm:2332807485,osm:2332807485,224458856,145.82386622717075,,,track,,,,,,,,,,yes,,,,,,,,True,True,False,surface_unknown,17,1
buffer_5km:1385,osm:2332807487,osm:2332807790,224458708,1320.7301763953712,,C35,primary,asphalt,,,,120,,,,,,,,,,,,,True,True,False,paved,3,1
buffer_5km:1386,osm:2332807487,osm:2332807790,224458971,1926.0473572279404,,,track,,,,,,,,,,,,,,,,,,True,True,False,surface_unknown,10,1
buffer_5km:1387,osm:2332807578,osm:2332807639,224458938,436.1675539172864,,,tertiary,gravel,grade2,,,60,,,,,,,,,,,,,True,True,False,gravel,16,1
buffer_5km:1388,osm:2332807578,osm:5323203994,224458938,763.9456983079006,,,tertiary,gravel,grade2,,,60,,,,,,,,,,,,,True,True,False,gravel,11,1
buffer_5km:1389,osm:2332807578,osm:2332807680,466981339,303.74464189038366,,,track,,,,,,,,no,,,,,,,,,,True,True,True,surface_unknown,6,1
buffer_5km:1390,osm:2332807603,osm:4875401618,224458858,178.9921866324306,,,track,,,,,,,,forestry,,,,,,,,,,True,True,True,surface_unknown,10,1
buffer_5km:1391,osm:2332807639,osm:2332807672,224458843,204.78208472986418,,,track,,,,,,,,forestry,,,,,,,,,,True,True,True,surface_unknown,9,1
buffer_5km:1392,osm:2332807639,osm:4616775230,224458938,274.0144563028182,,,tertiary,gravel,grade2,,,60,,,,,,,,,,,,,True,True,False,gravel,7,1
buffer_5km:1393,osm:2332807665,osm:2332812654,224458955,24560.476328626508,,,track,dirt,grade3,,,,,,forestry,,,,,,,,,,True,True,True,earth_sand,36,1
buffer_5km:1394,osm:2332807665,osm:2334246587,224621786,275.5227996397902,,,tertiary,gravel,grade2,,,60,,,,,,,,,,,,,True,True,False,gravel,4,1
buffer_5km:1395,osm:2332807672,osm:2332807680,224458884,25.782620610372785,,,track,,,,,,,,forestry,,,,,,,,,,True,True,True,surface_unknown,4,1
buffer_5km:1396,osm:2332807672,osm:2332807686,224458887,22.8051574994777,,,track,,,,,,,,forestry,,,,,,,,,,True,True,True,surface_unknown,3,1
buffer_5km:1397,osm:2332807680,osm:2332807686,466981339,28.42136448212511,,,track,,,,,,,,no,,,,,,,,,,True,True,True,surface_unknown,1,1
buffer_5km:1398,osm:2332807686,osm:4616772550,466981339,561.1477184338273,,,track,,,,,,,,no,,,,,,,,,,True,True,True,surface_unknown,14,1
buffer_5km:1399,osm:2332807769,osm:2334246611,224621786,4472.354473008575,,,tertiary,gravel,grade2,,,60,,,,,,,,,,,,,True,True,False,gravel,27,1
buffer_5km:1400,osm:2332807769,osm:2334246842,224621792,625.4874464774696,,,track,dirt,grade3,,,,,,forestry,,,,,,,,,,True,True,True,earth_sand,12,1
buffer_5km:1401,osm:2332807773,osm:2334246544,224621786,8911.434668644464,,,tertiary,gravel,grade2,,,60,,,,,,,,,,,,,True,True,False,gravel,83,1
buffer_5km:1402,osm:2332807773,osm:2332807775,224621786,28.89255660226065,,,tertiary,gravel,grade2,,,60,,,,,,,,,,,,,True,True,False,gravel,1,1
buffer_5km:1403,osm:2332807773,osm:2334246686,224621789,26.95806032550513,,,service,gravel,,,,,,,,,yes,,,,,,,,True,True,False,gravel,5,1
buffer_5km:1404,osm:2332807775,osm:2334246686,224621769,31.791750367901784,,,service,gravel,,,,,,,,,yes,,,,,,,,True,True,False,gravel,5,1
buffer_5km:1405,osm:2332807775,osm:2332807854,224621786,3212.7462899607435,,,tertiary,gravel,grade2,,,60,,,,,,,,,,,,,True,True,False,gravel,25,1
buffer_5km:1406,osm:2332807790,osm:2332807931,224458708,1671.8825520268501,,C35,primary,asphalt,,,,120,,,,,,,,,,,,,True,True,False,paved,3,1
buffer_5km:1407,osm:2332807832,osm:2334246781,224621777,39.493791491279715,,,service,,,,,,,,,,yes,,,,,,,,True,True,False,surface_unknown,4,1
buffer_5km:1408,osm:2332807832,osm:2334246797,224621786,50.060626071193894,,,tertiary,gravel,grade2,,,60,,,,,,,,,,,,,True,True,False,gravel,2,1
buffer_5km:1409,osm:2332807832,osm:2334246694,224621786,983.7950180868623,,,tertiary,gravel,grade2,,,60,,,,,,,,,,,,,True,True,False,gravel,11,1
buffer_5km:1410,osm:2332807854,osm:5325027625,224621786,6735.919929265611,,,tertiary,gravel,grade2,,,60,,,,,,,,,,,,,True,True,False,gravel,26,1
buffer_5km:1411,osm:2332807914,osm:2332807931,224458831,637.3031055298059,,,unclassified,,,,,,,,,,,,,,,,,,True,True,False,surface_unknown,14,1
buffer_5km:1412,osm:2332807931,osm:2332808002,224458708,856.1963764467447,,C35,primary,asphalt,,,,120,,,,,,,,,,,,,True,True,False,paved,1,1
buffer_5km:1413,osm:2332807983,osm:2332809215,224458841,9553.946612088164,,,track,,,,,,,,forestry,,,,,,,,,,True,True,True,surface_unknown,54,1
buffer_5km:1414,osm:2332807983,osm:2333161989,224458946,9871.535760945988,,,unclassified,gravel,,,,,,,forestry,,,,,,,,,,True,True,True,gravel,49,1
buffer_5km:1415,osm:2332808002,osm:2332808385,224458708,5284.591363934287,,C35,primary,asphalt,,,,120,,,,,,,,,,,,,True,True,False,paved,10,1
buffer_5km:1416,osm:2332808002,osm:2332808022,224458820,729.9510634857462,,,service,,,,,,,,,,,,,,,,,,True,True,False,surface_unknown,11,1
buffer_5km:1417,osm:2332808057,osm:4627030416,224458846,40.95998845493131,,6305,tertiary,gravel,grade2,,,60,no,,,,yes,,,,,,,,True,True,False,gravel,1,1
buffer_5km:1418,osm:2332808057,osm:2332808059,224458846,22.591240750408552,,6305,tertiary,gravel,grade2,,,60,no,,,,yes,,,,,,,,True,True,False,gravel,1,1
buffer_5km:1419,osm:2332808057,osm:4627030416,468141780,115.431162153549,,,track,gravel,grade2,,,,,,,,yes,,,,,,,,True,True,False,gravel,12,1
buffer_5km:1420,osm:2332808059,osm:2975522875,224458846,1905.0305781847596,,6305,tertiary,gravel,grade2,,,60,no,,,,yes,,,,,,,,True,True,False,gravel,18,1
buffer_5km:1421,osm:2332808059,osm:5323234347,551191308,274.7243255225047,,,track,gravel,grade2,,,,,,,,yes,,,,,,,,True,True,False,gravel,23,1
buffer_5km:1422,osm:2332808141,osm:3794286320,224458829,2362.8652256027426,,,tertiary,gravel,,,,60,,,,,,,,,,,,,True,True,False,gravel,3,1
buffer_5km:1423,osm:2332808141,osm:2333161799,224495484,177.1359079352012,,,track,,,,,,,,,,yes,,,,,,,,True,True,False,surface_unknown,3,1
buffer_5km:1424,osm:2332808162,osm:2332808766,224458846,3904.6245713700664,,6305,tertiary,gravel,grade2,,,60,no,,,,yes,,,,,,,,True,True,False,gravel,13,1
buffer_5km:1425,osm:2332808162,osm:2332808502,551382193,3788.0326546252413,,,tertiary,gravel,grade2,,,60,,,,,yes,,,,,,,,True,True,False,gravel,10,1
buffer_5km:1426,osm:2332808311,osm:2332808412,224458829,365.1602867596871,,,tertiary,gravel,,,,60,,,,,,,,,,,,,True,True,False,gravel,1,1
buffer_5km:1427,osm:2332808311,osm:3794286320,224458829,162.78845821240768,,,tertiary,gravel,,,,60,,,,,,,,,,,,,True,True,False,gravel,1,1
buffer_5km:1428,osm:2332808311,osm:2333161951,224495475,450.8266631144682,,,track,dirt,,,,,,,,,,,,,,,,,True,True,False,earth_sand,21,1
buffer_5km:1429,osm:2332808385,osm:2332808646,224458708,1273.2568019973035,,C35,primary,asphalt,,,,120,,,,,,,,,,,,,True,True,False,paved,2,1
buffer_5km:1430,osm:2332808385,osm:3794278225,376076861,3518.507428283608,,,track,,grade3,,,,,,,,,,,,,,,,True,True,False,surface_unknown,82,1
buffer_5km:1431,osm:2332808412,osm:2332808555,224458829,1197.7481839135999,,,tertiary,gravel,,,,60,,,,,,,,,,,,,True,True,False,gravel,2,1
buffer_5km:1432,osm:2332808412,osm:2333161951,224495477,584.2306802933127,,,residential,dirt,,,,,,,,,,,,,,,,,True,True,False,earth_sand,24,1
buffer_5km:1433,osm:2332808447,osm:2332808772,224458830,1776.685137802523,,,service,gravel,grade2,,,,,,,,yes,,,,,,,,True,True,False,gravel,17,1
buffer_5km:1434,osm:2332808502,osm:2332808780,224458929,794.0505223945703,,,track,,grade4,,,,,,,,,,,,,,,,True,True,False,surface_unknown,4,1
buffer_5km:1435,osm:2332808502,osm:2332809073,551382193,3409.744364573289,,,tertiary,gravel,grade2,,,60,,,,,yes,,,,,,,,True,True,False,gravel,25,1
buffer_5km:1436,osm:2332808507,osm:288555768,561936247,3412.8261592516656,,,unclassified,gravel,grade2,,,100,,,,,,,,,,,,,True,True,False,gravel,112,1
buffer_5km:1437,osm:2332808507,osm:5417841422,561936250,44.72892622161428,,,unclassified,gravel,,,,,yes,,,,,,,,,,,,False,True,False,gravel,7,1
buffer_5km:1438,osm:2332808555,osm:2332809153,224458829,2073.174440735412,,,tertiary,gravel,,,,60,,,,,,,,,,,,,True,True,False,gravel,13,1
buffer_5km:1439,osm:2332808555,osm:2758216126,224458896,5690.87135285166,,,tertiary,gravel,grade2,,,100,,,,,,,,,,,,,True,True,False,gravel,41,1
buffer_5km:1440,osm:2332808646,osm:2332808859,224458708,279.94160988209427,,C35,primary,asphalt,,,,120,,,,,,,,,,,,,True,True,False,paved,1,1
buffer_5km:1441,osm:2332808646,osm:2332808807,224458855,514.2997715446962,,,track,,grade3,,,,,,,,,,,,,,,,True,True,False,surface_unknown,20,1
buffer_5km:1442,osm:2332808667,osm:2332808916,224458866,382.6464205370838,,,service,,,,,,,,,,yes,,,,,,,,True,True,False,surface_unknown,20,1
buffer_5km:1443,osm:2332808667,osm:4616755800,224458873,3609.9268436428047,,,tertiary,gravel,,,,60,,,yes,,,,,,,,,,True,True,False,gravel,29,1
buffer_5km:1444,osm:2332808667,osm:4616772550,224458873,14461.93483370547,,,tertiary,gravel,,,,60,,,yes,,,,,,,,,,True,True,False,gravel,143,1
buffer_5km:1445,osm:2332808766,osm:2332808790,224458846,35.88409039289897,,6305,tertiary,gravel,grade2,,,60,no,,,,yes,,,,,,,,True,True,False,gravel,1,1
buffer_5km:1446,osm:2332808766,osm:2332808772,224458933,40.79572017230107,,,track,gravel,grade2,,,,,,,,yes,,,,,,,,True,True,False,gravel,4,1
buffer_5km:1447,osm:2332808772,osm:2332808790,224458830,40.11412921437349,,,service,gravel,grade2,,,,,,,,yes,,,,,,,,True,True,False,gravel,2,1
buffer_5km:1448,osm:2332808790,osm:2332810681,224458846,11474.20004183046,,6305,tertiary,gravel,grade2,,,60,no,,,,yes,,,,,,,,True,True,False,gravel,78,1
buffer_5km:1449,osm:2332808807,osm:3796993540,376257673,327.79514433008586,,,track,,grade3,,,,,,,,,,,,,,,,True,True,False,surface_unknown,13,1
buffer_5km:1450,osm:2332808807,osm:3796993664,376257673,230.55985670645717,,,track,,grade3,,,,,,,,,,,,,,,,True,True,False,surface_unknown,7,1
buffer_5km:1451,osm:2332808859,osm:2332809024,224458708,449.28276031070686,,C35,primary,asphalt,,,,120,,,,,,,,,,,,,True,True,False,paved,7,1
buffer_5km:1452,osm:2332808859,osm:3796993664,224458857,126.87063155940945,,,track,,grade3,,,,,,,,,,,,,,,,True,True,False,surface_unknown,8,1
buffer_5km:1453,osm:2332808916,osm:2332808916,561947357,160.11496119904504,,,service,,,,,,yes,,,,yes,,,,,,,,True,False,False,surface_unknown,19,1
buffer_5km:1454,osm:2332808965,osm:2332808973,224458863,79.04414226972548,,,track,sand,grade3,,,,,,,,,,,,,,,,True,True,False,earth_sand,3,1
buffer_5km:1455,osm:2332808965,osm:3796993696,224458863,101.63850883515558,,,track,sand,grade3,,,,,,,,,,,,,,,,True,True,False,earth_sand,4,1
buffer_5km:1456,osm:2332808965,osm:3796993661,376257673,306.13695459927595,,,track,,grade3,,,,,,,,,,,,,,,,True,True,False,surface_unknown,11,1
buffer_5km:1457,osm:2332808973,osm:3796993664,224458857,505.469303648761,,,track,,grade3,,,,,,,,,,,,,,,,True,True,False,surface_unknown,12,1
buffer_5km:1458,osm:2332808973,osm:2332809035,224458863,454.12878818299043,,,track,sand,grade3,,,,,,,,,,,,,,,,True,True,False,earth_sand,24,1
buffer_5km:1459,osm:2332809024,osm:2332809053,224458708,154.22827720359942,,C35,primary,asphalt,,,,120,,,,,,,,,,,,,True,True,False,paved,2,1
buffer_5km:1460,osm:2332809024,osm:2332809043,224458863,105.80097773191626,,,track,sand,grade3,,,,,,,,,,,,,,,,True,True,False,earth_sand,5,1
buffer_5km:1461,osm:2332809035,osm:2332809043,224458863,76.67120917383089,,,track,sand,grade3,,,,,,,,,,,,,,,,True,True,False,earth_sand,4,1
buffer_5km:1462,osm:2332809035,osm:3796993864,376257668,361.1177777672644,,,track,,grade3,,,,,,,,,,,,,,,,True,True,False,surface_unknown,8,1
buffer_5km:1463,osm:2332809043,osm:3796993865,376257671,99.06814811057288,,,track,,grade3,,,,,,,,,,,,,,,,True,True,False,surface_unknown,2,1
buffer_5km:1464,osm:2332809053,osm:2332809092,224458708,441.75902984261774,,C35,primary,asphalt,,,,120,,,,,,,,,,,,,True,True,False,paved,1,1
buffer_5km:1465,osm:2332809053,osm:3796993878,376257695,32.53811952290658,,,track,,grade3,,,,,,,,,,,,,,,,True,True,False,surface_unknown,1,1
buffer_5km:1466,osm:2332809073,osm:2332809197,551382193,781.4760882627041,,,tertiary,gravel,grade2,,,60,,,,,yes,,,,,,,,True,True,False,gravel,24,1
buffer_5km:1467,osm:2332809073,osm:5423484266,562592442,355.1507204963852,,,track,gravel,,,,,,,,,,,,,,,,,True,True,False,gravel,1,1
buffer_5km:1468,osm:2332809092,osm:3796994121,224458708,359.0967719563307,,C35,primary,asphalt,,,,120,,,,,,,,,,,,,True,True,False,paved,2,1
buffer_5km:1469,osm:2332809092,osm:3796994057,376257668,20.990508615388514,,,track,,grade3,,,,,,,,,,,,,,,,True,True,False,surface_unknown,1,1
buffer_5km:1470,osm:2332809095,osm:5423484357,224458846,2672.8647589013694,,6305,tertiary,gravel,grade2,,,60,no,,,,yes,,,,,,,,True,True,False,gravel,20,1
buffer_5km:1471,osm:2332809129,osm:2332809131,224458965,129.42352185126842,,,track,gravel,grade2,,,60,yes,,,,yes,,,,,,,,True,False,False,gravel,16,1
buffer_5km:1472,osm:2332809129,osm:2332809131,224458965,56.40623632861469,,,track,gravel,grade2,,,60,yes,,,,yes,,,,,,,,False,True,False,gravel,6,1
buffer_5km:1473,osm:2332809129,osm:5423484255,561936233,86.7081913968342,,,track,gravel,grade2,,,60,,,,,yes,,,,,,,,True,True,False,gravel,6,1
buffer_5km:1474,osm:2332809131,osm:2332809160,224458827,218.4149765079957,,,track,gravel,grade2,,,,,,,,yes,,,,,,,,True,True,False,gravel,13,1
buffer_5km:1475,osm:2332809153,osm:2332809295,224458970,1561.9099642644453,,,tertiary,gravel,,,,60,no,,,,,,,,,,,,True,True,False,gravel,11,1
buffer_5km:1476,osm:2332809160,osm:5423484255,561936233,31.132229354234877,,,track,gravel,grade2,,,60,,,,,yes,,,,,,,,True,True,False,gravel,1,1
buffer_5km:1477,osm:2332809160,osm:2332809204,561936233,290.02332293837856,,,track,gravel,grade2,,,60,,,,,yes,,,,,,,,True,True,False,gravel,6,1
buffer_5km:1478,osm:2332809197,osm:2332809204,224458879,21.5186503729551,,,track,gravel,grade2,,,,,,,,,,,,,,,,True,True,False,gravel,1,1
buffer_5km:1479,osm:2332809197,osm:2332809213,551382193,66.08825592709897,,,tertiary,gravel,grade2,,,60,,,,,yes,,,,,,,,True,True,False,gravel,2,1
buffer_5km:1480,osm:2332809204,osm:2332809208,224458879,31.45034273016886,,,track,gravel,grade2,,,,,,,,,,,,,,,,True,True,False,gravel,2,1
buffer_5km:1481,osm:2332809204,osm:2332809213,561936233,57.46933759327055,,,track,gravel,grade2,,,60,,,,,yes,,,,,,,,True,True,False,gravel,1,1
buffer_5km:1482,osm:2332809208,osm:309258029,224458956,568.7313501962701,,,tertiary,gravel,,,,60,,,,,,,,,,,,,True,True,False,gravel,6,1
buffer_5km:1483,osm:2332809208,osm:2332809213,224458956,62.26486253426647,,,tertiary,gravel,,,,60,,,,,,,,,,,,,True,True,False,gravel,2,1
buffer_5km:1484,osm:2332809212,osm:2332809369,224458956,5747.601999980425,,,tertiary,gravel,,,,60,,,,,,,,,,,,,True,True,False,gravel,15,1
buffer_5km:1485,osm:2332809212,osm:309258029,224458956,225.1896122129386,,,tertiary,gravel,,,,60,,,,,,,,,,,,,True,True,False,gravel,2,1
buffer_5km:1486,osm:2332809212,osm:5423484254,562592440,483.1592513504534,,,track,gravel,,,,,,,,,,,,,,,,,True,True,False,gravel,2,1
buffer_5km:1487,osm:2332809213,osm:259406622,551382188,1035.9755860281948,,,tertiary,gravel,,,,60,,,,,,,,,,,,,True,True,False,gravel,6,1
buffer_5km:1488,osm:2332809215,osm:2332813339,224458841,16775.7234826859,,,track,,,,,,,,forestry,,,,,,,,,,True,True,True,surface_unknown,129,1
buffer_5km:1489,osm:2332809215,osm:2758215831,224458896,323.4578411036177,,,tertiary,gravel,grade2,,,100,,,,,,,,,,,,,True,True,False,gravel,5,1
buffer_5km:1490,osm:2332809269,osm:2332809369,224458846,1968.2506455307118,,6305,tertiary,gravel,grade2,,,60,no,,,,yes,,,,,,,,True,True,False,gravel,10,1
buffer_5km:1491,osm:2332809269,osm:2975522889,293976566,295.0351883415726,,,track,,,,,,,,forestry,,,,,,,,,,True,True,True,surface_unknown,3,1
buffer_5km:1492,osm:2332809295,osm:2332809331,224458875,1959.665382299253,,,service,dirt,,,,,,,,,,,,,,,,,True,True,False,earth_sand,18,1
buffer_5km:1493,osm:2332809295,osm:2332809738,224458970,4777.526953592776,,,tertiary,gravel,,,,60,no,,,,,,,,,,,,True,True,False,gravel,11,1
buffer_5km:1494,osm:2332809331,osm:2332809331,224458875,351.4410637768354,,,service,dirt,,,,,,,,,,,,,,,,,True,True,False,earth_sand,16,1
buffer_5km:1495,osm:2332809340,osm:2334326251,224630374,62.02162951610704,,,service,gravel,,,,,,,,,,,,,,,,,True,True,False,gravel,4,1
buffer_5km:1496,osm:2332809340,osm:309201200,561946642,41.94001781350549,,,tertiary,gravel,grade2,,,60,,,,,,,,,,,,,True,True,False,gravel,1,1
buffer_5km:1497,osm:2332809340,osm:259407388,561946642,741.9521701437174,,,tertiary,gravel,grade2,,,60,,,,,,,,,,,,,True,True,False,gravel,10,1
buffer_5km:1498,osm:2332809369,osm:2334326261,224630369,702.5867333901634,,,track,,,,,,,,forestry,,,,,,,,,,True,True,True,surface_unknown,13,1
buffer_5km:1499,osm:2332809369,osm:5423572264,561946642,4426.362757241239,,,tertiary,gravel,grade2,,,60,,,,,,,,,,,,,True,True,False,gravel,25,1
buffer_5km:1500,osm:2332809443,osm:3796994154,224458708,2842.6812626190654,,C35,primary,asphalt,,,,120,,,,,,,,,,,,,True,True,False,paved,5,1
buffer_5km:1501,osm:2332809443,osm:2332809489,224458708,210.06469740999708,,C35,primary,asphalt,,,,120,,,,,,,,,,,,,True,True,False,paved,1,1
buffer_5km:1502,osm:2332809443,osm:2332809467,224458953,233.47445866284616,,,track,,grade3,,,,,,,,,,,,,,,,True,True,False,surface_unknown,8,1
buffer_5km:1503,osm:2332809467,osm:2332809602,224458953,1447.7861046982657,,,track,,grade3,,,,,,,,,,,,,,,,True,True,False,surface_unknown,52,1
buffer_5km:1504,osm:2332809467,osm:2332809489,224458962,248.0912657723205,,,track,,grade3,,,,,,,,,,,,,,,,True,True,False,surface_unknown,6,1
buffer_5km:1505,osm:2332809489,osm:2332809620,224458708,812.8210834835337,,C35,primary,asphalt,,,,120,,,,,,,,,,,,,True,True,False,paved,1,1
buffer_5km:1506,osm:2332809602,osm:2333162426,224458953,1449.9611139016326,,,track,,grade3,,,,,,,,,,,,,,,,True,True,False,surface_unknown,54,1
buffer_5km:1507,osm:2332809602,osm:2333162392,224495471,526.217657030069,,,track,,,,,,,,,,,,,,,,,,True,True,False,surface_unknown,18,1
buffer_5km:1508,osm:2332809620,osm:2332809865,224458715,1745.2030902447593,,C35,primary,gravel,,,,120,,,,,,,,,,,,,True,True,False,gravel,4,1
buffer_5km:1509,osm:2332809646,osm:6228646126,26337762,23.13387781972006,,C38,tertiary,gravel,grade2,very_bad,,60,,,,,,,,,,,,,True,True,False,gravel,1,1
buffer_5km:1510,osm:2332809646,osm:6228646128,665473756,24.014390996322554,,,tertiary,gravel,grade2,,,60,no,,,,yes,,,,,,,,True,True,False,gravel,1,1
buffer_5km:1511,osm:2332809738,osm:2332810887,224458970,5675.2790101960145,,,tertiary,gravel,,,,60,no,,,,,,,,,,,,True,True,False,gravel,60,1
buffer_5km:1512,osm:2332809738,osm:2351160217,224458973,6403.184386954517,,,tertiary,gravel,,,,100,,,,,,,,,,,,,True,True,False,gravel,91,1
buffer_5km:1513,osm:2332809779,osm:2332809922,224458815,968.9284000929215,,,track,,grade2,,,,,,,,,,,,,,,,True,True,False,surface_unknown,10,1
buffer_5km:1514,osm:2332809779,osm:259406622,551382188,5500.515822849492,,,tertiary,gravel,,,,60,,,,,,,,,,,,,True,True,False,gravel,23,1
buffer_5km:1515,osm:2332809779,osm:2334326322,551382188,3933.477658468937,,,tertiary,gravel,,,,60,,,,,,,,,,,,,True,True,False,gravel,19,1
buffer_5km:1516,osm:2332809865,osm:2332810178,224458715,1400.2371109626702,,C35,primary,gravel,,,,120,,,,,,,,,,,,,True,True,False,gravel,3,1
buffer_5km:1517,osm:2332809865,osm:3796994791,224458910,1223.1594070710134,,,track,,grade3,,,,,,,,,,,,,,,,True,True,False,surface_unknown,51,1
buffer_5km:1518,osm:2332810023,osm:2332810902,224458909,5571.985592398045,,,service,gravel,grade3,,,,,,,,yes,,,,,,,,True,True,False,gravel,45,1
buffer_5km:1519,osm:2332810023,osm:2332810023,561936235,83.951504570677,,,service,gravel,grade3,,,,yes,,,,yes,,,,,,,,True,False,False,gravel,15,1
buffer_5km:1520,osm:2332810090,osm:2332810772,224458896,5434.069131851431,,,tertiary,gravel,grade2,,,100,,,,,,,,,,,,,True,True,False,gravel,103,1
buffer_5km:1521,osm:2332810090,osm:2333162055,224458896,7090.742821274037,,,tertiary,gravel,grade2,,,100,,,,,,,,,,,,,True,True,False,gravel,106,1
buffer_5km:1522,osm:2332810090,osm:2351160024,226259402,105.6350636767666,,,service,,,,,,,,,,,,,,,,,,True,True,False,surface_unknown,2,1
buffer_5km:1523,osm:2332810178,osm:2332810300,224458715,261.8231124082002,,C35,primary,gravel,,,,120,,,,,,,,,,,,,True,True,False,gravel,1,1
buffer_5km:1524,osm:2332810178,osm:2332810192,224458813,74.1834254346346,,,track,,grade3,,,,,,,,,,,,,,,,True,True,False,surface_unknown,5,1
buffer_5km:1525,osm:2332810192,osm:2332810240,224458813,123.48480488622533,,,track,,grade3,,,,,,,,,,,,,,,,True,True,False,surface_unknown,5,1
buffer_5km:1526,osm:2332810192,osm:2332810300,224458816,265.02347300078986,,,track,,grade3,,,,,,,,,,,,,,,,True,True,False,surface_unknown,10,1
buffer_5km:1527,osm:2332810225,osm:3796994791,224458910,327.12260243624405,,,track,,grade3,,,,,,,,,,,,,,,,True,True,False,surface_unknown,11,1
buffer_5km:1528,osm:2332810225,osm:3796994819,224495494,526.6282796592395,,,track,,grade3,,,,,,,,,,,,,,,,True,True,False,surface_unknown,18,1
buffer_5km:1529,osm:2332810225,osm:2332810246,224495494,30.16236473337753,,,track,,grade3,,,,,,,,,,,,,,,,True,True,False,surface_unknown,2,1
buffer_5km:1530,osm:2332810240,osm:3796994831,224458813,103.54263064555826,,,track,,grade3,,,,,,,,,,,,,,,,True,True,False,surface_unknown,6,1
buffer_5km:1531,osm:2332810240,osm:3796994819,224495494,151.18973590215285,,,track,,grade3,,,,,,,,,,,,,,,,True,True,False,surface_unknown,7,1
buffer_5km:1532,osm:2332810246,osm:2333162541,224495470,102.59672688299601,,,track,,grade3,,,,,,,,,,,,,,,,True,True,False,surface_unknown,4,1
buffer_5km:1533,osm:2332810246,osm:3797094664,224495494,23.227418360691,,,track,,grade3,,,,,,,,,,,,,,,,True,True,False,surface_unknown,2,1
buffer_5km:1534,osm:2332810300,osm:2332810419,224458715,608.3051364242032,,C35,primary,gravel,,,,120,,,,,,,,,,,,,True,True,False,gravel,2,1
buffer_5km:1535,osm:2332810343,osm:3797095301,224458813,131.1660427117575,,,track,,grade3,,,,,,,,,,,,,,,,True,True,False,surface_unknown,6,1
buffer_5km:1536,osm:2332810343,osm:3797095524,224458813,31.234464239914082,,,track,,grade3,,,,,,,,,,,,,,,,True,True,False,surface_unknown,3,1
buffer_5km:1537,osm:2332810343,osm:2333162541,224495470,369.0415419168554,,,track,,grade3,,,,,,,,,,,,,,,,True,True,False,surface_unknown,8,1
buffer_5km:1538,osm:2332810419,osm:3796995086,224458715,569.865080112411,,C35,primary,gravel,,,,120,,,,,,,,,,,,,True,True,False,gravel,2,1
buffer_5km:1539,osm:2332810419,osm:3797095524,224458813,1123.933475756589,,,track,,grade3,,,,,,,,,,,,,,,,True,True,False,surface_unknown,51,1
buffer_5km:1540,osm:2332810448,osm:2332810449,26337762,32.683478238805726,,C38,tertiary,gravel,grade2,very_bad,,60,,,,,,,,,,,,,True,True,False,gravel,1,1
buffer_5km:1541,osm:2332810448,osm:2757884519,26337762,1578.7603197608591,,C38,tertiary,gravel,grade2,very_bad,,60,,,,,,,,,,,,,True,True,False,gravel,21,1
buffer_5km:1542,osm:2332810448,osm:2332810457,224458871,37.88597435254135,,,unclassified,gravel,grade2,,,60,no,,,,,,,,,,,,True,True,False,gravel,2,1
buffer_5km:1543,osm:2332810449,osm:2332810457,665464730,40.517706470556284,,,unclassified,gravel,grade2,,,60,no,,,,,,,,,,,,True,True,False,gravel,1,1
buffer_5km:1544,osm:2332810457,osm:6228576300,224458811,49.21685391586554,,,unclassified,gravel,grade2,,,60,no,,,,,,,,,,,,True,True,False,gravel,1,1
buffer_5km:1545,osm:2332810485,osm:4626805442,224458873,4546.454744720744,,,tertiary,gravel,,,,60,,,yes,,,,,,,,,,True,True,False,gravel,41,1
buffer_5km:1546,osm:2332810485,osm:4626815299,224458873,56.69599681990343,,,tertiary,gravel,,,,60,,,yes,,,,,,,,,,True,True,False,gravel,1,1
buffer_5km:1547,osm:2332810485,osm:4626815304,224458973,63.10035969395811,,,tertiary,gravel,,,,100,,,,,,,,,,,,,True,True,False,gravel,2,1
buffer_5km:1548,osm:2332810652,osm:2332810681,224458960,175.378152190047,Okaukuejo Airstrip Road,,service,gravel,,,,,,,,,,,,,,,,,True,True,False,gravel,6,1
buffer_5km:1549,osm:2332810681,osm:2332810718,224458846,290.27109637679,,6305,tertiary,gravel,grade2,,,60,no,,,,yes,,,,,,,,True,True,False,gravel,1,1
buffer_5km:1550,osm:2332810718,osm:2332811283,224458835,1838.9480097015023,,6305,tertiary,gravel,,bad,,60,,,,,,,,,,,,,True,True,False,gravel,4,1
buffer_5km:1551,osm:2332810718,osm:2334326322,551382188,3876.534707066474,,,tertiary,gravel,,,,60,,,,,,,,,,,,,True,True,False,gravel,25,1
buffer_5km:1552,osm:2332810756,osm:2975522904,26337762,1367.084499034177,,C38,tertiary,gravel,grade2,very_bad,,60,,,,,,,,,,,,,True,True,False,gravel,8,1
buffer_5km:1553,osm:2332810756,osm:2332810811,224458834,168.2901717618878,,,service,gravel,grade2,,,60,,,,,,,,,,,,,True,True,False,gravel,14,1
buffer_5km:1554,osm:2332810772,osm:2332810798,224458896,38.469684400141105,,,tertiary,gravel,grade2,,,100,,,,,,,,,,,,,True,True,False,gravel,2,1
buffer_5km:1555,osm:2332810772,osm:2333123276,224491101,41.24130651322693,,,track,,,,,,,,,,,,,,,,,,True,True,False,surface_unknown,3,1
buffer_5km:1556,osm:2332810798,osm:2333123341,224458896,1209.3029751687136,,,tertiary,gravel,grade2,,,100,,,,,,,,,,,,,True,True,False,gravel,47,1
buffer_5km:1557,osm:2332810798,osm:2333123276,561948929,39.184480538953345,,,service,,,,,,,,,,,,,,,,,,True,True,False,surface_unknown,3,1
buffer_5km:1558,osm:2332810806,osm:4084909239,406425322,35.56178152498195,,,unclassified,gravel,,,,100,no,,,,,,,,,,,,True,True,False,gravel,3,1
buffer_5km:1559,osm:2332810806,osm:259190575,665464729,43.586609190486655,,,unclassified,gravel,grade2,,,100,no,,,,,,,,,,,,True,True,False,gravel,2,1
buffer_5km:1560,osm:2332810811,osm:2332810811,561936237,207.44407895807174,,,service,gravel,grade2,,,60,yes,,,,,,,,,,,,True,False,False,gravel,31,1
buffer_5km:1561,osm:2332810887,osm:2332810900,224458970,94.74535859459104,,,tertiary,gravel,,,,60,no,,,,,,,,,,,,True,True,False,gravel,2,1
buffer_5km:1562,osm:2332810887,osm:4626805442,468123017,74.43510642961631,,,tertiary,gravel,,,,60,,,,,,,,,,,,,True,True,False,gravel,5,1
buffer_5km:1563,osm:2332810891,osm:2332810900,224458873,72.13183022434546,,,tertiary,gravel,,,,60,,,yes,,,,,,,,,,True,True,False,gravel,1,1
buffer_5km:1564,osm:2332810891,osm:4626805442,224458873,40.370314247130615,,,tertiary,gravel,,,,60,,,yes,,,,,,,,,,True,True,False,gravel,2,1
buffer_5km:1565,osm:2332810891,osm:2332812688,224458968,6036.052293809984,,,track,,,,,,,,forestry,,,,,,,,,,True,True,True,surface_unknown,7,1
buffer_5km:1566,osm:2332810900,osm:2332812239,224482902,1965.9362755104273,,,tertiary,gravel,,,,60,no,,yes,,,,,,,,,,True,True,False,gravel,12,1
buffer_5km:1567,osm:2332810902,osm:2332811033,26337762,931.760497794018,,C38,tertiary,gravel,grade2,very_bad,,60,,,,,,,,,,,,,True,True,False,gravel,3,1
buffer_5km:1568,osm:2332810955,osm:3796995086,224458715,2562.192689487022,,C35,primary,gravel,,,,120,,,,,,,,,,,,,True,True,False,gravel,9,1
buffer_5km:1569,osm:2332810955,osm:2332811236,224458715,478.77406587672243,,C35,primary,gravel,,,,120,,,,,,,,,,,,,True,True,False,gravel,1,1
buffer_5km:1570,osm:2332810955,osm:2332811166,224458876,649.5070180134412,,,track,,grade3,,,,,,,,,,,,,,,,True,True,False,surface_unknown,36,1
buffer_5km:1571,osm:2332811030,osm:2332811128,224458915,412.6361110867765,,,track,,grade3,,,,,,,,,,,,,,,,True,True,False,surface_unknown,17,1
buffer_5km:1572,osm:2332811030,osm:2332811031,224458915,143.09250769790114,,,track,,grade3,,,,,,,,,,,,,,,,True,True,False,surface_unknown,8,1
buffer_5km:1573,osm:2332811030,osm:2332811242,376268372,348.1020932647173,,,track,,grade3,,,,,,,,,,,,,,,,True,True,False,surface_unknown,7,1
buffer_5km:1574,osm:2332811031,osm:3797096104,224458823,1144.9838597982944,,,track,,grade3,,,,,,,,,,,,,,,,True,True,False,surface_unknown,34,1
buffer_5km:1575,osm:2332811031,osm:2332811212,224458860,555.7946737037678,,,track,,grade3,,,,,,,,,,,,,,,,True,True,False,surface_unknown,19,1
buffer_5km:1576,osm:2332811033,osm:259192349,26337762,2368.366362018185,,C38,tertiary,gravel,grade2,very_bad,,60,,,,,,,,,,,,,True,True,False,gravel,14,1
buffer_5km:1577,osm:2332811033,osm:2975522892,293976568,205.62023328664242,,,track,,grade3,,,,,,forestry,,,,,,,,,,True,True,True,surface_unknown,5,1
buffer_5km:1578,osm:2332811128,osm:2332811166,224458915,346.95569498726354,,,track,,grade3,,,,,,,,,,,,,,,,True,True,False,surface_unknown,23,1
buffer_5km:1579,osm:2332811128,osm:2332811242,224458964,484.2166019362147,,,track,,grade3,,,,,,,,,,,,,,,,True,True,False,surface_unknown,18,1
buffer_5km:1580,osm:2332811152,osm:3797096131,224458812,240.34175084006554,,,track,,grade3,,,,,,,,,,,,,,,,True,True,False,surface_unknown,5,1
buffer_5km:1581,osm:2332811152,osm:3797096104,224458823,267.1938459517691,,,track,,grade3,,,,,,,,,,,,,,,,True,True,False,surface_unknown,6,1
buffer_5km:1582,osm:2332811152,osm:3796995660,224458823,2787.5424732273664,,,track,,grade3,,,,,,,,,,,,,,,,True,True,False,surface_unknown,85,1
buffer_5km:1583,osm:2332811166,osm:2332811310,224458865,640.4404393078275,,,track,,grade3,,,,,,,,,,,,,,,,True,True,False,surface_unknown,23,1
buffer_5km:1584,osm:2332811212,osm:3797096190,224458860,253.75184161236015,,,track,,grade3,,,,,,,,,,,,,,,,True,True,False,surface_unknown,7,1
buffer_5km:1585,osm:2332811212,osm:2332811242,224458964,486.9210384771273,,,track,,grade3,,,,,,,,,,,,,,,,True,True,False,surface_unknown,19,1
buffer_5km:1586,osm:2332811212,osm:2332811275,224458964,625.2219446957916,,,track,,grade3,,,,,,,,,,,,,,,,True,True,False,surface_unknown,26,1
buffer_5km:1587,osm:2332811236,osm:2332811321,224458715,186.85807259012208,,C35,primary,gravel,,,,120,,,,,,,,,,,,,True,True,False,gravel,1,1
buffer_5km:1588,osm:2332811236,osm:2332811310,224458952,181.6870275652734,,,track,,grade3,,,,,,,,,,,,,,,,True,True,False,surface_unknown,8,1
buffer_5km:1589,osm:2332811275,osm:3797096131,224458812,141.73033849649397,,,track,,grade3,,,,,,,,,,,,,,,,True,True,False,surface_unknown,4,1
buffer_5km:1590,osm:2332811275,osm:2332811290,224458812,35.87279856390674,,,track,,grade3,,,,,,,,,,,,,,,,True,True,False,surface_unknown,1,1
buffer_5km:1591,osm:2332811275,osm:3797096160,224458964,151.11112601868365,,,track,,grade3,,,,,,,,,,,,,,,,True,True,False,surface_unknown,5,1
buffer_5km:1592,osm:2332811283,osm:2758965837,224458835,810.4902335890564,,6305,tertiary,gravel,,bad,,60,,,,,,,,,,,,,True,True,False,gravel,15,1
buffer_5km:1593,osm:2332811290,osm:3797096225,224458812,626.4627115209325,,,track,,grade3,,,,,,,,,,,,,,,,True,True,False,surface_unknown,11,1
buffer_5km:1594,osm:2332811290,osm:3798054865,1540189130,1275.0144676265613,,,track,,,,,,,,,,,,,,,,,,True,True,False,surface_unknown,17,1
buffer_5km:1595,osm:2332811300,osm:3797096160,224458964,53.19819875786502,,,track,,grade3,,,,,,,,,,,,,,,,True,True,False,surface_unknown,3,1
buffer_5km:1596,osm:2332811310,osm:2332811321,224458865,182.92402144144177,,,track,,grade3,,,,,,,,,,,,,,,,True,True,False,surface_unknown,5,1
buffer_5km:1597,osm:2332811310,osm:2332812691,224458952,2297.9564166976947,,,track,,grade3,,,,,,,,,,,,,,,,True,True,False,surface_unknown,51,1
buffer_5km:1598,osm:2332811321,osm:2332812600,224458715,1948.7665660973983,,C35,primary,gravel,,,,120,,,,,,,,,,,,,True,True,False,gravel,4,1
buffer_5km:1599,osm:2332811343,osm:2332811343,224458814,159.94414198620086,,,service,gravel,grade2,,,,yes,,,,yes,,,,,,,,True,False,False,gravel,13,1
buffer_5km:1600,osm:2332811343,osm:2758194243,561948925,985.4938236220755,,,service,gravel,grade2,,,,,,,,yes,,,,,,,,True,True,False,gravel,28,1
buffer_5km:1601,osm:2332811357,osm:2757981496,270825303,156.4201619913032,,,service,,,,,,,,,,,,,,,,,,True,True,False,surface_unknown,3,1
buffer_5km:1602,osm:2332811412,osm:2332816144,224458946,22028.606466507175,,,unclassified,gravel,,,,,,,forestry,,,,,,,,,,True,True,True,gravel,425,1
buffer_5km:1603,osm:2332811412,osm:2333161989,224458946,12578.325628334791,,,unclassified,gravel,,,,,,,forestry,,,,,,,,,,True,True,True,gravel,47,1
buffer_5km:1604,osm:2332811412,osm:2333123341,224491102,3642.798194158626,,,track,,,,,,,,forestry,,,,,,,,,,True,True,True,surface_unknown,79,1
buffer_5km:1605,osm:2332811416,osm:2704156676,270822385,182.11540983845342,,,service,,,,,,,,,,,,,,,,,,True,True,False,surface_unknown,12,1
buffer_5km:1606,osm:2332811416,osm:2704156685,551187105,155.06528582727756,,,service,,,,,,,,,,,,,,,,,,True,True,False,surface_unknown,13,1
buffer_5km:1607,osm:2332811423,osm:2757981735,270822385,43.07881440659717,,,service,,,,,,,,,,,,,,,,,,True,True,False,surface_unknown,5,1
buffer_5km:1608,osm:2332811438,osm:2704156685,240628430,7.239815424617512,,,unclassified,,,,,,,,,,,,,,,,,,True,True,False,surface_unknown,1,1
buffer_5km:1609,osm:2332811438,osm:2704156676,551187106,13.880673074135098,,,service,,,,,,,,,,,,,,,,,,True,True,False,surface_unknown,1,1
buffer_5km:1610,osm:2332811555,osm:2332811618,224458869,198.7138644370648,,,unclassified,,,,,,,,,,,,,,,,,,True,True,False,surface_unknown,6,1
buffer_5km:1611,osm:2332811615,osm:2332811627,26337762,40.09083211361405,,C38,tertiary,gravel,grade2,very_bad,,60,,,,,,,,,,,,,True,True,False,gravel,2,1
buffer_5km:1612,osm:2332811615,osm:259192349,26337762,419.9108443242137,,C38,tertiary,gravel,grade2,very_bad,,60,,,,,,,,,,,,,True,True,False,gravel,4,1
buffer_5km:1613,osm:2332811615,osm:2483484383,224458828,247.67430095883338,,,residential,gravel,,,,,,,private,,,,,,,,,,True,True,True,gravel,12,1
buffer_5km:1614,osm:2332811618,osm:2332811629,224458935,126.5183695892633,,,unclassified,paving_stones,,,,,,,,,,,,,,,,,True,True,False,paved,2,1
buffer_5km:1615,osm:2332811618,osm:2332811647,224458935,25.600456462328918,,,unclassified,paving_stones,,,,,,,,,,,,,,,,,True,True,False,paved,5,1
buffer_5km:1616,osm:2332811626,osm:2332811673,224458959,14.108514043468869,,,unclassified,paving_stones,,,,,yes,roundabout,,,,,,,,,,,False,True,False,paved,3,1
buffer_5km:1617,osm:2332811626,osm:2332811644,224458959,14.334128784055833,,,unclassified,paving_stones,,,,,yes,roundabout,,,,,,,,,,,True,False,False,paved,4,1
buffer_5km:1618,osm:2332811627,osm:2332811638,26337762,91.73211222324585,,C38,tertiary,gravel,grade2,very_bad,,60,,,,,,,,,,,,,True,True,False,gravel,1,1
buffer_5km:1619,osm:2332811627,osm:2758965837,270938230,28.83244801015595,,,tertiary,gravel,,,,,,,,,,,,,,,,,True,True,False,gravel,4,1
buffer_5km:1620,osm:2332811629,osm:2332811644,224458935,82.31006320058235,,,unclassified,paving_stones,,,,,,,,,,,,,,,,,True,True,False,paved,1,1
buffer_5km:1621,osm:2332811629,osm:2757981446,224458969,24.052978416569587,,,service,,,,,,,,,,,,,,,,,,True,True,False,surface_unknown,1,1
buffer_5km:1622,osm:2332811638,osm:2332811639,224458721,13.83271749535026,,,unclassified,gravel,,,,60,no,,,,,,,,,,,,True,True,False,gravel,2,1
buffer_5km:1623,osm:2332811639,osm:2332811647,224458720,50.18012310203481,,,unclassified,asphalt,,,,10,,,,,,,,,,,,,True,True,False,paved,1,1
buffer_5km:1624,osm:2332811644,osm:2332811673,224458959,12.400860355698782,,,unclassified,paving_stones,,,,,yes,roundabout,,,,,,,,,,,True,False,False,paved,3,1
buffer_5km:1625,osm:2332811647,osm:2332811821,551187104,67.20039680191485,,,unclassified,asphalt,,,,10,no,,,,,,,,,,,,True,True,False,paved,1,1
buffer_5km:1626,osm:2332811673,osm:2332811826,224458838,59.64461426559219,,,service,gravel,,,,,,,,,,,,,,,,,True,True,False,gravel,3,1
buffer_5km:1627,osm:2332811821,osm:2483484396,551187103,20.35989753234407,,,unclassified,asphalt,,,,60,no,,,,,,,,,,,,True,True,False,paved,1,1
buffer_5km:1628,osm:2332811826,osm:2332811914,224458838,57.10304761316803,,,service,gravel,,,,,,,,,,,,,,,,,True,True,False,gravel,1,1
buffer_5km:1629,osm:2332811826,osm:2757981749,270822368,12.784303424273444,,,service,paving_stones,,,,,,,,,,,,,,,,,True,True,False,paved,1,1
buffer_5km:1630,osm:2332811826,osm:2757981392,270822368,35.00422952066563,,,service,paving_stones,,,,,,,,,,,,,,,,,True,True,False,paved,6,1
buffer_5km:1631,osm:2332811876,osm:2757981446,224458969,91.10093985456561,,,service,,,,,,,,,,,,,,,,,,True,True,False,surface_unknown,3,1
buffer_5km:1632,osm:2332811876,osm:2332811935,224458969,111.73813391611836,,,service,,,,,,,,,,,,,,,,,,True,True,False,surface_unknown,8,1
buffer_5km:1633,osm:2332811876,osm:2483484404,240628435,17.20394816570691,,,service,,,,,,,,,,,,,,,,,,True,True,False,surface_unknown,3,1
buffer_5km:1634,osm:2332811914,osm:2332811935,224458838,16.793489660680674,,,service,gravel,,,,,,,,,,,,,,,,,True,True,False,gravel,1,1
buffer_5km:1635,osm:2332811914,osm:2332811986,224458872,24.228821170401012,,,unclassified,paving_stones,,,,,,,,,,,,,,,,,True,True,False,paved,2,1
buffer_5km:1636,osm:2332811916,osm:3797096225,224458812,643.2455908894763,,,track,,grade3,,,,,,,,,,,,,,,,True,True,False,surface_unknown,11,1
buffer_5km:1637,osm:2332811916,osm:2332812691,224458812,1764.9757486305598,,,track,,grade3,,,,,,,,,,,,,,,,True,True,False,surface_unknown,38,1
buffer_5km:1638,osm:2332811916,osm:3797096190,224458860,786.8373291434652,,,track,,grade3,,,,,,,,,,,,,,,,True,True,False,surface_unknown,17,1
buffer_5km:1639,osm:2332811935,osm:2332812229,224458838,107.50431637282935,,,service,gravel,,,,,,,,,,,,,,,,,True,True,False,gravel,10,1
buffer_5km:1640,osm:2332812193,osm:2483484383,224458828,78.64553782739048,,,residential,gravel,,,,,,,private,,,,,,,,,,True,True,True,gravel,6,1
buffer_5km:1641,osm:2332812193,osm:2757981544,224458828,59.01278754239259,,,residential,gravel,,,,,,,private,,,,,,,,,,True,True,True,gravel,2,1
buffer_5km:1642,osm:2332812193,osm:5423572579,240628431,40.42824861663973,,,residential,gravel,,,,,,,private,,,,,,,,,,True,True,True,gravel,1,1
buffer_5km:1643,osm:2332812229,osm:309222376,224458838,41.07676691381559,,,service,gravel,,,,,,,,,,,,,,,,,True,True,False,gravel,6,1
buffer_5km:1644,osm:2332812229,osm:2757981375,270822364,75.56447704835533,,,service,paving_stones,,,,,,,,,,,,,,,,,True,True,False,paved,2,1
buffer_5km:1645,osm:2332812239,osm:2332812369,224482902,77.69492249771913,,,tertiary,gravel,,,,60,no,,yes,,,,,,,,,,True,True,False,gravel,1,1
buffer_5km:1646,osm:2332812239,osm:2758194243,270851540,64.29726977088062,,6176,track,gravel,grade2,,,,,,,,yes,,,,,,,,True,True,False,gravel,5,1
buffer_5km:1647,osm:2332812369,osm:2332813738,224482902,5050.875651749467,,,tertiary,gravel,,,,60,no,,yes,,,,,,,,,,True,True,False,gravel,40,1
buffer_5km:1648,osm:2332812369,osm:2758194243,561948925,68.62578141042087,,,service,gravel,grade2,,,,,,,,yes,,,,,,,,True,True,False,gravel,4,1
buffer_5km:1649,osm:2332812435,osm:5423572577,224458723,262.63439890284894,,C38,primary,asphalt,,,,60,no,,yes,,,,,,,,,,True,True,False,paved,2,1
buffer_5km:1650,osm:2332812435,osm:2483484370,224458723,273.3518887017132,,C38,primary,asphalt,,,,60,no,,yes,,,,,,,,,,True,True,False,paved,7,1
buffer_5km:1651,osm:2332812435,osm:5423572592,270834934,1094.982983817805,,,track,gravel,grade2,,,,,,forestry,,,,,,,,,,True,True,True,gravel,28,1
buffer_5km:1652,osm:2332812556,osm:2332812600,224458859,835.6588865413115,,,track,,,,,,,,,,,,,,,,,,True,True,False,surface_unknown,23,1
buffer_5km:1653,osm:2332812600,osm:2332812986,224458715,1326.622007709951,,C35,primary,gravel,,,,120,,,,,,,,,,,,,True,True,False,gravel,3,1
buffer_5km:1654,osm:2332812654,osm:259475155,23938504,28147.004525515353,,,unclassified,ground,,,,60,,,forestry,,,,,,,,,,True,True,True,earth_sand,100,1
buffer_5km:1655,osm:2332812654,osm:2332813751,224458955,15158.855530805424,,,track,dirt,grade3,,,,,,forestry,,,,,,,,,,True,True,True,earth_sand,16,1
buffer_5km:1656,osm:2332812688,osm:2332814294,224458955,14068.453631628427,,,track,dirt,grade3,,,,,,forestry,,,,,,,,,,True,True,True,earth_sand,323,1
buffer_5km:1657,osm:2332812688,osm:2332814480,224458955,5573.545558204848,,,track,dirt,grade3,,,,,,forestry,,,,,,,,,,True,True,True,earth_sand,92,1
buffer_5km:1658,osm:2332812691,osm:3798119069,224458812,102.9301674772272,,,track,,grade3,,,,,,,,,,,,,,,,True,True,False,surface_unknown,3,1
buffer_5km:1659,osm:2332812762,osm:2332813234,224458894,3129.595474346083,,,track,gravel,grade3,,,,,,forestry,,yes,,,,,,,,True,True,True,gravel,39,1
buffer_5km:1660,osm:2332812986,osm:2332813020,224458715,134.5023042774285,,C35,primary,gravel,,,,120,,,,,,,,,,,,,True,True,False,gravel,2,1
buffer_5km:1661,osm:2332812986,osm:2332813005,224458967,107.2329843018027,,,track,,grade3,,,,,,,,,,,,,,,,True,True,False,surface_unknown,7,1
buffer_5km:1662,osm:2332813005,osm:3798119069,224458812,2021.781579873287,,,track,,grade3,,,,,,,,,,,,,,,,True,True,False,surface_unknown,32,1
buffer_5km:1663,osm:2332813005,osm:2332813020,224458958,149.13677588744068,,,track,,grade3,,,,,,,,,,,,,,,,True,True,False,surface_unknown,6,1
buffer_5km:1664,osm:2332813020,osm:2332813618,224458715,1461.4530517002977,,C35,primary,gravel,,,,120,,,,,,,,,,,,,True,True,False,gravel,17,1
buffer_5km:1665,osm:2332813081,osm:2333123442,224458839,1578.8500874180836,,,service,,,,,,,,,,yes,,,,,,,,True,True,False,surface_unknown,55,1
buffer_5km:1666,osm:2332813081,osm:2332813339,224458896,8204.526823482922,,,tertiary,gravel,grade2,,,100,,,,,,,,,,,,,True,True,False,gravel,208,1
buffer_5km:1667,osm:2332813081,osm:2333123341,224458896,4519.46125818399,,,tertiary,gravel,grade2,,,100,,,,,,,,,,,,,True,True,False,gravel,76,1
buffer_5km:1668,osm:2332813232,osm:2332813232,224458864,158.7513910704916,,,service,dirt,,,,,yes,,,,yes,,,,,,,,True,False,False,earth_sand,9,1
buffer_5km:1669,osm:2332813232,osm:2332813339,561948926,833.7826625898686,,,service,dirt,,,,,,,,,yes,,,,,,,,True,True,False,earth_sand,31,1
buffer_5km:1670,osm:2332813234,osm:5323240417,224458917,971.3494618715599,,,track,,grade3,,,,,,forestry,,yes,,,,,,,,True,True,True,surface_unknown,37,1
buffer_5km:1671,osm:2332813234,osm:2336874521,224458917,10561.901553895796,,,track,,grade3,,,,,,forestry,,yes,,,,,,,,True,True,True,surface_unknown,267,1
buffer_5km:1672,osm:2332813339,osm:2351160220,224458896,3060.608266800414,,,tertiary,gravel,grade2,,,100,,,,,,,,,,,,,True,True,False,gravel,22,1
buffer_5km:1673,osm:2332813618,osm:3797783407,224458715,559.2601302617401,,C35,primary,gravel,,,,120,,,,,,,,,,,,,True,True,False,gravel,8,1
buffer_5km:1674,osm:2332813618,osm:3797783387,376338894,452.7086180516485,,,track,,grade2,,,,,,,,,,,,,,,,True,True,False,surface_unknown,4,1
buffer_5km:1675,osm:2332813653,osm:2332813751,224458955,19819.514927516742,,,track,dirt,grade3,,,,,,forestry,,,,,,,,,,True,True,True,earth_sand,66,1
buffer_5km:1676,osm:2332813653,osm:2332814358,224458955,26641.37307812929,,,track,dirt,grade3,,,,,,forestry,,,,,,,,,,True,True,True,earth_sand,13,1
buffer_5km:1677,osm:2332813653,osm:2334246618,224621796,27147.634432641673,not open for public,,track,dirt,grade3,,,,,,forestry,,,,,,,,,,True,True,True,earth_sand,72,1
buffer_5km:1678,osm:2332813738,osm:2332813741,224458882,22.909585331814178,,,track,,,,,,,,,,,,,,,,,,True,True,False,surface_unknown,3,1
buffer_5km:1679,osm:2332813738,osm:2332813755,224482902,30.08864323598975,,,tertiary,gravel,,,,60,no,,yes,,,,,,,,,,True,True,False,gravel,2,1
buffer_5km:1680,osm:2332813741,osm:2332813755,224458851,26.88803021559346,,,track,,,,,,,,forestry,,,,,,,,,,True,True,True,surface_unknown,2,1
buffer_5km:1681,osm:2332813741,osm:2332813780,224458851,388.1101637248146,,,track,,,,,,,,forestry,,,,,,,,,,True,True,True,surface_unknown,17,1
buffer_5km:1682,osm:2332813751,osm:2334246694,224621785,26976.852307221623,,,track,dirt,grade3,,,,,,forestry,,,,,,,,,,True,True,True,earth_sand,16,1
buffer_5km:1683,osm:2332813755,osm:2332814466,224482902,2377.257634024588,,,tertiary,gravel,,,,60,no,,yes,,,,,,,,,,True,True,False,gravel,24,1
buffer_5km:1684,osm:2332813932,osm:2332814332,224458874,1224.686831059339,,,track,,,,,,,,,,,,,,,,,,True,True,False,surface_unknown,33,18
buffer_5km:1685,osm:2332814262,osm:2332814294,224458928,3671.983967418207,,,track,,,,,,,,,,,,,,,,,,True,True,False,surface_unknown,5,1
buffer_5km:1686,osm:2332814294,osm:2332814358,224458955,6246.148643609526,,,track,dirt,grade3,,,,,,forestry,,,,,,,,,,True,True,True,earth_sand,3,1
buffer_5km:1687,osm:2332814358,osm:2351179301,551382199,10010.356497403827,,,track,dirt,grade4,,,,,,forestry,,,,,,,,,,True,True,True,earth_sand,111,1
buffer_5km:1688,osm:2332814426,osm:2332814480,224458950,3235.441533061242,,,track,,grade3,,,,,,private,,,,,,,,,,True,True,True,surface_unknown,5,1
buffer_5km:1689,osm:2332814466,osm:2332814468,224458870,57.885814224374286,,,track,,,,,,,,private,,,,,,,,,,True,True,True,surface_unknown,2,1
buffer_5km:1690,osm:2332814466,osm:2332814659,224482902,827.0913583536513,,,tertiary,gravel,,,,60,no,,yes,,,,,,,,,,True,True,False,gravel,10,1
buffer_5km:1691,osm:2332814480,osm:2332814659,224458955,9137.664911158328,,,track,dirt,grade3,,,,,,forestry,,,,,,,,,,True,True,True,earth_sand,67,1
buffer_5km:1692,osm:2332814483,osm:3272712484,224458715,41.222281228087176,,C35,primary,gravel,,,,120,,,,,,,,,,,,,True,True,False,gravel,2,1
buffer_5km:1693,osm:2332814483,osm:3797811881,224458715,370.24547933485036,,C35,primary,gravel,,,,120,,,,,,,,,,,,,True,True,False,gravel,8,1
buffer_5km:1694,osm:2332814606,osm:2332814704,224458821,378.0557031627842,,,track,,,,,,,,,,,,,,,,,,True,True,False,surface_unknown,11,1
buffer_5km:1695,osm:2332814659,osm:4626765166,224482902,473.46396288476615,,,tertiary,gravel,,,,60,no,,yes,,,,,,,,,,True,True,False,gravel,6,1
buffer_5km:1696,osm:2332814704,osm:2332814723,224482902,422.9214688787406,,,tertiary,gravel,,,,60,no,,yes,,,,,,,,,,True,True,False,gravel,7,1
buffer_5km:1697,osm:2332814704,osm:4626765180,224482902,141.10439958926273,,,tertiary,gravel,,,,60,no,,yes,,,,,,,,,,True,True,False,gravel,1,1
buffer_5km:1698,osm:2332814723,osm:2351160220,224458896,2051.7273685971845,,,tertiary,gravel,grade2,,,100,,,,,,,,,,,,,True,True,False,gravel,10,1
buffer_5km:1699,osm:2332814723,osm:2332814744,224482902,300.1590653939233,,,tertiary,gravel,,,,60,no,,yes,,,,,,,,,,True,True,False,gravel,2,1
buffer_5km:1700,osm:2332814744,osm:2351160459,224482902,167.42333393171785,,,tertiary,gravel,,,,60,no,,yes,,,,,,,,,,True,True,False,gravel,1,1
buffer_5km:1701,osm:2332814744,osm:2351160220,226259405,6146.738909165218,,,track,,grade4,,,,,,,,,,,,,,,,True,True,False,surface_unknown,343,1
buffer_5km:1702,osm:2332814835,osm:2351160469,224482902,1297.3777440491929,,,tertiary,gravel,,,,60,no,,yes,,,,,,,,,,True,True,False,gravel,16,1
buffer_5km:1703,osm:2332814835,osm:5325764098,493266776,3168.2932428773247,,,track,dirt,grade3,,,,,,forestry,,,,,,,,,,True,True,True,earth_sand,27,1
buffer_5km:1704,osm:2332815079,osm:6228708184,665480008,42.737834724488316,,C35,primary,asphalt,,,,120,,,,,,,yes,,1,,,,True,True,False,paved,1,1
buffer_5km:1705,osm:2332815079,osm:2332815607,665480009,2722.7741808465707,,C35,primary,asphalt,,,,120,,,,,,,,,,,,,True,True,False,paved,40,1
buffer_5km:1706,osm:2332815098,osm:5325764098,224458954,68.50485077273603,,,track,dirt,grade3,,,,,,forestry,,,,,,,,,,True,True,True,earth_sand,4,1
buffer_5km:1707,osm:2332815187,osm:5325764098,224458954,401.36368370341734,,,track,dirt,grade3,,,,,,forestry,,,,,,,,,,True,True,True,earth_sand,1,1
buffer_5km:1708,osm:2332815187,osm:2332816349,224458954,5046.276080928263,,,track,dirt,grade3,,,,,,forestry,,,,,,,,,,True,True,True,earth_sand,23,1
buffer_5km:1709,osm:2332815187,osm:5325761888,224474510,4.001187746363132,,,track,dirt,grade4,,,,,,forestry,,,,,,,,,,True,True,True,earth_sand,1,1
buffer_5km:1710,osm:2332815187,osm:2332975224,224474510,359.0942655154953,,,track,dirt,grade4,,,,,,forestry,,,,,,,,,,True,True,True,earth_sand,17,1
buffer_5km:1711,osm:2332815228,osm:2332975224,224474518,214.79485883937406,,,track,dirt,grade4,,,,,,forestry,,,,,,,,,,True,True,True,earth_sand,6,1
buffer_5km:1712,osm:2332815228,osm:2332816191,1225040885,4535.666768275285,,,tertiary,gravel,,,,60,no,,yes,,,,,,,,,,True,True,False,gravel,51,1
buffer_5km:1713,osm:2332815228,osm:2332975218,1225040885,197.6700036761324,,,tertiary,gravel,,,,60,no,,yes,,,,,,,,,,True,True,False,gravel,4,1
buffer_5km:1714,osm:2332815607,osm:2332815609,224458840,53.17829675768083,,5920,service,,grade2,,,,,,,,,,,,,,,,True,True,False,surface_unknown,1,1
buffer_5km:1715,osm:2332815607,osm:2332816084,665480009,1582.638331721465,,C35,primary,asphalt,,,,120,,,,,,,,,,,,,True,True,False,paved,11,1
buffer_5km:1716,osm:2332816063,osm:2335247214,224458853,86.1636697771519,,,track,,grade3,,,,,,forestry,,,,,,,,,,True,True,True,surface_unknown,1,1
buffer_5km:1717,osm:2332816063,osm:2332816857,224458853,12051.421044260213,,,track,,grade3,,,,,,forestry,,,,,,,,,,True,True,True,surface_unknown,17,1
buffer_5km:1718,osm:2332816063,osm:2336874521,224458917,17788.165845002866,,,track,,grade3,,,,,,forestry,,yes,,,,,,,,True,True,True,surface_unknown,219,1
buffer_5km:1719,osm:2332816084,osm:2333046791,224458800,1362.5024533575486,Hobatere Camp,,residential,,,,,,,,,,,,,,,,,,True,True,False,surface_unknown,64,1
buffer_5km:1720,osm:2332816084,osm:2332816119,665480009,288.76093870854424,,C35,primary,asphalt,,,,120,,,,,,,,,,,,,True,True,False,paved,2,1
buffer_5km:1721,osm:2332816119,osm:5391032388,558913361,144.67595824128588,,C35,primary,asphalt,,,,,yes,,,,,,,,,,,,True,False,False,paved,3,1
buffer_5km:1722,osm:2332816119,osm:2332816162,558913362,156.68878881361908,,C35,primary,asphalt,,,,,yes,,,,,,,,,,,,False,True,False,paved,5,1
buffer_5km:1723,osm:2332816144,osm:5323219805,1225040885,16.794816429629726,,,tertiary,gravel,,,,60,no,,yes,,,,,,,,,,True,True,False,gravel,1,1
buffer_5km:1724,osm:2332816144,osm:2332816191,1225040885,2000.8101930923601,,,tertiary,gravel,,,,60,no,,yes,,,,,,,,,,True,True,False,gravel,33,1
buffer_5km:1725,osm:2332816162,osm:5391032378,558913359,27.31151153237419,,,primary_link,,,,,,yes,,,,,,,,,,,,False,True,False,surface_unknown,4,1
buffer_5km:1726,osm:2332816162,osm:2332816186,558913362,90.78382580662893,,C35,primary,asphalt,,,,,yes,,,,,,,,,,,,False,True,False,paved,3,1
buffer_5km:1727,osm:2332816186,osm:5391032378,558913360,65.07719654862805,,,primary_link,,,,,,yes,,,,,,,,,,,,True,False,False,surface_unknown,8,1
buffer_5km:1728,osm:2332816186,osm:5391032387,558913362,84.86756025064615,,C35,primary,asphalt,,,,,yes,,,,,,,,,,,,False,True,False,paved,3,1
buffer_5km:1729,osm:2332816191,osm:2332816349,224458832,247.729107119366,,,unclassified,,,,,,,,forestry,,,,,,,,,,True,True,True,surface_unknown,14,1
buffer_5km:1730,osm:2332816349,osm:5323225400,224458954,2443.57550849562,,,track,dirt,grade3,,,,,,forestry,,,,,,,,,,True,True,True,earth_sand,21,1
buffer_5km:1731,osm:2332816349,osm:5325761886,551467609,3.9744773400671853,,,unclassified,ground,,,,,,,forestry,,,,,,,,,,True,True,True,earth_sand,1,1
buffer_5km:1732,osm:2332816536,osm:6153911589,23938504,49.73044894336055,,,unclassified,ground,,,,60,,,forestry,,,,,,,,,,True,True,True,earth_sand,1,1
buffer_5km:1733,osm:2332816536,osm:5433773036,563906168,24.251831194188085,,,unclassified,unpaved,,,,,,roundabout,,,,,,,,,,,False,True,False,other_unpaved,4,1
buffer_5km:1734,osm:2332816536,osm:6153911601,563906168,16.411918097876427,,,unclassified,unpaved,,,,,,roundabout,,,,,,,,,,,True,False,False,other_unpaved,3,1
buffer_5km:1735,osm:2332816857,osm:6935444523,224834160,1697.2526467120113,,,unclassified,gravel,grade2,,,,,,forestry,,,,,,,,,,True,True,True,gravel,2,1
buffer_5km:1736,osm:2332816857,osm:6935444505,224834160,2301.585898583134,,,unclassified,gravel,grade2,,,,,,forestry,,,,,,,,,,True,True,True,gravel,2,1
buffer_5km:1737,osm:2332816857,osm:6935444562,740776707,2737.958641962742,,,unclassified,,,,,,,,,,,,,,,,,,True,True,False,surface_unknown,11,1
buffer_5km:1738,osm:2332816871,osm:3794113998,376062283,106.25493408986432,,,track,,grade3,,,,,,private,,,,,,,,,,True,True,True,surface_unknown,3,1
buffer_5km:1739,osm:2332816871,osm:4392096992,554464860,26.739656242640816,,,track,ground,grade3,,,,,,private,,,,,,,,,,True,True,True,earth_sand,1,1
buffer_5km:1740,osm:2332816871,osm:3794114091,665734774,239.93155425129137,,C35,primary,asphalt,,,,120,,,,,,,,,,,,,True,True,False,paved,5,1
buffer_5km:1741,osm:2332816871,osm:4239718784,1091074216,97.49926891967074,,C35,primary,asphalt,,,,120,,,,,,,,,,,,,True,True,False,paved,1,1
buffer_5km:1742,osm:2332816902,osm:4406672139,421586055,211.3147461290812,,,track,,grade3,,,,,,yes,,,,,,,,,,True,True,False,surface_unknown,4,1
buffer_5km:1743,osm:2332816902,osm:3794114484,421586055,1660.7476834583715,,,track,,grade3,,,,,,yes,,,,,,,,,,True,True,False,surface_unknown,11,1
buffer_5km:1744,osm:2332816902,osm:3789105555,442931352,409.2159135455422,,C35,primary,asphalt,,,,120,,,,,,,,,,,,,True,True,False,paved,5,1
buffer_5km:1745,osm:2332816902,osm:4392184370,442931352,1391.2754761321974,,C35,primary,asphalt,,,,120,,,,,,,,,,,,,True,True,False,paved,8,1
buffer_5km:1746,osm:2332816910,osm:6231530072,665734773,31.798136193257605,,C35,primary,asphalt,,,,120,,,,,,,yes,,1,,,,True,True,False,paved,1,1
buffer_5km:1747,osm:2332816910,osm:3794114298,665734774,180.12120655184643,,C35,primary,asphalt,,,,120,,,,,,,,,,,,,True,True,False,paved,1,1
buffer_5km:1748,osm:2332816931,osm:3794114484,375394265,19.787396123462408,,,track,,grade2,,,,,,private,,,,,,,,,,True,True,True,surface_unknown,1,1
buffer_5km:1749,osm:2332816931,osm:4392184370,442931352,270.63586006768713,,C35,primary,asphalt,,,,120,,,,,,,,,,,,,True,True,False,paved,3,1
buffer_5km:1750,osm:2332816931,osm:4445637411,442931352,282.7483266912636,,C35,primary,asphalt,,,,120,,,,,,,,,,,,,True,True,False,paved,2,1
buffer_5km:1751,osm:2332817061,osm:2333046838,224482886,43.372374181005256,,C35,primary,asphalt,,,,120,,,,,,,yes,,1,,,,True,True,False,paved,1,1
buffer_5km:1752,osm:2332817061,osm:4392184660,666020715,352.2056236602328,,C35,primary,asphalt,,,,120,,,,,,,,,,,,,True,True,False,paved,1,1
buffer_5km:1753,osm:2332975159,osm:2332975184,224474521,164.70856126874386,,,unclassified,ground,grade5,,,,,,forestry,,,,,,,,,,True,True,True,earth_sand,2,1
buffer_5km:1754,osm:2332975159,osm:3794347970,376083354,2207.2156817007462,,,unclassified,ground,grade3,,,,,,,,,,,,,,,,True,True,False,earth_sand,12,1
buffer_5km:1755,osm:2332975159,osm:2332975204,562990336,538.4410271640994,,,track,ground,grade5,,,,,,forestry,,,,,,,,,,True,True,True,earth_sand,9,1
buffer_5km:1756,osm:2332975184,osm:2332975220,224474490,328.99837770012687,,,track,dirt,grade4,,,,,,forestry,,,,,,,,,,True,True,True,earth_sand,9,1
buffer_5km:1757,osm:2332975184,osm:2332975241,224474521,233.18839474976232,,,unclassified,ground,grade5,,,,,,forestry,,,,,,,,,,True,True,True,earth_sand,1,1
buffer_5km:1758,osm:2332975204,osm:2332975220,224474510,172.50530568732958,,,track,dirt,grade4,,,,,,forestry,,,,,,,,,,True,True,True,earth_sand,11,1
buffer_5km:1759,osm:2332975204,osm:5325761888,224474510,4.862369525238579,,,track,dirt,grade4,,,,,,forestry,,,,,,,,,,True,True,True,earth_sand,1,1
buffer_5km:1760,osm:2332975204,osm:2332975311,562990336,4471.303956448297,,,track,ground,grade5,,,,,,forestry,,,,,,,,,,True,True,True,earth_sand,44,1
buffer_5km:1761,osm:2332975218,osm:2332975224,224474510,82.71736432228475,,,track,dirt,grade4,,,,,,forestry,,,,,,,,,,True,True,True,earth_sand,5,1
buffer_5km:1762,osm:2332975220,osm:2332975241,224474490,292.17139423526373,,,track,dirt,grade4,,,,,,forestry,,,,,,,,,,True,True,True,earth_sand,7,1
buffer_5km:1763,osm:2332975220,osm:2332975228,224474510,31.90061320041833,,,track,dirt,grade4,,,,,,forestry,,,,,,,,,,True,True,True,earth_sand,2,1
buffer_5km:1764,osm:2332975241,osm:2332975292,224474521,2381.0067267882478,,,unclassified,ground,grade5,,,,,,forestry,,,,,,,,,,True,True,True,earth_sand,6,1
buffer_5km:1765,osm:2332975292,osm:2332975676,224474470,3300.226238798132,,,track,,,,,,,,,,,,,,,,,,True,True,False,surface_unknown,83,1
buffer_5km:1766,osm:2332975292,osm:2332975454,224474521,2579.7861073580207,,,unclassified,ground,grade5,,,,,,forestry,,,,,,,,,,True,True,True,earth_sand,34,1
buffer_5km:1767,osm:2332975311,osm:2332975700,224474493,2844.0485850534155,,,track,,,,,,,,forestry,,,,,,,,,,True,True,True,surface_unknown,72,1
buffer_5km:1768,osm:2332975311,osm:5325761887,562990336,640.5268899485848,,,track,ground,grade5,,,,,,forestry,,,,,,,,,,True,True,True,earth_sand,9,1
buffer_5km:1769,osm:2332975454,osm:2332975676,224474515,1299.4173421036094,,,track,,,,,,,,,,,,,,,,,,True,True,False,surface_unknown,44,1
buffer_5km:1770,osm:2332975454,osm:2332975757,224474521,7618.694953371566,,,unclassified,ground,grade5,,,,,,forestry,,,,,,,,,,True,True,True,earth_sand,125,1
buffer_5km:1771,osm:2332975676,osm:2332975701,224474470,265.28527539567085,,,track,,,,,,,,,,,,,,,,,,True,True,False,surface_unknown,19,1
buffer_5km:1772,osm:2332975700,osm:2332975710,224474477,37.2134027093979,,,service,,,,,,,,,,,,,,,,,,True,True,False,surface_unknown,2,1
buffer_5km:1773,osm:2332975700,osm:2332975702,224474493,17.560697293040896,,,track,,,,,,,,forestry,,,,,,,,,,True,True,True,surface_unknown,2,1
buffer_5km:1774,osm:2332975701,osm:2332975703,224474470,20.575609967748314,,,track,,,,,,,,,,,,,,,,,,True,True,False,surface_unknown,2,1
buffer_5km:1775,osm:2332975701,osm:2332975702,1225040880,20.176509992886892,,,track,,,,,,,,,,,,,,,,,,True,True,False,surface_unknown,3,1
buffer_5km:1776,osm:2332975702,osm:2332975703,224474493,17.945304550064293,,,track,,,,,,,,forestry,,,,,,,,,,True,True,True,surface_unknown,1,1
buffer_5km:1777,osm:2332975703,osm:2332976206,224474493,5214.552985786996,,,track,,,,,,,,forestry,,,,,,,,,,True,True,True,surface_unknown,102,1
buffer_5km:1778,osm:2332975710,osm:2332975710,224474477,165.0676810462966,,,service,,,,,,,,,,,,,,,,,,True,True,False,surface_unknown,18,1
buffer_5km:1779,osm:2332975757,osm:2332976328,224474481,8243.52082051755,,,track,dirt,grade4,,,,,,forestry,,,,,,,,,,True,True,True,earth_sand,167,1
buffer_5km:1780,osm:2332975757,osm:2332977080,224474521,19801.98998827136,,,unclassified,ground,grade5,,,,,,forestry,,,,,,,,,,True,True,True,earth_sand,111,1
buffer_5km:1781,osm:2332976181,osm:2332976192,224474474,26.43407652568242,,,unclassified,ground,,,,,,,,,,,,,,,,,True,True,False,earth_sand,3,1
buffer_5km:1782,osm:2332976181,osm:5325761887,562986388,9359.557177590865,,,unclassified,ground,,,,100,,,forestry,,,,,,,,,,True,True,True,earth_sand,149,1
buffer_5km:1783,osm:2332976181,osm:2332976185,562986389,25.699931357147133,,,track,ground,grade5,,,,,,forestry,,,,,,,,,,True,True,True,earth_sand,3,1
buffer_5km:1784,osm:2332976185,osm:2332976192,224474513,27.350188419218313,,,track,,,,,,,,,,,,,,,,,,True,True,False,surface_unknown,3,1
buffer_5km:1785,osm:2332976185,osm:2332976670,562986389,5515.271203132426,,,track,ground,grade5,,,,,,forestry,,,,,,,,,,True,True,True,earth_sand,217,1
buffer_5km:1786,osm:2332976192,osm:2332976318,224474474,559.3525177719154,,,unclassified,ground,,,,,,,,,,,,,,,,,True,True,False,earth_sand,11,1
buffer_5km:1787,osm:2332976206,osm:9993439726,224474493,48.85529333486857,,,track,,,,,,,,forestry,,,,,,,,,,True,True,True,surface_unknown,2,1
buffer_5km:1788,osm:2332976206,osm:2332976249,1225040879,87.52999921503026,,,service,ground,,,,,,,,,,,,,,,,,True,True,False,earth_sand,4,1
buffer_5km:1789,osm:2332976247,osm:9993439726,551563617,38.003453940977714,,,track,,,,,,,,forestry,,,,,,,,,,True,True,True,surface_unknown,1,1
buffer_5km:1790,osm:2332976247,osm:9993439727,551563617,62.2382100733504,,,track,,,,,,,,forestry,,,,,,,,,,True,True,True,surface_unknown,1,1
buffer_5km:1791,osm:2332976247,osm:2332976249,1225040878,54.18190656211826,,,service,,,,,,,,,,,,,,,,,,True,True,False,surface_unknown,1,1
buffer_5km:1792,osm:2332976328,osm:9993439727,551563616,384.76458763338644,,,track,,,,,,,,forestry,,,,,,,,,,True,True,True,surface_unknown,17,1
buffer_5km:1793,osm:2332976328,osm:2332977080,551563616,7619.177880107866,,,track,,,,,,,,forestry,,,,,,,,,,True,True,True,surface_unknown,151,1
buffer_5km:1794,osm:2332976582,osm:2332976670,224474521,579.9234632657812,,,unclassified,ground,grade5,,,,,,forestry,,,,,,,,,,True,True,True,earth_sand,4,1
buffer_5km:1795,osm:2332976670,osm:2332977080,224474521,6838.949730265378,,,unclassified,ground,grade5,,,,,,forestry,,,,,,,,,,True,True,True,earth_sand,116,1
buffer_5km:1796,osm:2333046336,osm:4826851669,224482899,513.5914776109718,,,unclassified,ground,,,,,,,forestry,,,,,,,,,,True,True,True,earth_sand,2,1
buffer_5km:1797,osm:2333046336,osm:2333046379,224482903,6996.869260535057,,,unclassified,ground,,,,,,,forestry,,,,,,,,,,True,True,True,earth_sand,2,1
buffer_5km:1798,osm:2333046340,osm:5418197246,224482896,70.3004302526522,,,unclassified,ground,,,,,,,forestry,,,,,,,,,,True,True,True,earth_sand,1,1
buffer_5km:1799,osm:2333046340,osm:4826851669,224482899,58.802368034771845,,,unclassified,ground,,,,,,,forestry,,,,,,,,,,True,True,True,earth_sand,1,1
buffer_5km:1800,osm:2333046347,osm:2333046350,224482897,846.4130717324502,,,unclassified,ground,,,,,,,forestry,,,,,,,,yes,,True,True,True,earth_sand,1,1
buffer_5km:1801,osm:2333046347,osm:2333046364,562932631,6698.546451142373,,,unclassified,ground,,,,,,,forestry,,,,,,,,,,True,True,True,earth_sand,2,1
buffer_5km:1802,osm:2333046348,osm:2333046476,224482914,1241.6156338602968,,,unclassified,ground,,,,,,,forestry,,,,,,,,yes,,True,True,True,earth_sand,7,1
buffer_5km:1803,osm:2333046350,osm:7680681007,224482898,20799.63384359062,,,unclassified,ground,,,,,,,forestry,,,,,,,,,,True,True,True,earth_sand,8,1
buffer_5km:1804,osm:2333046351,osm:2333046354,224482905,130.22754792027152,,,unclassified,ground,,,,,,,,,,,,,,,,,True,True,False,earth_sand,1,1
buffer_5km:1805,osm:2333046351,osm:2333046374,224482909,2819.01169810391,,,track,,,,,,,,,,,,,,,,,,True,True,False,surface_unknown,44,1
buffer_5km:1806,osm:2333046354,osm:2333046373,224482900,1742.604186022117,,,unclassified,ground,,,,,,,forestry,,,,,,,,,,True,True,True,earth_sand,1,1
buffer_5km:1807,osm:2333046364,osm:2333046368,562932630,403.23077050115967,,,track,ground,grade5,,,,,,forestry,,,,,,,,,,True,True,True,earth_sand,24,1
buffer_5km:1808,osm:2333046364,osm:2333046368,562932631,288.8177616127701,,,unclassified,ground,,,,,,,forestry,,,,,,,,,,True,True,True,earth_sand,1,1
buffer_5km:1809,osm:2333046368,osm:2333046376,224482904,406.17803303991565,,,unclassified,ground,,,,,,,forestry,,,,,,,,,,True,True,True,earth_sand,3,1
buffer_5km:1810,osm:2333046373,osm:2333046374,224482915,414.3232776295182,,,unclassified,ground,,,,,,,forestry,,,,,,,,,,True,True,True,earth_sand,1,1
buffer_5km:1811,osm:2333046374,osm:2333046415,224482915,3084.9740021373455,,,unclassified,ground,,,,,,,forestry,,,,,,,,,,True,True,True,earth_sand,6,1
buffer_5km:1812,osm:2333046376,osm:2333046401,224482912,273.14507762423415,,,unclassified,gravel,,,,,,,forestry,,,,,,,,yes,,True,True,True,gravel,4,1
buffer_5km:1813,osm:2333046401,osm:2333046426,224482911,258.64658271770827,,,unclassified,ground,,,,,,,forestry,,,,,,,,,,True,True,True,earth_sand,4,1
buffer_5km:1814,osm:2333046415,osm:2333046426,224482906,36.70802261118443,,,unclassified,ground,,,,,,,forestry,,,,,,,,yes,,True,True,True,earth_sand,3,1
buffer_5km:1815,osm:2333046476,osm:2333046661,224482913,44056.648465637125,,,unclassified,ground,,,,,,,forestry,,,,,,,,,,True,True,True,earth_sand,54,1
buffer_5km:1816,osm:2333046613,osm:2333046616,173518553,1388.9643353377814,,,unclassified,ground,grade4,,,,,,forestry,,,,,,,,,,True,True,True,earth_sand,1,1
buffer_5km:1817,osm:2333046613,osm:2334245303,173518553,19091.26652588354,,,unclassified,ground,grade4,,,,,,forestry,,,,,,,,,,True,True,True,earth_sand,6,1
buffer_5km:1818,osm:2333046613,osm:2334245466,224621774,6298.234822279941,,,track,dirt,grade3,,,,,,forestry,,,,,,,,,,True,True,True,earth_sand,9,1
buffer_5km:1819,osm:2333046616,osm:2334245321,173518553,91.23983934499796,,,unclassified,ground,grade4,,,,,,forestry,,,,,,,,,,True,True,True,earth_sand,1,1
buffer_5km:1820,osm:2333046616,osm:2334245329,224621782,68.55457452835573,,,track,,,,,,,,,,,,,,,,,,True,True,False,surface_unknown,2,1
buffer_5km:1821,osm:2333046616,osm:5425906970,224621782,4.106620517691177,,,track,,,,,,,,,,,,,,,,,,True,True,False,surface_unknown,1,1
buffer_5km:1822,osm:2333046624,osm:2333046631,224482895,107.22071012801153,,,track,ground,grade4,,,,,,forestry,,,,,,,,,,True,True,True,earth_sand,11,1
buffer_5km:1823,osm:2333046624,osm:2333046631,224482910,48.90014761089151,,,track,ground,grade4,,,,,,forestry,,,,,,,,,,True,True,True,earth_sand,3,1
buffer_5km:1824,osm:2333046631,osm:2333046692,224482894,14228.33679878994,,,track,dirt,grade4,,,,,,forestry,,,,,,,,,,True,True,True,earth_sand,10,1
buffer_5km:1825,osm:2333046657,osm:2334298940,23950006,10487.834965746966,,,unclassified,unpaved,,,,,,,forestry,,,,,,,,,,True,True,True,other_unpaved,10,1
buffer_5km:1826,osm:2333046657,osm:2334245312,173518553,20856.97559806157,,,unclassified,ground,grade4,,,,,,forestry,,,,,,,,,,True,True,True,earth_sand,4,1
buffer_5km:1827,osm:2333046657,osm:2333046676,224482913,9892.624063647148,,,unclassified,ground,,,,,,,forestry,,,,,,,,,,True,True,True,earth_sand,11,1
buffer_5km:1828,osm:2333046657,osm:2334298226,224626726,23481.036276282022,,,track,,,,,,,,,,,,,,,,,,True,True,False,surface_unknown,201,1
buffer_5km:1829,osm:2333046661,osm:2333046676,224482908,476.0148275065505,,,unclassified,ground,,,,,,,forestry,,,,,,,,,,True,True,True,earth_sand,3,1
buffer_5km:1830,osm:2333046661,osm:2333046676,224482913,492.1971106256277,,,unclassified,ground,,,,,,,forestry,,,,,,,,,,True,True,True,earth_sand,13,1
buffer_5km:1831,osm:2333046692,osm:2334245826,224482894,397.0766525829143,,,track,dirt,grade4,,,,,,forestry,,,,,,,,,,True,True,True,earth_sand,3,1
buffer_5km:1832,osm:2333046692,osm:2334245511,224621764,8356.593443143229,,,track,dirt,grade4,,,,,,forestry,,,,,,,,,,True,True,True,earth_sand,130,1
buffer_5km:1833,osm:2333046692,osm:2758250020,270857376,82.35807091657536,,,track,dirt,,,,,,,,,,,,,,,,,True,True,False,earth_sand,1,1
buffer_5km:1834,osm:2333046791,osm:4498180609,453011951,4.437064515121827,,,track,,,,,,,,,,,,,,,,,,True,True,False,surface_unknown,1,1
buffer_5km:1835,osm:2333046834,osm:4392184640,421546009,322.0365280315638,,,track,unpaved,grade3,,,,,,,,,,,,,,,,True,True,False,other_unpaved,3,1
buffer_5km:1836,osm:2333046834,osm:4392184641,1091324390,23.33818669209361,,,service,gravel,grade3,,,,no,,private,,,,,,,,,,True,True,True,gravel,1,1
buffer_5km:1837,osm:2333046838,osm:3794115308,424570007,1217.2285355836825,,C35,primary,asphalt,,,,120,,,,,,,,,,,,,True,True,False,paved,12,1
buffer_5km:1838,osm:2333106533,osm:2340323775,224489032,12.542883900677715,,,track,gravel,grade3,,,,,,private,,,,,,,,,,True,True,True,gravel,1,1
buffer_5km:1839,osm:2333106533,osm:2340323822,225220108,59.680879582616804,,,service,gravel,,,,,,,,,,,,,,,,,True,True,False,gravel,5,1
buffer_5km:1840,osm:2333106533,osm:2340321346,225220157,8681.291582764345,,,track,,,,,,,,,,,,,,,,,,True,True,False,surface_unknown,17,1
buffer_5km:1841,osm:2333106533,osm:2340323937,225220157,177.33422668492432,,,track,,,,,,,,,,,,,,,,,,True,True,False,surface_unknown,2,1
buffer_5km:1842,osm:2333106534,osm:2340323753,225220159,163.34123590966533,,,track,,grade2,,,,,,,,,,,,,,,,True,True,False,surface_unknown,2,1
buffer_5km:1843,osm:2333106534,osm:2340323824,225220159,135.06627062331273,,,track,,grade2,,,,,,,,,,,,,,,,True,True,False,surface_unknown,1,1
buffer_5km:1844,osm:2333123276,osm:2333123290,561948929,628.1228575861919,,,service,,,,,,,,,,,,,,,,,,True,True,False,surface_unknown,36,1
buffer_5km:1845,osm:2333123290,osm:2333123290,224458824,105.47424640876153,,,service,,,,,,yes,,,,,,,,,,,,True,False,False,surface_unknown,11,1
buffer_5km:1846,osm:2333123442,osm:2333123442,561948927,67.33490786267215,,,service,,,,,,yes,,,,,,,,,,,,True,False,False,surface_unknown,12,1
buffer_5km:1847,osm:2333161799,osm:2333161799,224495484,55.46281486287469,,,track,,,,,,,,,,yes,,,,,,,,True,True,False,surface_unknown,13,1
buffer_5km:1848,osm:2333161928,osm:2333161951,224495477,68.6687317788618,,,residential,dirt,,,,,,,,,,,,,,,,,True,True,False,earth_sand,3,1
buffer_5km:1849,osm:2333161989,osm:2333162055,224495469,4305.491355109152,,,track,,,,,,,,forestry,,,,,,,,,,True,True,True,surface_unknown,121,1
buffer_5km:1850,osm:2333162541,osm:3797095010,224495492,259.1847680780708,,,track,,grade3,,,,,,,,,,,,,,,,True,True,False,surface_unknown,6,1
buffer_5km:1851,osm:2333162571,osm:3796994831,224458813,271.77559300183395,,,track,,grade3,,,,,,,,,,,,,,,,True,True,False,surface_unknown,6,1
buffer_5km:1852,osm:2333162571,osm:3797095301,224458813,239.03233435655085,,,track,,grade3,,,,,,,,,,,,,,,,True,True,False,surface_unknown,6,1
buffer_5km:1853,osm:2333162571,osm:3797095010,224495492,122.10951596222615,,,track,,grade3,,,,,,,,,,,,,,,,True,True,False,surface_unknown,3,1
buffer_5km:1854,osm:2334244504,osm:2334244518,224621770,93.9581006798877,,,track,,,,,,,,,,,,,,,,,,True,True,False,surface_unknown,7,1
buffer_5km:1855,osm:2334244518,osm:2334244709,224621770,1173.7065383366548,,,track,,,,,,,,,,,,,,,,,,True,True,False,surface_unknown,65,1
buffer_5km:1856,osm:2334244526,osm:2334244672,224621759,1165.763060285026,,,track,,,,,,,,,,,,,,,,,,True,True,False,surface_unknown,35,1
buffer_5km:1857,osm:2334244672,osm:2334244728,224621759,1242.7014677416303,,,track,,,,,,,,,,,,,,,,,,True,True,False,surface_unknown,40,1
buffer_5km:1858,osm:2334244672,osm:2334244929,224621775,1383.830147619545,,,track,,,,,,,,,,,,,,,,,,True,True,False,surface_unknown,37,1
buffer_5km:1859,osm:2334244709,osm:2334244785,224621759,1066.2749454635696,,,track,,,,,,,,,,,,,,,,,,True,True,False,surface_unknown,30,1
buffer_5km:1860,osm:2334244709,osm:2334245040,224621770,4803.271171956212,,,track,,,,,,,,,,,,,,,,,,True,True,False,surface_unknown,145,1
buffer_5km:1861,osm:2334244728,osm:2334244785,224621759,388.4727007604086,,,track,,,,,,,,,,,,,,,,,,True,True,False,surface_unknown,15,1
buffer_5km:1862,osm:2334244728,osm:2334244929,224621782,476.44946542348634,,,track,,,,,,,,,,,,,,,,,,True,True,False,surface_unknown,10,1
buffer_5km:1863,osm:2334244785,osm:2334244863,224621761,288.3790629405134,,,track,,,,,,,,,,,,,,,,,,True,True,False,surface_unknown,12,1
buffer_5km:1864,osm:2334244929,osm:2334245013,224621782,851.6727431052807,,,track,,,,,,,,,,,,,,,,,,True,True,False,surface_unknown,16,1
buffer_5km:1865,osm:2334244974,osm:2334245040,224621797,574.0340273368254,,,track,,,,,,,,,,,,,,,,,,True,True,False,surface_unknown,24,1
buffer_5km:1866,osm:2334245013,osm:2334245028,224621782,22.818095147696997,,,track,,,,,,,,,,,,,,,,,,True,True,False,surface_unknown,1,1
buffer_5km:1867,osm:2334245013,osm:2334245019,224621797,24.491757511959793,,,track,,,,,,,,,,,,,,,,,,True,True,False,surface_unknown,3,1
buffer_5km:1868,osm:2334245019,osm:2334245028,224621779,13.232774969053166,,,track,,,,,,,,,,,,,,,,,,True,True,False,surface_unknown,3,1
buffer_5km:1869,osm:2334245019,osm:2334245040,224621797,1079.766549964138,,,track,,,,,,,,,,,,,,,,,,True,True,False,surface_unknown,49,1
buffer_5km:1870,osm:2334245028,osm:5425906970,224621782,2415.3992601866885,,,track,,,,,,,,,,,,,,,,,,True,True,False,surface_unknown,46,1
buffer_5km:1871,osm:2334245303,osm:2334245312,173518553,21396.409954695755,,,unclassified,ground,grade4,,,,,,forestry,,,,,,,,,,True,True,True,earth_sand,9,1
buffer_5km:1872,osm:2334245303,osm:2334298840,224621785,9733.627163360272,,,track,dirt,grade3,,,,,,forestry,,,,,,,,,,True,True,True,earth_sand,2,1
buffer_5km:1873,osm:2334245312,osm:2334298555,224621794,6555.669913836755,,,track,dirt,grade3,,,,,,forestry,,,,,,,,,,True,True,True,earth_sand,32,1
buffer_5km:1874,osm:2334245321,osm:2334245329,224621799,105.6685786628072,,,track,,,,,,,,,,,,,,,,,,True,True,False,surface_unknown,7,1
buffer_5km:1875,osm:2334245329,osm:2334245491,224621782,6678.279707897985,,,track,,,,,,,,,,,,,,,,,,True,True,False,surface_unknown,55,1
buffer_5km:1876,osm:2334245466,osm:2334245482,224621774,74.70664522187845,,,track,dirt,grade3,,,,,,forestry,,,,,,,,,,True,True,True,earth_sand,1,1
buffer_5km:1877,osm:2334245466,osm:2334245475,224621776,86.78480895082726,,,track,,,,,,,,,,,,,,,,,,True,True,False,surface_unknown,3,1
buffer_5km:1878,osm:2334245475,osm:2334245482,224621782,87.17530257776913,,,track,,,,,,,,,,,,,,,,,,True,True,False,surface_unknown,8,1
buffer_5km:1879,osm:2334245475,osm:2758252533,224621782,2822.430490017188,,,track,,,,,,,,,,,,,,,,,,True,True,False,surface_unknown,49,1
buffer_5km:1880,osm:2334245482,osm:2334246175,224621774,10633.891918737827,,,track,dirt,grade3,,,,,,forestry,,,,,,,,,,True,True,True,earth_sand,5,1
buffer_5km:1881,osm:2334245491,osm:2334245511,224621768,187.2563023505298,,,track,,,,,,,,,,,,,,,,,,True,True,False,surface_unknown,1,1
buffer_5km:1882,osm:2334245491,osm:2334245517,224621782,205.17449684820548,,,track,,,,,,,,,,,,,,,,,,True,True,False,surface_unknown,10,1
buffer_5km:1883,osm:2334245511,osm:2334245517,224621764,125.12573370819891,,,track,dirt,grade4,,,,,,forestry,,,,,,,,,,True,True,True,earth_sand,6,1
buffer_5km:1884,osm:2334245517,osm:2758252533,224621782,1162.9349427381471,,,track,,,,,,,,,,,,,,,,,,True,True,False,surface_unknown,36,1
buffer_5km:1885,osm:2334245826,osm:2334245833,224482894,81.95179225572916,,,track,dirt,grade4,,,,,,forestry,,,,,,,,,,True,True,True,earth_sand,1,1
buffer_5km:1886,osm:2334245826,osm:2334245841,224621798,91.99059001614157,,,track,,,,,,,,,,,,,,,,,,True,True,False,surface_unknown,7,1
buffer_5km:1887,osm:2334245833,osm:2334245972,224482894,8678.229405062451,,,track,dirt,grade4,,,,,,forestry,,,,,,,,,,True,True,True,earth_sand,71,1
buffer_5km:1888,osm:2334245833,osm:2334245841,224621795,94.67533374534234,,,track,,,,,,,,,,,,,,,,,,True,True,False,surface_unknown,6,1
buffer_5km:1889,osm:2334245841,osm:2334246175,224621757,12280.742343605707,,,track,dirt,grade4,,,,,,forestry,,,,,,,,,,True,True,True,earth_sand,106,1
buffer_5km:1890,osm:2334245972,osm:2334246280,224482894,9138.716436436109,,,track,dirt,grade4,,,,,,forestry,,,,,,,,,,True,True,True,earth_sand,47,1
buffer_5km:1891,osm:2334245972,osm:2334246291,224621766,15885.65873289842,,,track,,,,,,,,,,,,,,,,,,True,True,False,surface_unknown,160,1
buffer_5km:1892,osm:2334246280,osm:2334246293,562931039,5203.834976081234,,,track,ground,grade5,,,,,,forestry,,,,,,,,,,True,True,True,earth_sand,10,1
buffer_5km:1893,osm:2334246291,osm:2334246293,562931039,82.49308049721566,,,track,ground,grade5,,,,,,forestry,,,,,,,,,,True,True,True,earth_sand,2,1
buffer_5km:1894,osm:2334246318,osm:2334246360,224621780,975.9556811818154,,,track,,,,,,,,,,,,,,,,,,True,True,False,surface_unknown,39,1
buffer_5km:1895,osm:2334246318,osm:2334246372,224621800,1328.4255038869042,,,track,gravel,,,,,,,forestry,,,,,,,,,,True,True,True,gravel,5,1
buffer_5km:1896,osm:2334246372,osm:2334246408,224621760,150.97949062478924,,,track,,,,,,,,,,,,,,,,,,True,True,False,surface_unknown,12,1
buffer_5km:1897,osm:2334246381,osm:2334246383,224621772,22.014734048097495,,,service,,,,,,,,,,,,,,,,,,True,True,False,surface_unknown,2,1
buffer_5km:1898,osm:2334246383,osm:2334246415,224621772,89.01531623098525,,,service,,,,,,,,,,,,,,,,,,True,True,False,surface_unknown,4,1
buffer_5km:1899,osm:2334246408,osm:2334246418,224621772,22.794064151783168,,,service,,,,,,,,,,,,,,,,,,True,True,False,surface_unknown,4,1
buffer_5km:1900,osm:2334246408,osm:2334246430,224621772,191.9636636480328,,,service,,,,,,,,,,,,,,,,,,True,True,False,surface_unknown,19,1
buffer_5km:1901,osm:2334246415,osm:2334246418,224621772,25.282859497045376,,,service,,,,,,,,,,,,,,,,,,True,True,False,surface_unknown,3,1
buffer_5km:1902,osm:2334246415,osm:2334246430,224621772,30.141114739720848,,,service,,,,,,,,,,,,,,,,,,True,True,False,surface_unknown,2,1
buffer_5km:1903,osm:2334246418,osm:2334246430,224621778,14.883140463364342,,,service,,,,,,,,,,,,,,,,,,True,True,False,surface_unknown,3,1
buffer_5km:1904,osm:2334246536,osm:2334246544,224621793,39.86667837215335,,,service,gravel,grade2,,,,,,,,yes,,,,,,,,True,True,False,gravel,5,1
buffer_5km:1905,osm:2334246568,osm:2334246592,224621765,61.020899789330706,,,service,,,,,,,,,,yes,,,,,,,,True,True,False,surface_unknown,5,1
buffer_5km:1906,osm:2334246568,osm:2334246592,224621765,81.6405288527256,,,service,,,,,,,,,,yes,,,,,,,,True,True,False,surface_unknown,10,1
buffer_5km:1907,osm:2334246587,osm:2334246611,224621786,1525.906750487647,,,tertiary,gravel,grade2,,,60,,,,,,,,,,,,,True,True,False,gravel,5,1
buffer_5km:1908,osm:2334246592,osm:2334246612,224621787,50.98148601293056,,,service,,,,,,no,,,,yes,,,,,,,,True,True,False,surface_unknown,6,1
buffer_5km:1909,osm:2334246592,osm:2334246613,224621790,54.09093378877474,,,service,,,,,,no,,,,yes,,,,,,,,True,True,False,surface_unknown,5,1
buffer_5km:1910,osm:2334246611,osm:4723880672,224621758,357.17142048633787,,,service,gravel,grade2,,,,,,,,yes,,,,,,,,True,True,False,gravel,9,1
buffer_5km:1911,osm:2334246612,osm:2758091638,224621786,6869.770242090239,,,tertiary,gravel,grade2,,,60,,,,,,,,,,,,,True,True,False,gravel,37,1
buffer_5km:1912,osm:2334246612,osm:2334246613,224621786,52.87917217496546,,,tertiary,gravel,grade2,,,60,,,,,,,,,,,,,True,True,False,gravel,1,1
buffer_5km:1913,osm:2334246613,osm:4616939229,224621786,11014.948756380729,,,tertiary,gravel,grade2,,,60,,,,,,,,,,,,,True,True,False,gravel,65,1
buffer_5km:1914,osm:2334246686,osm:2334246718,224621769,145.1750313138242,,,service,gravel,,,,,,,,,yes,,,,,,,,True,True,False,gravel,9,1
buffer_5km:1915,osm:2334246691,osm:4723880672,551314418,37.66006920649571,,,service,,,,,,,,,,,,,,,,,,True,True,False,surface_unknown,1,1
buffer_5km:1916,osm:2334246694,osm:2758087290,224621786,7995.700811588817,,,tertiary,gravel,grade2,,,60,,,,,,,,,,,,,True,True,False,gravel,57,1
buffer_5km:1917,osm:2334246718,osm:2334246725,551567055,26.2945537276366,,,service,gravel,,,,,yes,,,,yes,,,,,,,,True,False,False,gravel,3,1
buffer_5km:1918,osm:2334246718,osm:2334246744,551567055,29.51200095366326,,,service,gravel,,,,,yes,,,,yes,,,,,,,,False,True,False,gravel,4,1
buffer_5km:1919,osm:2334246725,osm:2334246744,224621771,300.79132282333563,,,track,,,,,,,,forestry,,,,,,,,,,True,True,True,surface_unknown,26,1
buffer_5km:1920,osm:2334246725,osm:2334246744,551567055,18.24127990656066,,,service,gravel,,,,,yes,,,,yes,,,,,,,,True,False,False,gravel,4,1
buffer_5km:1921,osm:2334246762,osm:2334246765,224621763,31.920829096045345,,,service,,,,,,,,,,yes,,,,,,,,True,True,False,surface_unknown,6,1
buffer_5km:1922,osm:2334246762,osm:2334246781,224621763,49.725970914789656,,,service,,,,,,,,,,yes,,,,,,,,True,True,False,surface_unknown,5,1
buffer_5km:1923,osm:2334246762,osm:2334246765,1225040894,436.3432530583363,,,track,,,,,,,,forestry,,,,,,,,,,True,True,True,surface_unknown,29,1
buffer_5km:1924,osm:2334246765,osm:2334246781,224621763,38.63228212368635,,,service,,,,,,,,,,yes,,,,,,,,True,True,False,surface_unknown,3,1
buffer_5km:1925,osm:2334246781,osm:2334246797,224621791,38.04514039200534,,,service,,,,,,,,,,yes,,,,,,,,True,True,False,surface_unknown,4,1
buffer_5km:1926,osm:2334246797,osm:4616939221,224621786,10431.81131827274,,,tertiary,gravel,grade2,,,60,,,,,,,,,,,,,True,True,False,gravel,103,1
buffer_5km:1927,osm:2334246842,osm:2334246889,224621781,594.6537750241127,,,track,dirt,grade3,,,,,,forestry,,,,,,,,,,True,True,True,earth_sand,28,1
buffer_5km:1928,osm:2334246842,osm:2758087382,224621792,1037.4473621954012,,,track,dirt,grade3,,,,,,forestry,,,,,,,,,,True,True,True,earth_sand,46,1
buffer_5km:1929,osm:2334246889,osm:2334246889,224621781,74.5985529434719,,,track,dirt,grade3,,,,,,forestry,,,,,,,,,,True,True,True,earth_sand,11,1
buffer_5km:1930,osm:2334298555,osm:2334298940,224626727,19964.116105838522,,,track,unpaved,,,,,,,,,,,,,,,,,True,True,False,other_unpaved,123,1
buffer_5km:1931,osm:2334298555,osm:2334298840,224626727,20325.932210101473,,,track,unpaved,,,,,,,,,,,,,,,,,True,True,False,other_unpaved,103,1
buffer_5km:1932,osm:2334298940,osm:259616868,23950006,5833.709997213833,,,unclassified,unpaved,,,,,,,forestry,,,,,,,,,,True,True,True,other_unpaved,6,1
buffer_5km:1933,osm:2334298941,osm:259616868,23950014,11868.849166585944,,,unclassified,ground,grade4,,,,,,forestry,,,,,,,,,,True,True,True,earth_sand,4,1
buffer_5km:1934,osm:2334298941,osm:5423484185,23950014,24666.558940873576,,,unclassified,ground,grade4,,,,,,forestry,,,,,,,,,,True,True,True,earth_sand,4,1
buffer_5km:1935,osm:2334298941,osm:2334298954,224626729,114.50432064720255,,,service,,,,,,,,,,,,,,,,,,True,True,False,surface_unknown,10,1
buffer_5km:1936,osm:2334298954,osm:2334298954,224626729,689.4368916717721,,,service,,,,,,,,,,,,,,,,,,True,True,False,surface_unknown,52,1
buffer_5km:1937,osm:2334299179,osm:259616795,224458836,4236.9673647956015,,,track,,,,,,,,forestry,,,,,,,,,,True,True,True,surface_unknown,30,1
buffer_5km:1938,osm:2334299301,osm:4804133338,23950006,2451.1123928393517,,,unclassified,unpaved,,,,,,,forestry,,,,,,,,,,True,True,True,other_unpaved,48,1
buffer_5km:1939,osm:2334299301,osm:259616795,23950006,10373.143648342275,,,unclassified,unpaved,,,,,,,forestry,,,,,,,,,,True,True,True,other_unpaved,56,1
buffer_5km:1940,osm:2334326121,osm:2334326153,224630371,374.6625057375298,,,track,,,,,,,,,,,,,,,,,,True,True,False,surface_unknown,17,1
buffer_5km:1941,osm:2334326153,osm:5423484358,561946642,505.7067285553859,,,tertiary,gravel,grade2,,,60,,,,,,,,,,,,,True,True,False,gravel,5,1
buffer_5km:1942,osm:2334326153,osm:309201200,561946642,3540.454843187292,,,tertiary,gravel,grade2,,,60,,,,,,,,,,,,,True,True,False,gravel,29,1
buffer_5km:1943,osm:2334326218,osm:309201176,224630367,75.67213278626588,,,service,gravel,,,,,yes,,,,,,,,,,,,True,False,False,gravel,11,1
buffer_5km:1944,osm:2334326218,osm:309201176,561931152,37.67535483989113,,,service,gravel,grade3,,,,yes,,,,yes,,,,,,,,False,True,False,gravel,4,1
buffer_5km:1945,osm:2334326218,osm:2334326224,561931152,81.52696940624293,,,service,gravel,grade3,,,,yes,,,,yes,,,,,,,,True,False,False,gravel,8,1
buffer_5km:1946,osm:2334326219,osm:5324337206,551314417,63.03053793053396,,,service,gravel,grade3,,,,no,,,,yes,,,,,,,,True,True,False,gravel,4,1
buffer_5km:1947,osm:2334326219,osm:309201176,551314417,37.71577849704366,,,service,gravel,grade3,,,,no,,,,yes,,,,,,,,True,True,False,gravel,3,1
buffer_5km:1948,osm:2334326219,osm:2334326224,561931157,21.008158521438425,,,service,gravel,grade3,,,,yes,,,,yes,,,,,,,,False,True,False,gravel,2,1
buffer_5km:1949,osm:2334326251,osm:309201200,28157047,48.6094418303963,,5930,service,gravel,grade3,,,,,,,,yes,,,,,,,,True,True,False,gravel,3,1
buffer_5km:1950,osm:2334326251,osm:5324337206,28157047,420.34453852267063,,5930,service,gravel,grade3,,,,,,,,yes,,,,,,,,True,True,False,gravel,17,1
buffer_5km:1951,osm:2334326322,osm:5423572311,562604575,933.8283044033757,,,track,,,,,,,,,,,,,,,,,,True,True,False,surface_unknown,4,1
buffer_5km:1952,osm:2334552081,osm:2975523331,23911053,49.49131810758801,,,unclassified,gravel,grade3,,,60,no,,,,yes,,,,,,,,True,True,False,gravel,1,1
buffer_5km:1953,osm:2334552081,osm:89025354,1531733158,2389.800737870079,Halali detour,,track,,grade2,,,,,,,,,,,,,,,,True,True,False,surface_unknown,6,1
buffer_5km:1954,osm:2334552243,osm:2336874428,224458853,1772.4396480614644,,,track,,grade3,,,,,,forestry,,,,,,,,,,True,True,True,surface_unknown,27,1
buffer_5km:1955,osm:2334552243,osm:2335247214,224458853,13399.711412909199,,,track,,grade3,,,,,,forestry,,,,,,,,,,True,True,True,surface_unknown,223,1
buffer_5km:1956,osm:2334552243,osm:2335246003,224732892,16325.436421853661,,,track,,,,,,,,forestry,,,,,,,,,,True,True,True,surface_unknown,87,1
buffer_5km:1957,osm:2335245848,osm:2335245940,224732892,19335.476910319005,,,track,,,,,,,,forestry,,,,,,,,,,True,True,True,surface_unknown,31,1
buffer_5km:1958,osm:2335245848,osm:2340324191,224732892,22865.421776899093,,,track,,,,,,,,forestry,,,,,,,,,,True,True,True,surface_unknown,4,1
buffer_5km:1959,osm:2335245848,osm:2339310396,224732895,13062.07067211252,,,track,unpaved,grade3,,,,,,,,,,,,,,,,True,True,False,other_unpaved,116,1
buffer_5km:1960,osm:2335245848,osm:2335246496,224732895,11973.746308977432,,,track,unpaved,grade3,,,,,,,,,,,,,,,,True,True,False,other_unpaved,22,1
buffer_5km:1961,osm:2335245940,osm:2335246003,224732892,5089.150196091269,,,track,,,,,,,,forestry,,,,,,,,,,True,True,True,surface_unknown,13,1
buffer_5km:1962,osm:2335245940,osm:2335247157,224732898,14150.600090821845,,,track,ground,grade4,,,,,,forestry,,,,,,,,,,True,True,True,earth_sand,5,1
buffer_5km:1963,osm:2335246003,osm:2339146901,224732897,10143.278999054943,,,track,dirt,grade3,,,,,,forestry,,,,,,,,,,True,True,True,earth_sand,114,1
buffer_5km:1964,osm:2335246496,osm:2335247157,224732893,22383.79971542977,,,unclassified,,,,,,,,,,,,,,,,,,True,True,False,surface_unknown,24,1
buffer_5km:1965,osm:2335246496,osm:2335246662,224732895,3077.3352919877852,,,track,unpaved,grade3,,,,,,,,,,,,,,,,True,True,False,other_unpaved,1,1
buffer_5km:1966,osm:2335246662,osm:2340324217,224732894,12856.170247200147,,,track,,grade4,,,,,,,,,,,,,,,,True,True,False,surface_unknown,26,1
buffer_5km:1967,osm:2335246662,osm:2340324664,224732895,9016.34414796191,,,track,unpaved,grade3,,,,,,,,,,,,,,,,True,True,False,other_unpaved,4,1
buffer_5km:1968,osm:2335247157,osm:2335247214,224732893,22115.79817079089,,,unclassified,,,,,,,,,,,,,,,,,,True,True,False,surface_unknown,117,1
buffer_5km:1969,osm:2335247157,osm:2340325956,224732898,21642.7986286687,,,track,ground,grade4,,,,,,forestry,,,,,,,,,,True,True,True,earth_sand,48,1
buffer_5km:1970,osm:2335247241,osm:2340324664,224732895,60.769334676037786,,,track,unpaved,grade3,,,,,,,,,,,,,,,,True,True,False,other_unpaved,2,1
buffer_5km:1971,osm:2335247241,osm:2335247453,224732896,4897.388466735119,,,track,,,,,,,,,,,,,,,,,,True,True,False,surface_unknown,47,1
buffer_5km:1972,osm:2335247241,osm:2340324736,224834160,8073.479845505729,,,unclassified,gravel,grade2,,,,,,forestry,,,,,,,,,,True,True,True,gravel,28,1
buffer_5km:1973,osm:2335247241,osm:2340324671,224834160,66.77015695050821,,,unclassified,gravel,grade2,,,,,,forestry,,,,,,,,,,True,True,True,gravel,4,1
buffer_5km:1974,osm:2335247453,osm:2340324736,225220126,5794.735778724494,,,track,,grade4,,,,,,,,,,,,,,,,True,True,False,surface_unknown,57,1
buffer_5km:1975,osm:2335247453,osm:2340325721,225220126,10759.354773585106,,,track,,grade4,,,,,,,,,,,,,,,,True,True,False,surface_unknown,177,1
buffer_5km:1976,osm:2336874181,osm:259187399,109557447,28.063142521074784,Rhino Drive,,unclassified,gravel,grade2,,,60,,,,,,,,,,,,,True,True,False,gravel,2,1
buffer_5km:1977,osm:2336874181,osm:2337091725,109557447,21753.30121407094,Rhino Drive,,unclassified,gravel,grade2,,,60,,,,,,,,,,,,,True,True,False,gravel,378,1
buffer_5km:1978,osm:2336874181,osm:259174868,224834156,34.255659723016606,Rhino Drive,,unclassified,gravel,,,,60,,,,,,,,,,,,,True,True,False,gravel,4,1
buffer_5km:1979,osm:2336874397,osm:259171822,109557447,654.3046075527442,Rhino Drive,,unclassified,gravel,grade2,,,60,,,,,,,,,,,,,True,True,False,gravel,12,1
buffer_5km:1980,osm:2336874397,osm:2339146891,109557447,247.24610773723154,Rhino Drive,,unclassified,gravel,grade2,,,60,,,,,,,,,,,,,True,True,False,gravel,4,1
buffer_5km:1981,osm:2336874397,osm:2336874428,224834158,17714.464232892013,,,track,dirt,grade5,,,,,,forestry,,,,,,,,,,True,True,True,earth_sand,19,1
buffer_5km:1982,osm:2336874397,osm:2339146877,224834158,662.9451078693598,,,track,dirt,grade5,,,,,,forestry,,,,,,,,,,True,True,True,earth_sand,30,1
buffer_5km:1983,osm:2336874408,osm:2339146877,224834158,527.6146812008021,,,track,dirt,grade5,,,,,,forestry,,,,,,,,,,True,True,True,earth_sand,27,1
buffer_5km:1984,osm:2336874428,osm:259174834,224458853,20278.679365432847,,,track,,grade3,,,,,,forestry,,,,,,,,,,True,True,True,surface_unknown,294,1
buffer_5km:1985,osm:2336874428,osm:2336874521,224834158,12430.853147760896,,,track,dirt,grade5,,,,,,forestry,,,,,,,,,,True,True,True,earth_sand,6,1
buffer_5km:1986,osm:2336874436,osm:259190001,26451337,382.91792982223984,,,tertiary,gravel,grade2,,,60,no,,,,,,,,,,,,True,True,False,gravel,6,1
buffer_5km:1987,osm:2336874436,osm:259189997,26451337,38.42327140156077,,,tertiary,gravel,grade2,,,60,no,,,,,,,,,,,,True,True,False,gravel,1,1
buffer_5km:1988,osm:2336874436,osm:2336874440,224834154,37.71084548886505,,,service,gravel,,,,,,,,,,,,,,,,,True,True,False,gravel,3,1
buffer_5km:1989,osm:2336874440,osm:259189997,23912798,34.35835394972883,,,service,gravel,grade2,,,60,no,,,,yes,,,,,,,,True,True,False,gravel,4,1
buffer_5km:1990,osm:2336874440,osm:259190008,23912798,175.63488574729004,,,service,gravel,grade2,,,60,no,,,,yes,,,,,,,,True,True,False,gravel,5,1
buffer_5km:1991,osm:2336874452,osm:977756935,551378543,3.895082456843608,,,service,unpaved,,,,,,,,,,,,,,,,,True,True,False,other_unpaved,1,1
buffer_5km:1992,osm:2336874452,osm:2336874452,551378543,79.43113895118671,,,service,unpaved,,,,,,,,,,,,,,,,,True,True,False,other_unpaved,17,1
buffer_5km:1993,osm:2336874521,osm:2336874671,224834158,14148.492738641791,,,track,dirt,grade5,,,,,,forestry,,,,,,,,,,True,True,True,earth_sand,5,1
buffer_5km:1994,osm:2336874671,osm:2336874698,224834158,6359.558641877661,,,track,dirt,grade5,,,,,,forestry,,,,,,,,,,True,True,True,earth_sand,3,1
buffer_5km:1995,osm:2336874671,osm:5323240415,551192157,10805.74006287383,,,track,,grade2,,,,,,forestry,,,,,,,,,,True,True,True,surface_unknown,170,1
buffer_5km:1996,osm:2336874671,osm:2336874710,551192157,4915.529668700876,,,track,,grade2,,,,,,forestry,,,,,,,,,,True,True,True,surface_unknown,32,1
buffer_5km:1997,osm:2336874697,osm:2336874698,224834155,48.59971258823043,,,track,,,,,,,,,,,,,,,,,,True,True,False,surface_unknown,3,1
buffer_5km:1998,osm:2336874697,osm:2340324752,224834160,88.86108501803959,,,unclassified,gravel,grade2,,,,,,forestry,,,,,,,,,,True,True,True,gravel,1,1
buffer_5km:1999,osm:2336874697,osm:2340324651,224834160,18384.7102667225,,,unclassified,gravel,grade2,,,,,,forestry,,,,,,,,,,True,True,True,gravel,6,1
buffer_5km:2000,osm:2336874698,osm:2340324752,224834155,43.51920915855757,,,track,,,,,,,,,,,,,,,,,,True,True,False,surface_unknown,3,1
buffer_5km:2001,osm:2336874710,osm:2340325624,224834160,12143.574914630686,,,unclassified,gravel,grade2,,,,,,forestry,,,,,,,,,,True,True,True,gravel,11,1
buffer_5km:2002,osm:2336874710,osm:2340324752,224834160,6887.781511545492,,,unclassified,gravel,grade2,,,,,,forestry,,,,,,,,,,True,True,True,gravel,5,1
buffer_5km:2003,osm:2337091149,osm:288565547,23910266,564.6761832751952,Halali Road,,tertiary,gravel,grade2,,,60,no,,,,,,,,,,,,True,True,False,gravel,5,1
buffer_5km:2004,osm:2337091149,osm:259163209,23910266,16.39530433608827,Halali Road,,tertiary,gravel,grade2,,,60,no,,,,,,,,,,,,True,True,False,gravel,1,1
buffer_5km:2005,osm:2337091149,osm:278852441,224860056,184.14991615916642,,,track,,,,,,,,forestry,,,,,,,,,,True,True,True,surface_unknown,10,1
buffer_5km:2006,osm:2337091158,osm:2337091163,1210847207,595.5531416072778,,,track,,grade2,,,,,,forestry,,,,,,,,,,True,True,True,surface_unknown,7,22
buffer_5km:2007,osm:2337091197,osm:259163180,418622194,236.95183395248102,,,track,,grade2,,,,,,forestry,,,,,,,,,,True,True,True,surface_unknown,3,1
buffer_5km:2008,osm:2337091197,osm:259162877,551190853,40.425335152232115,,,service,gravel,grade2,,,60,no,,,,,,,,,,,,True,True,False,gravel,1,1
buffer_5km:2009,osm:2337091197,osm:5323226065,551190853,148.7534437197522,,,service,gravel,grade2,,,60,no,,,,,,,,,,,,True,True,False,gravel,1,1
buffer_5km:2010,osm:2337091209,osm:259163209,224860043,314.9083476445947,,,service,,,,,,,,,,,,,,,,,,True,True,False,surface_unknown,16,1
buffer_5km:2011,osm:2337091209,osm:2337091253,224860053,66.36426034028048,,,service,,,,,,,,,,,,,,,,,,True,True,False,surface_unknown,4,1
buffer_5km:2012,osm:2337091253,osm:2337091260,224860048,100.52002806254077,,,service,,,,,,,,,private,,,,,,,,,True,True,False,surface_unknown,8,1
buffer_5km:2013,osm:2337091253,osm:2338986205,224860049,17.00394495738718,,,service,,,,,,,,,private,,,,,,,,,True,True,False,surface_unknown,1,1
buffer_5km:2014,osm:2337091257,osm:309216769,224860052,27.750189870334037,,,service,compacted,,,,,,,,,,,,,,,,,True,True,False,other_unpaved,1,1
buffer_5km:2015,osm:2337091257,osm:5323226065,551190853,19.185040874292877,,,service,gravel,grade2,,,60,no,,,,,,,,,,,,True,True,False,gravel,2,1
buffer_5km:2016,osm:2337091260,osm:2337091303,224860041,100.14431651433317,,,service,,,,,,,,,private,,,,,,,,,True,True,False,surface_unknown,11,1
buffer_5km:2017,osm:2337091260,osm:2337091353,224860048,158.03031902783192,,,service,,,,,,,,,private,,,,,,,,,True,True,False,surface_unknown,14,1
buffer_5km:2018,osm:2337091303,osm:2337091337,224860046,62.28799189414138,,,service,compacted,,,,,,,,private,,,,,,,,,True,True,False,other_unpaved,3,1
buffer_5km:2019,osm:2337091303,osm:309216767,224860046,37.88441077652409,,,service,compacted,,,,,,,,private,,,,,,,,,True,True,False,other_unpaved,1,1
buffer_5km:2020,osm:2337091303,osm:2338986205,225077550,108.32195059011741,,,track,,grade2,,,,,,,,,,,,,,,,True,True,False,surface_unknown,14,1
buffer_5km:2021,osm:2337091306,osm:2337091343,224860057,87.70676046628598,,,service,,,,,,,,,private,,,,,,,,,True,True,False,surface_unknown,11,1
buffer_5km:2022,osm:2337091337,osm:309216767,224860040,147.21877718197658,,,service,,,,,,,,,private,,,,,,,,,True,True,False,surface_unknown,11,1
buffer_5km:2023,osm:2337091337,osm:2337091343,224860046,5.608735650211914,,,service,compacted,,,,,,,,private,,,,,,,,,True,True,False,other_unpaved,1,1
buffer_5km:2024,osm:2337091343,osm:2337091353,224860046,18.434140541375097,,,service,compacted,,,,,,,,private,,,,,,,,,True,True,False,other_unpaved,1,1
buffer_5km:2025,osm:2337091353,osm:309216648,224860046,57.01980238958832,,,service,compacted,,,,,,,,private,,,,,,,,,True,True,False,other_unpaved,4,1
buffer_5km:2026,osm:2337091406,osm:259163196,23910299,804.9184294966549,,,track,,grade2,,,,,,forestry,,,,,,,,,,True,True,True,surface_unknown,20,1
buffer_5km:2027,osm:2337091406,osm:278852492,224860054,1755.564043770478,,,track,,grade3,,,,,,forestry,,,,,,,,,,True,True,True,surface_unknown,75,1
buffer_5km:2028,osm:2337091516,osm:259163681,23910337,97.52569814254362,,,track,,grade2,,,,,,forestry,,,,,,,,,,True,True,True,surface_unknown,1,1
buffer_5km:2029,osm:2337091516,osm:259163349,224860044,1120.3052132898458,,,track,gravel,grade2,,,,,,forestry,,,,,,,,,,True,True,True,gravel,14,1
buffer_5km:2030,osm:2337091516,osm:259163681,225077593,213.22585874505046,,,track,,grade3,,,,,,forestry,,,,,,,,,,True,True,True,surface_unknown,7,1
buffer_5km:2031,osm:2337091591,osm:259163319,23910307,625.5300194038399,,,unclassified,gravel,grade4,,,60,,,,,yes,,,,,,,,True,True,False,gravel,14,1
buffer_5km:2032,osm:2337091591,osm:259163339,23910307,122.48626890354146,,,unclassified,gravel,grade4,,,60,,,,,yes,,,,,,,,True,True,False,gravel,6,1
buffer_5km:2033,osm:2337091591,osm:2337091593,224860042,11.777657324662197,,,track,dirt,grade4,,,,,,forestry,,,,,,,,,,True,True,True,earth_sand,1,1
buffer_5km:2034,osm:2337091593,osm:2337091655,224860042,69.51404252373966,,,track,dirt,grade4,,,,,,forestry,,,,,,,,,,True,True,True,earth_sand,6,1
buffer_5km:2035,osm:2337091593,osm:2337091655,224860045,167.6966835811268,,,track,dirt,grade4,,,,,,forestry,,,,,,,,,,True,True,True,earth_sand,16,1
buffer_5km:2036,osm:2337091622,osm:278852492,224860055,1829.4644201011408,,,track,,grade5,,,,,,forestry,,,,,,,,,,True,True,True,surface_unknown,68,1
buffer_5km:2037,osm:2337091655,osm:259163339,224860042,66.33506447792294,,,track,dirt,grade4,,,,,,forestry,,,,,,,,,,True,True,True,earth_sand,6,1
buffer_5km:2038,osm:2337091724,osm:259163349,23910307,5276.858273658561,,,unclassified,gravel,grade4,,,60,,,,,yes,,,,,,,,True,True,False,gravel,20,1
buffer_5km:2039,osm:2337091724,osm:259171822,23910307,23.941589693289423,,,unclassified,gravel,grade4,,,60,,,,,yes,,,,,,,,True,True,False,gravel,2,1
buffer_5km:2040,osm:2337091724,osm:2337091725,224860051,19.999272162312703,,,unclassified,unpaved,,,,60,,,,,,,,,,,,,True,True,False,other_unpaved,4,1
buffer_5km:2041,osm:2337091725,osm:259171822,109557447,19.479772370522493,Rhino Drive,,unclassified,gravel,grade2,,,60,,,,,,,,,,,,,True,True,False,gravel,1,1
buffer_5km:2042,osm:2338985980,osm:2338986044,224860050,928.3493737297233,,,track,,grade5,,,,,,forestry,,,,,,,,,,True,True,True,surface_unknown,51,1
buffer_5km:2043,osm:2338986095,osm:2338986114,225077574,170.59804947766077,,,track,compacted,grade3,,,,,,,,,,,,,,,,True,True,False,other_unpaved,12,1
buffer_5km:2044,osm:2338986095,osm:2338986095,225077574,64.06404141728726,,,track,compacted,grade3,,,,,,,,,,,,,,,,True,True,False,other_unpaved,10,1
buffer_5km:2045,osm:2338986114,osm:2338986310,225077544,154.00676184198323,,,service,compacted,,,,,,,,private,,,,,,,,,True,True,False,other_unpaved,9,1
buffer_5km:2046,osm:2338986203,osm:2338986290,224860046,160.53078372040085,,,service,compacted,,,,,,,,private,,,,,,,,,True,True,False,other_unpaved,5,1
buffer_5km:2047,osm:2338986203,osm:309216770,224860046,31.10195407272808,,,service,compacted,,,,,,,,private,,,,,,,,,True,True,False,other_unpaved,3,1
buffer_5km:2048,osm:2338986203,osm:2338986282,225077595,31.504277166697474,,,service,compacted,,,,,,,,private,,,,,,,,,True,True,False,other_unpaved,4,1
buffer_5km:2049,osm:2338986205,osm:309216766,224860049,74.49571217885494,,,service,,,,,,,,,private,,,,,,,,,True,True,False,surface_unknown,2,1
buffer_5km:2050,osm:2338986244,osm:2338986277,225077567,16.179715464956942,,,service,sand,,,,,,,,,,,,,,,,,True,True,False,earth_sand,2,1
buffer_5km:2051,osm:2338986244,osm:2338986244,225077567,60.16694151728032,,,service,sand,,,,,,,,,,,,,,,,,True,True,False,earth_sand,11,1
buffer_5km:2052,osm:2338986277,osm:2338986301,225077567,134.38286659904514,,,service,sand,,,,,,,,,,,,,,,,,True,True,False,earth_sand,7,1
buffer_5km:2053,osm:2338986277,osm:2338986388,225077587,59.396736869723625,,,service,compacted,grade2,,,,,,,,,,,,,,,,True,True,False,other_unpaved,5,1
buffer_5km:2054,osm:2338986282,osm:309216770,225077582,30.542159701394482,,,service,compacted,,,,,,,,private,,,,,,,,,True,True,False,other_unpaved,3,1
buffer_5km:2055,osm:2338986282,osm:2338986338,225077595,31.083670505176805,,,service,compacted,,,,,,,,private,,,,,,,,,True,True,False,other_unpaved,2,1
buffer_5km:2056,osm:2338986290,osm:2338986310,224860046,37.84640719802305,,,service,compacted,,,,,,,,private,,,,,,,,,True,True,False,other_unpaved,2,1
buffer_5km:2057,osm:2338986290,osm:2338986356,225077583,24.232349089337976,,,service,compacted,,,,,,,,private,,,,,,,,,True,True,False,other_unpaved,2,1
buffer_5km:2058,osm:2338986301,osm:309216769,31256703,16.114855407890975,,,service,compacted,,,,,,,,,,,,,,,,,True,True,False,other_unpaved,1,1
buffer_5km:2059,osm:2338986301,osm:2338986415,31256703,46.923592383427476,,,service,compacted,,,,,,,,,,,,,,,,,True,True,False,other_unpaved,2,1
buffer_5km:2060,osm:2338986310,osm:2338986320,224860046,11.553227798400382,,,service,compacted,,,,,,,,private,,,,,,,,,True,True,False,other_unpaved,2,1
buffer_5km:2061,osm:2338986320,osm:2338986348,224860046,86.68548224495085,,,service,compacted,,,,,,,,private,,,,,,,,,True,True,False,other_unpaved,3,1
buffer_5km:2062,osm:2338986320,osm:2338986356,226245744,54.09691502814337,,,service,compacted,,,,,,,,private,,,,,,,,,True,True,False,other_unpaved,5,1
buffer_5km:2063,osm:2338986338,osm:2338986476,225077545,76.71597720528274,,,service,compacted,,,,,,,,private,,,,,,,,,True,True,False,other_unpaved,6,1
buffer_5km:2064,osm:2338986348,osm:309216766,224860046,109.20381061766483,,,service,compacted,,,,,,,,private,,,,,,,,,True,True,False,other_unpaved,7,1
buffer_5km:2065,osm:2338986348,osm:2338986603,225077589,162.95692216590325,,,track,compacted,grade3,,,,,,,,,,,,,,,,True,True,False,other_unpaved,4,1
buffer_5km:2066,osm:2338986356,osm:2338986459,226245744,75.61390499776745,,,service,compacted,,,,,,,,private,,,,,,,,,True,True,False,other_unpaved,5,1
buffer_5km:2067,osm:2338986388,osm:2338986512,225077569,111.2601342117185,,,service,compacted,,,,,,,,,,,,,,,,,True,True,False,other_unpaved,11,1
buffer_5km:2068,osm:2338986388,osm:2338986415,225077569,164.0052281709907,,,service,compacted,,,,,,,,,,,,,,,,,True,True,False,other_unpaved,9,1
buffer_5km:2069,osm:2338986415,osm:309216265,31256703,60.741940985321556,,,service,compacted,,,,,,,,,,,,,,,,,True,True,False,other_unpaved,4,1
buffer_5km:2070,osm:2338986459,osm:2338986689,225077562,176.3098457680512,,,service,compacted,,,,,,,,,,,,,,,,,True,True,False,other_unpaved,11,1
buffer_5km:2071,osm:2338986459,osm:2338986485,225077581,109.41741360820518,,,service,compacted,,,,,,,,,,,,,,,,,True,True,False,other_unpaved,10,1
buffer_5km:2072,osm:2338986476,osm:2338986507,225077581,46.56303504178197,,,service,compacted,,,,,,,,,,,,,,,,,True,True,False,other_unpaved,6,1
buffer_5km:2073,osm:2338986476,osm:2338986485,225077581,49.03954701118457,,,service,compacted,,,,,,,,,,,,,,,,,True,True,False,other_unpaved,2,1
buffer_5km:2074,osm:2338986476,osm:2338986530,226245748,37.52070647929457,,,service,compacted,,,,,,,,,,,,,,,,,True,True,False,other_unpaved,4,1
buffer_5km:2075,osm:2338986485,osm:2338986689,225077565,111.75921490223384,,,service,compacted,,,,,,,,,,,,,,,,,True,True,False,other_unpaved,5,1
buffer_5km:2076,osm:2338986507,osm:2338986530,225077560,15.317766655235916,,,service,compacted,,,,,,,,,,,,,,,,,True,True,False,other_unpaved,2,1
buffer_5km:2077,osm:2338986507,osm:2338986646,225077581,66.89976003401584,,,service,compacted,,,,,,,,,,,,,,,,,True,True,False,other_unpaved,4,1
buffer_5km:2078,osm:2338986512,osm:2338986574,370221716,66.91780560390124,,,service,compacted,,,,,,,,,,,,,,,,,True,True,False,other_unpaved,5,1
buffer_5km:2079,osm:2338986512,osm:309216265,370221716,170.15605222343868,,,service,compacted,,,,,,,,,,,,,,,,,True,True,False,other_unpaved,6,1
buffer_5km:2080,osm:2338986530,osm:2338986679,225077560,101.41068015928701,,,service,compacted,,,,,,,,,,,,,,,,,True,True,False,other_unpaved,6,1
buffer_5km:2081,osm:2338986548,osm:309216158,225077546,12.405537626450357,,,service,compacted,,,,,,,,,,,,,,,,,True,True,False,other_unpaved,2,1
buffer_5km:2082,osm:2338986548,osm:309216265,370221715,26.33841861560566,,,service,compacted,,,,,,,,,,,,,,,,,True,True,False,other_unpaved,2,1
buffer_5km:2083,osm:2338986548,osm:2338986633,370221715,56.069278178926,,,service,compacted,,,,,,,,,,,,,,,,,True,True,False,other_unpaved,2,1
buffer_5km:2084,osm:2338986574,osm:2338986643,225077594,32.669657340453504,,,service,compacted,,,,,,,,,,,,,,,,,True,True,False,other_unpaved,7,1
buffer_5km:2085,osm:2338986574,osm:2338986591,370221716,10.815919153715566,,,service,compacted,,,,,,,,,,,,,,,,,True,True,False,other_unpaved,3,1
buffer_5km:2086,osm:2338986591,osm:2338986643,225077549,28.783040584629042,,,service,compacted,,,,,,,,,,,,,,,,,True,True,False,other_unpaved,4,1
buffer_5km:2087,osm:2338986591,osm:2338986665,370221716,36.069138076584515,,,service,compacted,,,,,,,,,,,,,,,,,True,True,False,other_unpaved,4,1
buffer_5km:2088,osm:2338986633,osm:2338986648,225077549,175.8036626065824,,,service,compacted,,,,,,,,,,,,,,,,,True,True,False,other_unpaved,6,1
buffer_5km:2089,osm:2338986633,osm:2338986734,370221715,110.05892620943044,,,service,compacted,,,,,,,,,,,,,,,,,True,True,False,other_unpaved,7,1
buffer_5km:2090,osm:2338986643,osm:2338986648,225077549,4.079106629506457,,,service,compacted,,,,,,,,,,,,,,,,,True,True,False,other_unpaved,1,1
buffer_5km:2091,osm:2338986645,osm:2338986681,225077546,21.253785435239646,,,service,compacted,,,,,,,,,,,,,,,,,True,True,False,other_unpaved,1,1
buffer_5km:2092,osm:2338986645,osm:309216158,225077546,62.21669516939862,,,service,compacted,,,,,,,,,,,,,,,,,True,True,False,other_unpaved,6,1
buffer_5km:2093,osm:2338986645,osm:309216156,225077592,17.43672914829336,,,service,compacted,,,,,,,,,,,,,,,,,True,True,False,other_unpaved,2,1
buffer_5km:2094,osm:2338986645,osm:2338986646,225077592,58.55718663100553,,,service,compacted,,,,,,,,,,,,,,,,,True,True,False,other_unpaved,1,1
buffer_5km:2095,osm:2338986646,osm:2338986678,225077581,9.984035778108563,,,service,compacted,,,,,,,,,,,,,,,,,True,True,False,other_unpaved,1,1
buffer_5km:2096,osm:2338986648,osm:2338986665,225077590,26.62047574457467,,,service,compacted,,,,,,,,,,,,,,,,,True,True,False,other_unpaved,3,1
buffer_5km:2097,osm:2338986665,osm:2338986812,370221716,114.52657210980404,,,service,compacted,,,,,,,,,,,,,,,,,True,True,False,other_unpaved,9,1
buffer_5km:2098,osm:2338986678,osm:2338986679,225077562,61.001161002199424,,,service,compacted,,,,,,,,,,,,,,,,,True,True,False,other_unpaved,4,1
buffer_5km:2099,osm:2338986678,osm:2338986746,225077581,57.41516138618364,,,service,compacted,,,,,,,,,,,,,,,,,True,True,False,other_unpaved,3,1
buffer_5km:2100,osm:2338986679,osm:2338986733,225077560,47.30586947883589,,,service,compacted,,,,,,,,,,,,,,,,,True,True,False,other_unpaved,3,1
buffer_5km:2101,osm:2338986679,osm:2338986689,225077562,31.356705277503774,,,service,compacted,,,,,,,,,,,,,,,,,True,True,False,other_unpaved,1,1
buffer_5km:2102,osm:2338986681,osm:309216156,31256703,25.015034582684336,,,service,compacted,,,,,,,,,,,,,,,,,True,True,False,other_unpaved,1,1
buffer_5km:2103,osm:2338986689,osm:2338986784,225077565,95.94478121021046,,,service,compacted,,,,,,,,,,,,,,,,,True,True,False,other_unpaved,7,1
buffer_5km:2104,osm:2338986733,osm:2338986759,225077560,6.7053583037806685,,,service,compacted,,,,,,,,,,,,,,,,,True,True,False,other_unpaved,1,1
buffer_5km:2105,osm:2338986733,osm:2338986784,225077588,22.621364985151526,,,service,compacted,,,,,,,,,,,,,,,,,True,True,False,other_unpaved,1,1
buffer_5km:2106,osm:2338986734,osm:2338986812,370221715,87.52377604161269,,,service,compacted,,,,,,,,,,,,,,,,,True,True,False,other_unpaved,7,1
buffer_5km:2107,osm:2338986812,osm:2338986834,370221717,68.44572849087025,,,service,compacted,,,,,,,,,,,,,,,,,True,True,False,other_unpaved,2,1
buffer_5km:2108,osm:2338986834,osm:2338986845,225077591,39.57707289833955,,,service,compacted,,,,,,,,,,,,,,,,,True,True,False,other_unpaved,3,1
buffer_5km:2109,osm:2338986834,osm:2338986845,225077591,70.67069200012524,,,service,compacted,,,,,,,,,,,,,,,,,True,True,False,other_unpaved,10,1
buffer_5km:2110,osm:2338986839,osm:2338987001,23990301,319.150739769701,,,service,gravel,grade2,,,60,,,,,yes,,,,,,,,True,True,False,gravel,10,1
buffer_5km:2111,osm:2338986839,osm:2338986839,561936273,76.78986492202837,,,service,gravel,grade2,,,60,yes,,,,yes,,,,,,,,True,False,False,gravel,13,1
buffer_5km:2112,osm:2338986845,osm:2338986931,225077586,631.6767538822536,,,track,compacted,grade2,,,,,,,,,,,,,,,,True,True,False,other_unpaved,43,1
buffer_5km:2113,osm:2338986949,osm:5324988600,225077579,343.07189017883036,,,service,gravel,grade2,,,,,,forestry,,,,,,,,,,True,True,True,gravel,10,1
buffer_5km:2114,osm:2338986949,osm:2338986949,225077579,340.1575418241629,,,service,gravel,grade2,,,,,,forestry,,,,,,,,,,True,True,True,gravel,17,1
buffer_5km:2115,osm:2338986987,osm:2338987001,225077572,288.68865470787273,,,track,,grade5,,,,,,forestry,,,,,,,,,,True,True,True,surface_unknown,23,1
buffer_5km:2116,osm:2338987001,osm:259163241,23990301,351.08688667793797,,,service,gravel,grade2,,,60,,,,,yes,,,,,,,,True,True,False,gravel,13,1
buffer_5km:2117,osm:2338987036,osm:259163680,23910337,23.966710264572924,,,track,,grade2,,,,,,forestry,,,,,,,,,,True,True,True,surface_unknown,3,1
buffer_5km:2118,osm:2338987036,osm:259163681,23910337,117.80939965888612,,,track,,grade2,,,,,,forestry,,,,,,,,,,True,True,True,surface_unknown,3,1
buffer_5km:2119,osm:2338987036,osm:259163190,225077585,14.9589644193515,,,track,,grade2,,,,,,,,,,,,,,,,True,True,False,surface_unknown,2,1
buffer_5km:2120,osm:2339146295,osm:2339146303,225090857,42.737540729451396,,,unclassified,gravel,grade2,,,60,,,,,yes,,,,,,,,True,True,False,gravel,4,1
buffer_5km:2121,osm:2339146295,osm:2339146296,551186510,8.31140168822642,,C38,primary,gravel,,,,60,,,,,,,,,,,,,True,True,False,gravel,1,1
buffer_5km:2122,osm:2339146295,osm:2975523389,551186510,9028.30540846028,,C38,primary,gravel,,,,60,,,,,,,,,,,,,True,True,False,gravel,66,1
buffer_5km:2123,osm:2339146296,osm:259154916,225090861,47.2981167385894,,,service,gravel,grade2,,,,,,,,yes,,,,,,,,True,True,False,gravel,5,1
buffer_5km:2124,osm:2339146296,osm:259154319,551186510,28.542295470011922,,C38,primary,gravel,,,,60,,,,,,,,,,,,,True,True,False,gravel,1,1
buffer_5km:2125,osm:2339146297,osm:259154916,23909419,34.32589094123509,,,service,gravel,grade2,,,60,,,,,yes,,,,,,,,True,True,False,gravel,3,1
buffer_5km:2126,osm:2339146297,osm:259154900,551186510,595.4996926161916,,C38,primary,gravel,,,,60,,,,,,,,,,,,,True,True,False,gravel,4,1
buffer_5km:2127,osm:2339146297,osm:259154319,551186510,8.528375555008024,,C38,primary,gravel,,,,60,,,,,,,,,,,,,True,True,False,gravel,1,1
buffer_5km:2128,osm:2339146303,osm:2339146379,382506220,3707.3984631671165,,,unclassified,gravel,grade2,bad,,60,,,,,,,,,,,,,True,True,False,gravel,68,1
buffer_5km:2129,osm:2339146303,osm:259154319,382506220,40.297094534849634,,,unclassified,gravel,grade2,bad,,60,,,,,,,,,,,,,True,True,False,gravel,3,1
buffer_5km:2130,osm:2339146375,osm:259154356,225090854,48.10086744317905,,,service,compacted,grade2,,,,,,,,yes,,,,,,,,True,True,False,other_unpaved,1,1
buffer_5km:2131,osm:2339146375,osm:259154278,225090854,937.8234323119232,,,service,compacted,grade2,,,,,,,,yes,,,,,,,,True,True,False,other_unpaved,19,1
buffer_5km:2132,osm:2339146375,osm:2339146379,225090858,33.14330957199785,,,track,compacted,grade2,,,,,,,,yes,,,,,,,,True,True,False,other_unpaved,3,1
buffer_5km:2133,osm:2339146379,osm:259154356,382506220,34.34191637550238,,,unclassified,gravel,grade2,bad,,60,,,,,,,,,,,,,True,True,False,gravel,3,1
buffer_5km:2134,osm:2339146494,osm:259161921,23910177,199.7231434815975,,,service,gravel,grade2,,,,,,,,,,,,,,,,True,True,False,gravel,5,1
buffer_5km:2135,osm:2339146494,osm:259161927,23910177,538.6660747934546,,,service,gravel,grade2,,,,,,,,,,,,,,,,True,True,False,gravel,30,1
buffer_5km:2136,osm:2339146494,osm:259161921,225090852,240.45682664547255,,,service,gravel,grade2,,,,,,,,yes,,,,,,,,True,True,False,gravel,9,1
buffer_5km:2137,osm:2339146527,osm:2339146555,23910266,614.5339933407264,Halali Road,,tertiary,gravel,grade2,,,60,no,,,,,,,,,,,,True,True,False,gravel,8,1
buffer_5km:2138,osm:2339146527,osm:259172085,23910266,43.48093718310213,Halali Road,,tertiary,gravel,grade2,,,60,no,,,,,,,,,,,,True,True,False,gravel,1,1
buffer_5km:2139,osm:2339146527,osm:2339146531,225090851,44.89099875782681,Eland Drive,5978,tertiary,gravel,grade3,,,60,,,,,,,,,,,,,True,True,False,gravel,3,1
buffer_5km:2140,osm:2339146531,osm:259172100,23911018,1535.1996171405679,Eland Drive,5978,tertiary,gravel,grade3,,,60,,,,,,,,,,,,,True,True,False,gravel,39,1
buffer_5km:2141,osm:2339146531,osm:259172085,665262089,31.29586591219163,Eland Drive,5978,tertiary,gravel,grade3,,,60,,,,,,,,,,,,,True,True,False,gravel,3,1
buffer_5km:2142,osm:2339146538,osm:2339146555,225090862,328.3509924393706,,,track,,grade4,,,,,,forestry,,,,,,,,,,True,True,True,surface_unknown,8,1
buffer_5km:2143,osm:2339146555,osm:2339146654,23910266,2475.230480326323,Halali Road,,tertiary,gravel,grade2,,,60,no,,,,,,,,,,,,True,True,False,gravel,42,1
buffer_5km:2144,osm:2339146609,osm:259172100,23911018,32.92251317717638,Eland Drive,5978,tertiary,gravel,grade3,,,60,,,,,,,,,,,,,True,True,False,gravel,4,1
buffer_5km:2145,osm:2339146609,osm:259172179,23911018,7934.438677015776,Eland Drive,5978,tertiary,gravel,grade3,,,60,,,,,,,,,,,,,True,True,False,gravel,229,1
buffer_5km:2146,osm:2339146609,osm:259172100,225090853,155.46495511136683,,,service,gravel,grade2,,,,,,,,yes,,,,,,,,True,True,False,gravel,16,1
buffer_5km:2147,osm:2339146654,osm:259153623,23910266,44.51329692500299,Halali Road,,tertiary,gravel,grade2,,,60,no,,,,,,,,,,,,True,True,False,gravel,2,1
buffer_5km:2148,osm:2339146654,osm:2339146655,225090860,31.671559162731885,,,tertiary_link,,grade3,,,60,,,,,,,,,,,,,True,True,False,surface_unknown,5,1
buffer_5km:2149,osm:2339146655,osm:259153623,23990219,47.596758289795304,,,unclassified,gravel,grade2,bad,,60,,,,,,,,,,,,,True,True,False,gravel,1,1
buffer_5km:2150,osm:2339146655,osm:259154235,23990219,4042.5205419512554,,,unclassified,gravel,grade2,bad,,60,,,,,,,,,,,,,True,True,False,gravel,62,1
buffer_5km:2151,osm:2339146744,osm:259163241,23910266,3639.52234235388,Halali Road,,tertiary,gravel,grade2,,,60,no,,,,,,,,,,,,True,True,False,gravel,65,1
buffer_5km:2152,osm:2339146744,osm:3857089407,23910266,2360.2424130866907,Halali Road,,tertiary,gravel,grade2,,,60,no,,,,,,,,,,,,True,True,False,gravel,36,1
buffer_5km:2153,osm:2339146744,osm:5423608809,562607727,80.40238808623684,,,track,,,,,,,,,,,,,,,,,,True,True,False,surface_unknown,1,1
buffer_5km:2154,osm:2339146823,osm:259172179,23911018,38.06599663812756,Eland Drive,5978,tertiary,gravel,grade3,,,60,,,,,,,,,,,,,True,True,False,gravel,3,1
buffer_5km:2155,osm:2339146823,osm:2339309818,23911018,11516.100033884168,Eland Drive,5978,tertiary,gravel,grade3,,,60,,,,,,,,,,,,,True,True,False,gravel,399,1
buffer_5km:2156,osm:2339146823,osm:259171906,109557447,42.39773729151144,Rhino Drive,,unclassified,gravel,grade2,,,60,,,,,,,,,,,,,True,True,False,gravel,3,1
buffer_5km:2157,osm:2339146877,osm:259171830,109557447,731.5420335896599,Rhino Drive,,unclassified,gravel,grade2,,,60,,,,,,,,,,,,,True,True,False,gravel,24,1
buffer_5km:2158,osm:2339146877,osm:2975523400,109557447,2626.24088573719,Rhino Drive,,unclassified,gravel,grade2,,,60,,,,,,,,,,,,,True,True,False,gravel,47,1
buffer_5km:2159,osm:2339146891,osm:259171830,109557447,32.083557125698555,Rhino Drive,,unclassified,gravel,grade2,,,60,,,,,,,,,,,,,True,True,False,gravel,1,1
buffer_5km:2160,osm:2339146891,osm:2339146901,224732897,46.64990737406319,,,track,dirt,grade3,,,,,,forestry,,,,,,,,,,True,True,True,earth_sand,4,1
buffer_5km:2161,osm:2339146901,osm:259171830,225090856,34.964938372037444,,,track,dirt,grade3,,,,,,forestry,,,,,,,,,,True,True,True,earth_sand,4,1
buffer_5km:2162,osm:2339309017,osm:2339309019,225109436,20.106254483084705,,,tertiary,gravel,grade2,,,60,,,,,yes,,,,,,,,True,True,False,gravel,4,1
buffer_5km:2163,osm:2339309017,osm:2975523539,225220011,1734.6066475991124,,C38,primary,gravel,,,,60,,,,,,,,,,,,,True,True,False,gravel,22,1
buffer_5km:2164,osm:2339309017,osm:259148587,225220011,29.06259446962989,,C38,primary,gravel,,,,60,,,,,,,,,,,,,True,True,False,gravel,1,1
buffer_5km:2165,osm:2339309019,osm:288789351,23908661,14372.109582331599,,,tertiary,gravel,grade2,,,60,,,,,yes,,,,,,,,True,True,False,gravel,374,1
buffer_5km:2166,osm:2339309019,osm:259148587,665481831,31.980990786958138,,,tertiary,gravel,grade2,,,60,,,,,yes,,,,,,,,True,True,False,gravel,3,1
buffer_5km:2167,osm:2339309032,osm:2339309045,225109428,98.35476836104039,,,track,,grade3,,,,,,,,,,,,,,,,True,True,False,surface_unknown,9,1
buffer_5km:2168,osm:2339309032,osm:2975523422,225109428,22.809526824909064,,,track,,grade3,,,,,,,,,,,,,,,,True,True,False,surface_unknown,2,1
buffer_5km:2169,osm:2339309032,osm:3252138877,225109428,37.77817957586698,,,track,,grade3,,,,,,,,,,,,,,,,True,True,False,surface_unknown,5,1
buffer_5km:2170,osm:2339309039,osm:288792179,26359193,29.461088537171353,,,track,,grade3,,,,,,,,,,,,,,,,True,True,False,surface_unknown,3,1
buffer_5km:2171,osm:2339309039,osm:288792168,26359193,19.137768862878975,,,track,,grade3,,,,,,,,,,,,,,,,True,True,False,surface_unknown,1,1
buffer_5km:2172,osm:2339309045,osm:2975523432,551186510,293.35134449917086,,C38,primary,gravel,,,,60,,,,,,,,,,,,,True,True,False,gravel,7,1
buffer_5km:2173,osm:2339309045,osm:288792104,551186510,8.424323164410975,,C38,primary,gravel,,,,60,,,,,,,,,,,,,True,True,False,gravel,1,1
buffer_5km:2174,osm:2339309096,osm:2339309103,225109443,35.605331718398624,Halali Road,,tertiary,gravel,grade2,,,100,no,,,,yes,,,,,,,,True,True,False,gravel,3,1
buffer_5km:2175,osm:2339309096,osm:259160411,551186510,29.1645409951242,,C38,primary,gravel,,,,60,,,,,,,,,,,,,True,True,False,gravel,2,1
buffer_5km:2176,osm:2339309103,osm:259160471,23910266,312.0089130133657,Halali Road,,tertiary,gravel,grade2,,,60,no,,,,,,,,,,,,True,True,False,gravel,3,1
buffer_5km:2177,osm:2339309103,osm:259160411,1343205945,26.574876391826145,Halali Road,,tertiary,gravel,grade2,,,100,no,,,,yes,,,,,,,,True,True,False,gravel,2,1
buffer_5km:2178,osm:2339309108,osm:2339309108,561936279,205.5972083745013,,,service,gravel,grade2,,,,yes,,,,yes,,,,,,,,True,False,False,gravel,20,1
buffer_5km:2179,osm:2339309125,osm:2339309133,551376479,28.529066972496167,,6019,unclassified,gravel,grade2,,,,,,,,yes,,,,,,,,True,True,False,gravel,8,1
buffer_5km:2180,osm:2339309125,osm:2339309133,671418915,32.72102414754377,,6019,unclassified,gravel,grade2,,,,,,,,yes,,,,,,,,True,True,False,gravel,9,1
buffer_5km:2181,osm:2339309133,osm:2339309137,671418916,34.22040410500293,,6019,unclassified,gravel,grade2,,,,,,,,yes,,,,,,,,True,True,False,gravel,5,1
buffer_5km:2182,osm:2339309137,osm:259160471,28157312,323.1975138905181,,6019,unclassified,gravel,grade2,,,60,,,,,yes,,,,,,,,True,True,False,gravel,17,1
buffer_5km:2183,osm:2339309320,osm:2339309469,225109450,1635.9298982733094,,,track,,grade3,,,,,,forestry,,,,,,,,,,True,True,True,surface_unknown,76,1
buffer_5km:2184,osm:2339309469,osm:259162182,23910217,5480.744013049173,,,unclassified,gravel,grade4,,,,,,,,,,,,,,,,True,True,False,gravel,147,1
buffer_5km:2185,osm:2339309469,osm:259160435,23910217,527.8511403482422,,,unclassified,gravel,grade4,,,,,,,,,,,,,,,,True,True,False,gravel,12,1
buffer_5km:2186,osm:2339309528,osm:259161942,23910266,6062.5463097353695,Halali Road,,tertiary,gravel,grade2,,,60,no,,,,,,,,,,,,True,True,False,gravel,68,1
buffer_5km:2187,osm:2339309528,osm:259160420,23910266,3140.768608292749,Halali Road,,tertiary,gravel,grade2,,,60,no,,,,,,,,,,,,True,True,False,gravel,42,1
buffer_5km:2188,osm:2339309528,osm:3857089184,382506210,196.55793597416042,,,track,,grade4,,,,,,,,,,,,,,,,True,True,False,surface_unknown,1,1
buffer_5km:2189,osm:2339309694,osm:2339309726,225109454,620.5173667306353,,,track,dirt,grade3,,,,,,forestry,,,,,,,,,,True,True,True,earth_sand,18,1
buffer_5km:2190,osm:2339309694,osm:3857089222,225109454,2328.522800634822,,,track,dirt,grade3,,,,,,forestry,,,,,,,,,,True,True,True,earth_sand,49,1
buffer_5km:2191,osm:2339309694,osm:5423608810,562607728,431.97342348103825,,,track,,,,,,,,,,,,,,,,,,True,True,False,surface_unknown,2,1
buffer_5km:2192,osm:2339309694,osm:5423608812,562607728,298.82498200691373,,,track,,,,,,,,,,,,,,,,,,True,True,False,surface_unknown,1,1
buffer_5km:2193,osm:2339309726,osm:2339310065,23911018,5505.529742303255,Eland Drive,5978,tertiary,gravel,grade3,,,60,,,,,,,,,,,,,True,True,False,gravel,158,1
buffer_5km:2194,osm:2339309726,osm:5423608810,23911018,692.2807488558813,Eland Drive,5978,tertiary,gravel,grade3,,,60,,,,,,,,,,,,,True,True,False,gravel,14,1
buffer_5km:2195,osm:2339309795,osm:2339309818,225109423,529.9151664217767,,,track,,grade4,,,,,,forestry,,,,,,,,,,True,True,True,surface_unknown,14,1
buffer_5km:2196,osm:2339309818,osm:3857089872,23911018,6520.352580506603,Eland Drive,5978,tertiary,gravel,grade3,,,60,,,,,,,,,,,,,True,True,False,gravel,239,1
buffer_5km:2197,osm:2339310065,osm:309206685,23911018,479.37517351787335,Eland Drive,5978,tertiary,gravel,grade3,,,60,,,,,,,,,,,,,True,True,False,gravel,12,1
buffer_5km:2198,osm:2339310065,osm:3857089687,382506219,1743.2312315428364,,,track,,grade3,,,,,,,,,,,,,,,,True,True,False,surface_unknown,55,1
buffer_5km:2199,osm:2339310156,osm:2339310329,225109432,1006.9938262531816,,,track,,grade4,,,,,,,,,,,,,,,,True,True,False,surface_unknown,36,1
buffer_5km:2200,osm:2339310156,osm:309206685,225109437,29.703842950422228,,,track,,grade3,,,,,,,,,,,,,,,,True,True,False,surface_unknown,4,1
buffer_5km:2201,osm:2339310156,osm:2339310158,225109442,31.196349901007267,,,track,,grade3,,,,,,,,,,,,,,,,True,True,False,surface_unknown,4,1
buffer_5km:2202,osm:2339310158,osm:3857089872,23911018,55.66711012341314,Eland Drive,5978,tertiary,gravel,grade3,,,60,,,,,,,,,,,,,True,True,False,gravel,2,1
buffer_5km:2203,osm:2339310158,osm:309206685,23911018,40.400721938064734,Eland Drive,5978,tertiary,gravel,grade3,,,60,,,,,,,,,,,,,True,True,False,gravel,1,1
buffer_5km:2204,osm:2339310310,osm:3857089872,224732895,810.5108528141895,,,track,unpaved,grade3,,,,,,,,,,,,,,,,True,True,False,other_unpaved,2,1
buffer_5km:2205,osm:2339310310,osm:2339310396,224732895,168.2144717624691,,,track,unpaved,grade3,,,,,,,,,,,,,,,,True,True,False,other_unpaved,2,1
buffer_5km:2206,osm:2339310310,osm:2339310329,225109427,130.81719062804365,,,track,,grade3,,,,,,,,,,,,,,,,True,True,False,surface_unknown,6,1
buffer_5km:2207,osm:2339310329,osm:2339310396,225109427,176.3835425265905,,,track,,grade3,,,,,,,,,,,,,,,,True,True,False,surface_unknown,11,1
buffer_5km:2208,osm:2339310329,osm:2339310343,225109432,71.8165490141124,,,track,,grade4,,,,,,,,,,,,,,,,True,True,False,surface_unknown,6,1
buffer_5km:2209,osm:2339698110,osm:288788135,23908661,34.41810389129797,,,tertiary,gravel,grade2,,,60,,,,,yes,,,,,,,,True,True,False,gravel,1,1
buffer_5km:2210,osm:2339698223,osm:259148193,23908661,48.18088255721793,,,tertiary,gravel,grade2,,,60,,,,,yes,,,,,,,,True,True,False,gravel,4,1
buffer_5km:2211,osm:2339698239,osm:2339698377,225220011,1764.5273245240915,,C38,primary,gravel,,,,60,,,,,,,,,,,,,True,True,False,gravel,14,1
buffer_5km:2212,osm:2339698366,osm:288789350,26358876,914.7980662859563,,,service,gravel,grade2,,,,,,,,yes,,,,,,,,True,True,False,gravel,18,1
buffer_5km:2213,osm:2339698366,osm:2339698366,26358876,333.11581419565096,,,service,gravel,grade2,,,,,,,,yes,,,,,,,,True,True,False,gravel,17,1
buffer_5km:2214,osm:2339698377,osm:309230629,225220011,9828.267989124632,,C38,primary,gravel,,,,60,,,,,,,,,,,,,True,True,False,gravel,90,1
buffer_5km:2215,osm:2339698377,osm:5423609526,562607732,330.35222761150135,,,track,,,,,,,,,,,,,,,,,,True,True,False,surface_unknown,4,1
buffer_5km:2216,osm:2339698455,osm:288789351,23908661,38.330349408323386,,,tertiary,gravel,grade2,,,60,,,,,yes,,,,,,,,True,True,False,gravel,1,1
buffer_5km:2217,osm:2339698455,osm:288788135,23908661,2802.1854951072255,,,tertiary,gravel,grade2,,,60,,,,,yes,,,,,,,,True,True,False,gravel,66,1
buffer_5km:2218,osm:2339698455,osm:288789350,225158150,43.502283386207694,,,track,gravel,grade2,,,,,,,,yes,,,,,,,,True,True,False,gravel,4,1
buffer_5km:2219,osm:2340321346,osm:2341739366,551124886,87.52163497930236,,C38,primary,asphalt,,,,60,,,,,,,,,,,,,True,True,False,paved,1,1
buffer_5km:2220,osm:2340321346,osm:2340321353,551124886,58.67885987737997,,C38,primary,asphalt,,,,60,,,,,,,,,,,,,True,True,False,paved,1,1
buffer_5km:2221,osm:2340321353,osm:89025846,551124886,10302.346967497586,,C38,primary,asphalt,,,,60,,,,,,,,,,,,,True,True,False,paved,18,1
buffer_5km:2222,osm:2340321353,osm:2341739222,775034341,478.6582551871153,,,track,,,,,,,,forestry,,,,,,,,,,True,True,True,surface_unknown,10,1
buffer_5km:2223,osm:2340321423,osm:288502741,551304677,198.40350015256405,,D3646,secondary,gravel,grade3,,,60,,,,,,,,,,,,,True,True,False,gravel,2,1
buffer_5km:2224,osm:2340321423,osm:3252193254,551304677,197.41823143667654,,D3646,secondary,gravel,grade3,,,60,,,,,,,,,,,,,True,True,False,gravel,2,1
buffer_5km:2225,osm:2340321423,osm:2340321481,1210830566,167.1035206986061,,,track,dirt,grade3,,,,,,forestry,,,,,,,,,,True,True,True,earth_sand,6,1
buffer_5km:2226,osm:2340321511,osm:2340321514,225220123,10.363659977119235,,,service,,,,,20,,,,,,,,,,,,,True,True,False,surface_unknown,1,1
buffer_5km:2227,osm:2340321525,osm:309224021,225220011,14.793268420525152,,C38,primary,gravel,,,,60,,,,,,,,,,,,,True,True,False,gravel,1,1
buffer_5km:2228,osm:2340321525,osm:288502940,225220011,657.0063506165909,,C38,primary,gravel,,,,60,,,,,,,,,,,,,True,True,False,gravel,8,1
buffer_5km:2229,osm:2340321525,osm:2340321899,225220156,1464.7722894990354,,,track,,grade4,,,,,,forestry,,,,,,,,,,True,True,True,surface_unknown,27,1
buffer_5km:2230,osm:2340321770,osm:5417854026,28157364,28.232549129776558,,,service,gravel,grade3,,,,yes,,,,yes,,,,,,,,False,True,False,gravel,6,1
buffer_5km:2231,osm:2340321770,osm:5417854026,561938111,101.99700288978505,,,service,gravel,,,,,yes,,,,,,,,,,,,False,True,False,gravel,21,1
buffer_5km:2232,osm:2340321808,osm:2340321838,225220166,31.506322142696824,,,service,gravel,grade3,,,,,,,,yes,,,,,,,,True,True,False,gravel,4,1
buffer_5km:2233,osm:2340321808,osm:309211051,561938110,26.981145361712812,,,service,gravel,grade3,,,,,,,,yes,,,,,,,,True,True,False,gravel,4,1
buffer_5km:2234,osm:2340321838,osm:309211051,225220011,38.74878650647453,,C38,primary,gravel,,,,60,,,,,,,,,,,,,True,True,False,gravel,2,1
buffer_5km:2235,osm:2340321838,osm:259146285,225220011,678.0168398517435,,C38,primary,gravel,,,,60,,,,,,,,,,,,,True,True,False,gravel,9,1
buffer_5km:2236,osm:2340322041,osm:260103877,23939338,20.28342894333859,,,service,gravel,grade2,,,60,,,,,yes,,,,,,,,True,True,False,gravel,1,1
buffer_5km:2237,osm:2340322079,osm:260103877,225220158,97.51655292744823,,,service,gravel,grade2,,,60,,,,,yes,,,,,,,,True,True,False,gravel,1,1
buffer_5km:2238,osm:2340322079,osm:259481825,225220158,40.91814312314982,,,service,gravel,grade2,,,60,,,,,yes,,,,,,,,True,True,False,gravel,2,1
buffer_5km:2239,osm:2340322079,osm:2340322161,225220167,34.30587183694997,,,service,gravel,grade2,,,60,,,,,yes,,,,,,,,True,True,False,gravel,5,1
buffer_5km:2240,osm:2340322161,osm:260103869,23990205,2148.048649116945,,,service,gravel,grade3,,,60,,,,,yes,,,,,,,,True,True,False,gravel,38,1
buffer_5km:2241,osm:2340322161,osm:259481825,23990205,36.424178263004,,,service,gravel,grade3,,,60,,,,,yes,,,,,,,,True,True,False,gravel,4,1
buffer_5km:2242,osm:2340322164,osm:260103877,23939338,97.97756590876871,,,service,gravel,grade2,,,60,,,,,yes,,,,,,,,True,True,False,gravel,1,1
buffer_5km:2243,osm:2340322809,osm:309211055,225220011,879.0358917559923,,C38,primary,gravel,,,,60,,,,,,,,,,,,,True,True,False,gravel,5,1
buffer_5km:2244,osm:2340322809,osm:259146284,225220011,68.81128648388759,,C38,primary,gravel,,,,60,,,,,,,,,,,,,True,True,False,gravel,1,1
buffer_5km:2245,osm:2340322809,osm:2340322862,225220161,43.678080572479985,,,track,gravel,grade2,,,,,,,,yes,,,,,,,,True,True,False,gravel,4,1
buffer_5km:2246,osm:2340322862,osm:259146249,23908620,1834.2971539017224,,,track,gravel,grade2,,,,,,,,yes,,,,,,,,True,True,False,gravel,24,1
buffer_5km:2247,osm:2340322862,osm:259146284,665481830,77.1015933080926,,,track,gravel,grade2,,,,,,,,yes,,,,,,,,True,True,False,gravel,3,1
buffer_5km:2248,osm:2340323452,osm:5904927563,225220011,6698.233684437676,,C38,primary,gravel,,,,60,,,,,,,,,,,,,True,True,False,gravel,90,1
buffer_5km:2249,osm:2340323452,osm:259159496,225220011,1848.7925033204408,,C38,primary,gravel,,,,60,,,,,,,,,,,,,True,True,False,gravel,31,1
buffer_5km:2250,osm:2340323452,osm:2340323523,225220098,312.25755396710156,,,track,,,,,,,,no,,,,,,,,,,True,True,True,surface_unknown,13,1
buffer_5km:2251,osm:2340323639,osm:259159496,225220011,38.714643890622604,,C38,primary,gravel,,,,60,,,,,,,,,,,,,True,True,False,gravel,1,1
buffer_5km:2252,osm:2340323639,osm:259148193,225220011,3415.3325118093353,,C38,primary,gravel,,,,60,,,,,,,,,,,,,True,True,False,gravel,61,1
buffer_5km:2253,osm:2340323639,osm:259159433,225220165,28.381731567648796,,,service,gravel,grade2,,,,,,,,yes,,,,,,,,True,True,False,gravel,5,1
buffer_5km:2254,osm:2340323753,osm:9712084139,1056952762,2219.053359374173,,,track,,,,,,,,,,,,,,,,,,True,True,False,surface_unknown,1,1
buffer_5km:2255,osm:2340323775,osm:260103869,224489032,11492.756606764231,,,track,gravel,grade3,,,,,,private,,,,,,,,,,True,True,True,gravel,66,1
buffer_5km:2256,osm:2340323775,osm:2340323937,225220114,392.7309953854162,,,service,,,,,,,,,,,,,,,,,,True,True,False,surface_unknown,18,1
buffer_5km:2257,osm:2340323822,osm:2340323838,225220108,35.58033864384423,,,service,gravel,,,,,,,,,,,,,,,,,True,True,False,gravel,2,1
buffer_5km:2258,osm:2340323822,osm:2340323892,225220169,103.65875536890141,,,service,,,,,,,,,,,,,,,,,,True,True,False,surface_unknown,8,1
buffer_5km:2259,osm:2340323838,osm:2340323892,225220108,22.091833947646272,,,service,gravel,,,,,,,,,,,,,,,,,True,True,False,gravel,3,1
buffer_5km:2260,osm:2340323838,osm:2340323892,225220108,40.730592373027456,,,service,gravel,,,,,,,,,,,,,,,,,True,True,False,gravel,7,1
buffer_5km:2261,osm:2340323937,osm:2340324100,225220157,2787.0262612226093,,,track,,,,,,,,,,,,,,,,,,True,True,False,surface_unknown,4,1
buffer_5km:2262,osm:2340324042,osm:259159433,23909909,3336.9074047608115,,,service,gravel,grade4,,,,,,,,yes,,,,,,,,True,True,False,gravel,95,1
buffer_5km:2263,osm:2340324042,osm:259159487,23909909,177.06420116098676,,,service,gravel,grade4,,,,,,,,yes,,,,,,,,True,True,False,gravel,5,1
buffer_5km:2264,osm:2340324042,osm:2340324047,562607733,73.85869259467148,,,track,,,,,,,,private,,,,,,,,,,True,True,True,surface_unknown,4,1
buffer_5km:2265,osm:2340324047,osm:2340324088,225220144,419.1238857051611,,,track,unpaved,grade3,,,,,,forestry,,,,,,,,,,True,True,True,other_unpaved,12,1
buffer_5km:2266,osm:2340324047,osm:2340324191,225220144,22153.84356506189,,,track,unpaved,grade3,,,,,,forestry,,,,,,,,,,True,True,True,other_unpaved,60,1
buffer_5km:2267,osm:2340324074,osm:259159487,225220087,102.3210820243097,,,service,unpaved,grade2,,,,yes,,,,yes,,,,,,,,False,True,False,other_unpaved,16,1
buffer_5km:2268,osm:2340324074,osm:259159487,561938108,87.4510473970112,,,service,gravel,grade2,,,,yes,,,,yes,,,,,,,,False,True,False,gravel,11,1
buffer_5km:2269,osm:2340324074,osm:259159487,561938108,28.934003078410697,,,service,gravel,grade2,,,,yes,,,,yes,,,,,,,,True,False,False,gravel,2,1
buffer_5km:2270,osm:2340324100,osm:2340324191,224732892,20644.38508739076,,,track,,,,,,,,forestry,,,,,,,,,,True,True,True,surface_unknown,14,1
buffer_5km:2271,osm:2340324100,osm:2340324195,225220157,19251.864118637273,,,track,,,,,,,,,,,,,,,,,,True,True,False,surface_unknown,5,1
buffer_5km:2272,osm:2340324191,osm:2340324217,225220144,18078.712127291874,,,track,unpaved,grade3,,,,,,forestry,,,,,,,,,,True,True,True,other_unpaved,9,1
buffer_5km:2273,osm:2340324195,osm:2340324217,224732894,22759.46588074766,,,track,,grade4,,,,,,,,,,,,,,,,True,True,False,surface_unknown,30,1
buffer_5km:2274,osm:2340324195,osm:3859343882,225220157,11376.662395833464,,,track,,,,,,,,,,,,,,,,,,True,True,False,surface_unknown,3,1
buffer_5km:2275,osm:2340324217,osm:2340324659,225220144,14817.297564648556,,,track,unpaved,grade3,,,,,,forestry,,,,,,,,,,True,True,True,other_unpaved,157,1
buffer_5km:2276,osm:2340324451,osm:2340324659,224834160,3652.77639518133,,,unclassified,gravel,grade2,,,,,,forestry,,,,,,,,,,True,True,True,gravel,12,1
buffer_5km:2277,osm:2340324539,osm:5433773039,224458723,17.511998825790393,,C38,primary,asphalt,,,,60,no,,yes,,,,,,,,,,True,True,False,paved,1,1
buffer_5km:2278,osm:2340324539,osm:259637019,224458723,1682.0230155102397,,C38,primary,asphalt,,,,60,no,,yes,,,,,,,,,,True,True,False,paved,23,1
buffer_5km:2279,osm:2340324539,osm:2340324642,224834160,295.938731509488,,,unclassified,gravel,grade2,,,,,,forestry,,,,,,,,,,True,True,True,gravel,12,1
buffer_5km:2280,osm:2340324621,osm:2340324651,225220168,87.69836780765318,,,track,,,,,,,,,,,,,,,,,,True,True,False,surface_unknown,6,1
buffer_5km:2281,osm:2340324630,osm:2340324633,176232289,61.658757126313716,,,unclassified,,,,,,,,,,,,,,,,,,True,True,False,surface_unknown,7,1
buffer_5km:2282,osm:2340324630,osm:2340324633,176232289,37.32244608516173,,,unclassified,,,,,,,,,,,,,,,,,,True,True,False,surface_unknown,4,1
buffer_5km:2283,osm:2340324642,osm:2340324651,224834160,93.8335793354338,,,unclassified,gravel,grade2,,,,,,forestry,,,,,,,,,,True,True,True,gravel,4,1
buffer_5km:2284,osm:2340324642,osm:3260107132,319583772,38.85093533390267,,,track,,grade2,,,,,,,,,,,,,,,,True,True,False,surface_unknown,3,1
buffer_5km:2285,osm:2340324659,osm:2340324736,224834160,4814.596529478159,,,unclassified,gravel,grade2,,,,,,forestry,,,,,,,,,,True,True,True,gravel,7,1
buffer_5km:2286,osm:2340324664,osm:2340324671,225220164,64.77697550262599,,,unclassified,unpaved,,,,,,,,,,,,,,,,,True,True,False,other_unpaved,4,1
buffer_5km:2287,osm:2340324671,osm:2340325721,224834160,12223.375715477114,,,unclassified,gravel,grade2,,,,,,forestry,,,,,,,,,,True,True,True,gravel,81,1
buffer_5km:2288,osm:2340325624,osm:6935423525,224834160,2654.483932479201,,,unclassified,gravel,grade2,,,,,,forestry,,,,,,,,,,True,True,True,gravel,2,1
buffer_5km:2289,osm:2340325624,osm:6935423515,740776674,1633.4535540889497,,,unclassified,,,,,,,,,,,,,,,,,,True,True,False,surface_unknown,1,1
buffer_5km:2290,osm:2340325721,osm:2340325956,224834160,16515.566766866283,,,unclassified,gravel,grade2,,,,,,forestry,,,,,,,,,,True,True,True,gravel,49,1
buffer_5km:2291,osm:2340325828,osm:2340325894,225220103,210.94959762459678,,,track,,grade4,,,,,,,,,,,,,,,,True,True,False,surface_unknown,15,1
buffer_5km:2292,osm:2340325872,osm:6935608285,224834160,3381.3572011074266,,,unclassified,gravel,grade2,,,,,,forestry,,,,,,,,,,True,True,True,gravel,2,1
buffer_5km:2293,osm:2340325872,osm:6935444533,224834160,3488.8340180597424,,,unclassified,gravel,grade2,,,,,,forestry,,,,,,,,,,True,True,True,gravel,4,1
buffer_5km:2294,osm:2340325872,osm:6935608291,740792116,1383.337324834917,,,unclassified,,,,,,,,,,,,,,,,,,True,True,False,surface_unknown,1,1
buffer_5km:2295,osm:2340325894,osm:6935584766,224834160,3480.8621062694056,,,unclassified,gravel,grade2,,,,,,forestry,,,,,,,,,,True,True,True,gravel,48,1
buffer_5km:2296,osm:2340325894,osm:6935608285,224834160,1622.4951828691205,,,unclassified,gravel,grade2,,,,,,forestry,,,,,,,,,,True,True,True,gravel,1,1
buffer_5km:2297,osm:2340325956,osm:6935584766,224834160,15243.656961488228,,,unclassified,gravel,grade2,,,,,,forestry,,,,,,,,,,True,True,True,gravel,32,1
buffer_5km:2298,osm:2341116845,osm:5418157935,476243357,71.60481344905473,,D3646,secondary,gravel,grade3,,,80,,,,,,,,,,,,,True,True,False,gravel,1,1
buffer_5km:2299,osm:2341116845,osm:2341116848,806950275,61.243429540862344,,,unclassified,ground,,,,,,,,,,,,,,,,,True,True,False,earth_sand,5,1
buffer_5km:2300,osm:2341116848,osm:2341116914,225322570,54.45691668065918,,,service,,,,,,,,,,,,,,,,,,True,True,False,surface_unknown,6,1
buffer_5km:2301,osm:2341116856,osm:2341116863,225322559,1921.8424878600445,,,unclassified,ground,,,,,,,forestry,,,,,,,,yes,,True,True,True,earth_sand,1,1
buffer_5km:2302,osm:2341116856,osm:7680681007,225322567,11760.223017447865,,,unclassified,ground,,,,,,,forestry,,,,,,,,,,True,True,True,earth_sand,5,1
buffer_5km:2303,osm:2341116862,osm:2341116954,114786559,6373.492697203069,,,track,,,,,,,,forestry,,,,,,,,,,True,True,True,surface_unknown,12,1
buffer_5km:2304,osm:2341116862,osm:2341736589,114786559,6756.581008981376,,,track,,,,,,,,forestry,,,,,,,,,,True,True,True,surface_unknown,3,1
buffer_5km:2305,osm:2341116862,osm:2341736609,225322580,685.8093019165722,,,track,gravel,grade2,,,,,,forestry,,yes,,,,,,,,True,True,True,gravel,12,1
buffer_5km:2306,osm:2341116863,osm:2341116867,225322554,2199.0507926361583,,,unclassified,ground,,,,,,,forestry,,,,,,,,,,True,True,True,earth_sand,1,1
buffer_5km:2307,osm:2341116867,osm:2341116883,225322557,3522.96604086405,,,unclassified,ground,,,,,,,forestry,,,,,,,,yes,,True,True,True,earth_sand,1,1
buffer_5km:2308,osm:2341116870,osm:2341116886,225322558,10021.935664570916,,,unclassified,ground,,,,,,,forestry,,,,,,,,yes,,True,True,True,earth_sand,1,1
buffer_5km:2309,osm:2341116870,osm:2341116883,225322562,473.6127223198954,,,unclassified,ground,,,,,,,forestry,,,,,,,,,,True,True,True,earth_sand,1,1
buffer_5km:2310,osm:2341116872,osm:2341116914,225322552,423.8162516683257,,,service,,,,,,,,,,,,,,,,,,True,True,False,surface_unknown,10,1
buffer_5km:2311,osm:2341116872,osm:2341116962,225322552,110.8471153822298,,,service,,,,,,,,,,,,,,,,,,True,True,False,surface_unknown,8,1
buffer_5km:2312,osm:2341116872,osm:2341116939,225322571,56.447788748283514,,,service,,,,,,,,,,,,,,,,,,True,True,False,surface_unknown,7,1
buffer_5km:2313,osm:2341116881,osm:2341116887,225322560,1028.9671699371474,,,unclassified,ground,,,,,,,forestry,,,,,,,,yes,,True,True,True,earth_sand,1,1
buffer_5km:2314,osm:2341116881,osm:2341116886,225322561,358.22619992890816,,,unclassified,ground,,,,,,,forestry,,,,,,,,,,True,True,True,earth_sand,1,1
buffer_5km:2315,osm:2341116882,osm:2341116954,114786559,5274.956558011653,,,track,,,,,,,,forestry,,,,,,,,,,True,True,True,surface_unknown,20,1
buffer_5km:2316,osm:2341116882,osm:2341116892,225322563,2263.927276549202,,,unclassified,ground,,,,,,,forestry,,,,,,,,yes,,True,True,True,earth_sand,1,1
buffer_5km:2317,osm:2341116887,osm:2341116892,225322555,326.37145267894755,,,unclassified,ground,,,,,,,forestry,,,,,,,,,,True,True,True,earth_sand,1,1
buffer_5km:2318,osm:2341116901,osm:2341116914,551304677,11.751171902161001,,D3646,secondary,gravel,grade3,,,60,,,,,,,,,,,,,True,True,False,gravel,1,1
buffer_5km:2319,osm:2341116901,osm:5418157935,1053590799,6.441248128248525,,D3646,secondary,gravel,grade3,,,60,,,,,,,,,,,,,True,True,False,gravel,1,1
buffer_5km:2320,osm:2341116914,osm:2341116944,551304677,48.57246332638586,,D3646,secondary,gravel,grade3,,,60,,,,,,,,,,,,,True,True,False,gravel,2,1
buffer_5km:2321,osm:2341116944,osm:2341116954,551304677,18.75830894856006,,D3646,secondary,gravel,grade3,,,60,,,,,,,,,,,,,True,True,False,gravel,1,1
buffer_5km:2322,osm:2341116954,osm:259145781,551304677,3860.5089094641535,,D3646,secondary,gravel,grade3,,,60,,,,,,,,,,,,,True,True,False,gravel,6,1
buffer_5km:2323,osm:2341117067,osm:259145778,23908558,55.249751441956974,,,unclassified,gravel,grade2,,,60,,,,,yes,,,,,,,,True,True,False,gravel,3,1
buffer_5km:2324,osm:2341117067,osm:2341117166,23908558,6673.023033568261,,,unclassified,gravel,grade2,,,60,,,,,yes,,,,,,,,True,True,False,gravel,109,1
buffer_5km:2325,osm:2341117166,osm:259145915,23908558,70.17688989856566,,,unclassified,gravel,grade2,,,60,,,,,yes,,,,,,,,True,True,False,gravel,4,1
buffer_5km:2326,osm:2341117166,osm:2341117176,225322568,107.29912959019143,,,unclassified,unpaved,,,,,,,,,,,,,,,,,True,True,False,other_unpaved,4,1
buffer_5km:2327,osm:2341117176,osm:259145915,551304677,56.91189312690878,,D3646,secondary,gravel,grade3,,,60,,,,,,,,,,,,,True,True,False,gravel,1,1
buffer_5km:2328,osm:2341117176,osm:309211208,551304677,262.8599126353291,,D3646,secondary,gravel,grade3,,,60,,,,,,,,,,,,,True,True,False,gravel,4,1
buffer_5km:2329,osm:2341117204,osm:2341117207,225322565,22.809160803358004,,,service,gravel,grade2,,,,,,,,,,,,,,,,True,True,False,gravel,3,1
buffer_5km:2330,osm:2341117204,osm:309211208,551304677,25.71168516415528,,D3646,secondary,gravel,grade3,,,60,,,,,,,,,,,,,True,True,False,gravel,1,1
buffer_5km:2331,osm:2341117204,osm:2341117223,551304677,181.56516099471807,,D3646,secondary,gravel,grade3,,,60,,,,,,,,,,,,,True,True,False,gravel,1,1
buffer_5km:2332,osm:2341117207,osm:309211208,28157161,32.61623764914693,,,service,gravel,grade2,,,,,,,,,,,,,,,,True,True,False,gravel,1,1
buffer_5km:2333,osm:2341117207,osm:2341117213,28157161,80.64173613454311,,,service,gravel,grade2,,,,,,,,,,,,,,,,True,True,False,gravel,4,1
buffer_5km:2334,osm:2341117213,osm:5323186694,551635400,34.46765833787876,,,unclassified,gravel,grade2,,,,,,,,,,,,,,,,True,True,False,gravel,3,1
buffer_5km:2335,osm:2341117223,osm:259485760,225322545,177.48476872458127,,,track,gravel,grade2,,,,,,,,yes,,,,,,,,True,True,False,gravel,10,1
buffer_5km:2336,osm:2341117223,osm:2341737024,551304677,14.845707367733237,,D3646,secondary,gravel,grade3,,,60,,,,,,,,,,,,,True,True,False,gravel,1,1
buffer_5km:2337,osm:2341117249,osm:259145915,225322566,959.8443222023799,,,track,unpaved,,,,,,,,,,,,,,,,,True,True,False,other_unpaved,39,1
buffer_5km:2338,osm:2341117338,osm:5324964722,551373730,41.634659617396494,,,unclassified,ground,,,,60,,,customers,,,,,,,,,,True,True,False,earth_sand,1,1
buffer_5km:2339,osm:2341117338,osm:2341117345,551373731,58.69910141498572,,,unclassified,ground,grade3,very_bad,,60,,,,,,,,,,,,,True,True,False,earth_sand,2,1
buffer_5km:2340,osm:2341117338,osm:2341737603,551373731,3954.7587078972283,,,unclassified,ground,grade3,very_bad,,60,,,,,,,,,,,,,True,True,False,earth_sand,105,1
buffer_5km:2341,osm:2341117345,osm:5324964722,23939836,39.89820174042217,,,tertiary,gravel,grade2,,,60,,,,,yes,,,,,,,,True,True,False,gravel,1,1
buffer_5km:2342,osm:2341117345,osm:2341737683,23939836,1700.2318534770047,,,tertiary,gravel,grade2,,,60,,,,,yes,,,,,,,,True,True,False,gravel,26,1
buffer_5km:2343,osm:2341736587,osm:2341736589,114786559,33.658399964040925,,,track,,,,,,,,forestry,,,,,,,,,,True,True,True,surface_unknown,1,1
buffer_5km:2344,osm:2341736587,osm:2341736665,114786559,21334.29618058856,,,track,,,,,,,,forestry,,,,,,,,,,True,True,True,surface_unknown,6,1
buffer_5km:2345,osm:2341736587,osm:2341736599,225393773,25.93016579107033,,,track,ground,grade5,,,,,,,,,,,,,,,,True,True,False,earth_sand,4,1
buffer_5km:2346,osm:2341736589,osm:2341736599,225393745,32.956564970936874,,,track,ground,grade5,,,,,,forestry,,,,,,,,,,True,True,True,earth_sand,3,1
buffer_5km:2347,osm:2341736599,osm:2341736619,225393745,1007.1922779740319,,,track,ground,grade5,,,,,,forestry,,,,,,,,,,True,True,True,earth_sand,2,1
buffer_5km:2348,osm:2341736609,osm:2341737024,225322580,5943.137602010773,,,track,gravel,grade2,,,,,,forestry,,yes,,,,,,,,True,True,True,gravel,69,1
buffer_5km:2349,osm:2341736609,osm:2341736619,225393783,7449.074039197285,,,track,,grade4,,,,,,,,,,,,,,,,True,True,False,surface_unknown,9,1
buffer_5km:2350,osm:2341736619,osm:2341737600,225393745,12813.55107331633,,,track,ground,grade5,,,,,,forestry,,,,,,,,,,True,True,True,earth_sand,10,1
buffer_5km:2351,osm:2341736619,osm:2341736659,225393783,16852.149458593045,,,track,,grade4,,,,,,,,,,,,,,,,True,True,False,surface_unknown,16,1
buffer_5km:2352,osm:2341736659,osm:2341736972,225393730,3899.429509253711,,,track,,grade4,,,,,,,,,,,,,,,,True,True,False,surface_unknown,100,1
buffer_5km:2353,osm:2341736659,osm:2341736727,225393783,3692.038526990609,,,track,,grade4,,,,,,,,,,,,,,,,True,True,False,surface_unknown,59,1
buffer_5km:2354,osm:2341736665,osm:2341736678,114786559,27.524192740961713,,,track,,,,,,,,forestry,,,,,,,,,,True,True,True,surface_unknown,1,1
buffer_5km:2355,osm:2341736665,osm:2341736696,225393762,23.35448343058687,,,track,ground,grade5,,,,,,forestry,,,,,,,,,,True,True,True,earth_sand,3,1
buffer_5km:2356,osm:2341736678,osm:2341737048,114786559,11181.312799526633,,,track,,,,,,,,forestry,,,,,,,,,,True,True,True,surface_unknown,13,1
buffer_5km:2357,osm:2341736678,osm:2341736696,225393771,26.996489177025754,,,track,,,,,,,,forestry,,,,,,,,,,True,True,True,surface_unknown,3,1
buffer_5km:2358,osm:2341736696,osm:2341736727,225393771,39.26954070652488,,,track,,,,,,,,forestry,,,,,,,,,,True,True,True,surface_unknown,2,1
buffer_5km:2359,osm:2341736727,osm:2341736972,225393771,4295.895582556968,,,track,,,,,,,,forestry,,,,,,,,,,True,True,True,surface_unknown,17,1
buffer_5km:2360,osm:2341736972,osm:2341737510,225393771,9006.751037770984,,,track,,,,,,,,forestry,,,,,,,,,,True,True,True,surface_unknown,16,1
buffer_5km:2361,osm:2341737024,osm:259485757,551304677,106.32107800974964,,D3646,secondary,gravel,grade3,,,60,,,,,,,,,,,,,True,True,False,gravel,1,1
buffer_5km:2362,osm:2341737048,osm:2341737559,114786559,6258.998701011672,,,track,,,,,,,,forestry,,,,,,,,,,True,True,True,surface_unknown,17,1
buffer_5km:2363,osm:2341737048,osm:2341737340,225393734,3029.654120910501,,,track,,grade4,,,,,,,,,,,,,,,,True,True,False,surface_unknown,137,1
buffer_5km:2364,osm:2341737184,osm:2341737340,225393744,339.4615873620925,,,track,,,,,,,,,,,,,,,,,,True,True,False,surface_unknown,7,1
buffer_5km:2365,osm:2341737340,osm:2341737541,225393744,3909.598572598562,,,track,,,,,,,,,,,,,,,,,,True,True,False,surface_unknown,13,1
buffer_5km:2366,osm:2341737510,osm:2341737519,225393758,20.035102527559154,,,unclassified,unpaved,,,,,,,,,,,,,,,,,True,True,False,other_unpaved,3,1
buffer_5km:2367,osm:2341737510,osm:2341737518,225393771,23.02303176345823,,,track,,,,,,,,forestry,,,,,,,,,,True,True,True,surface_unknown,3,1
buffer_5km:2368,osm:2341737518,osm:2341737519,114786559,22.69838478117729,,,track,,,,,,,,forestry,,,,,,,,,,True,True,True,surface_unknown,1,1
buffer_5km:2369,osm:2341737518,osm:2341737521,114786559,4.9066565909495035,,,track,,,,,,,,forestry,,,,,,,,,,True,True,True,surface_unknown,1,1
buffer_5km:2370,osm:2341737519,osm:2341737541,114786559,8270.717412914035,,,track,,,,,,,,forestry,,,,,,,,,,True,True,True,surface_unknown,2,1
buffer_5km:2371,osm:2341737521,osm:2341737533,114786559,21.432387805516125,,,track,,,,,,,,forestry,,,,,,,,,,True,True,True,surface_unknown,2,1
buffer_5km:2372,osm:2341737521,osm:2341737526,225393757,24.526660741026767,,,unclassified,unpaved,,,,,,,,,,,,,,,,,True,True,False,other_unpaved,3,1
buffer_5km:2373,osm:2341737526,osm:2341737614,225393737,14361.314466870363,,,track,,,,,,,,forestry,,,,,,,,,,True,True,True,surface_unknown,6,1
buffer_5km:2374,osm:2341737526,osm:2341737533,225393737,25.95324087678467,,,track,,,,,,,,forestry,,,,,,,,,,True,True,True,surface_unknown,4,1
buffer_5km:2375,osm:2341737533,osm:2341739069,114786559,11494.509535444278,,,track,,,,,,,,forestry,,,,,,,,,,True,True,True,surface_unknown,4,1
buffer_5km:2376,osm:2341737541,osm:2341737559,114786559,3229.4072546452458,,,track,,,,,,,,forestry,,,,,,,,,,True,True,True,surface_unknown,14,1
buffer_5km:2377,osm:2341737559,osm:8041651596,225393736,239.17163114283173,,,track,,,,,,,,,,,,,,,,,,True,True,False,surface_unknown,18,1
buffer_5km:2378,osm:2341737600,osm:2341737605,225393745,11.767158973724662,,,track,ground,grade5,,,,,,forestry,,,,,,,,,,True,True,True,earth_sand,1,1
buffer_5km:2379,osm:2341737600,osm:2341737616,225393776,66.28430784540011,,,unclassified,unpaved,,,,,,,,,,,,,,,,,True,True,False,other_unpaved,4,1
buffer_5km:2380,osm:2341737603,osm:2341737806,1223284079,2147.350543332041,,,unclassified,ground,grade3,very_bad,,60,,,,,,,,,,,,,True,True,False,earth_sand,40,1
buffer_5km:2381,osm:2341737605,osm:2341737615,225393745,35.91358643573486,,,track,ground,grade5,,,,,,forestry,,,,,,,,,,True,True,True,earth_sand,1,1
buffer_5km:2382,osm:2341737605,osm:2341737614,225393768,44.46034338816802,,,unclassified,unpaved,,,,,,,,,,,,,,,,,True,True,False,other_unpaved,3,1
buffer_5km:2383,osm:2341737614,osm:2341737615,225393737,22.94705627539163,,,track,,,,,,,,forestry,,,,,,,,,,True,True,True,surface_unknown,1,1
buffer_5km:2384,osm:2341737615,osm:2341737616,225393737,46.00504533704772,,,track,,,,,,,,forestry,,,,,,,,,,True,True,True,surface_unknown,1,1
buffer_5km:2385,osm:2341737615,osm:259146025,225393745,5837.433815878901,,,track,ground,grade5,,,,,,forestry,,,,,,,,,,True,True,True,earth_sand,7,1
buffer_5km:2386,osm:2341737616,osm:259146012,225393737,3477.4450019884416,,,track,,,,,,,,forestry,,,,,,,,,,True,True,True,surface_unknown,5,1
buffer_5km:2387,osm:2341737681,osm:2341737706,225393735,87.18831640186946,,,track,,,,,,,,,,,,,,,,,,True,True,False,surface_unknown,5,1
buffer_5km:2388,osm:2341737681,osm:2341737681,225393735,55.66200534658512,,,track,,,,,,,,,,,,,,,,,,True,True,False,surface_unknown,8,1
buffer_5km:2389,osm:2341737683,osm:2341737691,23939836,29.239275063744707,,,tertiary,gravel,grade2,,,60,,,,,yes,,,,,,,,True,True,False,gravel,1,1
buffer_5km:2390,osm:2341737683,osm:2341737695,225393766,40.525113513461704,,,track,,,,,,,,,,,,,,,,,,True,True,False,surface_unknown,3,1
buffer_5km:2391,osm:2341737691,osm:309185323,23939836,10611.299063457695,,,tertiary,gravel,grade2,,,60,,,,,yes,,,,,,,,True,True,False,gravel,157,1
buffer_5km:2392,osm:2341737691,osm:2341737695,225393777,35.707276284353966,,,track,,,,,,,,,,,,,,,,,,True,True,False,surface_unknown,4,1
buffer_5km:2393,osm:2341737695,osm:2341737705,225393731,35.80876281616979,,,track,,,,,,,,,,,,,,,,,,True,True,False,surface_unknown,2,1
buffer_5km:2394,osm:2341737705,osm:2341737706,225393731,54.62143314910699,,,track,,,,,,,,,,,,,,,,,,True,True,False,surface_unknown,8,1
buffer_5km:2395,osm:2341737705,osm:2341737706,225393735,12.232895520633381,,,track,,,,,,,,,,,,,,,,,,True,True,False,surface_unknown,2,1
buffer_5km:2396,osm:2341737806,osm:2341738301,1222926769,5232.208490804121,,,unclassified,ground,grade3,very_bad,,60,,,,,,,,,,,,,True,True,False,earth_sand,178,1
buffer_5km:2397,osm:2341738301,osm:2341738327,225393782,479.0442224505465,,,track,ground,grade2,,,,,,,,yes,,,,,,,,True,True,False,earth_sand,10,1
buffer_5km:2398,osm:2341738301,osm:7685295709,1222926769,1506.3543739476306,,,unclassified,ground,grade3,very_bad,,60,,,,,,,,,,,,,True,True,False,earth_sand,19,1
buffer_5km:2399,osm:2341738327,osm:7685295709,225393774,1151.1121354456805,,,track,ground,grade2,,,,,,,,,,,,,,,,True,True,False,earth_sand,32,1
buffer_5km:2400,osm:2341738327,osm:2341738361,225393782,1317.9404032649584,,,track,ground,grade2,,,,,,,,yes,,,,,,,,True,True,False,earth_sand,69,1
buffer_5km:2401,osm:2341738605,osm:2341738687,551373733,90.45630406638823,,,track,,grade2,,,,,,private,,,,,,,,,,True,True,True,surface_unknown,10,1
buffer_5km:2402,osm:2341738686,osm:2341738687,1222926769,13.018636199178436,,,unclassified,ground,grade3,very_bad,,60,,,,,,,,,,,,,True,True,False,earth_sand,4,1
buffer_5km:2403,osm:2341738686,osm:2341738723,1222926769,30.8072725618874,,,unclassified,ground,grade3,very_bad,,60,,,,,,,,,,,,,True,True,False,earth_sand,8,1
buffer_5km:2404,osm:2341738687,osm:2341738726,1222926769,29.586674909640216,,,unclassified,ground,grade3,very_bad,,60,,,,,,,,,,,,,True,True,False,earth_sand,5,1
buffer_5km:2405,osm:2341738723,osm:2341738726,1222926769,15.277607104022465,,,unclassified,ground,grade3,very_bad,,60,,,,,,,,,,,,,True,True,False,earth_sand,1,1
buffer_5km:2406,osm:2341738726,osm:2341738759,1222926769,47.99646985391482,,,unclassified,ground,grade3,very_bad,,60,,,,,,,,,,,,,True,True,False,earth_sand,6,1
buffer_5km:2407,osm:2341738759,osm:2341738800,370203503,62.97439954594314,,,service,,grade2,,,,,,,,,,,,,,,,True,True,False,surface_unknown,6,1
buffer_5km:2408,osm:2341738759,osm:7685295709,1222926769,431.3898759576606,,,unclassified,ground,grade3,very_bad,,60,,,,,,,,,,,,,True,True,False,earth_sand,9,1
buffer_5km:2409,osm:2341738800,osm:2341738815,225393764,16.177812291826378,,,residential,,grade2,,,,,,private,,,,,,,,,,True,True,True,surface_unknown,2,1
buffer_5km:2410,osm:2341738800,osm:2341738813,370203503,38.50798683982846,,,service,,grade2,,,,,,,,,,,,,,,,True,True,False,surface_unknown,5,1
buffer_5km:2411,osm:2341738813,osm:2341738815,225393772,238.31918985012047,,,residential,,grade2,,,,,,private,,,,,,,,,,True,True,True,surface_unknown,34,1
buffer_5km:2412,osm:2341738946,osm:8039967682,174496001,72.29265271290662,,,track,,,,,,,,,,,,,,,,,,True,True,False,surface_unknown,3,35
buffer_5km:2413,osm:2341739069,osm:2341739090,114786559,3226.2311420175083,,,track,,,,,,,,forestry,,,,,,,,,,True,True,True,surface_unknown,9,1
buffer_5km:2414,osm:2341739069,osm:259483264,315069884,1993.3563194320984,,,track,,,,,,,,forestry,,,,,,,,,,True,True,True,surface_unknown,17,1
buffer_5km:2415,osm:2341739090,osm:2341739092,775034342,937.4538977000127,,,track,,,,,,,,forestry,,,,,,,,,,True,True,True,surface_unknown,1,1
buffer_5km:2416,osm:2341739092,osm:8042263898,775034341,4934.235902597597,,,track,,,,,,,,forestry,,,,,,,,,,True,True,True,surface_unknown,15,1
buffer_5km:2417,osm:2341739222,osm:8042263896,225393784,40.7527415220694,,,track,,,,,,,,,,,,,,,,,,True,True,False,surface_unknown,4,1
buffer_5km:2418,osm:2341739222,osm:8042263898,775034341,23.013509965252165,,,track,,,,,,,,forestry,,,,,,,,,,True,True,True,surface_unknown,1,1
buffer_5km:2419,osm:2341739226,osm:8042263896,225393784,179.10848301634596,,,track,,,,,,,,,,,,,,,,,,True,True,False,surface_unknown,5,1
buffer_5km:2420,osm:2341739243,osm:2341739256,225393779,18.694107121607495,,,track,,,,,,,,,,,,,,,,,,True,True,False,surface_unknown,1,1
buffer_5km:2421,osm:2341739254,osm:2341739317,173982458,195.36159209804194,,,track,,,,,,,,,,,,,,,,,,True,True,False,surface_unknown,17,1
buffer_5km:2422,osm:2341739256,osm:2341739300,225393779,47.80851728185769,,,track,,,,,,,,,,,,,,,,,,True,True,False,surface_unknown,3,1
buffer_5km:2423,osm:2341739256,osm:8042226458,863310575,24.061768978312706,,,track,,,,,,,,,,,,,,,,,,True,True,False,surface_unknown,1,1
buffer_5km:2424,osm:2341739259,osm:2341739313,225393780,66.47711819565055,,,track,,,,,,,,,,,,,,,,,,True,True,False,surface_unknown,5,1
buffer_5km:2425,osm:2341739300,osm:2341739320,225393763,15.687396472918914,,,track,,,,,,,,,,,,,,,,,,True,True,False,surface_unknown,3,1
buffer_5km:2426,osm:2341739300,osm:2341739330,225393779,27.700611201247785,,,track,,,,,,,,,,,,,,,,,,True,True,False,surface_unknown,1,1
buffer_5km:2427,osm:2341739303,osm:2341739317,225393770,26.88161009565109,,,track,,,,,,,,,,,,,,,,,,True,True,False,surface_unknown,3,1
buffer_5km:2428,osm:2341739313,osm:2341739317,173982458,45.514978991614434,,,track,,,,,,,,,,,,,,,,,,True,True,False,surface_unknown,4,1
buffer_5km:2429,osm:2341739313,osm:2341739320,173982458,8.15985714432737,,,track,,,,,,,,,,,,,,,,,,True,True,False,surface_unknown,1,1
buffer_5km:2430,osm:2341739320,osm:2341739330,173982458,20.03428341149022,,,track,,,,,,,,,,,,,,,,,,True,True,False,surface_unknown,2,1
buffer_5km:2431,osm:2341739366,osm:8042226457,225393775,55.86881823521791,,,track,,,,,,,,,,,,,,,,,,True,True,False,surface_unknown,5,1
buffer_5km:2432,osm:2343133846,osm:2343133852,225543998,25.333821874936433,,,service,unpaved,,,,,,,,,yes,,,,,,,,True,True,False,other_unpaved,4,1
buffer_5km:2433,osm:2343133846,osm:309185323,551304677,2930.6110553945455,,D3646,secondary,gravel,grade3,,,60,,,,,,,,,,,,,True,True,False,gravel,2,1
buffer_5km:2434,osm:2343133846,osm:309209803,551304677,28.83611562277697,,D3646,secondary,gravel,grade3,,,60,,,,,,,,,,,,,True,True,False,gravel,1,1
buffer_5km:2435,osm:2343133852,osm:309209803,28156813,37.33327910472458,,,service,unpaved,,,,,,,,,yes,,,,,,,,True,True,False,other_unpaved,1,1
buffer_5km:2436,osm:2343133852,osm:309209807,28156813,302.91126081253725,,,service,unpaved,,,,,,,,,yes,,,,,,,,True,True,False,other_unpaved,6,1
buffer_5km:2437,osm:2343134099,osm:2343134108,225543999,28.917637159963174,,,unclassified,gravel,grade2,,,60,,,,,,,,,,,,,True,True,False,gravel,4,1
buffer_5km:2438,osm:2343134099,osm:309209803,551304677,6638.056228612212,,D3646,secondary,gravel,grade3,,,60,,,,,,,,,,,,,True,True,False,gravel,9,1
buffer_5km:2439,osm:2343134099,osm:259146055,551304677,43.50107172688323,,D3646,secondary,gravel,grade3,,,60,,,,,,,,,,,,,True,True,False,gravel,1,1
buffer_5km:2440,osm:2343134108,osm:2343134704,173914359,8255.807657725356,,,unclassified,gravel,grade2,,,60,,,,,yes,,,,,,,,True,True,False,gravel,169,1
buffer_5km:2441,osm:2343134108,osm:259146055,173914359,40.8137159028441,,,unclassified,gravel,grade2,,,60,,,,,yes,,,,,,,,True,True,False,gravel,1,1
buffer_5km:2442,osm:2343134223,osm:2343134264,23939514,162.07445318302177,,,service,gravel,grade2,,,,,,,,yes,,,,,,,,True,True,False,gravel,18,1
buffer_5km:2443,osm:2343134223,osm:259483538,23939514,73.89950370159788,,,service,gravel,grade2,,,,,,,,yes,,,,,,,,True,True,False,gravel,9,1
buffer_5km:2444,osm:2343134223,osm:2343134264,225543997,28.667659678443197,,,service,gravel,grade2,,,,,,,,yes,,,,,,,,True,True,False,gravel,3,1
buffer_5km:2445,osm:2343134264,osm:259483538,23939514,45.69565622310162,,,service,gravel,grade2,,,,,,,,yes,,,,,,,,True,True,False,gravel,5,1
buffer_5km:2446,osm:2343134588,osm:259483464,225544001,38.77795958579564,,,track,,grade2,,,,,,,,,,,,,,,,True,True,False,surface_unknown,4,1
buffer_5km:2447,osm:2343134588,osm:259483521,551304677,700.9030199337366,,D3646,secondary,gravel,grade3,,,60,,,,,,,,,,,,,True,True,False,gravel,2,1
buffer_5km:2448,osm:2343134588,osm:259483463,551304677,48.832286288108,,D3646,secondary,gravel,grade3,,,60,,,,,,,,,,,,,True,True,False,gravel,1,1
buffer_5km:2449,osm:2343134673,osm:2343134704,225544000,30.41725225584036,,,unclassified,gravel,grade3,,,60,,,,,,,,,,,,,True,True,False,gravel,4,1
buffer_5km:2450,osm:2343134673,osm:259483463,551304677,588.8541398837816,,D3646,secondary,gravel,grade3,,,60,,,,,,,,,,,,,True,True,False,gravel,10,1
buffer_5km:2451,osm:2343134673,osm:259146096,551304677,37.73822159949649,,D3646,secondary,gravel,grade3,,,60,,,,,,,,,,,,,True,True,False,gravel,1,1
buffer_5km:2452,osm:2343134704,osm:259146096,173914359,35.2962027639709,,,unclassified,gravel,grade2,,,60,,,,,yes,,,,,,,,True,True,False,gravel,3,1
buffer_5km:2453,osm:2351057877,osm:309216770,224860046,44.9820239448195,,,service,compacted,,,,,,,,private,,,,,,,,,True,True,False,other_unpaved,4,1
buffer_5km:2454,osm:2351057877,osm:2351057882,226245746,62.8885081066282,,,service,compacted,,,,,,,,,,,,,,,,,True,True,False,other_unpaved,7,1
buffer_5km:2455,osm:2351057877,osm:2351057882,226245746,60.32238882102895,,,service,compacted,,,,,,,,,,,,,,,,,True,True,False,other_unpaved,6,1
buffer_5km:2456,osm:2351057882,osm:309216769,226245746,11.547919808637488,,,service,compacted,,,,,,,,,,,,,,,,,True,True,False,other_unpaved,1,1
buffer_5km:2457,osm:2351159682,osm:2351160213,226259403,5940.18852077703,,,track,,grade4,,,,,,forestry,,,,,,,,,,True,True,True,surface_unknown,204,1
buffer_5km:2458,osm:2351159921,osm:2351159927,224458873,47.48171402406648,,,tertiary,gravel,,,,60,,,yes,,,,,,,,,,True,True,False,gravel,1,1
buffer_5km:2459,osm:2351159921,osm:309238799,224458873,9038.501186686184,,,tertiary,gravel,,,,60,,,yes,,,,,,,,,,True,True,False,gravel,44,1
buffer_5km:2460,osm:2351159921,osm:2351159935,226259408,55.0967030934355,,,service,gravel,grade2,,,,,,,,yes,,,,,,,,True,True,False,gravel,5,1
buffer_5km:2461,osm:2351159927,osm:2351160213,224458873,7053.1525305601035,,,tertiary,gravel,,,,60,,,yes,,,,,,,,,,True,True,False,gravel,79,1
buffer_5km:2462,osm:2351159927,osm:2351159935,226259407,61.362662895890615,,,service,gravel,grade2,,,,,,,,yes,,,,,,,,True,True,False,gravel,5,1
buffer_5km:2463,osm:2351159935,osm:2351160140,226259404,1654.8479939961728,,,service,gravel,grade2,,,,,,,,yes,,,,,,,,True,True,False,gravel,10,1
buffer_5km:2464,osm:2351159960,osm:2351160217,226259400,2058.4092768901314,,,track,,grade4,,,,,,forestry,,,,,,,,,,True,True,True,surface_unknown,105,1
buffer_5km:2465,osm:2351160024,osm:2351160024,561948932,83.11501377010744,,,service,gravel,,,,,yes,,,,,,,,,,,,True,False,False,gravel,23,1
buffer_5km:2466,osm:2351160140,osm:2351160140,561947359,154.24255294952087,,,service,gravel,grade2,,,,yes,,,,yes,,,,,,,,True,False,False,gravel,15,1
buffer_5km:2467,osm:2351160213,osm:4626815299,224458873,399.7994332865563,,,tertiary,gravel,,,,60,,,yes,,,,,,,,,,True,True,False,gravel,8,1
buffer_5km:2468,osm:2351160217,osm:4626815304,224458973,393.73256778535733,,,tertiary,gravel,,,,100,,,,,,,,,,,,,True,True,False,gravel,8,1
buffer_5km:2469,osm:2351160459,osm:2351160469,224482902,40.15745218202899,,,tertiary,gravel,,,,60,no,,yes,,,,,,,,,,True,True,False,gravel,1,1
buffer_5km:2470,osm:2351160459,osm:2351160480,226259406,40.3555833123632,,,track,,,,,,,,,,,,,,,,,,True,True,False,surface_unknown,3,1
buffer_5km:2471,osm:2351160469,osm:2351160480,226259401,29.942952146814243,,,track,,,,,,,,,,,,,,,,,,True,True,False,surface_unknown,3,1
buffer_5km:2472,osm:2351160480,osm:2351160530,226259401,109.71841596316827,,,track,,,,,,,,,,,,,,,,,,True,True,False,surface_unknown,7,1
buffer_5km:2473,osm:2351179301,osm:309238799,224458826,9908.425203658599,,,service,dirt,grade4,,,,,,,,yes,,,,,,,,True,True,False,earth_sand,28,1
buffer_5km:2474,osm:2397679769,osm:2397679935,231378847,142.28662913832835,,,track,,grade2,,,,,,,,,,,,,,,,True,True,False,surface_unknown,11,1
buffer_5km:2475,osm:2397679935,osm:2397680217,231379633,644.5143241602585,,,track,,grade4,,,,,,,,,,,,,,,,True,True,False,surface_unknown,41,1
buffer_5km:2476,osm:2397679935,osm:3252158120,551641993,70.62745565795036,,,track,,grade3,,,,,,,,,,,,,,,,True,True,False,surface_unknown,1,1
buffer_5km:2477,osm:2397679936,osm:3252158120,551641994,6.751495200048454,,,residential,,grade3,,,,,,,,,,,,,,,,True,True,False,surface_unknown,1,1
buffer_5km:2478,osm:2397681484,osm:3252158120,231380323,419.07203971592793,,,track,,grade3,,,,,,,,,,,,,,,,True,True,False,surface_unknown,19,1
buffer_5km:2479,osm:2397683073,osm:2397683075,231380424,38.249601057347185,,,unclassified,,,,,,,,,,,,,,,,,,True,True,False,surface_unknown,5,1
buffer_5km:2480,osm:2397683073,osm:309203389,231380424,52.374008756374984,,,unclassified,,,,,,,,,,,,,,,,,,True,True,False,surface_unknown,2,1
buffer_5km:2481,osm:2397683073,osm:309203376,231380426,44.86032883069724,,,unclassified,,,,,,,,,,,,,,,,,,True,True,False,surface_unknown,2,1
buffer_5km:2482,osm:2397683075,osm:309203389,28156748,90.24919740591623,,,unclassified,,,,,20,,,,,,,,,,,,,True,True,False,surface_unknown,8,1
buffer_5km:2483,osm:2397683075,osm:309203376,28156748,114.9729124525807,,,unclassified,,,,,20,,,,,,,,,,,,,True,True,False,surface_unknown,17,1
buffer_5km:2484,osm:2397685316,osm:3252193254,231380653,787.598120538784,,,track,dirt,grade3,,,,,,forestry,,,,,,,,,,True,True,True,earth_sand,36,1
buffer_5km:2485,osm:244509097,osm:3222295969,316122361,375.68345536908106,,,track,,,,,,,,private,,,,,,,,,,True,True,True,surface_unknown,2,1
buffer_5km:2486,osm:244509097,osm:3757873536,372240154,303.5500412477252,,,track,,grade3,,,,,,private,,,,,,,,,,True,True,True,surface_unknown,5,1
buffer_5km:2487,osm:244509097,osm:3757842373,688103633,1217.5400872935165,,D2680,unclassified,ground,,,,,,,,,,,,,,,,,True,True,False,earth_sand,1,1
buffer_5km:2488,osm:2483484373,osm:2483484376,240628431,79.49620900680425,,,residential,gravel,,,,,,,private,,,,,,,,,,True,True,True,gravel,5,1
buffer_5km:2489,osm:2483484373,osm:2757981330,240628433,104.13811005752713,,,service,gravel,,,,,,,private,,,,,,,,,,True,True,True,gravel,8,1
buffer_5km:2490,osm:2483484376,osm:5423572579,240628431,67.53108202301021,,,residential,gravel,,,,,,,private,,,,,,,,,,True,True,True,gravel,1,1
buffer_5km:2491,osm:2483484376,osm:2483484383,240628432,75.84174644140387,,,residential,gravel,,,,,,,private,,,,,,,,,,True,True,True,gravel,6,1
buffer_5km:2492,osm:2483484394,osm:2757981330,1537337102,37.47772734971219,,,service,gravel,,,,,,,private,,,,,,,,,,True,True,True,gravel,1,1
buffer_5km:2493,osm:2483484396,osm:2758941699,224458723,9.297419531169968,,C38,primary,asphalt,,,,60,no,,yes,,,,,,,,,,True,True,False,paved,1,1
buffer_5km:2494,osm:2483484400,osm:2757981439,240628433,57.36383222310186,,,service,gravel,,,,,,,private,,,,,,,,,,True,True,True,gravel,8,1
buffer_5km:2495,osm:2483533944,osm:5419796139,460622498,179.88614284566643,,,residential,gravel,grade2,,,,,,private,,,,,,,,,,True,True,True,gravel,3,1
buffer_5km:2496,osm:2483533944,osm:5419798448,562167992,76.84481700139956,,,track,ground,grade4,,,,,,,,,,,,,,,,True,True,False,earth_sand,10,1
buffer_5km:2497,osm:2483533949,osm:309235162,562127317,32.90113785325177,,,unclassified,gravel,,,,,,,private,,,,,,,,,,True,True,True,gravel,1,1
buffer_5km:2498,osm:251875131,osm:4096871365,93178007,951.4275651447986,,B1,primary,paved,,,,120,no,,,,,,,,,,,,True,True,False,paved,12,1
buffer_5km:2499,osm:251875131,osm:3211389129,93178007,5362.389852020661,,B1,primary,paved,,,,120,no,,,,,,,,,,,,True,True,False,paved,3,1
buffer_5km:2500,osm:258987837,osm:3792491555,554464861,19.95595559627895,,,track,ground,grade3,bad,,,,,,,,,,,,,,,True,True,False,earth_sand,1,1
buffer_5km:2501,osm:258987837,osm:3794113827,558913363,8.199437934564994,,C35,primary,asphalt,,,,120,,,,,,,,,,,,,True,True,False,paved,1,1
buffer_5km:2502,osm:258987837,osm:4239718783,558913363,350.807359972388,,C35,primary,asphalt,,,,120,,,,,,,,,,,,,True,True,False,paved,2,1
buffer_5km:2503,osm:259145778,osm:259145781,23908558,333.2902943471447,,,unclassified,gravel,grade2,,,60,,,,,yes,,,,,,,,True,True,False,gravel,6,1
buffer_5km:2504,osm:259145781,osm:259145915,551304677,4999.042937437164,,D3646,secondary,gravel,grade3,,,60,,,,,,,,,,,,,True,True,False,gravel,7,1
buffer_5km:2505,osm:259146012,osm:259485757,551304677,8630.901716432652,,D3646,secondary,gravel,grade3,,,60,,,,,,,,,,,,,True,True,False,gravel,12,1
buffer_5km:2506,osm:259146012,osm:259146025,551304677,6896.528991410054,,D3646,secondary,gravel,grade3,,,60,,,,,,,,,,,,,True,True,False,gravel,8,1
buffer_5km:2507,osm:259146025,osm:309185323,551304677,1912.451617863111,,D3646,secondary,gravel,grade3,,,60,,,,,,,,,,,,,True,True,False,gravel,7,1
buffer_5km:2508,osm:259146055,osm:5324964727,551304677,810.9410350806766,,D3646,secondary,gravel,grade3,,,60,,,,,,,,,,,,,True,True,False,gravel,4,1
buffer_5km:2509,osm:259146096,osm:259483369,551304677,81.58630630959621,,D3646,secondary,gravel,grade3,,,60,,,,,,,,,,,,,True,True,False,gravel,1,1
buffer_5km:2510,osm:259146106,osm:309211197,173914366,89.16156217023314,,6025,residential,dirt,grade3,,,,,,forestry,,,,,,,,,,True,True,True,earth_sand,8,1
buffer_5km:2511,osm:259146106,osm:3252193254,551304677,239.72595283223615,,D3646,secondary,gravel,grade3,,,60,,,,,,,,,,,,,True,True,False,gravel,1,1
buffer_5km:2512,osm:259146106,osm:259146107,551304677,58.22197684101049,,D3646,secondary,gravel,grade3,,,60,,,,,,,,,,,,,True,True,False,gravel,1,1
buffer_5km:2513,osm:259146249,osm:259146285,23908612,2385.1481034631233,,,service,unpaved,grade3,,,,,,,,yes,,,,,,,,True,True,False,other_unpaved,26,1
buffer_5km:2514,osm:259146284,osm:5904927563,225220011,2610.9429813144634,,C38,primary,gravel,,,,60,,,,,,,,,,,,,True,True,False,gravel,26,1
buffer_5km:2515,osm:259146285,osm:309211055,225220011,2008.7609462292303,,C38,primary,gravel,,,,60,,,,,,,,,,,,,True,True,False,gravel,7,1
buffer_5km:2516,osm:259146690,osm:259146730,173914351,5247.358803997862,,,unclassified,gravel,grade2,,,60,,,,,yes,,,,,,,,True,True,False,gravel,106,1
buffer_5km:2517,osm:259148587,osm:288791228,225220011,734.5033007886093,,C38,primary,gravel,,,,60,,,,,,,,,,,,,True,True,False,gravel,20,1
buffer_5km:2518,osm:259153623,osm:3857089407,23910266,1108.5067575770154,Halali Road,,tertiary,gravel,grade2,,,60,no,,,,,,,,,,,,True,True,False,gravel,12,1
buffer_5km:2519,osm:259154235,osm:259154356,23990219,4032.1222631108462,,,unclassified,gravel,grade2,bad,,60,,,,,,,,,,,,,True,True,False,gravel,63,1
buffer_5km:2520,osm:259154235,osm:2975523399,293976600,128.36186138485385,,,track,,grade4,,,,,,forestry,,,,,,,,,,True,True,True,surface_unknown,3,1
buffer_5km:2521,osm:259154278,osm:259154278,561936270,274.9239131928048,,,service,compacted,grade2,,,,yes,,,,yes,,,,,,,,True,False,False,other_unpaved,20,1
buffer_5km:2522,osm:259154916,osm:259159141,23909419,1967.2213154657848,,,service,gravel,grade2,,,60,,,,,yes,,,,,,,,True,True,False,gravel,67,1
buffer_5km:2523,osm:259159141,osm:977755702,23909419,37.30012971269789,,,service,gravel,grade2,,,60,,,,,yes,,,,,,,,True,True,False,gravel,2,1
buffer_5km:2524,osm:259159141,osm:5417841632,84042822,54.59259624136868,,,service,gravel,grade2,,,,,,,,yes,,,,,,,,True,True,False,gravel,5,1
buffer_5km:2525,osm:259159433,osm:259159496,23909909,46.71206350342327,,,service,gravel,grade4,,,,,,,,yes,,,,,,,,True,True,False,gravel,1,1
buffer_5km:2526,osm:259160411,osm:259162669,551186510,7132.329582701531,,C38,primary,gravel,,,,60,,,,,,,,,,,,,True,True,False,gravel,70,1
buffer_5km:2527,osm:259160420,osm:259160424,23910266,745.1437660778527,Halali Road,,tertiary,gravel,grade2,,,60,no,,,,,,,,,,,,True,True,False,gravel,11,1
buffer_5km:2528,osm:259160420,osm:3857089226,382506217,255.39248327141797,,,track,,grade4,,,,,,,,,,,,,,,,True,True,False,surface_unknown,4,1
buffer_5km:2529,osm:259160424,osm:259160435,23910266,1301.7016158597105,Halali Road,,tertiary,gravel,grade2,,,60,no,,,,,,,,,,,,True,True,False,gravel,27,1
buffer_5km:2530,osm:259160424,osm:3857089222,225109454,313.2385619321223,,,track,dirt,grade3,,,,,,forestry,,,,,,,,,,True,True,True,earth_sand,13,1
buffer_5km:2531,osm:259160435,osm:260104216,23910266,3963.745551660749,Halali Road,,tertiary,gravel,grade2,,,60,no,,,,,,,,,,,,True,True,False,gravel,55,1
buffer_5km:2532,osm:259160459,osm:260104216,23910266,39.065032168373925,Halali Road,,tertiary,gravel,grade2,,,60,no,,,,,,,,,,,,True,True,False,gravel,1,1
buffer_5km:2533,osm:259160459,osm:259160471,23910266,2241.311110812426,Halali Road,,tertiary,gravel,grade2,,,60,no,,,,,,,,,,,,True,True,False,gravel,37,1
buffer_5km:2534,osm:259160459,osm:666073260,225109422,34.155236334407995,Eland Drive,5978,tertiary,gravel,grade3,,,60,,,,,,,,,,,,,True,True,False,gravel,5,1
buffer_5km:2535,osm:259161918,osm:259161921,23910177,388.7766394504311,,,service,gravel,grade2,,,,,,,,,,,,,,,,True,True,False,gravel,7,1
buffer_5km:2536,osm:259161918,osm:89025530,225090859,56.532522095063364,,,service,gravel,grade2,,,,,,,,yes,,,,,,,,True,True,False,gravel,4,1
buffer_5km:2537,osm:259161918,osm:259161942,665262088,46.78344938075626,,,service,gravel,grade2,,,,,,,,yes,,,,,,,,True,True,False,gravel,4,1
buffer_5km:2538,osm:259161927,osm:259161927,561936275,444.68923707135457,,,service,gravel,grade2,,,,yes,,,,yes,,,,,,,,True,False,False,gravel,21,1
buffer_5km:2539,osm:259161942,osm:89025530,23910266,55.753079339909554,Halali Road,,tertiary,gravel,grade2,,,60,no,,,,,,,,,,,,True,True,False,gravel,1,1
buffer_5km:2540,osm:259162109,osm:259162182,52372870,39.678182699715535,,6049,unclassified,gravel,grade4,,,,,,,,,,,,,,,,True,True,False,gravel,3,1
buffer_5km:2541,osm:259162109,osm:259162669,551186510,33.87884677121805,,C38,primary,gravel,,,,60,,,,,,,,,,,,,True,True,False,gravel,1,1
buffer_5km:2542,osm:259162109,osm:2975523533,551186510,1651.9357536202108,,C38,primary,gravel,,,,60,,,,,,,,,,,,,True,True,False,gravel,16,1
buffer_5km:2543,osm:259162182,osm:259162669,23910217,39.77528103452394,,,unclassified,gravel,grade4,,,,,,,,,,,,,,,,True,True,False,gravel,3,1
buffer_5km:2544,osm:259162313,osm:3252147982,392275067,1165.3129989490878,,,service,dirt,grade2,,,,,,,,yes,,,,,,,,True,True,False,earth_sand,12,1
buffer_5km:2545,osm:259162313,osm:259162313,392275067,232.67232014294376,,,service,dirt,grade2,,,,,,,,yes,,,,,,,,True,True,False,earth_sand,16,1
buffer_5km:2546,osm:259162805,osm:259162806,23910266,79.47589007918975,Halali Road,,tertiary,gravel,grade2,,,60,no,,,,,,,,,,,,True,True,False,gravel,5,1
buffer_5km:2547,osm:259162805,osm:259162877,665481835,70.72073982515366,,,service,gravel,grade2,,,60,no,,,,,,,,,,,,True,True,False,gravel,4,1
buffer_5km:2548,osm:259162806,osm:259163450,23910266,1676.418779008181,Halali Road,,tertiary,gravel,grade2,,,60,no,,,,,,,,,,,,True,True,False,gravel,44,1
buffer_5km:2549,osm:259162806,osm:259162877,23910273,75.36987642083595,,,service,gravel,grade2,,,60,no,,,,,,,,,,,,True,True,False,gravel,5,1
buffer_5km:2550,osm:259162832,osm:5324988596,23910266,53.13554477356422,Halali Road,,tertiary,gravel,grade2,,,60,no,,,,,,,,,,,,True,True,False,gravel,2,1
buffer_5km:2551,osm:259162832,osm:259163241,23910266,203.64850119554131,Halali Road,,tertiary,gravel,grade2,,,60,no,,,,,,,,,,,,True,True,False,gravel,6,1
buffer_5km:2552,osm:259162832,osm:5324988600,665481834,46.97984771705159,,,service,gravel,grade2,,,,,,forestry,,,,,,,,,,True,True,True,gravel,4,1
buffer_5km:2553,osm:259163180,osm:259163680,418622194,866.4865656564825,,,track,,grade2,,,,,,forestry,,,,,,,,,,True,True,True,surface_unknown,16,1
buffer_5km:2554,osm:259163180,osm:5323226065,551190854,248.69218032648112,,,track,compacted,grade2,,,,,,forestry,,,,,,,,,,True,True,True,other_unpaved,16,1
buffer_5km:2555,osm:259163190,osm:259163680,418622194,29.868861560725506,,,track,,grade2,,,,,,forestry,,,,,,,,,,True,True,True,surface_unknown,1,1
buffer_5km:2556,osm:259163190,osm:259163192,418622194,140.0938082741987,,,track,,grade2,,,,,,forestry,,,,,,,,,,True,True,True,surface_unknown,5,1
buffer_5km:2557,osm:259163192,osm:3857089430,382506221,178.89120431725956,,,track,,grade3,,,,,,forestry,,,,,,,,,,True,True,True,surface_unknown,7,1
buffer_5km:2558,osm:259163192,osm:259163196,418622194,396.2627991219723,,,track,,grade2,,,,,,forestry,,,,,,,,,,True,True,True,surface_unknown,19,1
buffer_5km:2559,osm:259163319,osm:259163450,23910307,67.4672785926385,,,unclassified,gravel,grade4,,,60,,,,,yes,,,,,,,,True,True,False,gravel,1,1
buffer_5km:2560,osm:259163319,osm:259163465,23910313,51.09447804084681,,,unclassified,gravel,grade4,,,60,,,,,yes,,,,,,,,True,True,False,gravel,5,1
buffer_5km:2561,osm:259163339,osm:259163349,23910307,365.84730811665275,,,unclassified,gravel,grade4,,,60,,,,,yes,,,,,,,,True,True,False,gravel,17,1
buffer_5km:2562,osm:259163450,osm:259163465,23910266,64.06106822086291,Halali Road,,tertiary,gravel,grade2,,,60,no,,,,,,,,,,,,True,True,False,gravel,3,1
buffer_5km:2563,osm:259163465,osm:5324988596,23910266,629.9911508897723,Halali Road,,tertiary,gravel,grade2,,,60,no,,,,,,,,,,,,True,True,False,gravel,14,1
buffer_5km:2564,osm:259171906,osm:2975523400,109557447,3182.373715596161,Rhino Drive,,unclassified,gravel,grade2,,,60,,,,,,,,,,,,,True,True,False,gravel,46,1
buffer_5km:2565,osm:259171906,osm:259172179,225090855,51.59984475857942,Rhino Drive,,unclassified,gravel,,,,60,,,,,yes,,,,,,,,True,True,False,gravel,4,1
buffer_5km:2566,osm:259172085,osm:89025530,23910266,90.2751233618161,Halali Road,,tertiary,gravel,grade2,,,60,no,,,,,,,,,,,,True,True,False,gravel,2,1
buffer_5km:2567,osm:259172428,osm:309217352,28156859,185.36896779188265,,6077,service,gravel,grade2,,,60,,,,,,,,,,,,,True,True,False,gravel,3,20
buffer_5km:2568,osm:259172428,osm:5417841618,561936266,166.89539514456345,,,service,gravel,,,,,,,,,,,,,,,,,True,True,False,gravel,5,20
buffer_5km:2569,osm:259172428,osm:6226725465,665260074,136.94156648356397,,,service,gravel,grade2,,,60,no,,,,,,,,,,,,True,True,False,gravel,3,20
buffer_5km:2570,osm:259172561,osm:6226725468,665260077,45.457065764066826,,,unclassified,gravel,grade3,very_bad,,60,no,,,,yes,,,,,,,,True,True,False,gravel,1,4
buffer_5km:2571,osm:259172561,osm:6226725467,665260078,40.506588643457036,,,unclassified,gravel,grade3,very_bad,,60,no,,,,yes,,,,,,,,True,True,False,gravel,1,4
buffer_5km:2572,osm:259172561,osm:6226727088,665260079,8825.008591802998,,,unclassified,gravel,grade3,very_bad,,60,no,,,,yes,,,,,,,,True,True,False,gravel,140,4
buffer_5km:2573,osm:259174824,osm:4223931897,665262079,38.61478471063558,,,unclassified,gravel,grade3,,,60,no,,,,yes,,,,,,,,True,True,False,gravel,1,1
buffer_5km:2574,osm:259174834,osm:4223931897,23911053,1724.3511451368245,,,unclassified,gravel,grade3,,,60,no,,,,yes,,,,,,,,True,True,False,gravel,13,1
buffer_5km:2575,osm:259174834,osm:259187399,23911053,4419.657229022992,,,unclassified,gravel,grade3,,,60,no,,,,yes,,,,,,,,True,True,False,gravel,52,1
buffer_5km:2576,osm:259174868,osm:259187399,23911053,28.185151170036164,,,unclassified,gravel,grade3,,,60,no,,,,yes,,,,,,,,True,True,False,gravel,1,1
buffer_5km:2577,osm:259174868,osm:2975523331,23911053,3791.892498561452,,,unclassified,gravel,grade3,,,60,no,,,,yes,,,,,,,,True,True,False,gravel,56,1
buffer_5km:2578,osm:259188943,osm:288508984,270803597,799.9988121216529,,,unclassified,gravel,grade2,,,60,,,,,,,,,,,,,True,True,False,gravel,23,1
buffer_5km:2579,osm:259189884,osm:259189888,23912786,290.671883549704,,,track,,,,,,,,forestry,,,,,,,,,,True,True,True,surface_unknown,7,1
buffer_5km:2580,osm:259189884,osm:5423595108,26451337,2000.818812403537,,,tertiary,gravel,grade2,,,60,no,,,,,,,,,,,,True,True,False,gravel,34,1
buffer_5km:2581,osm:259189884,osm:5323240417,26451337,1154.578878608133,,,tertiary,gravel,grade2,,,60,no,,,,,,,,,,,,True,True,False,gravel,19,1
buffer_5km:2582,osm:259189997,osm:5423595104,26451337,1279.4434474159216,,,tertiary,gravel,grade2,,,60,no,,,,,,,,,,,,True,True,False,gravel,20,1
buffer_5km:2583,osm:259190001,osm:977757260,23912806,333.90976367643054,,,service,gravel,grade2,,,60,no,,,,yes,,,,,,,,True,True,False,gravel,7,1
buffer_5km:2584,osm:259190001,osm:259190227,26451337,7934.511943355714,,,tertiary,gravel,grade2,,,60,no,,,,,,,,,,,,True,True,False,gravel,105,1
buffer_5km:2585,osm:259190008,osm:2768997986,23912798,76.33295519850482,,,service,gravel,grade2,,,60,no,,,,yes,,,,,,,,True,True,False,gravel,5,1
buffer_5km:2586,osm:259190008,osm:977757260,23912806,117.97590780809537,,,service,gravel,grade2,,,60,no,,,,yes,,,,,,,,True,True,False,gravel,4,1
buffer_5km:2587,osm:259190008,osm:2768997986,271963362,81.0690324317259,,,service,gravel,,,,60,no,,,,yes,,,,,,,,True,True,False,gravel,7,1
buffer_5km:2588,osm:259190227,osm:259192279,23912887,4607.711456491631,,,tertiary,gravel,grade2,,,60,no,,,,yes,,,,,,,,True,True,False,gravel,21,1
buffer_5km:2589,osm:259190227,osm:289878235,26451337,193.80827394405227,,,tertiary,gravel,grade2,,,60,no,,,,,,,,,,,,True,True,False,gravel,3,1
buffer_5km:2590,osm:259190232,osm:259190592,26451337,827.6945243493243,,,tertiary,gravel,grade2,,,60,no,,,,,,,,,,,,True,True,False,gravel,10,1
buffer_5km:2591,osm:259190232,osm:2757910172,26451337,255.65636266600794,,,tertiary,gravel,grade2,,,60,no,,,,,,,,,,,,True,True,False,gravel,2,1
buffer_5km:2592,osm:259190399,osm:259190433,23912842,6026.38037950286,,,unclassified,gravel,grade2,,,60,no,,,,,,,,,,,,True,True,False,gravel,34,1
buffer_5km:2593,osm:259190433,osm:3507157369,343931776,26.40080953439951,,,unclassified,gravel,,,,60,,,,,yes,,,,,,,,True,True,False,gravel,1,1
buffer_5km:2594,osm:259190433,osm:259190434,665262082,41.66071247057089,,,unclassified,gravel,grade2,,,60,no,,,,,,,,,,,,True,True,False,gravel,1,1
buffer_5km:2595,osm:259190434,osm:3507157369,26337762,43.28978176121112,,C38,tertiary,gravel,grade2,very_bad,,60,,,,,,,,,,,,,True,True,False,gravel,1,1
buffer_5km:2596,osm:259190434,osm:288508733,26337762,372.51536570012945,,C38,tertiary,gravel,grade2,very_bad,,60,,,,,,,,,,,,,True,True,False,gravel,3,1
buffer_5km:2597,osm:259190575,osm:2975522904,26337762,866.7780209150471,,C38,tertiary,gravel,grade2,very_bad,,60,,,,,,,,,,,,,True,True,False,gravel,9,1
buffer_5km:2598,osm:259190575,osm:4084909239,26337762,42.071830386789905,,C38,tertiary,gravel,grade2,very_bad,,60,,,,,,,,,,,,,True,True,False,gravel,1,1
buffer_5km:2599,osm:259190592,osm:2757910045,26451337,7796.889209231487,,,tertiary,gravel,grade2,,,60,no,,,,,,,,,,,,True,True,False,gravel,42,1
buffer_5km:2600,osm:259190763,osm:2757910030,23912885,47.823151570597425,,,track,gravel,grade2,,,,,,,,yes,,,,,,,,True,True,False,gravel,4,1
buffer_5km:2601,osm:259190763,osm:259192349,26451337,5803.146066759341,,,tertiary,gravel,grade2,,,60,no,,,,,,,,,,,,True,True,False,gravel,41,1
buffer_5km:2602,osm:259190763,osm:2757910045,26451337,66.52422614797084,,,tertiary,gravel,grade2,,,60,no,,,,,,,,,,,,True,True,False,gravel,1,1
buffer_5km:2603,osm:259190763,osm:2757910033,270806719,72.59201246830848,,,tertiary,gravel,grade2,,,60,no,,,,yes,,,,,,,,True,True,False,gravel,1,1
buffer_5km:2604,osm:259190788,osm:2757909985,551378545,289.7679779505627,,,service,gravel,grade2,,,60,no,,,,yes,,,,,,,,True,True,False,gravel,8,1
buffer_5km:2605,osm:259190788,osm:259190788,551378545,286.59391079567297,,,service,gravel,grade2,,,60,no,,,,yes,,,,,,,,True,True,False,gravel,18,1
buffer_5km:2606,osm:259190813,osm:2757910052,23912887,48.765907242693416,,,tertiary,gravel,grade2,,,60,no,,,,yes,,,,,,,,True,True,False,gravel,5,1
buffer_5km:2607,osm:259190813,osm:2757910033,270806719,1258.9897599672372,,,tertiary,gravel,grade2,,,60,no,,,,yes,,,,,,,,True,True,False,gravel,7,1
buffer_5km:2608,osm:259190813,osm:2757909985,551378545,49.137561083800826,,,service,gravel,grade2,,,60,no,,,,yes,,,,,,,,True,True,False,gravel,1,1
buffer_5km:2609,osm:259192279,osm:259192471,23912887,13996.843984488403,,,tertiary,gravel,grade2,,,60,no,,,,yes,,,,,,,,True,True,False,gravel,114,1
buffer_5km:2610,osm:259192279,osm:2757910095,270806720,295.43340536143154,,,service,ground,grade4,,,,,,,,yes,,,,,,,,True,True,False,earth_sand,12,1
buffer_5km:2611,osm:259192471,osm:2757910052,23912887,7702.448369057311,,,tertiary,gravel,grade2,,,60,no,,,,yes,,,,,,,,True,True,False,gravel,57,1
buffer_5km:2612,osm:259192471,osm:259637181,23950590,4193.05302516328,,,tertiary,gravel,grade2,,,60,no,,,,yes,,,,,,,,True,True,False,gravel,43,1
buffer_5km:2613,osm:259406622,osm:309258029,28156970,1726.5597951446355,,,track,gravel,grade2,,,60,,,,,yes,,,,,,,,True,True,False,gravel,18,1
buffer_5km:2614,osm:259407388,osm:4627853680,561946642,3160.542304979582,,,tertiary,gravel,grade2,,,60,,,,,,,,,,,,,True,True,False,gravel,9,1
buffer_5km:2615,osm:259407388,osm:2758051368,562021937,3483.9472118109693,,,track,gravel,grade2,,,,,,,,yes,,,,,,,,True,True,False,gravel,21,1
buffer_5km:2616,osm:259474580,osm:2758051864,270834940,32.808894080297556,,,track,gravel,grade2,,,,yes,,,,yes,,,,,,,,False,True,False,gravel,1,1
buffer_5km:2617,osm:259474580,osm:2758051737,270834940,130.48761495920982,,,track,gravel,grade2,,,,yes,,,,yes,,,,,,,,True,False,False,gravel,12,1
buffer_5km:2618,osm:259474580,osm:5423572285,562604572,1265.6440210747548,,,track,,,,,,,,,,,,,,,,,,True,True,False,surface_unknown,8,1
buffer_5km:2619,osm:259474616,osm:5423572285,270834901,849.7937586021447,,,track,dirt,grade3,,,,,,forestry,,,,,,,,,,True,True,True,earth_sand,9,1
buffer_5km:2620,osm:259474616,osm:2758051864,562021937,1383.7931874870978,,,track,gravel,grade2,,,,,,,,yes,,,,,,,,True,True,False,gravel,20,1
buffer_5km:2621,osm:259474616,osm:2758051368,562021937,1261.5449333071601,,,track,gravel,grade2,,,,,,,,yes,,,,,,,,True,True,False,gravel,7,1
buffer_5km:2622,osm:259475155,osm:6153911589,23938504,50192.879767583065,,,unclassified,ground,,,,60,,,forestry,,,,,,,,,,True,True,True,earth_sand,207,1
buffer_5km:2623,osm:259475155,osm:5423572285,270834901,17985.41255877172,,,track,dirt,grade3,,,,,,forestry,,,,,,,,,,True,True,True,earth_sand,56,1
buffer_5km:2624,osm:259481825,osm:89025846,551601415,1267.8799346742805,,,service,gravel,grade3,very_bad,,60,,,,,yes,,,,,,,,True,True,False,gravel,40,1
buffer_5km:2625,osm:259483264,osm:4826748679,23939358,4693.522303849297,,,track,gravel,grade3,,,60,,,,,yes,,,,,,,,True,True,False,gravel,15,1
buffer_5km:2626,osm:259483264,osm:309203437,23939358,2366.811226718562,,,track,gravel,grade3,,,60,,,,,yes,,,,,,,,True,True,False,gravel,40,1
buffer_5km:2627,osm:259483369,osm:4627949305,23939358,14178.144308281151,,,track,gravel,grade3,,,60,,,,,yes,,,,,,,,True,True,False,gravel,206,1
buffer_5km:2628,osm:259483369,osm:288502741,551304677,1857.6479378833674,,D3646,secondary,gravel,grade3,,,60,,,,,,,,,,,,,True,True,False,gravel,3,1
buffer_5km:2629,osm:259483463,osm:259483464,23939509,42.09032692959496,,,track,gravel,grade2,,,,,,,,yes,,,,,,,,True,True,False,gravel,3,1
buffer_5km:2630,osm:259483521,osm:5324964723,23939514,46.87938376335549,,,service,gravel,grade2,,,,,,,,yes,,,,,,,,True,True,False,gravel,3,1
buffer_5km:2631,osm:259483521,osm:5324964727,551304677,51.298960101539166,,D3646,secondary,gravel,grade3,,,60,,,,,,,,,,,,,True,True,False,gravel,1,1
buffer_5km:2632,osm:259483538,osm:5324964723,23939514,1325.943325055371,,,service,gravel,grade2,,,,,,,,yes,,,,,,,,True,True,False,gravel,46,1
buffer_5km:2633,osm:259485757,osm:259485760,23939836,62.9848364464831,,,tertiary,gravel,grade2,,,60,,,,,yes,,,,,,,,True,True,False,gravel,3,1
buffer_5km:2634,osm:259485760,osm:5324964722,23939836,5895.769911421255,,,tertiary,gravel,grade2,,,60,,,,,yes,,,,,,,,True,True,False,gravel,72,1
buffer_5km:2635,osm:259486245,osm:5322510341,114787442,122.80696797969662,,D3600,tertiary,gravel,,,,100,,,,,,,,,,,,,True,True,False,gravel,3,1
buffer_5km:2636,osm:259486247,osm:259486248,23939923,778.9179803747295,,,track,,,,,,,,,,,,,,,,,,True,True,False,surface_unknown,2,1
buffer_5km:2637,osm:259486247,osm:3271225512,320578500,498.3467163807495,,,track,gravel,grade3,,,,,,,,,,,,,,,,True,True,False,gravel,1,1
buffer_5km:2638,osm:259486248,osm:3859066813,93178007,1057.2032794521635,,B1,primary,paved,,,,120,no,,,,,,,,,,,,True,True,False,paved,1,1
buffer_5km:2639,osm:259486248,osm:3281419562,93178007,2571.0586446707957,,B1,primary,paved,,,,120,no,,,,,,,,,,,,True,True,False,paved,4,1
buffer_5km:2640,osm:259616689,osm:278851168,224621786,971.2655940595494,,,tertiary,gravel,grade2,,,60,,,,,,,,,,,,,True,True,False,gravel,6,1
buffer_5km:2641,osm:259616689,osm:5417921594,224621786,60.00814012465927,,,tertiary,gravel,grade2,,,60,,,,,,,,,,,,,True,True,False,gravel,1,1
buffer_5km:2642,osm:259616689,osm:4804133338,488047468,317.95359992314127,,,unclassified,unpaved,,,,,,,,,,,,,,,,,True,True,False,other_unpaved,7,1
buffer_5km:2643,osm:259616795,osm:259616868,23950006,11394.114585697702,,,unclassified,unpaved,,,,,,,forestry,,,,,,,,,,True,True,True,other_unpaved,13,1
buffer_5km:2644,osm:259636535,osm:3260107155,224458719,30.893437803916974,,C38,primary,asphalt,,,,120,,,,,,,,,,,,,True,True,False,paved,1,1
buffer_5km:2645,osm:259636535,osm:976987083,224458719,2662.9146131385096,,C38,primary,asphalt,,,,120,,,,,,,,,,,,,True,True,False,paved,7,1
buffer_5km:2646,osm:259637019,osm:259637181,23950588,4355.690733813601,,,tertiary,gravel,grade2,,,60,no,,,,yes,,,,,,,,True,True,False,gravel,50,1
buffer_5km:2647,osm:259637019,osm:289526440,23950590,315.2578165184614,,,tertiary,gravel,grade2,,,60,no,,,,yes,,,,,,,,True,True,False,gravel,9,1
buffer_5km:2648,osm:259637019,osm:259637097,224458723,3101.6572805706346,,C38,primary,asphalt,,,,60,no,,yes,,,,,,,,,,True,True,False,paved,7,1
buffer_5km:2649,osm:259637097,osm:289526440,23950590,6159.44048054194,,,tertiary,gravel,grade2,,,60,no,,,,yes,,,,,,,,True,True,False,gravel,77,1
buffer_5km:2650,osm:259637097,osm:259637181,23950590,5355.3951997244285,,,tertiary,gravel,grade2,,,60,no,,,,yes,,,,,,,,True,True,False,gravel,83,1
buffer_5km:2651,osm:259637097,osm:4024064531,224458723,10927.606920469263,,C38,primary,asphalt,,,,60,no,,yes,,,,,,,,,,True,True,False,paved,62,1
buffer_5km:2652,osm:260103852,osm:260103852,23990204,5210.257202964782,Dik-Dik drive / Bloubokdraai,,service,gravel,grade2,,,60,yes,,,,yes,,,,,,,,True,False,False,gravel,201,1
buffer_5km:2653,osm:260103852,osm:260103869,1419313339,124.8022789190088,Dik-Dik drive / Bloubokdraai,,service,gravel,grade2,,,60,,,,,yes,,,,,,,,True,True,False,gravel,8,1
buffer_5km:2654,osm:260104216,osm:666073260,665481832,44.361352005317755,Eland Drive,5978,tertiary,gravel,grade3,,,60,,,,,,,,,,,,,True,True,False,gravel,4,1
buffer_5km:2655,osm:2757884466,osm:2757884481,270804883,217.17069090421592,,,track,dirt,grade3,,,,,,forestry,,,,,,,,,,True,True,True,earth_sand,7,1
buffer_5km:2656,osm:2757884481,osm:2757884519,270804883,47.0010399998315,,,track,dirt,grade3,,,,,,forestry,,,,,,,,,,True,True,True,earth_sand,6,1
buffer_5km:2657,osm:2757884481,osm:2757884521,270804889,56.907249350698564,,,track,dirt,grade3,,,,,,forestry,,,,,,,,,,True,True,True,earth_sand,3,1
buffer_5km:2658,osm:2757884519,osm:2757884521,26337762,45.316915151322256,,C38,tertiary,gravel,grade2,very_bad,,60,,,,,,,,,,,,,True,True,False,gravel,2,1
buffer_5km:2659,osm:2757884521,osm:6226746204,26337762,1557.1882332793537,,C38,tertiary,gravel,grade2,very_bad,,60,,,,,,,,,,,,,True,True,False,gravel,16,1
buffer_5km:2660,osm:2757909985,osm:2757910052,270806722,38.6809066519051,,,service,gravel,grade3,,,60,no,,,,yes,,,,,,,,True,True,False,gravel,4,1
buffer_5km:2661,osm:2757910000,osm:2757910115,270806711,74.02110059253746,,,service,dirt,grade2,,,,,,,,,,,,,,,,True,True,False,earth_sand,5,1
buffer_5km:2662,osm:2757910000,osm:2757910151,270806711,66.4138706571509,,,service,dirt,grade2,,,,,,,,,,,,,,,,True,True,False,earth_sand,4,1
buffer_5km:2663,osm:2757910000,osm:2757910102,270806714,75.67000679855042,,,service,gravel,grade2,,,,,,,,,,,,,,,,True,True,False,gravel,4,1
buffer_5km:2664,osm:2757910030,osm:2757910111,23912885,350.2472250683389,,,track,gravel,grade2,,,,,,,,yes,,,,,,,,True,True,False,gravel,10,1
buffer_5km:2665,osm:2757910030,osm:2757910045,270806717,45.02006086586248,,,track,gravel,grade2,,,,,,,,yes,,,,,,,,True,True,False,gravel,5,1
buffer_5km:2666,osm:2757910033,osm:2757910045,270806713,41.758944355341804,,,track,gravel,grade2,,,,,,,,yes,,,,,,,,True,True,False,gravel,5,1
buffer_5km:2667,osm:2757910095,osm:2757910095,270806720,123.3840130992018,,,service,ground,grade4,,,,,,,,yes,,,,,,,,True,True,False,earth_sand,12,1
buffer_5km:2668,osm:2757910102,osm:2757910172,270806714,69.78080190652264,,,service,gravel,grade2,,,,,,,,,,,,,,,,True,True,False,gravel,2,1
buffer_5km:2669,osm:2757910102,osm:289878235,1212728062,59.22685886234397,,,service,gravel,grade2,,,,,,,,,,,,,,,,True,True,False,gravel,6,1
buffer_5km:2670,osm:2757910172,osm:289878235,26451337,67.99311502844401,,,tertiary,gravel,grade2,,,60,no,,,,,,,,,,,,True,True,False,gravel,1,1
buffer_5km:2671,osm:2757981316,osm:2757981602,270822350,24.60232491818398,,,service,paving_stones,,,,,,,,,,,,,,,,,True,True,False,paved,3,1
buffer_5km:2672,osm:2757981316,osm:2757981352,270822381,83.41580245131814,,,service,,,,,,,,,,,,,,,,,,True,True,False,surface_unknown,12,1
buffer_5km:2673,osm:2757981330,osm:2757981439,240628433,65.47067417314649,,,service,gravel,,,,,,,private,,,,,,,,,,True,True,True,gravel,8,1
buffer_5km:2674,osm:2757981352,osm:2757981375,270822364,167.43167967876184,,,service,paving_stones,,,,,,,,,,,,,,,,,True,True,False,paved,21,1
buffer_5km:2675,osm:2757981352,osm:2757981602,270822381,58.00646576856909,,,service,,,,,,,,,,,,,,,,,,True,True,False,surface_unknown,8,1
buffer_5km:2676,osm:2757981375,osm:2757981492,270822383,52.11293331389696,,,service,,,,,,,,,,,,,,,,,,True,True,False,surface_unknown,7,1
buffer_5km:2677,osm:2757981430,osm:2757981735,270822354,12.240480867842278,,,residential,,,,,,,,,,,,,,,,,,True,True,False,surface_unknown,1,1
buffer_5km:2678,osm:2757981430,osm:2757981496,270822374,150.8612841205508,,,service,,,,,,no,,,,,,,,,,,,True,True,False,surface_unknown,12,1
buffer_5km:2679,osm:2757981446,osm:2757981530,270822379,24.393981978091436,,,service,,,,,,,,,,,,,,,,,,True,True,False,surface_unknown,1,1
buffer_5km:2680,osm:2757981464,osm:309222376,270822350,39.79717418188255,,,service,paving_stones,,,,,,,,,,,,,,,,,True,True,False,paved,5,1
buffer_5km:2681,osm:2757981464,osm:2757981492,270822350,36.72181395282663,,,service,paving_stones,,,,,,,,,,,,,,,,,True,True,False,paved,6,1
buffer_5km:2682,osm:2757981464,osm:2757981770,467003647,165.3600276897364,,,service,,,,,,,,,,,,,,,,,,True,True,False,surface_unknown,14,1
buffer_5km:2683,osm:2757981492,osm:2757981602,270822350,18.690113834079618,,,service,paving_stones,,,,,,,,,,,,,,,,,True,True,False,paved,3,1
buffer_5km:2684,osm:2757981544,osm:2757981766,224458828,159.57692014363064,,,residential,gravel,,,,,,,private,,,,,,,,,,True,True,True,gravel,5,1
buffer_5km:2685,osm:2757981659,osm:2757981766,224458828,73.9226859308978,,,residential,gravel,,,,,,,private,,,,,,,,,,True,True,True,gravel,6,1
buffer_5km:2686,osm:2757981770,osm:6535575951,224458838,112.26100886986684,,,service,gravel,,,,,,,,,,,,,,,,,True,True,False,gravel,9,1
buffer_5km:2687,osm:2757981770,osm:309222376,224458838,122.60691713476842,,,service,gravel,,,,,,,,,,,,,,,,,True,True,False,gravel,8,1
buffer_5km:2688,osm:2757996408,osm:2757996432,270825302,134.99501915483464,,,service,dirt,,,,,,,,,,,,,,,,,True,True,False,earth_sand,19,1
buffer_5km:2689,osm:2757996408,osm:2757996428,270825302,17.378582571076393,,,service,dirt,,,,,,,,,,,,,,,,,True,True,False,earth_sand,2,1
buffer_5km:2690,osm:2757996428,osm:2757996432,270825301,68.91605138826829,,,service,dirt,,,,,,,,,,,,,,,,,True,True,False,earth_sand,8,1
buffer_5km:2691,osm:2757996428,osm:2757996432,270825302,57.936558429542856,,,service,dirt,,,,,,,,,,,,,,,,,True,True,False,earth_sand,12,1
buffer_5km:2692,osm:2758051119,osm:5423572298,270834904,1419.9475866711166,,,track,dirt,grade3,,,,,,forestry,,,,,,,,,,True,True,True,earth_sand,22,1
buffer_5km:2693,osm:2758051119,osm:5423572592,270834934,2930.437971464746,,,track,gravel,grade2,,,,,,forestry,,,,,,,,,,True,True,True,gravel,52,1
buffer_5km:2694,osm:2758051119,osm:2758051779,270834934,72.1327154710759,,,track,gravel,grade2,,,,,,forestry,,,,,,,,,,True,True,True,gravel,6,1
buffer_5km:2695,osm:2758051368,osm:5423572276,562604571,149.84058029642514,,,track,,,,,,,,,,,,,,,,,,True,True,False,surface_unknown,3,1
buffer_5km:2696,osm:2758051368,osm:5423572285,562604572,1582.2431400023063,,,track,,,,,,,,,,,,,,,,,,True,True,False,surface_unknown,7,1
buffer_5km:2697,osm:2758051408,osm:2758051755,270834922,736.9587628353624,,,track,dirt,,,,,,,,,,,,,,,,,True,True,False,earth_sand,8,1
buffer_5km:2698,osm:2758051737,osm:2758051755,270834904,12527.921605533022,,,track,dirt,grade3,,,,,,forestry,,,,,,,,,,True,True,True,earth_sand,181,1
buffer_5km:2699,osm:2758051737,osm:2758051864,270834940,75.5488727389676,,,track,gravel,grade2,,,,yes,,,,yes,,,,,,,,True,False,False,gravel,4,1
buffer_5km:2700,osm:2758051755,osm:5423572576,270834904,788.6886948519043,,,track,dirt,grade3,,,,,,forestry,,,,,,,,,,True,True,True,earth_sand,2,1
buffer_5km:2701,osm:2758051755,osm:5423572569,562604575,648.7567919537496,,,track,,,,,,,,,,,,,,,,,,True,True,False,surface_unknown,3,1
buffer_5km:2702,osm:2758087290,osm:2758087363,270842786,40.731494802146166,,,service,gravel,,,,,,,,,yes,,,,,,,,True,True,False,gravel,4,1
buffer_5km:2703,osm:2758087363,osm:2758087423,270842786,46.34687510932237,,,service,gravel,,,,,,,,,yes,,,,,,,,True,True,False,gravel,3,1
buffer_5km:2704,osm:2758087423,osm:2758087423,551567052,135.03966041931574,,,service,gravel,,,,,yes,,,,yes,,,,,,,,True,False,False,gravel,16,1
buffer_5km:2705,osm:2758091614,osm:2758091638,224621786,300.0172244179561,,,tertiary,gravel,grade2,,,60,,,,,,,,,,,,,True,True,False,gravel,1,1
buffer_5km:2706,osm:2758091614,osm:2758091665,270843287,219.37309828230119,,,track,dirt,,,,,,,forestry,,,,,,,,,,True,True,True,earth_sand,8,1
buffer_5km:2707,osm:2758091638,osm:2758091659,270843285,156.24483849163045,,,track,dirt,,,,,,,forestry,,,,,,,,,,True,True,True,earth_sand,2,1
buffer_5km:2708,osm:2758215597,osm:2758215831,224458896,24.769341786961174,,,tertiary,gravel,grade2,,,100,,,,,,,,,,,,,True,True,False,gravel,2,1
buffer_5km:2709,osm:2758215597,osm:2758216126,224458896,559.5998237732664,,,tertiary,gravel,grade2,,,100,,,,,,,,,,,,,True,True,False,gravel,4,1
buffer_5km:2710,osm:2758215597,osm:2758215916,270852746,28.561955806774353,,,service,dirt,,,,,,,,,,,,,,,,,True,True,False,earth_sand,3,1
buffer_5km:2711,osm:2758215831,osm:2758215916,270852735,22.298287578296218,,,service,dirt,,,,,,,,,,,,,,,,,True,True,False,earth_sand,3,1
buffer_5km:2712,osm:2758215873,osm:2758216126,270852742,469.89362986400744,,,track,dirt,,,,,,,forestry,,,,,,,,,,True,True,True,earth_sand,9,1
buffer_5km:2713,osm:2758215916,osm:2758215949,270852746,85.60193366149839,,,service,dirt,,,,,,,,,,,,,,,,,True,True,False,earth_sand,2,1
buffer_5km:2714,osm:2758215949,osm:2758215949,561950845,89.54090690480415,,,service,dirt,,,,,yes,,,,,,,,,,,,True,False,False,earth_sand,12,1
buffer_5km:2715,osm:2758252531,osm:2758252533,270857795,39.6738160775943,,,track,dirt,,,,,,,,,,,,,,,,,True,True,False,earth_sand,3,1
buffer_5km:2716,osm:2758941699,osm:6535575951,224458838,20.49804532833275,,,service,gravel,,,,,,,,,,,,,,,,,True,True,False,gravel,1,1
buffer_5km:2717,osm:2763771335,osm:2763771336,551567057,53.736727803972926,,,track,,,,,,yes,,,,yes,,,,,,,,True,False,False,surface_unknown,3,1
buffer_5km:2718,osm:2763771335,osm:5423484252,551567057,64.52631726494135,,,track,,,,,,yes,,,,yes,,,,,,,,False,True,False,surface_unknown,5,1
buffer_5km:2719,osm:2763771336,osm:5423484252,551567057,34.28689378595444,,,track,,,,,,yes,,,,yes,,,,,,,,True,False,False,surface_unknown,5,1
buffer_5km:2720,osm:2763771336,osm:5423484252,562592439,193.36659895331172,,,track,,,,,,,,,,,,,,,,,,True,True,False,surface_unknown,13,1
buffer_5km:2721,osm:2768997986,osm:5323240415,23912798,63.96529862119683,,,service,gravel,grade2,,,60,no,,,,yes,,,,,,,,True,True,False,gravel,1,1
buffer_5km:2722,osm:278851166,osm:278851166,25582178,269.8745323832384,,,service,gravel,grade3,,,,yes,,,,yes,,,,,,,,True,False,False,gravel,20,1
buffer_5km:2723,osm:278851166,osm:5325027632,551567056,144.10360432788588,,,service,gravel,grade3,,,,,,,,yes,,,,,,,,True,True,False,gravel,4,1
buffer_5km:2724,osm:278851168,osm:5325027625,224621786,53.026571945010744,,,tertiary,gravel,grade2,,,60,,,,,,,,,,,,,True,True,False,gravel,3,1
buffer_5km:2725,osm:278851168,osm:5325027632,551567056,54.92168042668528,,,service,gravel,grade3,,,,,,,,yes,,,,,,,,True,True,False,gravel,4,1
buffer_5km:2726,osm:278854449,osm:4350903480,25582631,32.02554318631366,,,unclassified,gravel,,,,100,,,private,,,,,,,,,,True,True,True,gravel,1,1
buffer_5km:2727,osm:278854451,osm:8040096090,25582631,224.1320346074403,,,unclassified,gravel,,,,100,,,private,,,,,,,,,,True,True,True,gravel,3,1
buffer_5km:2728,osm:278854451,osm:8040095896,25582631,64.50894540032486,,,unclassified,gravel,,,,100,,,private,,,,,,,,,,True,True,True,gravel,1,1
buffer_5km:2729,osm:278854458,osm:278854459,25582631,319.6100008700688,,,unclassified,gravel,,,,100,,,private,,,,,,,,,,True,True,True,gravel,4,1
buffer_5km:2730,osm:278854458,osm:546677593,43393538,218.89023584778158,,,track,,,,,,,,,,,,,,,,,,True,True,False,surface_unknown,6,1
buffer_5km:2731,osm:278854459,osm:8040130888,25582631,1143.8674087680474,,,unclassified,gravel,,,,100,,,private,,,,,,,,,,True,True,True,gravel,8,1
buffer_5km:2732,osm:278854459,osm:546677675,43393540,1314.1900143812247,,,track,,,,,,,,private,,,,,,,,,,True,True,True,surface_unknown,26,1
buffer_5km:2733,osm:278854469,osm:5423615312,173982297,2664.186728717225,,C38,primary,asphalt,,,,60,,,,,,,,,,,,,True,True,False,paved,4,1
buffer_5km:2734,osm:278854469,osm:8042263973,813526090,25.417147025921967,,,unclassified,gravel,grade2,,,60,,,,,,,,,,,,,True,True,False,gravel,1,1
buffer_5km:2735,osm:288499463,osm:8042292599,863313488,266.33801324928527,,,track,,,,,,,,,,,,,,,,,,True,True,False,surface_unknown,5,1
buffer_5km:2736,osm:288499463,osm:288500381,1307652522,76.10743341771806,Reichsvogel Trail (3.2km),,track,,,,,,,,,,,,,,,,,,True,True,False,surface_unknown,4,1
buffer_5km:2737,osm:288499768,osm:288499938,26332582,1171.6933793718722,Reichsvogel Trail (3.2km),,track,,,,,,,,,,,,,,,,,,True,True,False,surface_unknown,51,1
buffer_5km:2738,osm:288499768,osm:8042292595,26332582,192.91305250824232,Reichsvogel Trail (3.2km),,track,,,,,,,,,,,,,,,,,,True,True,False,surface_unknown,10,1
buffer_5km:2739,osm:288499768,osm:8042263976,863313487,420.6931695177014,,,track,,,,,,,,,,,,,,,,,,True,True,False,surface_unknown,18,1
buffer_5km:2740,osm:288500124,osm:288500333,813526091,26.357479150143778,,,unclassified,gravel,grade2,,,,no,,,,,,,,,,,,True,True,False,gravel,1,1
buffer_5km:2741,osm:288500135,osm:8042263946,219799024,146.12303623418626,,,track,,,,,30,yes,,,,,,,,,,,,False,True,False,surface_unknown,2,1
buffer_5km:2742,osm:288500135,osm:8042263952,813526090,59.50676154503008,,,unclassified,gravel,grade2,,,60,,,,,,,,,,,,,True,True,False,gravel,2,1
buffer_5km:2743,osm:288500135,osm:8042292595,965835755,220.14954546516196,,,unclassified,gravel,,,,30,no,,,,,,,,,,,,True,True,False,gravel,7,1
buffer_5km:2744,osm:288500333,osm:288500562,219799024,201.30795688616203,,,track,,,,,30,yes,,,,,,,,,,,,True,False,False,surface_unknown,4,1
buffer_5km:2745,osm:288500381,osm:8042292595,1307652523,48.558820272222704,Reichsvogel Trail (3.2km),,unclassified,gravel,,,,60,no,,,,,,,,,,,,True,True,False,gravel,2,1
buffer_5km:2746,osm:288500562,osm:3207912996,174172158,549.2114936283696,,,track,,grade3,,,,,,,,,,,,,,,,True,True,False,surface_unknown,3,1
buffer_5km:2747,osm:288500562,osm:8042292599,219799024,548.3620432930206,,,track,,,,,30,yes,,,,,,,,,,,,True,False,False,surface_unknown,4,1
buffer_5km:2748,osm:288501645,osm:288502940,93458954,34.31540967582369,,,track,,grade3,,,,,,,,,,,,,,,,True,True,False,surface_unknown,1,1
buffer_5km:2749,osm:288502741,osm:288502742,93458953,37.829009681227895,,,track,,grade3,,,,,,,,,,,,,,,,True,True,False,surface_unknown,1,1
buffer_5km:2750,osm:288502940,osm:309211051,225220011,635.5494307770074,,C38,primary,gravel,,,,60,,,,,,,,,,,,,True,True,False,gravel,2,1
buffer_5km:2751,osm:288508733,osm:6228646126,26337762,376.61467820389174,,C38,tertiary,gravel,grade2,very_bad,,60,,,,,,,,,,,,,True,True,False,gravel,2,1
buffer_5km:2752,osm:288508733,osm:288508984,270803597,592.9416786909817,,,unclassified,gravel,grade2,,,60,,,,,,,,,,,,,True,True,False,gravel,20,1
buffer_5km:2753,osm:288508984,osm:5417840203,561936244,63.29011621549719,,,service,,grade2,,,,,,,,,,,,,,,,True,True,False,surface_unknown,4,1
buffer_5km:2754,osm:288555377,osm:288555377,561936260,301.96753338591054,,,service,gravel,grade2,,,60,yes,,,,,,,,,,,,True,False,False,gravel,15,1
buffer_5km:2755,osm:288555418,osm:288555418,26338743,121.25006970672273,,,service,gravel,grade2,,,60,yes,,,,yes,,,,,,,,True,False,False,gravel,15,1
buffer_5km:2756,osm:288555418,osm:288555423,561936256,186.53037072290238,,,service,gravel,grade2,,,60,,,,,yes,,,,,,,,True,True,False,gravel,5,1
buffer_5km:2757,osm:288555423,osm:288558024,26338735,1275.054775309811,,,unclassified,gravel,grade2,very_bad,,60,no,,,,,,,,,,,,True,True,False,gravel,17,1
buffer_5km:2758,osm:288555536,osm:5423595296,26338659,613.5290491080228,,,unclassified,gravel,grade2,very_bad,,60,,,,,,,,,,,,,True,True,False,gravel,12,1
buffer_5km:2759,osm:288555604,osm:288555604,26338069,209.66749183043368,,,service,,grade3,,,,,,,,yes,,,,,,,,True,True,False,surface_unknown,15,23
buffer_5km:2760,osm:288555604,osm:288555613,26338069,296.51982276718053,,,service,,grade3,,,,,,,,yes,,,,,,,,True,True,False,surface_unknown,10,23
buffer_5km:2761,osm:288555613,osm:5325002321,551378542,36.20317133847298,,,service,gravel,grade2,,,,,,,,yes,,,,,,,,True,True,False,gravel,4,23
buffer_5km:2762,osm:288555613,osm:288555617,665262081,40.85592461729622,,,service,,grade3,,,,,,,,yes,,,,,,,,True,True,False,surface_unknown,1,23
buffer_5km:2763,osm:288555768,osm:288560765,26338247,19.319783082953673,,,unclassified,gravel,grade2,,,100,,,,,yes,,,,,,,,True,True,False,gravel,4,1
buffer_5km:2764,osm:288555768,osm:288560017,665262080,35.172446814068266,,,unclassified,gravel,grade2,,,100,,,,,yes,,,,,,,,True,True,False,gravel,1,1
buffer_5km:2765,osm:288558024,osm:288558028,26338651,306.32911366234947,,,service,gravel,grade2,,,60,no,,,,yes,,,,,,,,True,True,False,gravel,4,1
buffer_5km:2766,osm:288558024,osm:5423595296,26338659,2660.6412675858096,,,unclassified,gravel,grade2,very_bad,,60,,,,,,,,,,,,,True,True,False,gravel,58,1
buffer_5km:2767,osm:288558028,osm:288558028,561936252,188.19537086428474,,,service,gravel,grade2,,,60,yes,,,,yes,,,,,,,,True,False,False,gravel,12,1
buffer_5km:2768,osm:288562391,osm:6231725072,665760290,25.644865701044115,,,unclassified,gravel,grade2,very_bad,,60,,,,,,,,,,,,,True,True,False,gravel,1,1
buffer_5km:2769,osm:288562391,osm:6231725073,665760291,41.53960091431924,,,unclassified,gravel,grade2,very_bad,,60,,,,,,,,,,,,,True,True,False,gravel,1,1
buffer_5km:2770,osm:288565418,osm:89025415,23910266,4813.021228253884,Halali Road,,tertiary,gravel,grade2,,,60,no,,,,,,,,,,,,True,True,False,gravel,15,1
buffer_5km:2771,osm:288565418,osm:288565547,23910266,2216.9563354602365,Halali Road,,tertiary,gravel,grade2,,,60,no,,,,,,,,,,,,True,True,False,gravel,18,1
buffer_5km:2772,osm:288565418,osm:4024064328,399707854,214.94333392885272,,,track,,grade4,,,,,,,,,,,,,,,,True,True,False,surface_unknown,6,1
buffer_5km:2773,osm:288565547,osm:3857089402,382506218,378.40534869740486,,,track,,grade4,,,,,,forestry,,,,,,,,,,True,True,True,surface_unknown,6,1
buffer_5km:2774,osm:288785714,osm:4350875026,264769533,335.70926559907343,,,unclassified,paving_stones,,,,20,,,,,,,,,,,,,True,True,False,paved,24,1
buffer_5km:2775,osm:288789350,osm:288789351,26358876,29.14039853408109,,,service,gravel,grade2,,,,,,,,yes,,,,,,,,True,True,False,gravel,3,1
buffer_5km:2776,osm:288792104,osm:288792175,26359193,24.89090098363315,,,track,,grade3,,,,,,,,,,,,,,,,True,True,False,surface_unknown,1,1
buffer_5km:2777,osm:288792104,osm:288792168,551186510,104.43865863205734,,C38,primary,gravel,,,,60,,,,,,,,,,,,,True,True,False,gravel,1,1
buffer_5km:2778,osm:288792168,osm:2975523409,551186510,120.22021521856134,,C38,primary,gravel,,,,60,,,,,,,,,,,,,True,True,False,gravel,1,1
buffer_5km:2779,osm:288792175,osm:288792179,26359193,58.61561675153965,,,track,,grade3,,,,,,,,,,,,,,,,True,True,False,surface_unknown,7,1
buffer_5km:2780,osm:288792179,osm:977756062,84042815,68.36359170142185,,,track,,grade3,,,,,,,,,,,,,,,,True,True,False,surface_unknown,6,1
buffer_5km:2781,osm:289526440,osm:289526440,26425201,108.04611791846514,,,service,gravel,,,,,,,,,,,,,,,,,True,True,False,gravel,13,1
buffer_5km:2782,osm:2975522854,osm:309217444,224458846,3551.11754716021,,6305,tertiary,gravel,grade2,,,60,no,,,,yes,,,,,,,,True,True,False,gravel,39,1
buffer_5km:2783,osm:2975522854,osm:2975522858,224458846,7072.680601334975,,6305,tertiary,gravel,grade2,,,60,no,,,,yes,,,,,,,,True,True,False,gravel,33,1
buffer_5km:2784,osm:2975522854,osm:4723861578,293976558,321.00452655412886,,,service,gravel,grade3,,,,,,,,,,,,,,,,True,True,False,gravel,4,1
buffer_5km:2785,osm:2975522858,osm:5423484287,224458846,2280.929499809644,,6305,tertiary,gravel,grade2,,,60,no,,,,yes,,,,,,,,True,True,False,gravel,8,1
buffer_5km:2786,osm:2975522858,osm:2975522864,293976559,806.6917096007126,,,track,dirt,grade3,,,,,,forestry,,,,,,,,,,True,True,True,earth_sand,6,1
buffer_5km:2787,osm:2975522865,osm:5423484287,224458846,1840.7518570246148,,6305,tertiary,gravel,grade2,,,60,no,,,,yes,,,,,,,,True,True,False,gravel,10,1
buffer_5km:2788,osm:2975522865,osm:2975522867,224458846,1172.6843350144377,,6305,tertiary,gravel,grade2,,,60,no,,,,yes,,,,,,,,True,True,False,gravel,11,1
buffer_5km:2789,osm:2975522865,osm:2975522866,293976560,70.12833456191622,,,track,,,,,,,,,,,,,,,,,,True,True,False,surface_unknown,1,1
buffer_5km:2790,osm:2975522867,osm:5423484300,224458846,319.9611519686779,,6305,tertiary,gravel,grade2,,,60,no,,,,yes,,,,,,,,True,True,False,gravel,5,1
buffer_5km:2791,osm:2975522867,osm:2975522871,293976561,386.47126537227683,,,track,gravel,grade2,,,,,,,,yes,,,,,,,,True,True,False,gravel,6,1
buffer_5km:2792,osm:2975522871,osm:2975522873,293976561,81.72417008218034,,,track,gravel,grade2,,,,,,,,yes,,,,,,,,True,True,False,gravel,6,1
buffer_5km:2793,osm:2975522871,osm:2975522873,697704579,77.22927350779555,,,track,gravel,grade2,,,,,,,,yes,,,,,,,,True,True,False,gravel,4,1
buffer_5km:2794,osm:2975522875,osm:2975522877,224458846,2343.8637326881944,,6305,tertiary,gravel,grade2,,,60,no,,,,yes,,,,,,,,True,True,False,gravel,9,1
buffer_5km:2795,osm:2975522875,osm:2975522876,293976562,112.67267049260191,,,track,,,,,,,,,,,,,,,,,,True,True,False,surface_unknown,1,1
buffer_5km:2796,osm:2975522877,osm:5423484357,224458846,753.8695827576033,,6305,tertiary,gravel,grade2,,,60,no,,,,yes,,,,,,,,True,True,False,gravel,3,1
buffer_5km:2797,osm:2975522877,osm:2975522886,293976563,482.9630935444771,,,track,,,,,,,,forestry,,,,,,,,,,True,True,True,surface_unknown,9,1
buffer_5km:2798,osm:2975522892,osm:2975522892,293976568,196.69273967837833,,,track,,grade3,,,,,,forestry,,,,,,,,,,True,True,True,surface_unknown,13,1
buffer_5km:2799,osm:2975522904,osm:2975522909,293976570,345.6783779928961,,,track,,grade2,,,,,,,,,,,,,,,,True,True,False,surface_unknown,6,1
buffer_5km:2800,osm:2975522917,osm:2975522922,293976573,134.48639411802648,,,track,,grade4,,,,,,forestry,,,,,,,,,,True,True,True,surface_unknown,5,31
buffer_5km:2801,osm:2975522922,osm:2975522922,293976573,144.03875433937765,,,track,,grade4,,,,,,forestry,,,,,,,,,,True,True,True,surface_unknown,6,31
buffer_5km:2802,osm:2975522927,osm:2975523245,293976578,1287.8824966262698,,,track,,grade4,,,,,,forestry,,,,,,,,,,True,True,True,surface_unknown,19,16
buffer_5km:2803,osm:2975523245,osm:2975523245,293976578,57.00693395431233,,,track,,grade4,,,,,,forestry,,,,,,,,,,True,True,True,surface_unknown,4,16
buffer_5km:2804,osm:2975523314,osm:2975523322,293976589,365.1799370862601,,,track,,grade3,,,,,,forestry,,,,,,,,,,True,True,True,surface_unknown,8,28
buffer_5km:2805,osm:2975523323,osm:2975523330,293976590,313.0073306173681,,,track,,grade3,,,,,,forestry,,,,,,,,,,True,True,True,surface_unknown,7,29
buffer_5km:2806,osm:2975523331,osm:2975523335,293976591,295.22192838299895,,,track,,grade3,,,,,,,,,,,,,,,,True,True,False,surface_unknown,4,1
buffer_5km:2807,osm:2975523336,osm:2975523343,293976592,401.8226137408196,,,track,,grade3,,,,,,,,,,,,,,,,True,True,False,surface_unknown,7,27
buffer_5km:2808,osm:2975523344,osm:2975523352,293976593,429.4419868062976,,,track,,grade3,,,,,,,,,,,,,,,,True,True,False,surface_unknown,8,26
buffer_5km:2809,osm:2975523360,osm:3252143813,293976594,302.3943975823803,,,track,,grade3,,,,,,,,,,,,,,,,True,True,False,surface_unknown,8,30
buffer_5km:2810,osm:2975523370,osm:3252138876,293976595,437.87130608508886,,,track,,grade3,,,,,,,,,,,,,,,,True,True,False,surface_unknown,9,24
buffer_5km:2811,osm:2975523370,osm:2975523370,293976595,141.18049121381927,,,track,,grade3,,,,,,,,,,,,,,,,True,True,False,surface_unknown,6,24
buffer_5km:2812,osm:2975523376,osm:2975523378,293976596,110.74508543018149,,,track,,grade4,,,,,,,,,,,,,,,,True,True,False,surface_unknown,2,1
buffer_5km:2813,osm:2975523376,osm:2975523388,551186510,151.51062938718792,,C38,primary,gravel,,,,60,,,,,,,,,,,,,True,True,False,gravel,2,1
buffer_5km:2814,osm:2975523376,osm:89025415,551186510,1360.2139497988833,,C38,primary,gravel,,,,60,,,,,,,,,,,,,True,True,False,gravel,6,1
buffer_5km:2815,osm:2975523378,osm:2975523385,293976596,207.30523937222827,,,track,,grade4,,,,,,,,,,,,,,,,True,True,False,surface_unknown,7,1
buffer_5km:2816,osm:2975523378,osm:2975523388,293976597,86.69527409762708,,,track,,grade4,,,,,,,,,,,,,,,,True,True,False,surface_unknown,3,1
buffer_5km:2817,osm:2975523388,osm:2975523389,551186510,1043.2320094707948,,C38,primary,gravel,,,,60,,,,,,,,,,,,,True,True,False,gravel,8,1
buffer_5km:2818,osm:2975523389,osm:2975523396,293976599,471.2832521405937,,,track,,grade3,very_bad,,,,,,,,,,,,,,,True,True,False,surface_unknown,7,1
buffer_5km:2819,osm:2975523400,osm:2975523404,293976601,274.1658736815474,,,track,dirt,grade4,,,,,,forestry,,,,,,,,,,True,True,True,earth_sand,4,1
buffer_5km:2820,osm:2975523404,osm:2975523406,293976601,80.22581583157493,,,track,dirt,grade4,,,,,,forestry,,,,,,,,,,True,True,True,earth_sand,2,1
buffer_5km:2821,osm:2975523404,osm:2975523408,293976602,68.45076732315185,,,track,dirt,grade4,,,,,,forestry,,,,,,,,,,True,True,True,earth_sand,2,1
buffer_5km:2822,osm:2975523409,osm:977756062,293976603,167.43310663779513,,,track,,grade3,,,,,,,,,,,,,,,,True,True,False,surface_unknown,7,1
buffer_5km:2823,osm:2975523421,osm:977756062,293976604,96.9871559535465,,,track,,grade3,,,,,,,,,,,,,,,,True,True,False,surface_unknown,4,1
buffer_5km:2824,osm:2975523421,osm:2975523422,293976606,30.11771579837145,,,track,,grade3,,,,,,,,,,,,,,,,True,True,False,surface_unknown,1,1
buffer_5km:2825,osm:2975523422,osm:3252138877,225109428,21.083239167580704,,,track,,grade3,,,,,,,,,,,,,,,,True,True,False,surface_unknown,5,1
buffer_5km:2826,osm:2975523422,osm:3252138877,293976607,17.815102350267463,,,track,,grade5,,,,,,,,,,,,,,,,True,True,False,surface_unknown,1,1
buffer_5km:2827,osm:2975523432,osm:3252138877,293976607,233.06118157049548,,,track,,grade5,,,,,,,,,,,,,,,,True,True,False,surface_unknown,9,1
buffer_5km:2828,osm:2975523432,osm:2975523533,551186510,2659.3929388766273,,C38,primary,gravel,,,,60,,,,,,,,,,,,,True,True,False,gravel,36,1
buffer_5km:2829,osm:2975523533,osm:2975523536,293976608,212.20292897720074,,,track,,grade5,,,,,,,,,,,,,,,,True,True,False,surface_unknown,3,1
buffer_5km:2830,osm:2975523539,osm:309230629,225220011,2016.9631678189776,,C38,primary,gravel,,,,60,,,,,,,,,,,,,True,True,False,gravel,18,1
buffer_5km:2831,osm:2975523539,osm:2975523547,293976609,547.6772494865219,,,track,dirt,grade5,,,,,,forestry,,,,,,,,,,True,True,True,earth_sand,9,1
buffer_5km:2832,osm:309203376,osm:309203378,28156748,105.31966398625663,,,unclassified,,,,,20,,,,,,,,,,,,,True,True,False,surface_unknown,12,1
buffer_5km:2833,osm:309203378,osm:309203387,28156748,25.73157169502739,,,unclassified,,,,,20,,,,,,,,,,,,,True,True,False,surface_unknown,2,1
buffer_5km:2834,osm:309203387,osm:309203389,28156748,59.38303670476174,,,unclassified,,,,,20,,,,,,,,,,,,,True,True,False,surface_unknown,5,1
buffer_5km:2835,osm:309203387,osm:309203403,28156748,22.548153664415242,,,unclassified,,,,,20,,,,,,,,,,,,,True,True,False,surface_unknown,4,1
buffer_5km:2836,osm:309203403,osm:371166181,28156748,87.95254089510954,,,unclassified,,,,,20,,,,,,,,,,,,,True,True,False,surface_unknown,8,1
buffer_5km:2837,osm:309203437,osm:4627949305,23939358,54.548545559885675,,,track,gravel,grade3,,,60,,,,,yes,,,,,,,,True,True,False,gravel,1,1
buffer_5km:2838,osm:309203437,osm:4627949313,28156807,65.53898218889297,,5951,service,gravel,grade2,,,,,,,,yes,,,,,,,,True,True,False,gravel,4,1
buffer_5km:2839,osm:309209807,osm:309209807,28156813,134.86445772427396,,,service,unpaved,,,,,,,,,yes,,,,,,,,True,True,False,other_unpaved,16,1
buffer_5km:2840,osm:309211055,osm:309211100,28157426,84.52644727356301,Doringdraai,6021,track,,grade3,,,,,,,,,,,,,,,,True,True,False,surface_unknown,1,1
buffer_5km:2841,osm:309211100,osm:309211100,28157426,3168.033538467878,Doringdraai,6021,track,,grade3,,,,,,,,,,,,,,,,True,True,False,surface_unknown,89,1
buffer_5km:2842,osm:309211188,osm:309211189,173914366,36.04100703023614,,6025,residential,dirt,grade3,,,,,,forestry,,,,,,,,,,True,True,True,earth_sand,3,1
buffer_5km:2843,osm:309211189,osm:309211197,173914366,58.84754954723371,,6025,residential,dirt,grade3,,,,,,forestry,,,,,,,,,,True,True,True,earth_sand,5,1
buffer_5km:2844,osm:309216156,osm:309216158,31256703,41.80409667145842,,,service,compacted,,,,,,,,,,,,,,,,,True,True,False,other_unpaved,2,1
buffer_5km:2845,osm:309216158,osm:309216265,31256703,33.072893819419036,,,service,compacted,,,,,,,,,,,,,,,,,True,True,False,other_unpaved,1,1
buffer_5km:2846,osm:309216766,osm:309216767,224860046,24.153909757770972,,,service,compacted,,,,,,,,private,,,,,,,,,True,True,False,other_unpaved,2,1
buffer_5km:2847,osm:309217350,osm:309217444,28156873,35.58107490983835,,,service,ground,,,,,,,,,,,,,,,,,True,True,False,earth_sand,2,1
buffer_5km:2848,osm:309217350,osm:309217351,28156873,77.73762737712627,,,service,ground,,,,,,,,,,,,,,,,,True,True,False,earth_sand,3,1
buffer_5km:2849,osm:309217352,osm:309217352,28156859,88.9099112060939,,6077,service,gravel,grade2,,,60,,,,,,,,,,,,,True,True,False,gravel,11,20
buffer_5km:2850,osm:309217444,osm:5423483948,562592436,342.4819030636455,,,track,,,,,,,,,,,,,,,,,,True,True,False,surface_unknown,11,1
buffer_5km:2851,osm:309224021,osm:89025833,225220011,371.6460339865526,,C38,primary,gravel,,,,60,,,,,,,,,,,,,True,True,False,gravel,8,1
buffer_5km:2852,osm:309230629,osm:309230650,28157334,2457.612508290535,,,track,,grade3,,,,,,forestry,,,,,,,,,,True,True,True,surface_unknown,46,1
buffer_5km:2853,osm:309234846,osm:309235162,562127317,2451.11405967959,,,unclassified,gravel,,,,,,,private,,,,,,,,,,True,True,True,gravel,20,1
buffer_5km:2854,osm:309235134,osm:309235151,562127317,22.057300564967854,,,unclassified,gravel,,,,,,,private,,,,,,,,,,True,True,True,gravel,1,1
buffer_5km:2855,osm:309238799,osm:4616755800,224458873,1363.0138449929207,,,tertiary,gravel,,,,60,,,yes,,,,,,,,,,True,True,False,gravel,12,1
buffer_5km:2856,osm:3186211981,osm:3186211982,312731667,549.5763753005267,,,unclassified,,,,,,,,,,,,,,,,,,True,True,False,surface_unknown,3,1
buffer_5km:2857,osm:3186211981,osm:4096861404,407283611,564.4884952302571,,,track,,,,,,,,,,,,,,,,,,True,True,False,surface_unknown,2,1
buffer_5km:2858,osm:3186211981,osm:4096861412,407283611,602.9800079645593,,,track,,,,,,,,,,,,,,,,,,True,True,False,surface_unknown,2,1
buffer_5km:2859,osm:3186211982,osm:4096861417,93178007,542.5612142565865,,B1,primary,paved,,,,120,no,,,,,,,,,,,,True,True,False,paved,4,1
buffer_5km:2860,osm:3186211982,osm:4093320018,93178007,1592.2357204963655,,B1,primary,paved,,,,120,no,,,,,,,,,,,,True,True,False,paved,1,1
buffer_5km:2861,osm:3207903679,osm:3207903881,314746351,354.8284804523114,,,track,,,,,,,,,,,,,,,,,,True,True,False,surface_unknown,1,1
buffer_5km:2862,osm:3207903679,osm:8934960928,563359010,624.6549190695736,,,track,,,,,,,,,,,,,,,,,,True,True,False,surface_unknown,3,1
buffer_5km:2863,osm:3207903719,osm:5322498300,93178007,260.83590869705137,,B1,primary,paved,,,,120,no,,,,,,,,,,,,True,True,False,paved,1,1
buffer_5km:2864,osm:3207903719,osm:8040008570,563359013,42.73919243760041,,,track,,,,,,,,,,,,,,,,,,True,True,False,surface_unknown,1,1
buffer_5km:2865,osm:3207903787,osm:8040130894,314747015,19.894040779071368,,,track,,,,,,,,,,,,,,,,,,True,True,False,surface_unknown,2,1
buffer_5km:2866,osm:3207903787,osm:8039932377,314747015,495.480735191419,,,track,,,,,,,,,,,,,,,,,,True,True,False,surface_unknown,7,1
buffer_5km:2867,osm:3207903787,osm:8039932378,551118509,253.88641718382559,,,track,,,,,,,,,,,,,,,,,,True,True,False,surface_unknown,1,1
buffer_5km:2868,osm:3207903787,osm:5322498317,551118509,82.09240399288284,,,track,,,,,,,,,,,,,,,,,,True,True,False,surface_unknown,1,1
buffer_5km:2869,osm:3207903822,osm:3207903971,314746354,326.09205612940417,,,track,,,,,,,,,,,,,,,,,,True,True,False,surface_unknown,1,1
buffer_5km:2870,osm:3207903822,osm:8040008570,563359013,611.3790601674337,,,track,,,,,,,,,,,,,,,,,,True,True,False,surface_unknown,2,1
buffer_5km:2871,osm:3207903822,osm:8040008555,563359013,799.0754762620404,,,track,,,,,,,,,,,,,,,,,,True,True,False,surface_unknown,1,1
buffer_5km:2872,osm:3207903824,osm:3207904005,314746351,2516.5277636423257,,,track,,,,,,,,,,,,,,,,,,True,True,False,surface_unknown,2,1
buffer_5km:2873,osm:3207903824,osm:3207903923,314746353,3428.8405545624164,,,track,,,,,,,,,,,,,,,,,,True,True,False,surface_unknown,2,1
buffer_5km:2874,osm:3207903824,osm:3211576155,315069877,3135.213129675777,,,track,,,,,,,,,,,,,,,,,,True,True,False,surface_unknown,2,1
buffer_5km:2875,osm:3207903845,osm:8042233838,314746349,2564.496218189615,,,track,,grade3,,,,,,,,,,,,,,,,True,True,False,surface_unknown,2,1
buffer_5km:2876,osm:3207903845,osm:8041651622,314746349,1351.0719745354543,,,track,,grade3,,,,,,,,,,,,,,,,True,True,False,surface_unknown,1,1
buffer_5km:2877,osm:3207903845,osm:8041651656,863239407,1316.2877180318128,,,track,,,,,,,,,,,,,,,,,,True,True,False,surface_unknown,2,1
buffer_5km:2878,osm:3207903845,osm:3207903932,863306454,1260.3551055796265,,,track,,,,,,,,,,,,,,,,,,True,True,False,surface_unknown,2,1
buffer_5km:2879,osm:3207903881,osm:3207903932,314746351,2193.15881645788,,,track,,,,,,,,,,,,,,,,,,True,True,False,surface_unknown,1,1
buffer_5km:2880,osm:3207903881,osm:8041651610,863239402,639.3979058830984,,,track,,,,,,,,,,,,,,,,,,True,True,False,surface_unknown,6,1
buffer_5km:2881,osm:3207903912,osm:3207912993,314747025,2027.9331382955631,,,track,,,,,,,,,,,,,,,,,,True,True,False,surface_unknown,9,1
buffer_5km:2882,osm:3207903912,osm:8040143062,551118509,1159.6052794474724,,,track,,,,,,,,,,,,,,,,,,True,True,False,surface_unknown,1,1
buffer_5km:2883,osm:3207903912,osm:8039932378,551118509,2040.4297581883832,,,track,,,,,,,,,,,,,,,,,,True,True,False,surface_unknown,2,1
buffer_5km:2884,osm:3207903912,osm:8040095825,863471322,2027.1087377064516,,,track,,,,,,,,,,,,,,,,,,True,True,False,surface_unknown,13,1
buffer_5km:2885,osm:3207903923,osm:3207903994,314746353,2450.68910713448,,,track,,,,,,,,,,,,,,,,,,True,True,False,surface_unknown,3,1
buffer_5km:2886,osm:3207903923,osm:3211576273,315069898,418.5168341242882,,,track,,grade3,,,,,,,,,,,,,,,,True,True,False,surface_unknown,1,1
buffer_5km:2887,osm:3207903932,osm:8042233837,314746351,2616.7752765496207,,,track,,,,,,,,,,,,,,,,,,True,True,False,surface_unknown,2,1
buffer_5km:2888,osm:3207903978,osm:8040008554,114786557,1921.5214068649914,,,track,,,,,,,,,,,,,,,,,,True,True,False,surface_unknown,3,1
buffer_5km:2889,osm:3207903994,osm:3211576284,315069879,838.4705237032698,,,track,,grade3,,,,,,,,,,,,,,,,True,True,False,surface_unknown,1,1
buffer_5km:2890,osm:3207904005,osm:8042233802,314746349,1106.982403503458,,,track,,grade3,,,,,,,,,,,,,,,,True,True,False,surface_unknown,1,1
buffer_5km:2891,osm:3207904005,osm:8042233836,314746351,3474.2800181387197,,,track,,,,,,,,,,,,,,,,,,True,True,False,surface_unknown,3,1
buffer_5km:2892,osm:3207912985,osm:8040130952,314747015,830.9673285373742,,,track,,,,,,,,,,,,,,,,,,True,True,False,surface_unknown,5,1
buffer_5km:2893,osm:3207912985,osm:3207913007,314747015,2366.583205063276,,,track,,,,,,,,,,,,,,,,,,True,True,False,surface_unknown,19,1
buffer_5km:2894,osm:3207912985,osm:7485783771,800413456,394.7838633962992,,,track,,,,,,,,,,,,,,,,,,True,True,False,surface_unknown,14,1
buffer_5km:2895,osm:3207912993,osm:8040143062,863056587,2349.8708924246766,,,track,,,,,,,,,,,,,,,,,,True,True,False,surface_unknown,19,1
buffer_5km:2896,osm:3207912996,osm:3207913016,314747023,466.6173371159805,,,track,,grade3,,,,,,,,,,,,,,,,True,True,False,surface_unknown,9,1
buffer_5km:2897,osm:3207913007,osm:8039932376,314747015,109.50096896344928,,,track,,,,,,,,,,,,,,,,,,True,True,False,surface_unknown,3,1
buffer_5km:2898,osm:3207913007,osm:8043691008,863032320,103.02247244877161,,,track,,,,,,,,,,,,,,,,,,True,True,False,surface_unknown,1,1
buffer_5km:2899,osm:3208311208,osm:5418213419,224458946,1779.4110395763726,,,unclassified,gravel,,,,,,,forestry,,,,,,,,,,True,True,True,gravel,43,1
buffer_5km:2900,osm:3211388520,osm:3211389160,315052686,1183.4809113266626,,,track,,,,,,,,,,,,,,,,,,True,True,False,surface_unknown,4,1
buffer_5km:2901,osm:3211388522,osm:3211388967,315052687,282.4218029185998,,,track,,,,,,,,,,,,,,,,,,True,True,False,surface_unknown,3,1
buffer_5km:2902,osm:3211388528,osm:3211389394,315052735,307.1545486280917,,,track,,,,,,,,,,,,,,,,,,True,True,False,surface_unknown,4,1
buffer_5km:2903,osm:3211388540,osm:3211389016,315052710,620.2358306817514,,,track,,,,,,,,,,,,,,,,,,True,True,False,surface_unknown,7,1
buffer_5km:2904,osm:3211388540,osm:3211388759,1546065621,125.83796651153,,,track,ground,,,,,,,,,,,,,,,,,True,True,False,earth_sand,2,1
buffer_5km:2905,osm:3211388540,osm:3211389012,1546065621,709.448832964137,,,track,ground,,,,,,,,,,,,,,,,,True,True,False,earth_sand,8,1
buffer_5km:2906,osm:3211388545,osm:3211389394,315052686,310.805997455729,,,track,,,,,,,,,,,,,,,,,,True,True,False,surface_unknown,1,1
buffer_5km:2907,osm:3211388545,osm:3211388850,315052686,421.35494556140054,,,track,,,,,,,,,,,,,,,,,,True,True,False,surface_unknown,1,1
buffer_5km:2908,osm:3211388551,osm:9082607882,315052676,36.28894778786988,,,residential,ground,,,,,,,,,,,,,,,,,True,True,False,earth_sand,1,1
buffer_5km:2909,osm:3211388551,osm:3211388724,315052680,284.6442591114488,,,residential,ground,,,,,,,,,,,,,,,,,True,True,False,earth_sand,1,1
buffer_5km:2910,osm:3211388551,osm:3211388818,315052680,241.60192396099737,,,residential,ground,,,,,,,,,,,,,,,,,True,True,False,earth_sand,3,1
buffer_5km:2911,osm:3211388551,osm:8662881086,315052737,35.934478681051246,,,track,,,,,,,,,,,,,,,,,,True,True,False,surface_unknown,1,1
buffer_5km:2912,osm:3211388675,osm:3211389074,315052737,558.1098321520897,,,track,,,,,,,,,,,,,,,,,,True,True,False,surface_unknown,2,1
buffer_5km:2913,osm:3211388675,osm:3211389397,315052737,587.6628360304801,,,track,,,,,,,,,,,,,,,,,,True,True,False,surface_unknown,2,1
buffer_5km:2914,osm:3211388682,osm:3211388761,315052709,282.68752550990735,,,track,ground,,,,,,,,,,,,,,,,,True,True,False,earth_sand,1,1
buffer_5km:2915,osm:3211388682,osm:3211389395,315052709,643.9207902283953,,,track,ground,,,,,,,,,,,,,,,,,True,True,False,earth_sand,2,1
buffer_5km:2916,osm:3211388682,osm:3211389409,315052713,5233.442850041701,,,track,,,,,,,,,,,,,,,,,,True,True,False,surface_unknown,5,1
buffer_5km:2917,osm:3211388698,osm:3211389384,315052682,156.98066553010852,,,track,,,,,,,,,,,,,,,,,,True,True,False,surface_unknown,5,1
buffer_5km:2918,osm:3211388698,osm:3211389020,315052682,300.3437748561957,,,track,,,,,,,,,,,,,,,,,,True,True,False,surface_unknown,1,1
buffer_5km:2919,osm:3211388698,osm:3211388755,315052722,582.8174908077413,,,track,,,,,,,,,,,,,,,,,,True,True,False,surface_unknown,11,1
buffer_5km:2920,osm:3211388713,osm:3211389033,315052708,633.087207686719,,,track,,,,,,,,,,,,,,,,,,True,True,False,surface_unknown,3,1
buffer_5km:2921,osm:3211388713,osm:3211389016,315052736,443.5948662515424,,,track,,,,,,,,,,,,,,,,,,True,True,False,surface_unknown,2,1
buffer_5km:2922,osm:3211388719,osm:3211388843,315052684,375.76158958742604,,,track,,,,,,,,,,,,,,,,,,True,True,False,surface_unknown,8,1
buffer_5km:2923,osm:3211388719,osm:3211389087,315052684,194.17900893878374,,,track,,,,,,,,,,,,,,,,,,True,True,False,surface_unknown,4,1
buffer_5km:2924,osm:3211388724,osm:3211388831,934783352,254.16084833870343,,,residential,ground,,,,,,,,,,,,,,,,,True,True,False,earth_sand,2,1
buffer_5km:2925,osm:3211388724,osm:3211389395,934783353,114.62856737884485,,,residential,ground,,,,,,,,,,,,,,,,,True,True,False,earth_sand,1,1
buffer_5km:2926,osm:3211388724,osm:8662922144,934783358,1712.7293430861548,,,track,ground,,,,,,,,,,,,,,,,,True,True,False,earth_sand,15,1
buffer_5km:2927,osm:3211388755,osm:3211388843,315052722,81.3439610521389,,,track,,,,,,,,,,,,,,,,,,True,True,False,surface_unknown,4,1
buffer_5km:2928,osm:3211388759,osm:3211389033,315052708,80.34304526881246,,,track,,,,,,,,,,,,,,,,,,True,True,False,surface_unknown,1,1
buffer_5km:2929,osm:3211388761,osm:3211389129,315052689,1519.5664790041285,King Kauluma Road,,unclassified,gravel,,,,,,,,,,,,,,,,,True,True,False,gravel,3,1
buffer_5km:2930,osm:3211388761,osm:3211388831,315052689,239.80888534055478,King Kauluma Road,,unclassified,gravel,,,,,,,,,,,,,,,,,True,True,False,gravel,2,1
buffer_5km:2931,osm:3211388818,osm:3211389023,315052675,781.7474143848165,,,track,,,,,,,,,,,,,,,,,,True,True,False,surface_unknown,8,1
buffer_5km:2932,osm:3211388818,osm:3211388831,315052680,269.2074488307758,,,residential,ground,,,,,,,,,,,,,,,,,True,True,False,earth_sand,4,1
buffer_5km:2933,osm:3211388829,osm:3211389074,315052737,1200.6504430440996,,,track,,,,,,,,,,,,,,,,,,True,True,False,surface_unknown,3,1
buffer_5km:2934,osm:3211388831,osm:3211389395,934783353,374.26619699670175,,,residential,ground,,,,,,,,,,,,,,,,,True,True,False,earth_sand,6,1
buffer_5km:2935,osm:3211388843,osm:3211389041,315052722,234.40503145429716,,,track,,,,,,,,,,,,,,,,,,True,True,False,surface_unknown,4,1
buffer_5km:2936,osm:3211388850,osm:3211389160,315052686,294.28594964081987,,,track,,,,,,,,,,,,,,,,,,True,True,False,surface_unknown,1,1
buffer_5km:2937,osm:3211388850,osm:3211388985,315052737,536.9587904246432,,,track,,,,,,,,,,,,,,,,,,True,True,False,surface_unknown,1,1
buffer_5km:2938,osm:3211388967,osm:3211389087,315052682,82.71992047265329,,,track,,,,,,,,,,,,,,,,,,True,True,False,surface_unknown,2,1
buffer_5km:2939,osm:3211388967,osm:3211389152,315052687,130.3602193157873,,,track,,,,,,,,,,,,,,,,,,True,True,False,surface_unknown,3,1
buffer_5km:2940,osm:3211388982,osm:3211389129,93178007,5678.286362603378,,B1,primary,paved,,,,120,no,,,,,,,,,,,,True,True,False,paved,2,1
buffer_5km:2941,osm:3211388982,osm:4096861417,93178007,5474.257445000227,,B1,primary,paved,,,,120,no,,,,,,,,,,,,True,True,False,paved,8,1
buffer_5km:2942,osm:3211388982,osm:3211389409,315052725,726.854907709415,,,track,,,,,,,,,,,,,,,,,,True,True,False,surface_unknown,4,1
buffer_5km:2943,osm:3211388985,osm:3211389013,315052737,50.53290319957243,,,track,,,,,,,,,,,,,,,,,,True,True,False,surface_unknown,1,1
buffer_5km:2944,osm:3211388986,osm:9082607882,315052676,120.94714286137987,,,residential,ground,,,,,,,,,,,,,,,,,True,True,False,earth_sand,1,1
buffer_5km:2945,osm:3211388986,osm:8662922117,934783356,547.6202204375776,,,track,ground,,,,,,,,,,,,,,,,,True,True,False,earth_sand,13,1
buffer_5km:2946,osm:3211389023,osm:3211389397,1182311930,210.19997142860402,,,track,,,,,,,,,,,,,,,,,,True,True,False,surface_unknown,2,1
buffer_5km:2947,osm:3211389041,osm:3211389087,315052682,291.8566584887086,,,track,,,,,,,,,,,,,,,,,,True,True,False,surface_unknown,7,1
buffer_5km:2948,osm:3211389116,osm:3211389397,315052737,352.0312058732155,,,track,,,,,,,,,,,,,,,,,,True,True,False,surface_unknown,1,1
buffer_5km:2949,osm:3211389117,osm:3211389409,315052713,708.7770708534684,,,track,,,,,,,,,,,,,,,,,,True,True,False,surface_unknown,1,1
buffer_5km:2950,osm:3211389154,osm:3211389390,315052694,438.2023970437649,,,track,ground,,,,,,,,,,,,,,,,,True,True,False,earth_sand,4,1
buffer_5km:2951,osm:3211389390,osm:8664246786,315052737,167.83676535011404,,,track,,,,,,,,,,,,,,,,,,True,True,False,surface_unknown,1,1
buffer_5km:2952,osm:3211576155,osm:3211576313,315069877,5323.440091283176,,,track,,,,,,,,,,,,,,,,,,True,True,False,surface_unknown,1,1
buffer_5km:2953,osm:3211576155,osm:3211576358,315069899,3434.0636451349183,,,track,,grade3,,,,,,,,,,,,,,,,True,True,False,surface_unknown,6,1
buffer_5km:2954,osm:3211576170,osm:8040229002,1513537979,324.5469187518622,,,track,,,,,,,,,,,,,,,,,,True,True,False,surface_unknown,1,1
buffer_5km:2955,osm:3211576179,osm:8042233782,315069896,21.968861275572518,,,track,,,,,,,,,,,,,,,,,,True,True,False,surface_unknown,1,1
buffer_5km:2956,osm:3211576179,osm:8042233780,863306441,51.072983480721575,,,track,,,,,,,,,,,,,,,,,,True,True,False,surface_unknown,1,1
buffer_5km:2957,osm:3211576190,osm:3211576240,315069898,255.13618034030696,,,track,,grade3,,,,,,,,,,,,,,,,True,True,False,surface_unknown,2,1
buffer_5km:2958,osm:3211576190,osm:3211576358,315069898,3327.2750012446945,,,track,,grade3,,,,,,,,,,,,,,,,True,True,False,surface_unknown,6,1
buffer_5km:2959,osm:3211576195,osm:3663270393,315069896,108.86189335626999,,,track,,,,,,,,,,,,,,,,,,True,True,False,surface_unknown,4,1
buffer_5km:2960,osm:3211576195,osm:3211576508,315069896,156.46314819931098,,,track,,,,,,,,,,,,,,,,,,True,True,False,surface_unknown,2,1
buffer_5km:2961,osm:3211576195,osm:8040096111,863049524,245.1979308901218,,,track,,,,,,,,,,,,,,,,,,True,True,False,surface_unknown,6,1
buffer_5km:2962,osm:3211576200,osm:3211576465,315069893,1261.8281550307106,,,track,,grade3,,,,,,,,,,,,,,,,True,True,False,surface_unknown,2,1
buffer_5km:2963,osm:3211576200,osm:3211576358,315069898,1048.9948360321314,,,track,,grade3,,,,,,,,,,,,,,,,True,True,False,surface_unknown,1,1
buffer_5km:2964,osm:3211576200,osm:3211576273,315069898,1904.7345107943909,,,track,,grade3,,,,,,,,,,,,,,,,True,True,False,surface_unknown,6,1
buffer_5km:2965,osm:3211576240,osm:8040229009,315069878,157.46329192374083,,,track,,,,,,,,,,,,,,,,,,True,True,False,surface_unknown,1,1
buffer_5km:2966,osm:3211576253,osm:8042233770,315069896,22.251833095782093,,,track,,,,,,,,,,,,,,,,,,True,True,False,surface_unknown,2,1
buffer_5km:2967,osm:3211576253,osm:8042233780,315069896,24.40490024851621,,,track,,,,,,,,,,,,,,,,,,True,True,False,surface_unknown,1,1
buffer_5km:2968,osm:3211576253,osm:8042233784,863306443,51.80421202278359,,,track,,,,,,,,,,,,,,,,,,True,True,False,surface_unknown,4,1
buffer_5km:2969,osm:3211576273,osm:3211576284,315069885,3040.3690300657518,,,track,,grade3,,,,,,,,,,,,,,,,True,True,False,surface_unknown,6,1
buffer_5km:2970,osm:3211576313,osm:8040111174,1429075717,1930.2655674095495,,,track,,,,,,,,,,,,,,,,,,True,True,False,surface_unknown,10,1
buffer_5km:2971,osm:3211576327,osm:3663270393,863065567,328.5403870402313,,,track,,,,,,,,,,,,,,,,,,True,True,False,surface_unknown,4,1
buffer_5km:2972,osm:3211576327,osm:8040229063,863065570,316.2375243167049,,,track,,,,,,,,,,,,,,,,,,True,True,False,surface_unknown,19,1
buffer_5km:2973,osm:3211576327,osm:3211576508,1429075718,154.20788188337949,,,track,,,,,,,,,,,,,,,,,,True,True,False,surface_unknown,2,1
buffer_5km:2974,osm:3211576508,osm:8042233756,315069896,1094.6697340331411,,,track,,,,,,,,,,,,,,,,,,True,True,False,surface_unknown,15,1
buffer_5km:2975,osm:3222295640,osm:3784849443,316122361,607.8416498049035,,,track,,,,,,,,private,,,,,,,,,,True,True,True,surface_unknown,6,1
buffer_5km:2976,osm:3222295640,osm:3757466569,316122361,583.8848005124496,,,track,,,,,,,,private,,,,,,,,,,True,True,True,surface_unknown,2,1
buffer_5km:2977,osm:3222295640,osm:3784855559,372210727,798.3772277958227,,,track,,grade3,,,,,,private,,,,,,,,,,True,True,True,surface_unknown,9,1
buffer_5km:2978,osm:3222295640,osm:3757566322,372210727,1648.7953677246992,,,track,,grade3,,,,,,private,,,,,,,,,,True,True,True,surface_unknown,13,1
buffer_5km:2979,osm:3222295652,osm:3782326657,23950498,81.86721749178375,,,track,,grade2,,,,,,private,,,,,,,,,,True,True,True,surface_unknown,2,1
buffer_5km:2980,osm:3222295652,osm:3784578910,316122359,398.4526245618478,,,track,,grade2,,,,,,private,,,,,,,,,,True,True,True,surface_unknown,1,1
buffer_5km:2981,osm:3222295652,osm:3782326675,316122359,93.64660087658866,,,track,,grade2,,,,,,private,,,,,,,,,,True,True,True,surface_unknown,1,1
buffer_5km:2982,osm:3222295969,osm:3757873536,316122359,224.6265139073999,,,track,,grade2,,,,,,private,,,,,,,,,,True,True,True,surface_unknown,2,1
buffer_5km:2983,osm:3222295969,osm:3222296058,316122361,412.41397422607304,,,track,,,,,,,,private,,,,,,,,,,True,True,True,surface_unknown,2,1
buffer_5km:2984,osm:3222295971,osm:3222295982,316122361,1085.2945412164504,,,track,,,,,,,,private,,,,,,,,,,True,True,True,surface_unknown,9,1
buffer_5km:2985,osm:3222295971,osm:3784849443,316122361,7.7171398747027515,,,track,,,,,,,,private,,,,,,,,,,True,True,True,surface_unknown,1,1
buffer_5km:2986,osm:3222295978,osm:3222296057,316122361,725.5979294102051,,,track,,,,,,,,private,,,,,,,,,,True,True,True,surface_unknown,9,1
buffer_5km:2987,osm:3222295982,osm:3757590450,316122361,6.882380103611447,,,track,,,,,,,,private,,,,,,,,,,True,True,True,surface_unknown,1,1
buffer_5km:2988,osm:3222295982,osm:3757569787,371968933,292.6102438896496,,,track,,grade3,,,,,,private,,,,,,,,,,True,True,True,surface_unknown,6,1
buffer_5km:2989,osm:3222295982,osm:3757590463,371968933,211.34739104103596,,,track,,grade3,,,,,,private,,,,,,,,,,True,True,True,surface_unknown,6,1
buffer_5km:2990,osm:3222295987,osm:3757608640,316122353,1817.0910951543904,,,track,,,,,,,,private,,,,,,,,,,True,True,True,surface_unknown,3,1
buffer_5km:2991,osm:3222295987,osm:3757841103,316122361,1016.2281988127559,,,track,,,,,,,,private,,,,,,,,,,True,True,True,surface_unknown,1,1
buffer_5km:2992,osm:3222295987,osm:3757590520,316122361,1902.5889386811975,,,track,,,,,,,,private,,,,,,,,,,True,True,True,surface_unknown,28,1
buffer_5km:2993,osm:3222296007,osm:3782326695,316122359,56.55380125579934,,,track,,grade2,,,,,,private,,,,,,,,,,True,True,True,surface_unknown,1,1
buffer_5km:2994,osm:3222296007,osm:3782326729,374851079,15.126301832037024,,,track,,grade3,,,,,,private,,,,,,,,,,True,True,True,surface_unknown,1,1
buffer_5km:2995,osm:3222296007,osm:3784578940,374851082,126.80967898582607,,,track,,grade3,,,,,,private,,,,,,,,,,True,True,True,surface_unknown,6,1
buffer_5km:2996,osm:3222296041,osm:3784578905,316122359,757.746570859237,,,track,,grade2,,,,,,private,,,,,,,,,,True,True,True,surface_unknown,4,1
buffer_5km:2997,osm:3222296041,osm:3784578910,316122359,148.9788562690396,,,track,,grade2,,,,,,private,,,,,,,,,,True,True,True,surface_unknown,2,1
buffer_5km:2998,osm:3222296041,osm:3784611961,372235121,2963.8910975224953,,,track,,grade3,,,,,,private,,,,,,,,,,True,True,True,surface_unknown,47,1
buffer_5km:2999,osm:3222296047,osm:3779901210,316122359,1158.4923198196846,,,track,,grade2,,,,,,private,,,,,,,,,,True,True,True,surface_unknown,3,1
buffer_5km:3000,osm:3222296047,osm:3784578905,316122359,1356.0741223541586,,,track,,grade2,,,,,,private,,,,,,,,,,True,True,True,surface_unknown,10,1
buffer_5km:3001,osm:3222296047,osm:3779901216,374851080,807.6040272605682,,,track,,grade3,,,,,,private,,,,,,,,,,True,True,True,surface_unknown,29,1
buffer_5km:3002,osm:3222296057,osm:3757466569,316122361,56.940248551075626,,,track,,,,,,,,private,,,,,,,,,,True,True,True,surface_unknown,1,1
buffer_5km:3003,osm:3222296057,osm:3757466566,372208640,166.13497535678496,,,track,,grade3,,,,,,private,,,,,,,,,,True,True,True,surface_unknown,6,1
buffer_5km:3004,osm:3222296058,osm:3757841112,316122361,228.34118726576617,,,track,,,,,,,,private,,,,,,,,,,True,True,True,surface_unknown,2,1
buffer_5km:3005,osm:3222296058,osm:3757841114,372235119,80.90238817757103,,,track,,grade3,,,,,,private,,,,,,,,,,True,True,True,surface_unknown,2,1
buffer_5km:3006,osm:3252147982,osm:977755702,23909419,146.07606521224454,,,service,gravel,grade2,,,60,,,,,yes,,,,,,,,True,True,False,gravel,3,1
buffer_5km:3007,osm:3260107132,osm:3260107155,319583770,174.45952271584778,,,track,,grade2,,,,,,,,,,,,,,,,True,True,False,surface_unknown,7,1
buffer_5km:3008,osm:3260107132,osm:3260107140,319583770,75.9090672405646,,,track,,grade2,,,,,,,,,,,,,,,,True,True,False,surface_unknown,4,1
buffer_5km:3009,osm:3260107132,osm:3260107159,319583772,139.5700986259021,,,track,,grade2,,,,,,,,,,,,,,,,True,True,False,surface_unknown,2,1
buffer_5km:3010,osm:3260107140,osm:3260107153,319583770,155.30212120298143,,,track,,grade2,,,,,,,,,,,,,,,,True,True,False,surface_unknown,7,1
buffer_5km:3011,osm:3260107140,osm:3260107153,319583774,99.75107600373552,,,track,,grade2,,,,,,,,,,,,,,,,True,True,False,surface_unknown,3,1
buffer_5km:3012,osm:3260107141,osm:3260107153,319583770,109.30582934271014,,,track,,grade2,,,,,,,,,,,,,,,,True,True,False,surface_unknown,6,1
buffer_5km:3013,osm:3260107159,osm:3260107159,319583772,824.196079938106,,,track,,grade2,,,,,,,,,,,,,,,,True,True,False,surface_unknown,21,1
buffer_5km:3014,osm:3271225533,osm:3271226469,320578513,690.4363358166204,,,track,,,,,,,,,,,,,,,,,,True,True,False,surface_unknown,29,1
buffer_5km:3015,osm:3271225533,osm:8040008555,563359013,35.57862763583181,,,track,,,,,,,,,,,,,,,,,,True,True,False,surface_unknown,1,1
buffer_5km:3016,osm:3271225533,osm:3271225551,563359013,542.3795535018478,,,track,,,,,,,,,,,,,,,,,,True,True,False,surface_unknown,1,1
buffer_5km:3017,osm:3271225551,osm:3271226469,320578495,264.372732043688,,,track,,,,,,,,,,,,,,,,,,True,True,False,surface_unknown,7,1
buffer_5km:3018,osm:3271225551,osm:5429033148,563359013,338.4422427141867,,,track,,,,,,,,,,,,,,,,,,True,True,False,surface_unknown,1,1
buffer_5km:3019,osm:3271226469,osm:3271226482,320578495,100.78112002029155,,,track,,,,,,,,,,,,,,,,,,True,True,False,surface_unknown,7,1
buffer_5km:3020,osm:3271226469,osm:3271226482,320578513,91.79102336493891,,,track,,,,,,,,,,,,,,,,,,True,True,False,surface_unknown,4,1
buffer_5km:3021,osm:3271226482,osm:8040008548,320578513,135.1187079726372,,,track,,,,,,,,,,,,,,,,,,True,True,False,surface_unknown,6,1
buffer_5km:3022,osm:3271226491,osm:8075084013,114786557,21.808814117864728,,,track,,,,,,,,,,,,,,,,,,True,True,False,surface_unknown,2,1
buffer_5km:3023,osm:3271226491,osm:3271226492,114786557,14.909214991567406,,,track,,,,,,,,,,,,,,,,,,True,True,False,surface_unknown,2,1
buffer_5km:3024,osm:3271226491,osm:8040008548,320578513,9.617323576455115,,,track,,,,,,,,,,,,,,,,,,True,True,False,surface_unknown,1,1
buffer_5km:3025,osm:3271226492,osm:8040008560,114786557,352.8224671512709,,,track,,,,,,,,,,,,,,,,,,True,True,False,surface_unknown,2,1
buffer_5km:3026,osm:3271226492,osm:8040008554,863039402,508.8347131154385,,,track,,,,,,,,,,,,,,,,,,True,True,False,surface_unknown,3,1
buffer_5km:3027,osm:3272711353,osm:3797783435,224458715,1208.5274215180991,,C35,primary,gravel,,,,120,,,,,,,,,,,,,True,True,False,gravel,16,1
buffer_5km:3028,osm:3272711353,osm:3272712484,224458715,349.7578860014279,,C35,primary,gravel,,,,120,,,,,,,,,,,,,True,True,False,gravel,3,1
buffer_5km:3029,osm:3272711353,osm:3272712479,320652408,395.874139529985,,,service,,,,,,,,,,,,,,,,,,True,True,False,surface_unknown,9,1
buffer_5km:3030,osm:3272712479,osm:3272712484,320652408,18.73586917365508,,,service,,,,,,,,,,,,,,,,,,True,True,False,surface_unknown,1,1
buffer_5km:3031,osm:3272712479,osm:3797783833,320652409,5358.266863593297,,,track,,grade3,,,,,,,,,,,,,,,,True,True,False,surface_unknown,83,1
buffer_5km:3032,osm:3272712479,osm:3272712514,376339861,276.991749656429,,,service,,,,,,,,,,,,,,,,,,True,True,False,surface_unknown,6,1
buffer_5km:3033,osm:3281419562,osm:4096871365,93178007,6370.6540768935165,,B1,primary,paved,,,,120,no,,,,,,,,,,,,True,True,False,paved,12,1
buffer_5km:3034,osm:3281419562,osm:3281420062,321398581,833.9570203648333,,,track,,,,,,,,,,,,,,,,,,True,True,False,surface_unknown,6,1
buffer_5km:3035,osm:3434718131,osm:4406672666,443019509,42.99051418270053,,,track,unpaved,grade4,,,,,,,,,,,,,,,,True,True,False,other_unpaved,1,1
buffer_5km:3036,osm:3434718131,osm:5349447222,554300268,116.7906592086726,,,service,unpaved,grade3,,,,,,,,,,,,,,,,True,True,False,other_unpaved,2,1
buffer_5km:3037,osm:3434718131,osm:3434718149,554300268,68.03058483121748,,,service,unpaved,grade3,,,,,,,,,,,,,,,,True,True,False,other_unpaved,3,1
buffer_5km:3038,osm:3434718145,osm:5349441705,441475150,95.68109071680192,,,track,unpaved,grade3,,,,,,,,,,,,,,,,True,True,False,other_unpaved,2,1
buffer_5km:3039,osm:3434718145,osm:5349441719,554300268,26.45057119424167,,,service,unpaved,grade3,,,,,,,,,,,,,,,,True,True,False,other_unpaved,1,1
buffer_5km:3040,osm:3434718149,osm:4406672666,336438924,42.92928257317507,,,track,unpaved,grade3,,,,,,,,,,,,,,,,True,True,False,other_unpaved,3,1
buffer_5km:3041,osm:3434718149,osm:4212513872,554300268,88.14321122342636,,,service,unpaved,grade3,,,,,,,,,,,,,,,,True,True,False,other_unpaved,3,1
buffer_5km:3042,osm:3434718165,osm:4392184814,336438924,85.09025768837897,,,track,unpaved,grade3,,,,,,,,,,,,,,,,True,True,False,other_unpaved,1,1
buffer_5km:3043,osm:3434718165,osm:4392184818,441475153,69.57378019171887,,,track,unpaved,grade3,,,,,,,,,,,,,,,,True,True,False,other_unpaved,2,1
buffer_5km:3044,osm:3434718165,osm:4392184591,441475154,2207.9014346482068,,,track,unpaved,grade4,,,,,,,,,,,,,,,,True,True,False,other_unpaved,32,1
buffer_5km:3045,osm:3663270393,osm:8040229043,863065568,96.75697123215893,,,track,,,,,,,,,,,,,,,,,,True,True,False,surface_unknown,1,1
buffer_5km:3046,osm:371166181,osm:371166192,28156748,131.98131986851962,,,unclassified,,,,,20,,,,,,,,,,,,,True,True,False,surface_unknown,12,1
buffer_5km:3047,osm:371166181,osm:4350875026,264769533,45.889852512653555,,,unclassified,paving_stones,,,,20,,,,,,,,,,,,,True,True,False,paved,2,1
buffer_5km:3048,osm:3743028201,osm:3746264748,370600453,4.20372882718736,,P2763,unclassified,unpaved,grade3,,,,,,private,,,,,,,,,,True,True,True,other_unpaved,1,1
buffer_5km:3049,osm:3743028201,osm:3746264618,370600453,1050.5991272412066,,P2763,unclassified,unpaved,grade3,,,,,,private,,,,,,,,,,True,True,True,other_unpaved,4,1
buffer_5km:3050,osm:3743028201,osm:3744305301,370731711,1258.029648839746,,,track,,grade3,,,,,,private,,,,,,,,,,True,True,True,surface_unknown,6,1
buffer_5km:3051,osm:3743028211,osm:3746264849,370600453,118.05210019646964,,P2763,unclassified,unpaved,grade3,,,,,,private,,,,,,,,,,True,True,True,other_unpaved,1,1
buffer_5km:3052,osm:3743028211,osm:3785984614,370600453,714.5456679034562,,P2763,unclassified,unpaved,grade3,,,,,,private,,,,,,,,,,True,True,True,other_unpaved,3,1
buffer_5km:3053,osm:3743028211,osm:3746264843,370600454,45.459293836166296,,,track,,grade3,,,,,,private,,,,,,,,,,True,True,True,surface_unknown,1,1
buffer_5km:3054,osm:3743028211,osm:3785984646,375213527,19.487386960128212,,,track,,grade3,,,,,,private,,,,,,,,,,True,True,True,surface_unknown,1,1
buffer_5km:3055,osm:3743888067,osm:3743888677,370693213,2322.877370871417,,,track,,grade3,,,,,,private,,,,,,,,,,True,True,True,surface_unknown,110,1
buffer_5km:3056,osm:3743888067,osm:3748198287,371242066,1258.420626112674,,,track,,grade3,,,,,,private,,,,,,,,,,True,True,True,surface_unknown,9,1
buffer_5km:3057,osm:3743888067,osm:3785987668,371242066,593.1328831764796,,,track,,grade3,,,,,,private,,,,,,,,,,True,True,True,surface_unknown,4,1
buffer_5km:3058,osm:3743888677,osm:3748198089,371241992,252.1067770267744,,,track,,grade3,,,,,,private,,,,,,,,,,True,True,True,surface_unknown,3,1
buffer_5km:3059,osm:3743900623,osm:3748197953,370694638,583.779230123841,,,track,,grade3,,,,,,private,,,,,,,,,,True,True,True,surface_unknown,21,1
buffer_5km:3060,osm:3743900623,osm:3751412155,370694638,10.701411022197986,,,track,,grade3,,,,,,private,,,,,,,,,,True,True,True,surface_unknown,1,1
buffer_5km:3061,osm:3743900623,osm:3748198060,371242020,791.026438075779,,,track,,grade3,,,,,,private,,,,,,,,,,True,True,True,surface_unknown,4,1
buffer_5km:3062,osm:3743901121,osm:3748197952,370694638,1421.3891337776151,,,track,,grade3,,,,,,private,,,,,,,,,,True,True,True,surface_unknown,24,1
buffer_5km:3063,osm:3743901121,osm:3748197879,371241993,1277.4894744327275,,,track,,grade3,,,,,,private,,,,,,,,,,True,True,True,surface_unknown,7,1
buffer_5km:3064,osm:3743901121,osm:3748198111,371241993,273.0190198062972,,,track,,grade3,,,,,,private,,,,,,,,,,True,True,True,surface_unknown,3,1
buffer_5km:3065,osm:3743921651,osm:3743921652,370696866,29.55986592188778,,,track,,grade3,,,,,,private,,,,,,,,,,True,True,True,surface_unknown,1,1
buffer_5km:3066,osm:3743921652,osm:3743921653,370696866,26.73459704466109,,,track,,grade3,,,,,,private,,,,,,,,,,True,True,True,surface_unknown,1,1
buffer_5km:3067,osm:3743921652,osm:3748197720,371241996,1632.4211186445552,,,track,,grade3,,,,,,private,,,,,,,,,,True,True,True,surface_unknown,17,1
buffer_5km:3068,osm:3743921653,osm:3748197737,370696866,1631.5931112268954,,,track,,grade3,,,,,,private,,,,,,,,,,True,True,True,surface_unknown,28,1
buffer_5km:3069,osm:3743921653,osm:3751412153,371242049,1575.4898887263787,,,track,,grade3,,,,,,private,,,,,,,,,,True,True,True,surface_unknown,12,1
buffer_5km:3070,osm:3743927982,osm:3748197737,370696866,716.0206258478912,,,track,,grade3,,,,,,private,,,,,,,,,,True,True,True,surface_unknown,7,1
buffer_5km:3071,osm:3744095692,osm:3744095693,370717036,11.380734469476602,,,track,,grade3,,,,,,private,,,,,,,,,,True,True,True,surface_unknown,1,1
buffer_5km:3072,osm:3744095692,osm:3754905985,370717036,14.308813013710173,,,track,,grade3,,,,,,private,,,,,,,,,,True,True,True,surface_unknown,1,1
buffer_5km:3073,osm:3744095692,osm:3758588594,376042163,1695.2538758145547,,,track,,grade3,,,,,,private,,,,,,,,,,True,True,True,surface_unknown,2,1
buffer_5km:3074,osm:3744095693,osm:3754905984,370717584,9.876604528833955,,,track,,grade3,,,,,,private,,,,,,,,,,True,True,True,surface_unknown,2,1
buffer_5km:3075,osm:3744095693,osm:3744167183,370717584,460.966909387879,,,track,,grade3,,,,,,private,,,,,,,,,,True,True,True,surface_unknown,11,1
buffer_5km:3076,osm:3744100026,osm:3744100076,370717584,2317.574068843021,,,track,,grade3,,,,,,private,,,,,,,,,,True,True,True,surface_unknown,50,1
buffer_5km:3077,osm:3744100026,osm:3757049715,370726095,97.23084347414525,,,track,,grade3,,,,,,private,,,,,,,,,,True,True,True,surface_unknown,2,1
buffer_5km:3078,osm:3744100026,osm:3757049717,370726095,146.95859536060442,,,track,,grade3,,,,,,private,,,,,,,,,,True,True,True,surface_unknown,1,1
buffer_5km:3079,osm:3744167151,osm:3744167159,370726095,1063.0598047452004,,,track,,grade3,,,,,,private,,,,,,,,,,True,True,True,surface_unknown,8,1
buffer_5km:3080,osm:3744167151,osm:3757049646,370726095,93.14849874330216,,,track,,grade3,,,,,,private,,,,,,,,,,True,True,True,surface_unknown,3,1
buffer_5km:3081,osm:3744167159,osm:3744167176,370726095,2651.034640633911,,,track,,grade3,,,,,,private,,,,,,,,,,True,True,True,surface_unknown,17,1
buffer_5km:3082,osm:3744167159,osm:3754905938,371945396,157.52582805102244,,,track,,grade3,,,,,,private,,,,,,,,,,True,True,True,surface_unknown,2,1
buffer_5km:3083,osm:3744167176,osm:3754905976,370726096,7.833782321328802,,,track,,grade3,,,,,,private,,,,,,,,,,True,True,True,surface_unknown,1,1
buffer_5km:3084,osm:3744167183,osm:3754917967,370717584,811.8166010338718,,,track,,grade3,,,,,,private,,,,,,,,,,True,True,True,surface_unknown,11,1
buffer_5km:3085,osm:3744167183,osm:3754905976,370726096,573.2965193895511,,,track,,grade3,,,,,,private,,,,,,,,,,True,True,True,surface_unknown,7,1
buffer_5km:3086,osm:3744167206,osm:3754917946,370717584,272.5670558367918,,,track,,grade3,,,,,,private,,,,,,,,,,True,True,True,surface_unknown,2,1
buffer_5km:3087,osm:3744167206,osm:3751509736,370717584,658.2257569094763,,,track,,grade3,,,,,,private,,,,,,,,,,True,True,True,surface_unknown,4,1
buffer_5km:3088,osm:3744167206,osm:3754917946,371947692,341.1533705453596,,,track,,grade3,,,,,,private,,,,,,,,,,True,True,True,surface_unknown,9,1
buffer_5km:3089,osm:3744167245,osm:3751508005,370717584,3296.752520901124,,,track,,grade3,,,,,,private,,,,,,,,,,True,True,True,surface_unknown,18,1
buffer_5km:3090,osm:3744167245,osm:3744167265,370717584,1078.5704114311845,,,track,,grade3,,,,,,private,,,,,,,,,,True,True,True,surface_unknown,8,1
buffer_5km:3091,osm:3744167245,osm:3744167389,370726100,4150.2856145122205,,,track,,grade3,,,,,,private,,,,,,,,,,True,True,True,surface_unknown,124,1
buffer_5km:3092,osm:3744167245,osm:3751509996,371586876,5006.135803564239,,,track,,grade3,,,,,,private,,,,,,,,,,True,True,True,surface_unknown,126,1
buffer_5km:3093,osm:3744167265,osm:3751495292,371585914,2674.2051157451174,,,track,,grade3,,,,,,private,,,,,,,,,,True,True,True,surface_unknown,12,1
buffer_5km:3094,osm:3744167265,osm:3751497548,371585916,1562.2258971238812,,,track,,grade3,,,,,,private,,,,,,,,,,True,True,True,surface_unknown,33,1
buffer_5km:3095,osm:3744167389,osm:3744167402,370726100,117.31966167463328,,,track,,grade3,,,,,,private,,,,,,,,,,True,True,True,surface_unknown,4,1
buffer_5km:3096,osm:3744167389,osm:3751507954,371586877,106.00797415793409,,,track,,grade3,,,,,,private,,,,,,,,,,True,True,True,surface_unknown,1,1
buffer_5km:3097,osm:3744167389,osm:3751508005,371586877,1365.1332547252534,,,track,,grade3,,,,,,private,,,,,,,,,,True,True,True,surface_unknown,28,1
buffer_5km:3098,osm:3744167402,osm:3744167403,370726100,19.516473085214727,,,track,,grade3,,,,,,private,,,,,,,,,,True,True,True,surface_unknown,1,1
buffer_5km:3099,osm:3744167402,osm:3744167517,370726102,4433.627714077778,,,track,,grade3,,,,,,private,,,,,,,,,,True,True,True,surface_unknown,114,1
buffer_5km:3100,osm:3744167403,osm:3751507954,371586875,309.22979406508273,,,track,,grade3,,,,,,private,,,,,,,,,,True,True,True,surface_unknown,9,1
buffer_5km:3101,osm:3744167517,osm:3744167518,370726103,3526.9015421863533,,,track,,grade3,,,,,,private,,,,,,,,,,True,True,True,surface_unknown,64,1
buffer_5km:3102,osm:3744167517,osm:3744167582,370726103,24.53552255701093,,,track,,grade3,,,,,,private,,,,,,,,,,True,True,True,surface_unknown,1,1
buffer_5km:3103,osm:3744167518,osm:3755097752,370731713,1767.3509610899016,,,track,,grade3,,,,,,private,,,,,,,,,,True,True,True,surface_unknown,10,1
buffer_5km:3104,osm:3744167518,osm:3751494656,370731713,3561.3343417259284,,,track,,grade3,,,,,,private,,,,,,,,,,True,True,True,surface_unknown,15,1
buffer_5km:3105,osm:3744167582,osm:3744167587,370726103,354.8257946208297,,,track,,grade3,,,,,,private,,,,,,,,,,True,True,True,surface_unknown,5,1
buffer_5km:3106,osm:3744167582,osm:3754919782,371947695,179.23306196266688,,,track,,grade3,,,,,,private,,,,,,,,,,True,True,True,surface_unknown,7,1
buffer_5km:3107,osm:3744167587,osm:3754925777,370717584,65.38406376017693,,,track,,grade3,,,,,,private,,,,,,,,,,True,True,True,surface_unknown,2,1
buffer_5km:3108,osm:3744167587,osm:3754917946,370717584,147.37180896947766,,,track,,grade3,,,,,,private,,,,,,,,,,True,True,True,surface_unknown,2,1
buffer_5km:3109,osm:3744167681,osm:3751353908,370726115,493.7779649439144,,,track,,grade3,,,,,,private,,,,,,,,,,True,True,True,surface_unknown,9,1
buffer_5km:3110,osm:3744167681,osm:3751354126,370726116,73.35024835212735,,,track,,grade3,,,,,,private,,,,,,,,,,True,True,True,surface_unknown,3,1
buffer_5km:3111,osm:3744167730,osm:3745903412,370726118,199.41722425497602,,,track,,grade3,,,,,,private,,,,,,,,,,True,True,True,surface_unknown,4,1
buffer_5km:3112,osm:3744167730,osm:3745903446,370726118,244.98785916957078,,,track,,grade3,,,,,,private,,,,,,,,,,True,True,True,surface_unknown,5,1
buffer_5km:3113,osm:3744167730,osm:3745903446,370927146,283.69706264503225,,,track,,grade3,,,,,,private,,,,,,,,,,True,True,True,surface_unknown,9,1
buffer_5km:3114,osm:3744215089,osm:3789112464,370731710,26.633700844798838,,,track,,grade3,,,,,,private,,,,,,,,,,True,True,True,surface_unknown,1,1
buffer_5km:3115,osm:3744215089,osm:3789105555,442931352,757.033051379973,,C35,primary,asphalt,,,,120,,,,,,,,,,,,,True,True,False,paved,12,1
buffer_5km:3116,osm:3744215089,osm:4406672180,443019497,368.40345691192135,,,track,unpaved,grade5,,,,,,,,,,,,,,,,True,True,False,other_unpaved,7,1
buffer_5km:3117,osm:3744215094,osm:3789112464,370731710,234.01913973652316,,,track,,grade3,,,,,,private,,,,,,,,,,True,True,True,surface_unknown,6,1
buffer_5km:3118,osm:3744215094,osm:3744215112,370731710,996.1521675920943,,,track,,grade3,,,,,,private,,,,,,,,,,True,True,True,surface_unknown,18,1
buffer_5km:3119,osm:3744215094,osm:3787654495,375394276,732.375979058452,,,track,,grade3,,,,,,private,,,,,,,,,,True,True,True,surface_unknown,15,1
buffer_5km:3120,osm:3744215112,osm:3787654077,370731710,598.4579651557826,,,track,,grade3,,,,,,private,,,,,,,,,,True,True,True,surface_unknown,10,1
buffer_5km:3121,osm:3744215112,osm:3787654292,375394274,102.78331884423795,,,track,,grade3,,,,,,private,,,,,,,,,,True,True,True,surface_unknown,3,1
buffer_5km:3122,osm:3744215122,osm:3787477476,370731710,4.006069267499767,,,track,,grade3,,,,,,private,,,,,,,,,,True,True,True,surface_unknown,1,1
buffer_5km:3123,osm:3744215122,osm:3744215129,370731710,358.38404711793,,,track,,grade3,,,,,,private,,,,,,,,,,True,True,True,surface_unknown,7,1
buffer_5km:3124,osm:3744215122,osm:3787477425,375375942,359.79805037696565,,,track,,grade3,,,,,,private,,,,,,,,,,True,True,True,surface_unknown,8,1
buffer_5km:3125,osm:3744215129,osm:3787477080,370731710,877.1794879427385,,,track,,grade3,,,,,,private,,,,,,,,,,True,True,True,surface_unknown,6,1
buffer_5km:3126,osm:3744215129,osm:3787477425,375375947,186.39197425196568,,,track,,grade3,,,,,,private,,,,,,,,,,True,True,True,surface_unknown,8,1
buffer_5km:3127,osm:3744215147,osm:3786310676,370731710,1602.69251172405,,,track,,grade3,,,,,,private,,,,,,,,,,True,True,True,surface_unknown,9,1
buffer_5km:3128,osm:3744215147,osm:3786247726,370731710,699.3020752229922,,,track,,grade3,,,,,,private,,,,,,,,,,True,True,True,surface_unknown,4,1
buffer_5km:3129,osm:3744215147,osm:3786310250,375244777,1079.1618512180614,,,track,,grade3,,,,,,private,,,,,,,,,,True,True,True,surface_unknown,27,1
buffer_5km:3130,osm:3744215172,osm:3785985225,370731710,990.4372877380374,,,track,,grade3,,,,,,private,,,,,,,,,,True,True,True,surface_unknown,7,1
buffer_5km:3131,osm:3744215172,osm:3785984836,370731710,1319.5553047985738,,,track,,grade3,,,,,,private,,,,,,,,,,True,True,True,surface_unknown,9,1
buffer_5km:3132,osm:3744215172,osm:3785985091,375213516,885.7993022995739,,,track,,grade3,,,,,,private,,,,,,,,,,True,True,True,surface_unknown,15,1
buffer_5km:3133,osm:3744215431,osm:3751422460,370731711,459.3407962616195,,,track,,grade3,,,,,,private,,,,,,,,,,True,True,True,surface_unknown,3,1
buffer_5km:3134,osm:3744215431,osm:3744215465,370731712,2252.109543506326,,,track,,grade3,,,,,,private,,,,,,,,,,True,True,True,surface_unknown,30,1
buffer_5km:3135,osm:3744215431,osm:3751333340,370731713,1518.2640414262169,,,track,,grade3,,,,,,private,,,,,,,,,,True,True,True,surface_unknown,4,1
buffer_5km:3136,osm:3744215465,osm:3751337416,371573217,16.144823902607907,,,track,,grade3,,,,,,private,,,,,,,,,,True,True,True,surface_unknown,1,1
buffer_5km:3137,osm:3744215465,osm:3751333340,371573219,1889.807371490726,,,track,,grade3,,,,,,private,,,,,,,,,,True,True,True,surface_unknown,32,1
buffer_5km:3138,osm:3744215465,osm:3751337414,371573714,19.37466709987233,,,track,,grade3,,,,,,private,,,,,,,,,,True,True,True,surface_unknown,1,1
buffer_5km:3139,osm:3744215467,osm:3744215484,370731711,1272.1679842987573,,,track,,grade3,,,,,,private,,,,,,,,,,True,True,True,surface_unknown,39,1
buffer_5km:3140,osm:3744215467,osm:3748197023,370731711,920.5106339794164,,,track,,grade3,,,,,,private,,,,,,,,,,True,True,True,surface_unknown,3,1
buffer_5km:3141,osm:3744215467,osm:3744215481,370731714,848.7198016104651,,,track,,grade3,,,,,,private,,,,,,,,,,True,True,True,surface_unknown,15,1
buffer_5km:3142,osm:3744215481,osm:3748197417,371573010,670.6694250477409,,,track,,grade3,,,,,,private,,,,,,,,,,True,True,True,surface_unknown,8,1
buffer_5km:3143,osm:3744215481,osm:3748197023,371573010,689.5618461555486,,,track,,grade3,,,,,,private,,,,,,,,,,True,True,True,surface_unknown,12,1
buffer_5km:3144,osm:3744215484,osm:3744215548,370731711,1702.2831459630484,,,track,,grade3,,,,,,private,,,,,,,,,,True,True,True,surface_unknown,15,1
buffer_5km:3145,osm:3744215484,osm:3744215526,370731715,2150.661041427789,,,track,,grade3,,,,,,private,,,,,,,,,,True,True,True,surface_unknown,44,1
buffer_5km:3146,osm:3744215526,osm:3746263735,370734688,34.34325284328109,,,track,,grade3,,,,,,private,,,,,,,,,,True,True,True,surface_unknown,1,1
buffer_5km:3147,osm:3744215548,osm:3744215567,370731711,951.8783363094349,,,track,,grade3,,,,,,private,,,,,,,,,,True,True,True,surface_unknown,9,1
buffer_5km:3148,osm:3744215548,osm:3744215565,370731720,1309.2443131997059,,,track,,grade3,,,,,,private,,,,,,,,,,True,True,True,surface_unknown,18,1
buffer_5km:3149,osm:3744215565,osm:3744247553,370734688,898.1732049237718,,,track,,grade3,,,,,,private,,,,,,,,,,True,True,True,surface_unknown,10,1
buffer_5km:3150,osm:3744215565,osm:3746263735,370734688,471.1406530657934,,,track,,grade3,,,,,,private,,,,,,,,,,True,True,True,surface_unknown,8,1
buffer_5km:3151,osm:3744215566,osm:3744215567,370731721,59.738540626068186,,,track,dirt,grade3,,,,,,private,,,,,,,,,,True,True,True,earth_sand,1,1
buffer_5km:3152,osm:3744215566,osm:3744215570,370731722,74.58691869277786,,,track,dirt,grade3,,,,,,private,,,,,,,,,,True,True,True,earth_sand,3,1
buffer_5km:3153,osm:3744215566,osm:3744247492,370731723,644.3795686312208,,,track,,grade3,,,,,,private,,,,,,,,,,True,True,True,surface_unknown,2,1
buffer_5km:3154,osm:3744215567,osm:3744215570,370731711,73.70717810182076,,,track,,grade3,,,,,,private,,,,,,,,,,True,True,True,surface_unknown,1,1
buffer_5km:3155,osm:3744215570,osm:3744215614,370731711,1744.7001669634105,,,track,,grade3,,,,,,private,,,,,,,,,,True,True,True,surface_unknown,15,1
buffer_5km:3156,osm:3744215574,osm:3744247513,370731723,524.9233546499568,,,track,,grade3,,,,,,private,,,,,,,,,,True,True,True,surface_unknown,4,1
buffer_5km:3157,osm:3744215574,osm:3744247492,370731723,423.3865822377228,,,track,,grade3,,,,,,private,,,,,,,,,,True,True,True,surface_unknown,3,1
buffer_5km:3158,osm:3744215574,osm:3744247065,370734675,2190.636260922354,,,track,,grade3,,,,,,private,,,,,,,,,,True,True,True,surface_unknown,40,1
buffer_5km:3159,osm:3744215595,osm:3746264546,370731723,52.90325506602569,,,track,,grade3,,,,,,private,,,,,,,,,,True,True,True,surface_unknown,1,1
buffer_5km:3160,osm:3744215595,osm:3746264249,370731723,1857.7479592435543,,,track,,grade3,,,,,,private,,,,,,,,,,True,True,True,surface_unknown,13,1
buffer_5km:3161,osm:3744215595,osm:3746264744,370968881,1314.102159783348,,,track,,grade3,,,,,,private,,,,,,,,,,True,True,True,surface_unknown,32,1
buffer_5km:3162,osm:3744215601,osm:3746264618,370600453,505.03447761921086,,P2763,unclassified,unpaved,grade3,,,,,,private,,,,,,,,,,True,True,True,other_unpaved,6,1
buffer_5km:3163,osm:3744215601,osm:3746264546,370731723,667.5761444514638,,,track,,grade3,,,,,,private,,,,,,,,,,True,True,True,surface_unknown,13,1
buffer_5km:3164,osm:3744215601,osm:3744215607,1093778222,248.3340888253891,,,track,,grade3,,,,,,private,,,,,,,,,,True,True,True,surface_unknown,6,1
buffer_5km:3165,osm:3744215607,osm:3746264773,370734684,395.3648284509352,,,track,,grade3,,,,,,private,,,,,,,,,,True,True,True,surface_unknown,4,1
buffer_5km:3166,osm:3744215614,osm:3744246213,370731711,1551.52503698245,,,track,,grade3,,,,,,private,,,,,,,,,,True,True,True,surface_unknown,7,1
buffer_5km:3167,osm:3744215614,osm:3744215626,370731725,2094.0122103956382,,,track,,grade3,,,,,,private,,,,,,,,,,True,True,True,surface_unknown,12,1
buffer_5km:3168,osm:3744215626,osm:3744246213,370734675,2458.3288895901105,,,track,,grade3,,,,,,private,,,,,,,,,,True,True,True,surface_unknown,51,1
buffer_5km:3169,osm:3744215626,osm:3744247065,370734675,36.87863599279065,,,track,,grade3,,,,,,private,,,,,,,,,,True,True,True,surface_unknown,2,1
buffer_5km:3170,osm:3744246213,osm:3744247105,370731711,184.48817030936544,,,track,,grade3,,,,,,private,,,,,,,,,,True,True,True,surface_unknown,2,1
buffer_5km:3171,osm:3744247065,osm:3744247225,370734680,48.03225879663726,,,track,,,,,,,,private,,,,,,,,,,True,True,True,surface_unknown,2,1
buffer_5km:3172,osm:3744247105,osm:3744247134,370731711,1716.2822675566204,,,track,,grade3,,,,,,private,,,,,,,,,,True,True,True,surface_unknown,34,1
buffer_5km:3173,osm:3744247105,osm:3744247491,370734676,115.00312237164945,,,track,,grade3,,,,,,private,,,,,,,,,,True,True,True,surface_unknown,3,1
buffer_5km:3174,osm:3744247133,osm:3744247491,370734676,1994.4700582883377,,,track,,grade3,,,,,,private,,,,,,,,,,True,True,True,surface_unknown,26,1
buffer_5km:3175,osm:3744247133,osm:3744247288,370734677,7.187973566509198,,,track,,grade3,,,,,,private,,,,,,,,,,True,True,True,surface_unknown,1,1
buffer_5km:3176,osm:3744247133,osm:3744247306,370734677,733.766569464895,,,track,,grade3,,,,,,private,,,,,,,,,,True,True,True,surface_unknown,7,1
buffer_5km:3177,osm:3744247134,osm:3744247227,370731711,1964.760454273183,,,track,,grade3,,,,,,private,,,,,,,,,,True,True,True,surface_unknown,65,1
buffer_5km:3178,osm:3744247134,osm:3744247152,370734677,852.3219361389063,,,track,,grade3,,,,,,private,,,,,,,,,,True,True,True,surface_unknown,18,1
buffer_5km:3179,osm:3744247152,osm:3744247174,370734677,508.50020278576494,,,track,,grade3,,,,,,private,,,,,,,,,,True,True,True,surface_unknown,13,1
buffer_5km:3180,osm:3744247152,osm:3744247174,370734678,394.14051534465483,,,track,,grade3,,,,,,private,,,,,,,,,,True,True,True,surface_unknown,8,1
buffer_5km:3181,osm:3744247174,osm:3744247261,370734677,20.494731238322032,,,track,,grade3,,,,,,private,,,,,,,,,,True,True,True,surface_unknown,2,1
buffer_5km:3182,osm:3744247225,osm:3744247470,370734677,909.6938861140253,,,track,,grade3,,,,,,private,,,,,,,,,,True,True,True,surface_unknown,10,1
buffer_5km:3183,osm:3744247225,osm:3744247618,1210926791,73.47699706447806,,,track,,grade3,,,,,,private,,,,,,,,,,True,True,True,surface_unknown,1,1
buffer_5km:3184,osm:3744247227,osm:3744247262,370731711,374.68823208608524,,,track,,grade3,,,,,,private,,,,,,,,,,True,True,True,surface_unknown,17,1
buffer_5km:3185,osm:3744247227,osm:3744247261,370734681,861.6793826907891,,,track,,grade3,,,,,,private,,,,,,,,,,True,True,True,surface_unknown,34,1
buffer_5km:3186,osm:3744247261,osm:3744247288,370734677,963.6167121541381,,,track,,grade3,,,,,,private,,,,,,,,,,True,True,True,surface_unknown,23,1
buffer_5km:3187,osm:3744247262,osm:3744305281,370731711,2344.684947158914,,,track,,grade3,,,,,,private,,,,,,,,,,True,True,True,surface_unknown,57,1
buffer_5km:3188,osm:3744247262,osm:3744247286,370734682,1140.914914983583,,,track,,grade3,,,,,,private,,,,,,,,,,True,True,True,surface_unknown,24,1
buffer_5km:3189,osm:3744247286,osm:3744247432,370734682,509.50133402226373,,,track,,grade3,,,,,,private,,,,,,,,,,True,True,True,surface_unknown,5,1
buffer_5km:3190,osm:3744247286,osm:3744247288,370734683,260.8135068427154,,,track,,grade3,,,,,,private,,,,,,,,,,True,True,True,surface_unknown,6,1
buffer_5km:3191,osm:3744247305,osm:3744247440,370734682,1343.6740620338674,,,track,,grade3,,,,,,private,,,,,,,,,,True,True,True,surface_unknown,8,1
buffer_5km:3192,osm:3744247305,osm:3744247308,370734684,1751.1431367176913,,,track,,grade3,,,,,,private,,,,,,,,,,True,True,True,surface_unknown,12,1
buffer_5km:3193,osm:3744247305,osm:3746264773,370734684,289.7644086071143,,,track,,grade3,,,,,,private,,,,,,,,,,True,True,True,surface_unknown,4,1
buffer_5km:3194,osm:3744247305,osm:3746264744,370734687,826.2380092510217,,,track,,grade3,,,,,,private,,,,,,,,,,True,True,True,surface_unknown,8,1
buffer_5km:3195,osm:3744247305,osm:3744305281,370740779,1906.4189143783055,,,track,,grade3,,,,,,private,,,,,,,,,,True,True,True,surface_unknown,13,1
buffer_5km:3196,osm:3744247306,osm:3744247470,370734677,338.3914644503143,,,track,,grade3,,,,,,private,,,,,,,,,,True,True,True,surface_unknown,5,1
buffer_5km:3197,osm:3744247306,osm:3744247308,370734684,73.86864468661457,,,track,,grade3,,,,,,private,,,,,,,,,,True,True,True,surface_unknown,1,1
buffer_5km:3198,osm:3744247308,osm:3744247429,370734685,819.1176863589192,,,track,,grade3,,,,,,private,,,,,,,,,,True,True,True,surface_unknown,21,1
buffer_5km:3199,osm:3744247429,osm:3744247432,370734685,95.08797803502603,,,track,,grade3,,,,,,private,,,,,,,,,,True,True,True,surface_unknown,3,1
buffer_5km:3200,osm:3744247429,osm:3744247440,370734686,225.4172829135726,,,track,,grade3,,,,,,private,,,,,,,,,,True,True,True,surface_unknown,8,1
buffer_5km:3201,osm:3744247432,osm:3744247440,370734682,123.34086317791524,,,track,,grade3,,,,,,private,,,,,,,,,,True,True,True,surface_unknown,2,1
buffer_5km:3202,osm:3744247470,osm:3746264744,370734687,1066.643544881102,,,track,,grade3,,,,,,private,,,,,,,,,,True,True,True,surface_unknown,10,1
buffer_5km:3203,osm:3744247470,osm:3744247491,370734687,1980.9860674124934,,,track,,grade3,,,,,,private,,,,,,,,,,True,True,True,surface_unknown,21,1
buffer_5km:3204,osm:3744247492,osm:3744247553,370734688,536.6480643760201,,,track,,grade3,,,,,,private,,,,,,,,,,True,True,True,surface_unknown,5,1
buffer_5km:3205,osm:3744247513,osm:3746264249,370731723,920.6489431458023,,,track,,grade3,,,,,,private,,,,,,,,,,True,True,True,surface_unknown,8,1
buffer_5km:3206,osm:3744247513,osm:3744247533,370734689,375.84000555229886,,,track,,grade3,,,,,,private,,,,,,,,,,True,True,True,surface_unknown,9,1
buffer_5km:3207,osm:3744247523,osm:3744247533,370734689,34.19671774072754,,,track,,grade3,,,,,,private,,,,,,,,,,True,True,True,surface_unknown,2,1
buffer_5km:3208,osm:3744247523,osm:3744247553,370734689,840.5047594542951,,,track,,grade3,,,,,,private,,,,,,,,,,True,True,True,surface_unknown,20,1
buffer_5km:3209,osm:3744247523,osm:3744247575,370734690,589.7691092586853,,,track,,grade3,,,,,,private,,,,,,,,,,True,True,True,surface_unknown,21,1
buffer_5km:3210,osm:3744247533,osm:3744247617,370734691,1916.5886082729587,,,track,,grade3,,,,,,private,,,,,,,,,,True,True,True,surface_unknown,48,1
buffer_5km:3211,osm:3744247617,osm:3748197943,371241972,3.058991635541737,,,track,,grade3,,,,,,private,,,,,,,,,,True,True,True,surface_unknown,1,1
buffer_5km:3212,osm:3744247617,osm:3746264249,371241972,1233.044741175128,,,track,,grade3,,,,,,private,,,,,,,,,,True,True,True,surface_unknown,8,1
buffer_5km:3213,osm:3744247617,osm:3748198185,371242022,1655.2264119791932,,,track,,grade3,,,,,,private,,,,,,,,,,True,True,True,surface_unknown,19,1
buffer_5km:3214,osm:3744305281,osm:3744305301,370731711,2563.533371981166,,,track,,grade3,,,,,,private,,,,,,,,,,True,True,True,surface_unknown,11,1
buffer_5km:3215,osm:3744305301,osm:3746264773,370740784,2093.755053391786,,,track,,grade3,,,,,,private,,,,,,,,,,True,True,True,surface_unknown,9,1
buffer_5km:3216,osm:3745901596,osm:3745901600,370731713,1289.9286365294865,,,track,,grade3,,,,,,private,,,,,,,,,,True,True,True,surface_unknown,4,1
buffer_5km:3217,osm:3745901596,osm:3745902528,370731713,1920.9976616974357,,,track,,grade3,,,,,,private,,,,,,,,,,True,True,True,surface_unknown,5,1
buffer_5km:3218,osm:3745901596,osm:3745902603,370927194,827.8198893598417,,,track,,grade3,,,,,,private,,,,,,,,,,True,True,True,surface_unknown,7,1
buffer_5km:3219,osm:3745901600,osm:3745901603,370731713,1155.6690692942725,,,track,,grade3,,,,,,private,,,,,,,,,,True,True,True,surface_unknown,3,1
buffer_5km:3220,osm:3745901600,osm:3745902663,370927186,1139.7900448036378,,,track,,grade3,,,,,,private,,,,,,,,,,True,True,True,surface_unknown,4,1
buffer_5km:3221,osm:3745901603,osm:3745901607,370731713,1280.6769934349704,,,track,,grade3,,,,,,private,,,,,,,,,,True,True,True,surface_unknown,4,1
buffer_5km:3222,osm:3745901603,osm:3745902807,370927175,2071.504692840739,,,track,,grade3,,,,,,private,,,,,,,,,,True,True,True,surface_unknown,41,1
buffer_5km:3223,osm:3745901607,osm:3745901610,370731713,970.5468337193211,,,track,,grade3,,,,,,private,,,,,,,,,,True,True,True,surface_unknown,3,1
buffer_5km:3224,osm:3745901607,osm:3745902758,370927166,1833.240906336796,,,track,,grade3,,,,,,private,,,,,,,,,,True,True,True,surface_unknown,23,1
buffer_5km:3225,osm:3745901610,osm:3745901613,370731713,1054.8039644324508,,,track,,grade3,,,,,,private,,,,,,,,,,True,True,True,surface_unknown,3,1
buffer_5km:3226,osm:3745901610,osm:3745902582,370927180,483.329625676461,,,track,,grade3,,,,,,private,,,,,,,,,,True,True,True,surface_unknown,4,1
buffer_5km:3227,osm:3745901613,osm:3745901621,370731713,2501.947084868737,,,track,,grade3,,,,,,private,,,,,,,,,,True,True,True,surface_unknown,6,1
buffer_5km:3228,osm:3745901613,osm:3751433384,370927176,3436.4895240383426,,,track,,grade3,,,,,,private,,,,,,,,,,True,True,True,surface_unknown,16,1
buffer_5km:3229,osm:3745901621,osm:3745902532,370731713,3199.6861603695857,,,track,,grade3,,,,,,private,,,,,,,,,,True,True,True,surface_unknown,5,1
buffer_5km:3230,osm:3745901621,osm:3751454987,370927187,1711.1647701954691,,,track,,grade3,,,,,,private,,,,,,,,,,True,True,True,surface_unknown,22,1
buffer_5km:3231,osm:3745902528,osm:3751333339,370731713,632.9140555868031,,,track,,grade3,,,,,,private,,,,,,,,,,True,True,True,surface_unknown,2,1
buffer_5km:3232,osm:3745902528,osm:3745902651,370927151,1202.5278964681218,,,track,,grade3,,,,,,private,,,,,,,,,,True,True,True,surface_unknown,39,1
buffer_5km:3233,osm:3745902532,osm:3751495287,370731713,2642.5559377881577,,,track,,grade3,,,,,,private,,,,,,,,,,True,True,True,surface_unknown,8,1
buffer_5km:3234,osm:3745902532,osm:3751455014,370927192,2231.640630612143,,,track,,grade3,,,,,,private,,,,,,,,,,True,True,True,surface_unknown,33,1
buffer_5km:3235,osm:3745902582,osm:3751422521,370927177,1302.313104915882,,,track,,grade3,,,,,,private,,,,,,,,,,True,True,True,surface_unknown,16,1
buffer_5km:3236,osm:3745902603,osm:3745902651,370927149,1168.4842175325396,,,track,,grade3,,,,,,private,,,,,,,,,,True,True,True,surface_unknown,10,1
buffer_5km:3237,osm:3745902630,osm:3745902663,370927148,170.91826424442527,,,track,,grade3,,,,,,private,,,,,,,,,,True,True,True,surface_unknown,3,1
buffer_5km:3238,osm:3745902651,osm:3745902665,370927149,88.62971361540752,,,track,,grade3,,,,,,private,,,,,,,,,,True,True,True,surface_unknown,3,1
buffer_5km:3239,osm:3745902651,osm:3745903159,370927151,3286.407334162812,,,track,,grade3,,,,,,private,,,,,,,,,,True,True,True,surface_unknown,65,1
buffer_5km:3240,osm:3745902663,osm:3745902679,370927148,124.57469095623536,,,track,,grade3,,,,,,private,,,,,,,,,,True,True,True,surface_unknown,5,1
buffer_5km:3241,osm:3745902663,osm:3751342425,370927186,1440.1801127271658,,,track,,grade3,,,,,,private,,,,,,,,,,True,True,True,surface_unknown,5,1
buffer_5km:3242,osm:3745902665,osm:3745902684,370927149,120.54020549039832,,,track,,grade3,,,,,,private,,,,,,,,,,True,True,True,surface_unknown,3,1
buffer_5km:3243,osm:3745902665,osm:3751333339,370927152,1604.9919188277372,,,track,,grade3,,,,,,private,,,,,,,,,,True,True,True,surface_unknown,60,1
buffer_5km:3244,osm:3745902679,osm:3745902696,370927148,95.69613108709541,,,track,,grade3,,,,,,private,,,,,,,,,,True,True,True,surface_unknown,3,1
buffer_5km:3245,osm:3745902679,osm:3745902691,370927188,194.33113009197356,,,track,,grade3,,,,,,private,,,,,,,,,,True,True,True,surface_unknown,6,1
buffer_5km:3246,osm:3745902684,osm:3751337414,371573714,951.1910113402778,,,track,,grade3,,,,,,private,,,,,,,,,,True,True,True,surface_unknown,21,1
buffer_5km:3247,osm:3745902696,osm:3745903096,370927161,2412.9760423313387,,,track,,grade3,,,,,,private,,,,,,,,,,True,True,True,surface_unknown,68,1
buffer_5km:3248,osm:3745902758,osm:3745902783,370726118,244.57170814959733,,,track,,grade3,,,,,,private,,,,,,,,,,True,True,True,surface_unknown,8,1
buffer_5km:3249,osm:3745902758,osm:3745902762,370726118,1270.0603248765622,,,track,,grade3,,,,,,private,,,,,,,,,,True,True,True,surface_unknown,27,1
buffer_5km:3250,osm:3745902758,osm:3745903037,370927166,996.5107671863902,,,track,,grade3,,,,,,private,,,,,,,,,,True,True,True,surface_unknown,9,1
buffer_5km:3251,osm:3745902762,osm:3751433360,370726118,1760.3311675396017,,,track,,grade3,,,,,,private,,,,,,,,,,True,True,True,surface_unknown,27,1
buffer_5km:3252,osm:3745902762,osm:3751422521,371580634,23.430596680756977,,,track,,grade3,,,,,,private,,,,,,,,,,True,True,True,surface_unknown,1,1
buffer_5km:3253,osm:3745902783,osm:3745902812,370927162,311.42220189020463,,,track,,grade3,,,,,,private,,,,,,,,,,True,True,True,surface_unknown,6,1
buffer_5km:3254,osm:3745902798,osm:3745902807,370927171,213.93190435474418,,,track,,grade3,,,,,,private,,,,,,,,,,True,True,True,surface_unknown,3,1
buffer_5km:3255,osm:3745902807,osm:3745902812,370927175,43.729140893010836,,,track,,grade3,,,,,,private,,,,,,,,,,True,True,True,surface_unknown,3,1
buffer_5km:3256,osm:3745902812,osm:3745903037,370927162,810.8134143104005,,,track,,grade3,,,,,,private,,,,,,,,,,True,True,True,surface_unknown,17,1
buffer_5km:3257,osm:3745902981,osm:3748197668,371241990,1152.7266698848684,,,track,,grade3,,,,,,private,,,,,,,,,,True,True,True,surface_unknown,15,1
buffer_5km:3258,osm:3745902981,osm:3748197417,371573010,113.75244724795215,,,track,,grade3,,,,,,private,,,,,,,,,,True,True,True,surface_unknown,2,1
buffer_5km:3259,osm:3745902986,osm:3745903031,370927199,241.2720878785355,,,track,,grade3,,,,,,private,,,,,,,,,,True,True,True,surface_unknown,8,1
buffer_5km:3260,osm:3745902986,osm:3751445767,371583178,1209.3628694100964,,,track,,grade3,,,,,,private,,,,,,,,,,True,True,True,surface_unknown,17,1
buffer_5km:3261,osm:3745902996,osm:3755009643,370927168,161.65722040956285,,,track,,grade3,,,,,,private,,,,,,,,,,True,True,True,surface_unknown,5,1
buffer_5km:3262,osm:3745902996,osm:3751455014,370927192,338.05694733492123,,,track,,grade3,,,,,,private,,,,,,,,,,True,True,True,surface_unknown,6,1
buffer_5km:3263,osm:3745902996,osm:3745903106,370927192,661.5104979130637,,,track,,grade3,,,,,,private,,,,,,,,,,True,True,True,surface_unknown,10,1
buffer_5km:3264,osm:3745903031,osm:3751445809,370927168,1366.4289375892215,,,track,,grade3,,,,,,private,,,,,,,,,,True,True,True,surface_unknown,25,1
buffer_5km:3265,osm:3745903031,osm:3745903050,370927168,163.32602310196526,,,track,,grade3,,,,,,private,,,,,,,,,,True,True,True,surface_unknown,3,1
buffer_5km:3266,osm:3745903037,osm:3745903096,370927162,240.73206261658677,,,track,,grade3,,,,,,private,,,,,,,,,,True,True,True,surface_unknown,5,1
buffer_5km:3267,osm:3745903039,osm:3745903050,370927181,300.91386343097156,,,track,,grade3,,,,,,private,,,,,,,,,,True,True,True,surface_unknown,4,1
buffer_5km:3268,osm:3745903039,osm:3745903205,370927181,927.5188386343119,,,track,,grade3,,,,,,private,,,,,,,,,,True,True,True,surface_unknown,11,1
buffer_5km:3269,osm:3745903039,osm:3751447179,371581643,1094.8781917578585,,,track,,grade3,,,,,,private,,,,,,,,,,True,True,True,surface_unknown,17,1
buffer_5km:3270,osm:3745903050,osm:3755009643,370927168,2101.223364185907,,,track,,grade3,,,,,,private,,,,,,,,,,True,True,True,surface_unknown,25,1
buffer_5km:3271,osm:3745903087,osm:3745903205,370927200,653.6448399472134,,,track,,grade3,,,,,,private,,,,,,,,,,True,True,True,surface_unknown,8,1
buffer_5km:3272,osm:3745903096,osm:3745903097,370927161,5.82803277353843,,,track,,grade3,,,,,,private,,,,,,,,,,True,True,True,surface_unknown,1,1
buffer_5km:3273,osm:3745903097,osm:3751342440,370927153,5.880156422697753,,,track,,grade3,,,,,,private,,,,,,,,,,True,True,True,surface_unknown,1,1
buffer_5km:3274,osm:3745903097,osm:3751433344,370927161,6.425275359236906,,,track,,grade3,,,,,,private,,,,,,,,,,True,True,True,surface_unknown,1,1
buffer_5km:3275,osm:3745903106,osm:3751463029,370927184,508.42846622626416,,,track,,grade3,,,,,,private,,,,,,,,,,True,True,True,surface_unknown,6,1
buffer_5km:3276,osm:3745903106,osm:3751463052,370927192,634.5565110102904,,,track,,grade3,,,,,,private,,,,,,,,,,True,True,True,surface_unknown,9,1
buffer_5km:3277,osm:3745903159,osm:3745903397,370927151,1856.285387623959,,,track,,grade3,,,,,,private,,,,,,,,,,True,True,True,surface_unknown,24,1
buffer_5km:3278,osm:3745903159,osm:3745903179,370927189,155.09032656057008,,,track,,grade3,,,,,,private,,,,,,,,,,True,True,True,surface_unknown,2,1
buffer_5km:3279,osm:3745903159,osm:3751342425,370927189,973.524821618448,,,track,,grade3,,,,,,private,,,,,,,,,,True,True,True,surface_unknown,17,1
buffer_5km:3280,osm:3745903179,osm:3751340005,371573718,531.1303744337076,,,track,,grade3,,,,,,private,,,,,,,,,,True,True,True,surface_unknown,13,1
buffer_5km:3281,osm:3745903204,osm:3751433360,370726118,544.9419226741097,,,track,,grade3,,,,,,private,,,,,,,,,,True,True,True,surface_unknown,8,1
buffer_5km:3282,osm:3745903204,osm:3745903410,370726118,1000.8992621690933,,,track,,grade3,,,,,,private,,,,,,,,,,True,True,True,surface_unknown,15,1
buffer_5km:3283,osm:3745903204,osm:3751433344,370927161,706.7661663310428,,,track,,grade3,,,,,,private,,,,,,,,,,True,True,True,surface_unknown,14,1
buffer_5km:3284,osm:3745903337,osm:3745903350,370927165,131.5345714420501,,,track,,grade3,,,,,,private,,,,,,,,,,True,True,True,surface_unknown,3,1
buffer_5km:3285,osm:3745903337,osm:3751433384,370927165,1433.3899832513307,,,track,,grade3,,,,,,private,,,,,,,,,,True,True,True,surface_unknown,25,1
buffer_5km:3286,osm:3745903337,osm:3751433405,370927177,215.49644605440602,,,track,,grade3,,,,,,private,,,,,,,,,,True,True,True,surface_unknown,5,1
buffer_5km:3287,osm:3745903350,osm:3745903400,370927155,972.4514655571938,,,track,,grade3,,,,,,private,,,,,,,,,,True,True,True,surface_unknown,18,1
buffer_5km:3288,osm:3745903350,osm:3745903378,370927165,1147.7794696588212,,,track,,grade3,,,,,,private,,,,,,,,,,True,True,True,surface_unknown,25,1
buffer_5km:3289,osm:3745903378,osm:3745903400,370927158,233.3433346703093,,,track,,grade3,,,,,,private,,,,,,,,,,True,True,True,surface_unknown,3,1
buffer_5km:3290,osm:3745903397,osm:3745903410,370927151,199.80656246726858,,,track,,grade3,,,,,,private,,,,,,,,,,True,True,True,surface_unknown,5,1
buffer_5km:3291,osm:3745903397,osm:3751342440,370927153,1441.6737273281756,,,track,,grade3,,,,,,private,,,,,,,,,,True,True,True,surface_unknown,13,1
buffer_5km:3292,osm:3745903400,osm:3745903431,370927158,739.745087907473,,,track,,grade3,,,,,,private,,,,,,,,,,True,True,True,surface_unknown,6,1
buffer_5km:3293,osm:3745903410,osm:3745903412,370726118,17.48657350335827,,,track,,grade3,,,,,,private,,,,,,,,,,True,True,True,surface_unknown,1,1
buffer_5km:3294,osm:3745903412,osm:3745903420,370927173,236.73539340412427,,,track,,grade3,,,,,,private,,,,,,,,,,True,True,True,surface_unknown,2,1
buffer_5km:3295,osm:3745903420,osm:3745903435,370927172,104.5148327504581,,,track,,grade3,,,,,,private,,,,,,,,,,True,True,True,surface_unknown,3,1
buffer_5km:3296,osm:3745903420,osm:3745903431,370927173,104.51038152997215,,,track,,grade3,,,,,,private,,,,,,,,,,True,True,True,surface_unknown,1,1
buffer_5km:3297,osm:3745903431,osm:3745903435,370927158,76.19858185544447,,,track,,grade3,,,,,,private,,,,,,,,,,True,True,True,surface_unknown,1,1
buffer_5km:3298,osm:3745903435,osm:3745903447,370927158,266.5776586719233,,,track,,grade3,,,,,,private,,,,,,,,,,True,True,True,surface_unknown,5,1
buffer_5km:3299,osm:3745903446,osm:3745903451,370726118,38.79121503628529,,,track,,grade3,,,,,,private,,,,,,,,,,True,True,True,surface_unknown,2,1
buffer_5km:3300,osm:3745903447,osm:3745903455,370927158,93.72281944582681,,,track,,grade3,,,,,,private,,,,,,,,,,True,True,True,surface_unknown,5,1
buffer_5km:3301,osm:3745903447,osm:3745903461,370927170,121.8283699042849,,,track,,grade3,,,,,,private,,,,,,,,,,True,True,True,surface_unknown,3,1
buffer_5km:3302,osm:3745903451,osm:3751544943,370726118,244.57592855870948,,,track,,grade3,,,,,,private,,,,,,,,,,True,True,True,surface_unknown,9,1
buffer_5km:3303,osm:3745903451,osm:3745903455,370927198,19.38347077783224,,,track,,grade3,,,,,,private,,,,,,,,,,True,True,True,surface_unknown,1,1
buffer_5km:3304,osm:3745903455,osm:3745903461,370927198,116.5956324279683,,,track,,grade3,,,,,,private,,,,,,,,,,True,True,True,surface_unknown,3,1
buffer_5km:3305,osm:3745903512,osm:3745903687,370927160,2089.8357734434126,,,track,,grade3,,,,,,private,,,,,,,,,,True,True,True,surface_unknown,20,1
buffer_5km:3306,osm:3745903512,osm:3745903627,370927201,1386.7252431437403,,,track,,grade3,,,,,,private,,,,,,,,,,True,True,True,surface_unknown,46,1
buffer_5km:3307,osm:3745903627,osm:3745903637,370927147,136.14693826514048,,,track,,grade3,,,,,,private,,,,,,,,,,True,True,True,surface_unknown,9,1
buffer_5km:3308,osm:3745903627,osm:3745903695,370927201,1564.2109403676664,,,track,,grade3,,,,,,private,,,,,,,,,,True,True,True,surface_unknown,43,1
buffer_5km:3309,osm:3745903687,osm:3746264584,370600454,1251.9115023775041,,,track,,grade3,,,,,,private,,,,,,,,,,True,True,True,surface_unknown,10,1
buffer_5km:3310,osm:3745903687,osm:3746264830,370600454,209.26033459176222,,,track,,grade3,,,,,,private,,,,,,,,,,True,True,True,surface_unknown,2,1
buffer_5km:3311,osm:3745903695,osm:3785984614,370600453,654.1519774183685,,P2763,unclassified,unpaved,grade3,,,,,,private,,,,,,,,,,True,True,True,other_unpaved,3,1
buffer_5km:3312,osm:3745903695,osm:3785987682,370600453,1220.8527317734074,,P2763,unclassified,unpaved,grade3,,,,,,private,,,,,,,,,,True,True,True,other_unpaved,5,1
buffer_5km:3313,osm:3745903695,osm:3785984584,375213510,1248.1690543973039,,,track,,grade3,,,,,,private,,,,,,,,,,True,True,True,surface_unknown,23,1
buffer_5km:3314,osm:3746263735,osm:3748197669,371241969,72.58127208332044,,,track,,grade3,,,,,,private,,,,,,,,,,True,True,True,surface_unknown,5,1
buffer_5km:3315,osm:3746264546,osm:3748198185,371242044,890.5401770483174,,,track,,grade3,,,,,,private,,,,,,,,,,True,True,True,surface_unknown,8,1
buffer_5km:3316,osm:3746264618,osm:3748198322,371241999,438.35220762340947,,,track,,grade3,,,,,,private,,,,,,,,,,True,True,True,surface_unknown,13,1
buffer_5km:3317,osm:3746264748,osm:3785984557,370600453,33.88028514533169,,P2763,unclassified,unpaved,grade3,,,,,,private,,,,,,,,,,True,True,True,other_unpaved,1,1
buffer_5km:3318,osm:3746264748,osm:3748198243,371242079,1367.4894115809425,,,track,,grade3,,,,,,private,,,,,,,,,,True,True,True,surface_unknown,6,1
buffer_5km:3319,osm:3746264830,osm:3746264842,370600454,287.0378269336496,,,track,,grade3,,,,,,private,,,,,,,,,,True,True,True,surface_unknown,8,1
buffer_5km:3320,osm:3746264842,osm:3746264843,370600454,18.1542751013297,,,track,,grade3,,,,,,private,,,,,,,,,,True,True,True,surface_unknown,1,1
buffer_5km:3321,osm:3746264842,osm:3746264844,370968889,25.329121935535024,,,track,,grade3,,,,,,private,,,,,,,,,,True,True,True,surface_unknown,1,1
buffer_5km:3322,osm:3746264843,osm:3746264844,371242075,17.20736115646126,,,track,,grade3,,,,,,private,,,,,,,,,,True,True,True,surface_unknown,1,1
buffer_5km:3323,osm:3746264844,osm:3746264849,370968889,112.31760807575125,,,track,,grade3,,,,,,private,,,,,,,,,,True,True,True,surface_unknown,2,1
buffer_5km:3324,osm:3746264849,osm:3785984647,370600453,7.8794971960097895,,P2763,unclassified,unpaved,grade3,,,,,,private,,,,,,,,,,True,True,True,other_unpaved,1,1
buffer_5km:3325,osm:3746264862,osm:3785984647,370600453,1165.6421968694503,,P2763,unclassified,unpaved,grade3,,,,,,private,,,,,,,,,,True,True,True,other_unpaved,6,1
buffer_5km:3326,osm:3746267469,osm:3789112489,554300267,21.457651685080375,,,service,ground,grade3,,,,,,private,,,,,,,,,,True,True,True,earth_sand,1,1
buffer_5km:3327,osm:3746267470,osm:4212514317,370968838,118.14375408378618,,,track,,grade3,,,,,,private,,,,,,,,,,True,True,True,surface_unknown,5,1
buffer_5km:3328,osm:3746267470,osm:4212513872,554300268,501.19284176371826,,,service,unpaved,grade3,,,,,,,,,,,,,,,,True,True,False,other_unpaved,8,1
buffer_5km:3329,osm:3748196995,osm:3748197000,370731711,876.9201898904953,,,track,,grade3,,,,,,private,,,,,,,,,,True,True,True,surface_unknown,2,1
buffer_5km:3330,osm:3748196995,osm:3751422467,370731711,647.2224315290482,,,track,,grade3,,,,,,private,,,,,,,,,,True,True,True,surface_unknown,2,1
buffer_5km:3331,osm:3748196995,osm:3748197251,371242060,1357.6044635302676,,,track,,grade3,,,,,,private,,,,,,,,,,True,True,True,surface_unknown,42,1
buffer_5km:3332,osm:3748197000,osm:3748197001,370731711,10.537189182167136,,,track,,grade3,,,,,,private,,,,,,,,,,True,True,True,surface_unknown,2,1
buffer_5km:3333,osm:3748197000,osm:3748197317,371242014,1057.4316641452672,,,track,,grade3,,,,,,private,,,,,,,,,,True,True,True,surface_unknown,5,1
buffer_5km:3334,osm:3748197001,osm:3748197017,370731711,3235.486000832292,,,track,,grade3,,,,,,private,,,,,,,,,,True,True,True,surface_unknown,6,1
buffer_5km:3335,osm:3748197001,osm:3748197370,371242041,1284.372423144096,,,track,,grade3,,,,,,private,,,,,,,,,,True,True,True,surface_unknown,9,1
buffer_5km:3336,osm:3748197017,osm:3748197023,370731711,929.0187811295456,,,track,,grade3,,,,,,private,,,,,,,,,,True,True,True,surface_unknown,2,1
buffer_5km:3337,osm:3748197017,osm:3748197537,371241983,2348.7173149474092,,,track,,grade3,,,,,,private,,,,,,,,,,True,True,True,surface_unknown,12,1
buffer_5km:3338,osm:3748197251,osm:3748197317,371242039,1319.5151517122579,,,track,,grade3,,,,,,private,,,,,,,,,,True,True,True,surface_unknown,41,1
buffer_5km:3339,osm:3748197251,osm:3748197340,371242060,340.75734392403353,,,track,,grade3,,,,,,private,,,,,,,,,,True,True,True,surface_unknown,9,1
buffer_5km:3340,osm:3748197271,osm:3748197423,371241959,741.0884503827523,,,track,,grade3,,,,,,private,,,,,,,,,,True,True,True,surface_unknown,5,1
buffer_5km:3341,osm:3748197271,osm:3751422467,371241959,1122.014737697547,,,track,,grade3,,,,,,private,,,,,,,,,,True,True,True,surface_unknown,4,1
buffer_5km:3342,osm:3748197271,osm:3748197340,371242046,332.9271317228968,,,track,,grade3,,,,,,private,,,,,,,,,,True,True,True,surface_unknown,4,1
buffer_5km:3343,osm:3748197275,osm:3748197349,371242049,235.64664400285073,,,track,,grade3,,,,,,private,,,,,,,,,,True,True,True,surface_unknown,2,1
buffer_5km:3344,osm:3748197317,osm:3748197469,371242014,758.769345380653,,,track,,grade3,,,,,,private,,,,,,,,,,True,True,True,surface_unknown,3,1
buffer_5km:3345,osm:3748197340,osm:3748197435,371242060,627.6658815520672,,,track,,grade3,,,,,,private,,,,,,,,,,True,True,True,surface_unknown,15,1
buffer_5km:3346,osm:3748197349,osm:3751412153,371242049,502.3875384981922,,,track,,grade3,,,,,,private,,,,,,,,,,True,True,True,surface_unknown,4,1
buffer_5km:3347,osm:3748197349,osm:3751412125,371242059,1922.8041077237483,,,track,,grade3,,,,,,private,,,,,,,,,,True,True,True,surface_unknown,61,1
buffer_5km:3348,osm:3748197370,osm:3748197566,371241986,2139.7367475361775,,,track,,grade3,,,,,,private,,,,,,,,,,True,True,True,surface_unknown,13,1
buffer_5km:3349,osm:3748197370,osm:3748197491,371242041,786.2860680997948,,,track,,grade3,,,,,,private,,,,,,,,,,True,True,True,surface_unknown,4,1
buffer_5km:3350,osm:3748197374,osm:3748197417,371242027,1080.1970248082912,,,track,,grade3,,,,,,private,,,,,,,,,,True,True,True,surface_unknown,28,1
buffer_5km:3351,osm:3748197374,osm:3748197374,371242027,60.37478461612985,,,track,,grade3,,,,,,private,,,,,,,,,,True,True,True,surface_unknown,5,1
buffer_5km:3352,osm:3748197401,osm:3751412125,371242059,3.138335708054533,,,track,,grade3,,,,,,private,,,,,,,,,,True,True,True,surface_unknown,1,1
buffer_5km:3353,osm:3748197423,osm:3748197528,371241959,588.3533733101069,,,track,,grade3,,,,,,private,,,,,,,,,,True,True,True,surface_unknown,4,1
buffer_5km:3354,osm:3748197423,osm:3748197426,371242058,20.03568326367217,,,track,,grade3,,,,,,private,,,,,,,,,,True,True,True,surface_unknown,1,1
buffer_5km:3355,osm:3748197423,osm:3751412153,371242058,8.271904013565972,,,track,,grade3,,,,,,private,,,,,,,,,,True,True,True,surface_unknown,1,1
buffer_5km:3356,osm:3748197426,osm:3748197435,371241967,521.3102008324075,,,track,,grade3,,,,,,private,,,,,,,,,,True,True,True,surface_unknown,4,1
buffer_5km:3357,osm:3748197426,osm:3748197438,371242058,528.1583487987131,,,track,,grade3,,,,,,private,,,,,,,,,,True,True,True,surface_unknown,2,1
buffer_5km:3358,osm:3748197435,osm:3748197469,371241967,1253.663061875896,,,track,,grade3,,,,,,private,,,,,,,,,,True,True,True,surface_unknown,6,1
buffer_5km:3359,osm:3748197438,osm:3748197604,371242045,958.5136333373139,,,track,,grade3,,,,,,private,,,,,,,,,,True,True,True,surface_unknown,22,1
buffer_5km:3360,osm:3748197438,osm:3748197450,371242058,457.0483944041978,,,track,,grade3,,,,,,private,,,,,,,,,,True,True,True,surface_unknown,2,1
buffer_5km:3361,osm:3748197450,osm:3748197472,371242019,789.2455720589046,,,track,,grade3,,,,,,private,,,,,,,,,,True,True,True,surface_unknown,2,1
buffer_5km:3362,osm:3748197469,osm:3748197472,371242014,4.0929595922639574,,,track,,grade3,,,,,,private,,,,,,,,,,True,True,True,surface_unknown,1,1
buffer_5km:3363,osm:3748197472,osm:3748197512,371242014,358.3675873244742,,,track,,grade3,,,,,,private,,,,,,,,,,True,True,True,surface_unknown,2,1
buffer_5km:3364,osm:3748197491,osm:3748197928,371242041,2009.532666193538,,,track,,grade3,,,,,,private,,,,,,,,,,True,True,True,surface_unknown,22,1
buffer_5km:3365,osm:3748197491,osm:3748197853,371242044,1732.4147929252226,,,track,,grade3,,,,,,private,,,,,,,,,,True,True,True,surface_unknown,19,1
buffer_5km:3366,osm:3748197512,osm:3748197879,371242014,1557.966943074723,,,track,,grade3,,,,,,private,,,,,,,,,,True,True,True,surface_unknown,16,1
buffer_5km:3367,osm:3748197512,osm:3748197604,371242053,1831.823809739224,,,track,,grade2,,,,,,private,,,,,,,,,,True,True,True,surface_unknown,53,1
buffer_5km:3368,osm:3748197528,osm:3748197811,371242087,1134.0885165357138,,,track,,grade3,,,,,,private,,,,,,,,,,True,True,True,surface_unknown,8,1
buffer_5km:3369,osm:3748197537,osm:3748197578,371241995,111.30631736154015,,,track,,grade3,,,,,,private,,,,,,,,,,True,True,True,surface_unknown,6,1
buffer_5km:3370,osm:3748197537,osm:3748197616,371241995,1346.3453212430736,,,track,,grade3,,,,,,private,,,,,,,,,,True,True,True,surface_unknown,7,1
buffer_5km:3371,osm:3748197566,osm:3748197612,371241995,327.47169612324126,,,track,,grade3,,,,,,private,,,,,,,,,,True,True,True,surface_unknown,2,1
buffer_5km:3372,osm:3748197566,osm:3748197578,371241995,43.28837719654817,,,track,,grade3,,,,,,private,,,,,,,,,,True,True,True,surface_unknown,2,1
buffer_5km:3373,osm:3748197578,osm:3748197889,371242043,1400.4628425717162,,,track,,grade3,,,,,,private,,,,,,,,,,True,True,True,surface_unknown,33,1
buffer_5km:3374,osm:3748197598,osm:3748197630,371242078,209.98188461280634,,,track,,grade3,,,,,,private,,,,,,,,,,True,True,True,surface_unknown,1,1
buffer_5km:3375,osm:3748197598,osm:3751337416,371573716,1624.9247589004578,,,track,,grade3,,,,,,private,,,,,,,,,,True,True,True,surface_unknown,21,1
buffer_5km:3376,osm:3748197604,osm:3748197769,371242045,794.1695070777009,,,track,,grade3,,,,,,private,,,,,,,,,,True,True,True,surface_unknown,21,1
buffer_5km:3377,osm:3748197612,osm:3748197816,371242011,1087.7361447633657,,,track,,grade3,,,,,,private,,,,,,,,,,True,True,True,surface_unknown,5,1
buffer_5km:3378,osm:3748197616,osm:3748197654,371241969,407.7797814933234,,,track,,grade3,,,,,,private,,,,,,,,,,True,True,True,surface_unknown,2,1
buffer_5km:3379,osm:3748197630,osm:3748197720,371242037,1793.3966274286618,,,track,,grade3,,,,,,private,,,,,,,,,,True,True,True,surface_unknown,15,1
buffer_5km:3380,osm:3748197630,osm:3748197645,371242078,46.81285769841334,,,track,,grade3,,,,,,private,,,,,,,,,,True,True,True,surface_unknown,2,1
buffer_5km:3381,osm:3748197654,osm:3748197668,371241969,143.1066412253962,,,track,,grade3,,,,,,private,,,,,,,,,,True,True,True,surface_unknown,2,1
buffer_5km:3382,osm:3748197654,osm:3748197889,371242052,1940.6067823204312,,,track,,grade3,,,,,,private,,,,,,,,,,True,True,True,surface_unknown,49,1
buffer_5km:3383,osm:3748197668,osm:3748197669,371241969,11.856104690217022,,,track,,grade3,,,,,,private,,,,,,,,,,True,True,True,surface_unknown,1,1
buffer_5km:3384,osm:3748197669,osm:3748197943,371241981,2077.0568621333064,,,track,,grade3,,,,,,private,,,,,,,,,,True,True,True,surface_unknown,12,1
buffer_5km:3385,osm:3748197720,osm:3748197737,371242037,451.0091135834038,,,track,,grade3,,,,,,private,,,,,,,,,,True,True,True,surface_unknown,7,1
buffer_5km:3386,osm:3748197737,osm:3748197811,371242037,1515.9611544858267,,,track,,grade3,,,,,,private,,,,,,,,,,True,True,True,surface_unknown,13,1
buffer_5km:3387,osm:3748197769,osm:3748197819,371242002,155.80386405568427,,,track,,grade3,,,,,,private,,,,,,,,,,True,True,True,surface_unknown,9,1
buffer_5km:3388,osm:3748197769,osm:3748197812,371242045,158.85022839282527,,,track,,grade3,,,,,,private,,,,,,,,,,True,True,True,surface_unknown,4,1
buffer_5km:3389,osm:3748197811,osm:3748197812,371242037,18.195021417777223,,,track,,grade3,,,,,,private,,,,,,,,,,True,True,True,surface_unknown,1,1
buffer_5km:3390,osm:3748197812,osm:3748197819,371242037,83.95719392873232,,,track,,grade3,,,,,,private,,,,,,,,,,True,True,True,surface_unknown,1,1
buffer_5km:3391,osm:3748197816,osm:3748197919,371241988,1114.1927822208586,,,track,,grade3,,,,,,private,,,,,,,,,,True,True,True,surface_unknown,11,1
buffer_5km:3392,osm:3748197816,osm:3748197853,371242011,242.94626841415305,,,track,,grade3,,,,,,private,,,,,,,,,,True,True,True,surface_unknown,2,1
buffer_5km:3393,osm:3748197819,osm:3748197952,371242002,1070.3225493917766,,,track,,grade3,,,,,,private,,,,,,,,,,True,True,True,surface_unknown,10,1
buffer_5km:3394,osm:3748197819,osm:3748197858,371242037,985.4283070014308,,,track,,grade3,,,,,,private,,,,,,,,,,True,True,True,surface_unknown,4,1
buffer_5km:3395,osm:3748197853,osm:3748197928,371242011,1069.1326906060356,,,track,,grade3,,,,,,private,,,,,,,,,,True,True,True,surface_unknown,6,1
buffer_5km:3396,osm:3748197853,osm:3748198173,371242044,1805.5321998302288,,,track,,grade3,,,,,,private,,,,,,,,,,True,True,True,surface_unknown,18,1
buffer_5km:3397,osm:3748197858,osm:3748197879,371241993,599.1060843601075,,,track,,grade3,,,,,,private,,,,,,,,,,True,True,True,surface_unknown,2,1
buffer_5km:3398,osm:3748197889,osm:3748197919,371242043,305.2552425771431,,,track,,grade3,,,,,,private,,,,,,,,,,True,True,True,surface_unknown,13,1
buffer_5km:3399,osm:3748197919,osm:3748197931,371241988,293.3440182426943,,,track,,grade3,,,,,,private,,,,,,,,,,True,True,True,surface_unknown,3,1
buffer_5km:3400,osm:3748197928,osm:3748198017,371242011,1282.8868677280786,,,track,,grade3,,,,,,private,,,,,,,,,,True,True,True,surface_unknown,13,1
buffer_5km:3401,osm:3748197928,osm:3748198163,371242041,1173.7415867195616,,,track,,grade3,,,,,,private,,,,,,,,,,True,True,True,surface_unknown,8,1
buffer_5km:3402,osm:3748197931,osm:3748197943,371241972,273.0875695972761,,,track,,grade3,,,,,,private,,,,,,,,,,True,True,True,surface_unknown,2,1
buffer_5km:3403,osm:3748197952,osm:3748197953,370694638,23.288082318112988,,,track,,grade3,,,,,,private,,,,,,,,,,True,True,True,surface_unknown,1,1
buffer_5km:3404,osm:3748197953,osm:3748198058,371241973,728.7679295646767,,,track,,grade3,,,,,,private,,,,,,,,,,True,True,True,surface_unknown,11,1
buffer_5km:3405,osm:3748198017,osm:3748198173,371241987,516.8460524900039,,,track,,grade3,,,,,,private,,,,,,,,,,True,True,True,surface_unknown,14,1
buffer_5km:3406,osm:3748198058,osm:3748198091,371241989,625.0649969501493,,,track,,grade3,,,,,,private,,,,,,,,,,True,True,True,surface_unknown,14,1
buffer_5km:3407,osm:3748198058,osm:3748198098,371241998,696.4013571595547,,,track,,grade3,,,,,,private,,,,,,,,,,True,True,True,surface_unknown,14,1
buffer_5km:3408,osm:3748198058,osm:3748198059,371242004,4.339643128658205,,,track,,grade3,,,,,,private,,,,,,,,,,True,True,True,surface_unknown,1,1
buffer_5km:3409,osm:3748198059,osm:3748198089,371241992,174.95066443571486,,,track,,grade3,,,,,,private,,,,,,,,,,True,True,True,surface_unknown,4,1
buffer_5km:3410,osm:3748198059,osm:3748198060,371242004,175.43546685163534,,,track,,grade3,,,,,,private,,,,,,,,,,True,True,True,surface_unknown,2,1
buffer_5km:3411,osm:3748198060,osm:3748198071,371242004,8.388353080157996,,,track,,grade3,,,,,,private,,,,,,,,,,True,True,True,surface_unknown,1,1
buffer_5km:3412,osm:3748198071,osm:3751412155,371242035,800.8654178330734,,,track,,grade3,,,,,,private,,,,,,,,,,True,True,True,surface_unknown,6,1
buffer_5km:3413,osm:3748198089,osm:3751368278,371575627,2588.298824222992,,,track,,grade3,,,,,,private,,,,,,,,,,True,True,True,surface_unknown,25,1
buffer_5km:3414,osm:3748198098,osm:3748198111,371241998,838.9806080658118,,,track,,grade3,,,,,,private,,,,,,,,,,True,True,True,surface_unknown,3,1
buffer_5km:3415,osm:3748198098,osm:3748198262,371242032,1080.4014477495177,,,track,,grade3,,,,,,private,,,,,,,,,,True,True,True,surface_unknown,36,1
buffer_5km:3416,osm:3748198111,osm:3748198208,371241993,613.6058890820817,,,track,,grade3,,,,,,private,,,,,,,,,,True,True,True,surface_unknown,4,1
buffer_5km:3417,osm:3748198163,osm:3748198192,371242048,269.3288524599041,,,track,,grade3,,,,,,private,,,,,,,,,,True,True,True,surface_unknown,3,1
buffer_5km:3418,osm:3748198173,osm:3748198185,371242044,115.54914094152322,,,track,,grade3,,,,,,private,,,,,,,,,,True,True,True,surface_unknown,1,1
buffer_5km:3419,osm:3748198185,osm:3748198192,371242022,1513.2198073389288,,,track,,grade3,,,,,,private,,,,,,,,,,True,True,True,surface_unknown,10,1
buffer_5km:3420,osm:3748198192,osm:3748198209,371242048,158.80572597790598,,,track,,grade3,,,,,,private,,,,,,,,,,True,True,True,surface_unknown,1,1
buffer_5km:3421,osm:3748198217,osm:3748198243,371242079,178.7683227750041,,,track,,grade3,,,,,,private,,,,,,,,,,True,True,True,surface_unknown,1,1
buffer_5km:3422,osm:3748198243,osm:3748198266,371242061,880.035579754813,,,track,,grade3,,,,,,private,,,,,,,,,,True,True,True,surface_unknown,24,1
buffer_5km:3423,osm:3748198262,osm:3748198267,371242016,42.73227852362399,,,track,,grade3,,,,,,private,,,,,,,,,,True,True,True,surface_unknown,2,1
buffer_5km:3424,osm:3748198262,osm:3748198266,371242032,31.71469301525277,,,track,,grade3,,,,,,private,,,,,,,,,,True,True,True,surface_unknown,2,1
buffer_5km:3425,osm:3748198266,osm:3748198267,371242061,26.2262161051095,,,track,,grade3,,,,,,private,,,,,,,,,,True,True,True,surface_unknown,1,1
buffer_5km:3426,osm:3748198267,osm:3751368278,371242061,1627.530779444577,,,track,,grade3,,,,,,private,,,,,,,,,,True,True,True,surface_unknown,39,1
buffer_5km:3427,osm:3748198322,osm:3748198322,371241999,71.78735362630889,,,track,,grade3,,,,,,private,,,,,,,,,,True,True,True,surface_unknown,5,1
buffer_5km:3428,osm:3748198429,osm:3785984567,371242061,26.196876762884063,,,track,,grade3,,,,,,private,,,,,,,,,,True,True,True,surface_unknown,2,1
buffer_5km:3429,osm:3748198429,osm:3751368278,371242061,63.15095025490092,,,track,,grade3,,,,,,private,,,,,,,,,,True,True,True,surface_unknown,3,1
buffer_5km:3430,osm:3748198429,osm:3785984565,375213845,37.31799950854073,,,track,,grade3,,,,,,private,,,,,,,,,,True,True,True,surface_unknown,3,1
buffer_5km:3431,osm:3748198429,osm:3785987679,375213845,37.35513188923127,,,track,,grade3,,,,,,private,,,,,,,,,,True,True,True,surface_unknown,3,1
buffer_5km:3432,osm:3751333339,osm:3751333340,370731713,25.318925672060942,,,track,,grade3,,,,,,private,,,,,,,,,,True,True,True,surface_unknown,2,1
buffer_5km:3433,osm:3751337414,osm:3751339965,371573717,1470.5804559150347,,,track,,grade3,,,,,,private,,,,,,,,,,True,True,True,surface_unknown,20,1
buffer_5km:3434,osm:3751337416,osm:3751433331,371573217,1650.2356358268732,,,track,,grade3,,,,,,private,,,,,,,,,,True,True,True,surface_unknown,12,1
buffer_5km:3435,osm:3751339962,osm:3751339965,371573719,293.6767635982544,,,track,,grade3,,,,,,private,,,,,,,,,,True,True,True,surface_unknown,2,1
buffer_5km:3436,osm:3751339962,osm:3751339962,371573719,35.57427889430451,,,track,,grade3,,,,,,private,,,,,,,,,,True,True,True,surface_unknown,4,1
buffer_5km:3437,osm:3751339965,osm:3751339968,371573717,361.3521752820923,,,track,,grade3,,,,,,private,,,,,,,,,,True,True,True,surface_unknown,2,1
buffer_5km:3438,osm:3751339968,osm:3751353904,371573717,1250.4765977021757,,,track,,grade3,,,,,,private,,,,,,,,,,True,True,True,surface_unknown,5,1
buffer_5km:3439,osm:3751339968,osm:3751340127,371573718,1625.4017559931538,,,track,,grade3,,,,,,private,,,,,,,,,,True,True,True,surface_unknown,19,1
buffer_5km:3440,osm:3751340005,osm:3751354388,371573715,341.2976092061921,,,track,,grade3,,,,,,private,,,,,,,,,,True,True,True,surface_unknown,15,1
buffer_5km:3441,osm:3751340005,osm:3751340127,371573718,534.7987644444837,,,track,,grade3,,,,,,private,,,,,,,,,,True,True,True,surface_unknown,20,1
buffer_5km:3442,osm:3751340127,osm:3751354388,371575093,345.32653841753677,,,track,,grade3,,,,,,private,,,,,,,,,,True,True,True,surface_unknown,5,1
buffer_5km:3443,osm:3751340154,osm:3751354388,371573715,284.1421216737362,,,track,,grade3,,,,,,private,,,,,,,,,,True,True,True,surface_unknown,15,1
buffer_5km:3444,osm:3751340154,osm:3751354126,371575019,1050.9359188779802,,,track,,grade3,,,,,,private,,,,,,,,,,True,True,True,surface_unknown,34,1
buffer_5km:3445,osm:3751342425,osm:3751342440,370927189,1582.0493640523262,,,track,,grade3,,,,,,private,,,,,,,,,,True,True,True,surface_unknown,7,1
buffer_5km:3446,osm:3751353904,osm:3751353908,370726115,99.46033964377116,,,track,,grade3,,,,,,private,,,,,,,,,,True,True,True,surface_unknown,1,1
buffer_5km:3447,osm:3751412125,osm:3751412153,371242058,1613.5825272931015,,,track,,grade3,,,,,,private,,,,,,,,,,True,True,True,surface_unknown,17,1
buffer_5km:3448,osm:3751412125,osm:3751433331,371242058,13.320887698761155,,,track,,grade3,,,,,,private,,,,,,,,,,True,True,True,surface_unknown,1,1
buffer_5km:3449,osm:3751422460,osm:3751422467,370731711,1430.4806761940101,,,track,,grade3,,,,,,private,,,,,,,,,,True,True,True,surface_unknown,3,1
buffer_5km:3450,osm:3751422460,osm:3751433331,371242058,1865.3438665311812,,,track,,grade3,,,,,,private,,,,,,,,,,True,True,True,surface_unknown,13,1
buffer_5km:3451,osm:3751422515,osm:3751422521,371580634,536.4265608768453,,,track,,grade3,,,,,,private,,,,,,,,,,True,True,True,surface_unknown,6,1
buffer_5km:3452,osm:3751422521,osm:3751433405,370927177,1754.062834538207,,,track,,grade3,,,,,,private,,,,,,,,,,True,True,True,surface_unknown,14,1
buffer_5km:3453,osm:3751433344,osm:3751433360,371580632,720.3734238898344,,,track,,grade3,,,,,,private,,,,,,,,,,True,True,True,surface_unknown,6,1
buffer_5km:3454,osm:3751433352,osm:3751433384,370927165,1426.7239580072153,,,track,,grade3,,,,,,private,,,,,,,,,,True,True,True,surface_unknown,24,1
buffer_5km:3455,osm:3751433352,osm:3751447179,370927165,659.6967034210716,,,track,,grade3,,,,,,private,,,,,,,,,,True,True,True,surface_unknown,11,1
buffer_5km:3456,osm:3751433352,osm:3751433433,371580633,1207.2310300409044,,,track,,grade3,,,,,,private,,,,,,,,,,True,True,True,surface_unknown,18,1
buffer_5km:3457,osm:3751433360,osm:3751433405,371580632,1061.2817695713888,,,track,,grade3,,,,,,private,,,,,,,,,,True,True,True,surface_unknown,10,1
buffer_5km:3458,osm:3751445766,osm:3751445767,370927168,31.590350820840385,,,track,,grade3,,,,,,private,,,,,,,,,,True,True,True,surface_unknown,1,1
buffer_5km:3459,osm:3751445766,osm:3751445780,370927168,714.9618789303972,,,track,,grade3,,,,,,private,,,,,,,,,,True,True,True,surface_unknown,13,1
buffer_5km:3460,osm:3751445766,osm:3751454987,371583181,21.599190705109464,,,track,,grade3,,,,,,private,,,,,,,,,,True,True,True,surface_unknown,1,1
buffer_5km:3461,osm:3751445780,osm:3751445809,370927168,167.47726515608556,,,track,,grade3,,,,,,private,,,,,,,,,,True,True,True,surface_unknown,4,1
buffer_5km:3462,osm:3751445780,osm:3751447170,371581644,1556.0938385543614,,,track,,grade3,,,,,,private,,,,,,,,,,True,True,True,surface_unknown,44,1
buffer_5km:3463,osm:3751445809,osm:3751447170,370927165,670.8239788740804,,,track,,grade3,,,,,,private,,,,,,,,,,True,True,True,surface_unknown,19,1
buffer_5km:3464,osm:3751447170,osm:3751447179,370927165,270.23839379049235,,,track,,grade3,,,,,,private,,,,,,,,,,True,True,True,surface_unknown,5,1
buffer_5km:3465,osm:3751454967,osm:3751454987,371583181,92.83677336022699,,,track,,grade3,,,,,,private,,,,,,,,,,True,True,True,surface_unknown,3,1
buffer_5km:3466,osm:3751454967,osm:3751454967,371583181,38.6528662454913,,,track,,grade3,,,,,,private,,,,,,,,,,True,True,True,surface_unknown,3,1
buffer_5km:3467,osm:3751455014,osm:3751463029,370927184,404.4601409549031,,,track,,grade3,,,,,,private,,,,,,,,,,True,True,True,surface_unknown,6,1
buffer_5km:3468,osm:3751463029,osm:3751463052,371583179,1128.3716072565596,,,track,,grade4,,,,,,private,,,,,,,,,,True,True,True,surface_unknown,28,1
buffer_5km:3469,osm:3751463052,osm:3751497597,370927192,2306.12657675642,,,track,,grade3,,,,,,private,,,,,,,,,,True,True,True,surface_unknown,28,1
buffer_5km:3470,osm:3751463080,osm:3751497597,370927192,321.3139034875156,,,track,,grade3,,,,,,private,,,,,,,,,,True,True,True,surface_unknown,6,1
buffer_5km:3471,osm:3751463080,osm:3751463126,370927192,996.6847658570657,,,track,,grade3,,,,,,private,,,,,,,,,,True,True,True,surface_unknown,18,1
buffer_5km:3472,osm:3751463080,osm:3751463126,371583180,1014.4932694777572,,,track,,grade3,,,,,,private,,,,,,,,,,True,True,True,surface_unknown,30,1
buffer_5km:3473,osm:3751494656,osm:3751495292,370731713,4991.853462503995,,,track,,grade3,,,,,,private,,,,,,,,,,True,True,True,surface_unknown,18,1
buffer_5km:3474,osm:3751494656,osm:3751507954,371586251,1323.745047589756,,,track,,grade3,,,,,,private,,,,,,,,,,True,True,True,surface_unknown,25,1
buffer_5km:3475,osm:3751495287,osm:3751495292,370731713,2494.5194621397163,,,track,,grade3,,,,,,private,,,,,,,,,,True,True,True,surface_unknown,14,1
buffer_5km:3476,osm:3751495287,osm:3751497550,371585918,3417.9090139137093,Power Line Service Track,,track,,grade3,,,,,,private,,,,,,,,,,True,True,True,surface_unknown,27,1
buffer_5km:3477,osm:3751497548,osm:3751497550,371585915,23.874854219433047,,,track,,grade3,,,,,,private,,,,,,,,,,True,True,True,surface_unknown,1,1
buffer_5km:3478,osm:3751497550,osm:3751497597,371585915,1482.537316255904,,,track,,grade3,,,,,,private,,,,,,,,,,True,True,True,surface_unknown,29,1
buffer_5km:3479,osm:3751508005,osm:3751509736,370717584,2820.670123417598,,,track,,grade3,,,,,,private,,,,,,,,,,True,True,True,surface_unknown,19,1
buffer_5km:3480,osm:3751508005,osm:3751509996,371586877,1676.7085449937597,,,track,,grade3,,,,,,private,,,,,,,,,,True,True,True,surface_unknown,35,1
buffer_5km:3481,osm:3751509736,osm:3751509996,371586876,3302.6482361061667,,,track,,grade3,,,,,,private,,,,,,,,,,True,True,True,surface_unknown,96,1
buffer_5km:3482,osm:3751509996,osm:3751510148,371586877,245.56968057523807,,,track,,grade3,,,,,,private,,,,,,,,,,True,True,True,surface_unknown,4,1
buffer_5km:3483,osm:3754905935,osm:3754905938,371945397,440.6230971579571,,,track,,grade3,,,,,,private,,,,,,,,,,True,True,True,surface_unknown,3,1
buffer_5km:3484,osm:3754905935,osm:3757049601,371945397,755.5277406691114,,,track,,grade3,,,,,,private,,,,,,,,,,True,True,True,surface_unknown,15,1
buffer_5km:3485,osm:3754905935,osm:3754914830,371946890,2371.0926690529404,,,track,,grade3,,,,,,private,,,,,,,,,,True,True,True,surface_unknown,68,1
buffer_5km:3486,osm:3754905938,osm:3754905965,371945397,2129.1266215423157,,,track,,grade3,,,,,,private,,,,,,,,,,True,True,True,surface_unknown,24,1
buffer_5km:3487,osm:3754905959,osm:3754905965,371945394,193.13559662739715,,,track,,grade3,,,,,,private,,,,,,,,,,True,True,True,surface_unknown,2,1
buffer_5km:3488,osm:3754905959,osm:3754919732,371947363,396.3922513824975,,,track,,grade3,,,,,,private,,,,,,,,,,True,True,True,surface_unknown,4,1
buffer_5km:3489,osm:3754905965,osm:3754905976,371945394,832.2187849252006,,,track,,grade3,,,,,,private,,,,,,,,,,True,True,True,surface_unknown,11,1
buffer_5km:3490,osm:3754905976,osm:3754905984,371945394,567.3099262265691,,,track,,grade3,,,,,,private,,,,,,,,,,True,True,True,surface_unknown,8,1
buffer_5km:3491,osm:3754914830,osm:3754919600,371947363,534.7322913333562,,,track,,grade3,,,,,,private,,,,,,,,,,True,True,True,surface_unknown,6,1
buffer_5km:3492,osm:3754914830,osm:3754919732,371947363,662.9935143570024,,,track,,grade3,,,,,,private,,,,,,,,,,True,True,True,surface_unknown,9,1
buffer_5km:3493,osm:3754917967,osm:3754925777,370717584,59.83925546991828,,,track,,grade3,,,,,,private,,,,,,,,,,True,True,True,surface_unknown,2,1
buffer_5km:3494,osm:3754917967,osm:3754919782,371947695,268.454181953687,,,track,,grade3,,,,,,private,,,,,,,,,,True,True,True,surface_unknown,7,1
buffer_5km:3495,osm:3754919600,osm:3755097752,371966363,1154.0833545365615,,,track,,grade3,,,,,,private,,,,,,,,,,True,True,True,surface_unknown,7,1
buffer_5km:3496,osm:3754919732,osm:3754919782,371947366,2210.963871529647,,,track,,grade3,,,,,,private,,,,,,,,,,True,True,True,surface_unknown,65,1
buffer_5km:3497,osm:3755095958,osm:3755109087,370731713,1948.5143323681411,,,track,,grade3,,,,,,private,,,,,,,,,,True,True,True,surface_unknown,7,1
buffer_5km:3498,osm:3755095958,osm:3755095965,370731713,1124.4378809002997,,,track,,grade3,,,,,,private,,,,,,,,,,True,True,True,surface_unknown,6,1
buffer_5km:3499,osm:3755095958,osm:3757059989,371966362,1542.4919537820504,,,track,,grade3,,,,,,private,,,,,,,,,,True,True,True,surface_unknown,8,1
buffer_5km:3500,osm:3755095965,osm:3755095973,370731713,769.8379191135828,,,track,,grade3,,,,,,private,,,,,,,,,,True,True,True,surface_unknown,3,1
buffer_5km:3501,osm:3755095965,osm:3757049595,371966360,2905.430474362983,,,track,,grade4,,,,,,private,,,,,,,,,,True,True,True,surface_unknown,60,1
buffer_5km:3502,osm:3755095973,osm:3755095986,370731713,1223.465568335402,,,track,,grade3,,,,,,private,,,,,,,,,,True,True,True,surface_unknown,5,1
buffer_5km:3503,osm:3755095973,osm:3757049695,371966361,2991.568232427749,,,track,,grade3,,,,,,private,,,,,,,,,,True,True,True,surface_unknown,17,1
buffer_5km:3504,osm:3755095986,osm:3755095993,370731713,678.9036919028174,,,track,,grade3,,,,,,private,,,,,,,,,,True,True,True,surface_unknown,3,1
buffer_5km:3505,osm:3755095986,osm:3755097737,371966364,899.7038198620177,,,track,,grade3,,,,,,private,,,,,,,,,,True,True,True,surface_unknown,5,1
buffer_5km:3506,osm:3755095993,osm:3755096000,370731713,484.82764382509254,,,track,,grade3,,,,,,private,,,,,,,,,,True,True,True,surface_unknown,3,1
buffer_5km:3507,osm:3755095993,osm:3755097737,371966365,603.7330787767171,,,track,,grade3,,,,,,private,,,,,,,,,,True,True,True,surface_unknown,5,1
buffer_5km:3508,osm:3755096000,osm:3755097752,370731713,2983.3045792105218,,,track,,grade3,,,,,,private,,,,,,,,,,True,True,True,surface_unknown,11,1
buffer_5km:3509,osm:3755096000,osm:3757049597,371966359,2207.41069789893,,,track,,grade3,,,,,,private,,,,,,,,,,True,True,True,surface_unknown,41,1
buffer_5km:3510,osm:3755097737,osm:3757049597,371966364,1933.0293791741847,,,track,,grade3,,,,,,private,,,,,,,,,,True,True,True,surface_unknown,21,1
buffer_5km:3511,osm:3755097737,osm:3757049656,371966365,1776.4331704447657,,,track,,grade3,,,,,,private,,,,,,,,,,True,True,True,surface_unknown,17,1
buffer_5km:3512,osm:3755109032,osm:3755120015,370731713,1441.602110937702,,,track,,grade3,,,,,,private,,,,,,,,,,True,True,True,surface_unknown,3,1
buffer_5km:3513,osm:3755109032,osm:3755109038,370731713,1748.765142437105,,,track,,grade3,,,,,,private,,,,,,,,,,True,True,True,surface_unknown,6,1
buffer_5km:3514,osm:3755109032,osm:3755120332,371968061,359.9897235470778,,,track,,grade3,,,,,,private,,,,,,,,,,True,True,True,surface_unknown,4,1
buffer_5km:3515,osm:3755109038,osm:3755109046,370731713,1373.620507724389,,,track,,grade3,,,,,,private,,,,,,,,,,True,True,True,surface_unknown,6,1
buffer_5km:3516,osm:3755109038,osm:3755109071,371968063,470.3114412648297,,,track,,grade3,,,,,,private,,,,,,,,,,True,True,True,surface_unknown,5,1
buffer_5km:3517,osm:3755109046,osm:3757084132,370731713,1647.9315070341693,,,track,,grade3,,,,,,private,,,,,,,,,,True,True,True,surface_unknown,9,1
buffer_5km:3518,osm:3755109046,osm:3757427069,371968062,555.5866348047815,,,track,,grade3,,,,,,private,,,,,,,,,,True,True,True,surface_unknown,6,1
buffer_5km:3519,osm:3755109071,osm:3757466419,371968063,909.2054192396595,,,track,,grade3,,,,,,private,,,,,,,,,,True,True,True,surface_unknown,4,1
buffer_5km:3520,osm:3755109071,osm:3757427069,372204912,1393.9262954132407,,,track,,grade3,,,,,,private,,,,,,,,,,True,True,True,surface_unknown,5,1
buffer_5km:3521,osm:3755109071,osm:3757461565,372204912,1025.7578702704975,,,track,,grade3,,,,,,private,,,,,,,,,,True,True,True,surface_unknown,3,1
buffer_5km:3522,osm:3755109075,osm:3757084132,370731713,1962.793006357012,,,track,,grade3,,,,,,private,,,,,,,,,,True,True,True,surface_unknown,9,1
buffer_5km:3523,osm:3755109075,osm:3755109086,370731713,962.5635725401266,,,track,,grade3,,,,,,private,,,,,,,,,,True,True,True,surface_unknown,4,1
buffer_5km:3524,osm:3755109075,osm:3755109084,371968064,230.3610776417591,,,track,,grade4,,,,,,private,,,,,,,,,,True,True,True,surface_unknown,7,1
buffer_5km:3525,osm:3755109086,osm:3755109087,370731713,535.8952715096,,,track,,grade3,,,,,,private,,,,,,,,,,True,True,True,surface_unknown,3,1
buffer_5km:3526,osm:3755109086,osm:3757084195,371968060,1636.4096219520502,,,track,,grade4,,,,,,private,,,,,,,,,,True,True,True,surface_unknown,9,1
buffer_5km:3527,osm:3755109087,osm:3757049107,371968059,1003.9459569620266,,,track,,grade3,,,,,,private,,,,,,,,,,True,True,True,surface_unknown,19,1
buffer_5km:3528,osm:3755120015,osm:3755120018,370731713,1286.5839096597763,,,track,,grade3,,,,,,private,,,,,,,,,,True,True,True,surface_unknown,2,1
buffer_5km:3529,osm:3755120015,osm:3755120021,371968934,325.6235226804916,,,track,,grade3,,,,,,private,,,,,,,,,,True,True,True,surface_unknown,1,1
buffer_5km:3530,osm:3755120018,osm:3755120326,370731713,1336.1076646340698,,,track,,grade3,,,,,,private,,,,,,,,,,True,True,True,surface_unknown,4,1
buffer_5km:3531,osm:3755120018,osm:3755120329,371968935,380.1743691955459,,,track,,grade3,,,,,,private,,,,,,,,,,True,True,True,surface_unknown,1,1
buffer_5km:3532,osm:3755120021,osm:3755120405,371968934,1044.8168890565823,,,track,,grade3,,,,,,private,,,,,,,,,,True,True,True,surface_unknown,3,1
buffer_5km:3533,osm:3755120021,osm:3755120329,371968937,1735.3433752155956,,,track,,grade3,,,,,,private,,,,,,,,,,True,True,True,surface_unknown,3,1
buffer_5km:3534,osm:3755120021,osm:3755120332,371968937,1247.9191395453033,,,track,,grade3,,,,,,private,,,,,,,,,,True,True,True,surface_unknown,2,1
buffer_5km:3535,osm:3755120326,osm:3755120338,370731713,1676.1651770376805,,,track,,grade3,,,,,,private,,,,,,,,,,True,True,True,surface_unknown,5,1
buffer_5km:3536,osm:3755120326,osm:3755120380,371968938,605.057791512026,,,track,,grade3,,,,,,private,,,,,,,,,,True,True,True,surface_unknown,8,1
buffer_5km:3537,osm:3755120329,osm:3757566273,371968935,1035.6954290606482,,,track,,grade3,,,,,,private,,,,,,,,,,True,True,True,surface_unknown,2,1
buffer_5km:3538,osm:3755120332,osm:3757461571,371968061,536.5146181871407,,,track,,grade3,,,,,,private,,,,,,,,,,True,True,True,surface_unknown,3,1
buffer_5km:3539,osm:3755120332,osm:3755120334,371968937,736.5490973996184,,,track,,grade3,,,,,,private,,,,,,,,,,True,True,True,surface_unknown,1,1
buffer_5km:3540,osm:3755120338,osm:3757585449,370731713,499.1223015258019,,,track,,grade3,,,,,,private,,,,,,,,,,True,True,True,surface_unknown,3,1
buffer_5km:3541,osm:3755120338,osm:3755120360,371968933,231.86935088338592,,,track,,grade3,,,,,,private,,,,,,,,,,True,True,True,surface_unknown,8,1
buffer_5km:3542,osm:3755120360,osm:3757569755,371968933,1264.720472203562,,,track,,grade3,,,,,,private,,,,,,,,,,True,True,True,surface_unknown,27,1
buffer_5km:3543,osm:3755120360,osm:3757585465,372216869,359.0441650612272,,,track,,grade3,,,,,,private,,,,,,,,,,True,True,True,surface_unknown,8,1
buffer_5km:3544,osm:3755120378,osm:3785926950,370731713,454.77163613872796,,,track,,grade3,,,,,,private,,,,,,,,,,True,True,True,surface_unknown,3,1
buffer_5km:3545,osm:3755120378,osm:3757585449,370731713,1796.231561619329,,,track,,grade3,,,,,,private,,,,,,,,,,True,True,True,surface_unknown,8,1
buffer_5km:3546,osm:3755120378,osm:3785931766,371968932,739.0849153187437,,,track,,grade4,,,,,,private,,,,,,,,,,True,True,True,surface_unknown,18,1
buffer_5km:3547,osm:3755120380,osm:3757566273,371968935,134.9085697739444,,,track,,grade3,,,,,,private,,,,,,,,,,True,True,True,surface_unknown,3,1
buffer_5km:3548,osm:3755120380,osm:3755120386,371968936,68.10899074200213,,,track,,grade3,,,,,,private,,,,,,,,,,True,True,True,surface_unknown,3,1
buffer_5km:3549,osm:3755120386,osm:3757566311,371968936,7.555145438569023,,,track,,grade3,,,,,,private,,,,,,,,,,True,True,True,surface_unknown,1,1
buffer_5km:3550,osm:3755120386,osm:3757566296,372213705,39.68494251140474,,,track,,grade3,,,,,,private,,,,,,,,,,True,True,True,surface_unknown,2,1
buffer_5km:3551,osm:3755120392,osm:3757566311,371968936,44.415610408634635,,,track,,grade3,,,,,,private,,,,,,,,,,True,True,True,surface_unknown,2,1
buffer_5km:3552,osm:3755120392,osm:3757566324,371968936,76.25111099373467,,,track,,grade3,,,,,,private,,,,,,,,,,True,True,True,surface_unknown,1,1
buffer_5km:3553,osm:3755120392,osm:3757569787,372213702,1256.2601337689082,,,track,,grade3,,,,,,private,,,,,,,,,,True,True,True,surface_unknown,29,1
buffer_5km:3554,osm:3755120405,osm:3757466351,371968934,198.15309850105422,,,track,,grade3,,,,,,private,,,,,,,,,,True,True,True,surface_unknown,2,1
buffer_5km:3555,osm:3755120405,osm:3757466372,372208643,473.62581217589144,,,track,,grade3,,,,,,private,,,,,,,,,,True,True,True,surface_unknown,4,1
buffer_5km:3556,osm:3755120405,osm:3757461580,372208643,712.4083334926486,,,track,,grade3,,,,,,private,,,,,,,,,,True,True,True,surface_unknown,10,1
buffer_5km:3557,osm:3755120437,osm:3755120443,370731713,557.3667289918657,,,track,,grade3,,,,,,private,,,,,,,,,,True,True,True,surface_unknown,6,1
buffer_5km:3558,osm:3755120437,osm:3785926950,370731713,3335.4878879381426,,,track,,grade3,,,,,,private,,,,,,,,,,True,True,True,surface_unknown,20,1
buffer_5km:3559,osm:3755120437,osm:3757910553,372235119,937.7480322880019,,,track,,grade3,,,,,,private,,,,,,,,,,True,True,True,surface_unknown,20,1
buffer_5km:3560,osm:3756573123,osm:3784920597,372121778,1941.3837821404504,,,track,,grade3,,,,,,private,,,,,,,,,,True,True,True,surface_unknown,38,1
buffer_5km:3561,osm:3756573124,osm:3756574040,372121777,554.8400464427469,,,track,,grade3,,,,,,private,,,,,,,,,,True,True,True,surface_unknown,16,1
buffer_5km:3562,osm:3756574040,osm:3784921103,372121777,56.22333066589189,,,track,,grade3,,,,,,private,,,,,,,,,,True,True,True,surface_unknown,2,1
buffer_5km:3563,osm:3756574040,osm:3784920837,375102372,587.3834955228043,,,track,,grade4,,,,,,private,,,,,,,,,,True,True,True,surface_unknown,16,1
buffer_5km:3564,osm:3756574040,osm:3784921132,375102372,205.1440661924223,,,track,,grade4,,,,,,private,,,,,,,,,,True,True,True,surface_unknown,8,1
buffer_5km:3565,osm:3756574043,osm:3756574060,372121776,590.1408331412226,,,track,,grade3,,,,,,private,,,,,,,,,,True,True,True,surface_unknown,16,1
buffer_5km:3566,osm:3756574059,osm:3756574060,372121775,23.820991851520855,,,track,,grade3,,,,,,private,,,,,,,,,,True,True,True,surface_unknown,1,1
buffer_5km:3567,osm:3756574059,osm:3784921162,372121777,305.1082922025537,,,track,,grade3,,,,,,private,,,,,,,,,,True,True,True,surface_unknown,6,1
buffer_5km:3568,osm:3756574059,osm:3756574064,372121777,38.59470393842621,,,track,,grade3,,,,,,private,,,,,,,,,,True,True,True,surface_unknown,1,1
buffer_5km:3569,osm:3756574060,osm:3785903843,372121775,347.0474798948147,,,track,,grade3,,,,,,private,,,,,,,,,,True,True,True,surface_unknown,13,1
buffer_5km:3570,osm:3756574060,osm:3756574064,372121776,28.81120925426447,,,track,,grade3,,,,,,private,,,,,,,,,,True,True,True,surface_unknown,1,1
buffer_5km:3571,osm:3756574064,osm:3785876935,372121777,1320.5462568464516,,,track,,grade3,,,,,,private,,,,,,,,,,True,True,True,surface_unknown,26,1
buffer_5km:3572,osm:3756574075,osm:3785903843,372121775,46.1390554506778,,,track,,grade3,,,,,,private,,,,,,,,,,True,True,True,surface_unknown,2,1
buffer_5km:3573,osm:3756574087,osm:3785903843,372121773,1279.8662723892921,,,track,,grade3,,,,,,private,,,,,,,,,,True,True,True,surface_unknown,34,1
buffer_5km:3574,osm:3756574088,osm:3756574099,372121774,699.3668528758426,,,track,,grade3,,,,,,private,,,,,,,,,,True,True,True,surface_unknown,11,1
buffer_5km:3575,osm:3756574088,osm:3785876935,372121777,271.1921683542056,,,track,,grade3,,,,,,private,,,,,,,,,,True,True,True,surface_unknown,5,1
buffer_5km:3576,osm:3757049107,osm:3757059989,372171388,2040.988409425348,,,track,,grade3,,,,,,private,,,,,,,,,,True,True,True,surface_unknown,36,1
buffer_5km:3577,osm:3757049595,osm:3757068950,372171388,378.07078442626954,,,track,,grade3,,,,,,private,,,,,,,,,,True,True,True,surface_unknown,7,1
buffer_5km:3578,osm:3757049595,osm:3757059989,372171388,2057.029923636438,,,track,,grade3,,,,,,private,,,,,,,,,,True,True,True,surface_unknown,31,1
buffer_5km:3579,osm:3757049597,osm:3757049601,371966359,32.951858982530304,,,track,,grade3,,,,,,private,,,,,,,,,,True,True,True,surface_unknown,1,1
buffer_5km:3580,osm:3757049601,osm:3757049618,371966359,26.349533609293754,,,track,,grade3,,,,,,private,,,,,,,,,,True,True,True,surface_unknown,1,1
buffer_5km:3581,osm:3757049618,osm:3757049646,371966359,43.01243787100629,,,track,,grade3,,,,,,private,,,,,,,,,,True,True,True,surface_unknown,1,1
buffer_5km:3582,osm:3757049618,osm:3757049656,372171389,1553.1429474493984,,,track,,grade3,,,,,,private,,,,,,,,,,True,True,True,surface_unknown,24,1
buffer_5km:3583,osm:3757049646,osm:3757049693,370726095,1655.1963618826119,,,track,,grade3,,,,,,private,,,,,,,,,,True,True,True,surface_unknown,23,1
buffer_5km:3584,osm:3757049656,osm:3757049693,371966365,189.61168720592227,,,track,,grade3,,,,,,private,,,,,,,,,,True,True,True,surface_unknown,4,1
buffer_5km:3585,osm:3757049656,osm:3757049695,372171389,1898.963861559326,,,track,,grade3,,,,,,private,,,,,,,,,,True,True,True,surface_unknown,30,1
buffer_5km:3586,osm:3757049693,osm:3757049715,370726095,1882.4338261036464,,,track,,grade3,,,,,,private,,,,,,,,,,True,True,True,surface_unknown,18,1
buffer_5km:3587,osm:3757049695,osm:3757049715,371966361,226.31069735894113,,,track,,grade3,,,,,,private,,,,,,,,,,True,True,True,surface_unknown,2,1
buffer_5km:3588,osm:3757049695,osm:3757068950,372171389,309.62282930970974,,,track,,grade3,,,,,,private,,,,,,,,,,True,True,True,surface_unknown,4,1
buffer_5km:3589,osm:3757049717,osm:3757086907,370726095,1532.0136571855583,,,track,,grade3,,,,,,private,,,,,,,,,,True,True,True,surface_unknown,23,1
buffer_5km:3590,osm:3757049717,osm:3757068950,372171388,215.8930432419924,,,track,,grade3,,,,,,private,,,,,,,,,,True,True,True,surface_unknown,3,1
buffer_5km:3591,osm:3757059989,osm:3757067920,371966362,1651.7841849562549,,,track,,grade3,,,,,,private,,,,,,,,,,True,True,True,surface_unknown,14,1
buffer_5km:3592,osm:3757067920,osm:3757068962,371966362,367.1333411164013,,,track,,grade3,,,,,,private,,,,,,,,,,True,True,True,surface_unknown,3,1
buffer_5km:3593,osm:3757067920,osm:3757086776,372173657,1682.6282650434853,,,track,,grade4,,,,,,private,,,,,,,,,,True,True,True,surface_unknown,36,1
buffer_5km:3594,osm:3757068950,osm:3757068962,372171389,1437.7037353578926,,,track,,grade3,,,,,,private,,,,,,,,,,True,True,True,surface_unknown,11,1
buffer_5km:3595,osm:3757068962,osm:3757086907,371966362,233.13983886057758,,,track,,grade3,,,,,,private,,,,,,,,,,True,True,True,surface_unknown,2,1
buffer_5km:3596,osm:3757068962,osm:3757068963,372171389,116.13256287579053,,,track,,grade3,,,,,,private,,,,,,,,,,True,True,True,surface_unknown,1,1
buffer_5km:3597,osm:3757068963,osm:3757086841,372175248,2240.1963526384006,,,track,,grade3,,,,,,private,,,,,,,,,,True,True,True,surface_unknown,31,1
buffer_5km:3598,osm:3757084132,osm:3757084168,372175247,2227.893542112568,,,track,,grade3,,,,,,private,,,,,,,,,,True,True,True,surface_unknown,11,1
buffer_5km:3599,osm:3757084168,osm:3757084219,372175247,1702.2340233687623,,,track,,grade3,,,,,,private,,,,,,,,,,True,True,True,surface_unknown,11,1
buffer_5km:3600,osm:3757084168,osm:3757084195,372175250,1874.9313595293443,,,track,,grade3,,,,,,private,,,,,,,,,,True,True,True,surface_unknown,47,1
buffer_5km:3601,osm:3757084195,osm:3757086745,371968060,1641.9289477944344,,,track,,grade4,,,,,,private,,,,,,,,,,True,True,True,surface_unknown,14,1
buffer_5km:3602,osm:3757084219,osm:3757086725,372175246,332.2989009966444,,,track,,grade3,,,,,,private,,,,,,,,,,True,True,True,surface_unknown,6,1
buffer_5km:3603,osm:3757084219,osm:3757086812,372175246,1036.6513200481393,,,track,,grade3,,,,,,private,,,,,,,,,,True,True,True,surface_unknown,11,1
buffer_5km:3604,osm:3757084219,osm:3757086839,372175247,1375.11425508166,,,track,,grade3,,,,,,private,,,,,,,,,,True,True,True,surface_unknown,7,1
buffer_5km:3605,osm:3757086725,osm:3757086745,372175249,550.6343916735993,,,track,,grade3,,,,,,private,,,,,,,,,,True,True,True,surface_unknown,14,1
buffer_5km:3606,osm:3757086745,osm:3757086780,371968060,245.10348093747513,,,track,,grade4,,,,,,private,,,,,,,,,,True,True,True,surface_unknown,2,1
buffer_5km:3607,osm:3757086745,osm:3757086776,372175249,895.6342535061087,,,track,,grade3,,,,,,private,,,,,,,,,,True,True,True,surface_unknown,25,1
buffer_5km:3608,osm:3757086780,osm:3757086841,372175244,603.6363555306422,,,track,,grade3,,,,,,private,,,,,,,,,,True,True,True,surface_unknown,6,1
buffer_5km:3609,osm:3757086812,osm:3757086834,370726095,434.75224473676144,,,track,,grade3,,,,,,private,,,,,,,,,,True,True,True,surface_unknown,5,1
buffer_5km:3610,osm:3757086812,osm:3757086823,370726095,1282.624384194803,,,track,,grade3,,,,,,private,,,,,,,,,,True,True,True,surface_unknown,15,1
buffer_5km:3611,osm:3757086823,osm:3757513432,370726095,437.33303299397005,,,track,,grade3,,,,,,private,,,,,,,,,,True,True,True,surface_unknown,5,1
buffer_5km:3612,osm:3757086834,osm:3757086913,370726095,1267.4554384104592,,,track,,grade3,,,,,,private,,,,,,,,,,True,True,True,surface_unknown,14,1
buffer_5km:3613,osm:3757086839,osm:3757086869,372175247,84.8449042197278,,,track,,grade3,,,,,,private,,,,,,,,,,True,True,True,surface_unknown,1,1
buffer_5km:3614,osm:3757086839,osm:3757086841,372175248,54.68686561283431,,,track,,grade3,,,,,,private,,,,,,,,,,True,True,True,surface_unknown,1,1
buffer_5km:3615,osm:3757086841,osm:3757086869,372175244,79.79649445984175,,,track,,grade3,,,,,,private,,,,,,,,,,True,True,True,surface_unknown,3,1
buffer_5km:3616,osm:3757086869,osm:3757086913,372175247,219.38366295243804,,,track,,grade3,,,,,,private,,,,,,,,,,True,True,True,surface_unknown,2,1
buffer_5km:3617,osm:3757086907,osm:3757086913,370726095,2320.9661026851713,,,track,,grade3,,,,,,private,,,,,,,,,,True,True,True,surface_unknown,33,1
buffer_5km:3618,osm:3757427069,osm:3757427088,371968062,952.757510725022,,,track,,grade3,,,,,,private,,,,,,,,,,True,True,True,surface_unknown,5,1
buffer_5km:3619,osm:3757427088,osm:3757427099,371968062,89.48484267918485,,,track,,grade3,,,,,,private,,,,,,,,,,True,True,True,surface_unknown,2,1
buffer_5km:3620,osm:3757427088,osm:3757427095,372204911,78.2937198833803,,,track,,grade3,,,,,,private,,,,,,,,,,True,True,True,surface_unknown,3,1
buffer_5km:3621,osm:3757427095,osm:3757427099,372204908,78.02874315497365,,,track,,grade3,,,,,,private,,,,,,,,,,True,True,True,surface_unknown,2,1
buffer_5km:3622,osm:3757427095,osm:3757466419,372204908,1467.0491383271064,,,track,,grade3,,,,,,private,,,,,,,,,,True,True,True,surface_unknown,36,1
buffer_5km:3623,osm:3757427099,osm:3757427104,371968062,628.584664355786,,,track,,grade3,,,,,,private,,,,,,,,,,True,True,True,surface_unknown,3,1
buffer_5km:3624,osm:3757427104,osm:3757427359,371968062,1407.1120717820263,,,track,,grade3,,,,,,private,,,,,,,,,,True,True,True,surface_unknown,6,1
buffer_5km:3625,osm:3757427104,osm:3757466876,372204906,1549.8709901456748,,,track,,grade3,,,,,,private,,,,,,,,,,True,True,True,surface_unknown,35,1
buffer_5km:3626,osm:3757427348,osm:3757484381,372204909,1923.1617505186732,,,track,,grade3,,,,,,private,,,,,,,,,,True,True,True,surface_unknown,55,1
buffer_5km:3627,osm:3757427348,osm:3757427359,372204910,128.26869980383645,,,track,,grade3,,,,,,private,,,,,,,,,,True,True,True,surface_unknown,2,1
buffer_5km:3628,osm:3757427348,osm:3757467052,372204910,1552.0744783232396,,,track,,grade3,,,,,,private,,,,,,,,,,True,True,True,surface_unknown,18,1
buffer_5km:3629,osm:3757427359,osm:3757427378,371968062,146.41792994526722,,,track,,grade3,,,,,,private,,,,,,,,,,True,True,True,surface_unknown,1,1
buffer_5km:3630,osm:3757427359,osm:3757427399,372204910,447.98914666848464,,,track,,grade3,,,,,,private,,,,,,,,,,True,True,True,surface_unknown,7,1
buffer_5km:3631,osm:3757427378,osm:3757427392,371968062,497.3322558562028,,,track,,grade3,,,,,,private,,,,,,,,,,True,True,True,surface_unknown,4,1
buffer_5km:3632,osm:3757427378,osm:3757427392,372204907,561.5953194972818,,,track,,grade3,,,,,,private,,,,,,,,,,True,True,True,surface_unknown,20,1
buffer_5km:3633,osm:3757427392,osm:3757484427,371968062,1141.9374246585237,,,track,,grade3,,,,,,private,,,,,,,,,,True,True,True,surface_unknown,6,1
buffer_5km:3634,osm:3757427399,osm:3757427404,372204910,308.17247269952395,,,track,,grade3,,,,,,private,,,,,,,,,,True,True,True,surface_unknown,5,1
buffer_5km:3635,osm:3757427399,osm:3757484427,372210728,2780.3457706548134,,,track,,grade3,,,,,,private,,,,,,,,,,True,True,True,surface_unknown,116,1
buffer_5km:3636,osm:3757427404,osm:3757506524,370726095,560.2037587752633,,,track,,grade3,,,,,,private,,,,,,,,,,True,True,True,surface_unknown,9,1
buffer_5km:3637,osm:3757461571,osm:3757461582,371968061,104.73128328140973,,,track,,grade3,,,,,,private,,,,,,,,,,True,True,True,surface_unknown,4,1
buffer_5km:3638,osm:3757461571,osm:3757461580,372208643,90.17863672040784,,,track,,grade3,,,,,,private,,,,,,,,,,True,True,True,surface_unknown,4,1
buffer_5km:3639,osm:3757461571,osm:3757461618,372208643,272.80139131531257,,,track,,grade3,,,,,,private,,,,,,,,,,True,True,True,surface_unknown,7,1
buffer_5km:3640,osm:3757461580,osm:3757461582,372208638,24.027512690562013,,,track,,grade3,,,,,,private,,,,,,,,,,True,True,True,surface_unknown,1,1
buffer_5km:3641,osm:3757461582,osm:3757461618,372208638,280.7457793797764,,,track,,grade3,,,,,,private,,,,,,,,,,True,True,True,surface_unknown,11,1
buffer_5km:3642,osm:3757461618,osm:3757466379,372208643,293.63086250849153,,,track,,grade3,,,,,,private,,,,,,,,,,True,True,True,surface_unknown,8,1
buffer_5km:3643,osm:3757466351,osm:3757466551,371968934,396.5774895647651,,,track,,grade3,,,,,,private,,,,,,,,,,True,True,True,surface_unknown,5,1
buffer_5km:3644,osm:3757466351,osm:3757466379,372204908,845.1274025217766,,,track,,grade3,,,,,,private,,,,,,,,,,True,True,True,surface_unknown,24,1
buffer_5km:3645,osm:3757466372,osm:3757466569,372208639,936.9217453435931,,,track,,grade3,,,,,,private,,,,,,,,,,True,True,True,surface_unknown,13,1
buffer_5km:3646,osm:3757466372,osm:3757466571,372208643,468.3751995963894,,,track,,grade3,,,,,,private,,,,,,,,,,True,True,True,surface_unknown,11,1
buffer_5km:3647,osm:3757466379,osm:3757466419,372204908,1651.7170025608436,,,track,,grade3,,,,,,private,,,,,,,,,,True,True,True,surface_unknown,49,1
buffer_5km:3648,osm:3757466379,osm:3757466694,372208643,668.582824972945,,,track,,grade3,,,,,,private,,,,,,,,,,True,True,True,surface_unknown,10,1
buffer_5km:3649,osm:3757466419,osm:3757466876,371968063,903.108290030741,,,track,,grade3,,,,,,private,,,,,,,,,,True,True,True,surface_unknown,4,1
buffer_5km:3650,osm:3757466551,osm:3757466672,371968934,284.85983861538,,,track,,grade3,,,,,,private,,,,,,,,,,True,True,True,surface_unknown,4,1
buffer_5km:3651,osm:3757466551,osm:3757466639,372208636,398.2077613847777,,,track,,grade3,,,,,,private,,,,,,,,,,True,True,True,surface_unknown,6,1
buffer_5km:3652,osm:3757466566,osm:3757466589,372208640,70.90158253160719,,,track,,grade3,,,,,,private,,,,,,,,,,True,True,True,surface_unknown,3,1
buffer_5km:3653,osm:3757466566,osm:3757466573,372208645,222.32205685057218,,,track,,grade3,,,,,,private,,,,,,,,,,True,True,True,surface_unknown,6,1
buffer_5km:3654,osm:3757466571,osm:3757466639,372204906,588.1341220406431,,,track,,grade3,,,,,,private,,,,,,,,,,True,True,True,surface_unknown,15,1
buffer_5km:3655,osm:3757466571,osm:3757466594,372208643,121.7928757831661,,,track,,grade3,,,,,,private,,,,,,,,,,True,True,True,surface_unknown,3,1
buffer_5km:3656,osm:3757466573,osm:3757466589,372208640,148.01514474856515,,,track,,grade3,,,,,,private,,,,,,,,,,True,True,True,surface_unknown,5,1
buffer_5km:3657,osm:3757466573,osm:3757466600,372208640,60.21132228136626,,,track,,grade3,,,,,,private,,,,,,,,,,True,True,True,surface_unknown,4,1
buffer_5km:3658,osm:3757466573,osm:3757466600,372208645,51.15332560761062,,,track,,grade3,,,,,,private,,,,,,,,,,True,True,True,surface_unknown,2,1
buffer_5km:3659,osm:3757466589,osm:3757466653,372208642,159.10064119011295,,,track,,grade3,,,,,,private,,,,,,,,,,True,True,True,surface_unknown,5,1
buffer_5km:3660,osm:3757466594,osm:3757466604,372208641,44.31247073932477,,,track,,grade3,,,,,,private,,,,,,,,,,True,True,True,surface_unknown,2,1
buffer_5km:3661,osm:3757466594,osm:3757466600,372208643,28.630944688082288,,,track,,grade3,,,,,,private,,,,,,,,,,True,True,True,surface_unknown,2,1
buffer_5km:3662,osm:3757466600,osm:3757466609,372208643,27.0153112506324,,,track,,grade3,,,,,,private,,,,,,,,,,True,True,True,surface_unknown,1,1
buffer_5km:3663,osm:3757466604,osm:3757466674,372208641,246.33561179095574,,,track,,grade3,,,,,,private,,,,,,,,,,True,True,True,surface_unknown,8,1
buffer_5km:3664,osm:3757466604,osm:3757466674,372208644,251.3178928936114,,,track,,grade3,,,,,,private,,,,,,,,,,True,True,True,surface_unknown,7,1
buffer_5km:3665,osm:3757466639,osm:3757466672,372204906,485.6239138429604,,,track,,grade3,,,,,,private,,,,,,,,,,True,True,True,surface_unknown,14,1
buffer_5km:3666,osm:3757466639,osm:3757466700,372208636,329.73431964021995,,,track,,grade3,,,,,,private,,,,,,,,,,True,True,True,surface_unknown,4,1
buffer_5km:3667,osm:3757466672,osm:3757484072,371968934,213.8501765743387,,,track,,grade3,,,,,,private,,,,,,,,,,True,True,True,surface_unknown,3,1
buffer_5km:3668,osm:3757466672,osm:3757466694,372204906,627.9379332929484,,,track,,grade3,,,,,,private,,,,,,,,,,True,True,True,surface_unknown,17,1
buffer_5km:3669,osm:3757466674,osm:3757466700,372208641,202.15522801764862,,,track,,grade3,,,,,,private,,,,,,,,,,True,True,True,surface_unknown,4,1
buffer_5km:3670,osm:3757466694,osm:3757466876,372204906,1449.7556442417736,,,track,,grade3,,,,,,private,,,,,,,,,,True,True,True,surface_unknown,44,1
buffer_5km:3671,osm:3757466694,osm:3757466913,372208643,639.8751971266773,,,track,,grade3,,,,,,private,,,,,,,,,,True,True,True,surface_unknown,7,1
buffer_5km:3672,osm:3757466700,osm:3757466867,372208641,662.9714592769824,,,track,,grade3,,,,,,private,,,,,,,,,,True,True,True,surface_unknown,18,1
buffer_5km:3673,osm:3757466867,osm:3757466894,372204910,156.4029739679559,,,track,,grade3,,,,,,private,,,,,,,,,,True,True,True,surface_unknown,5,1
buffer_5km:3674,osm:3757466876,osm:3757467052,371968063,717.5911462537072,,,track,,grade3,,,,,,private,,,,,,,,,,True,True,True,surface_unknown,5,1
buffer_5km:3675,osm:3757466894,osm:3757466895,372204910,4.035909048671742,,,track,,grade3,,,,,,private,,,,,,,,,,True,True,True,surface_unknown,1,1
buffer_5km:3676,osm:3757466894,osm:3757484080,372208637,52.0494491959562,,,track,,grade3,,,,,,private,,,,,,,,,,True,True,True,surface_unknown,2,1
buffer_5km:3677,osm:3757466895,osm:3757484072,371968934,313.64316494782554,,,track,,grade3,,,,,,private,,,,,,,,,,True,True,True,surface_unknown,5,1
buffer_5km:3678,osm:3757466895,osm:3757484087,372204910,440.8972624994134,,,track,,grade3,,,,,,private,,,,,,,,,,True,True,True,surface_unknown,11,1
buffer_5km:3679,osm:3757466913,osm:3757467052,372204910,1284.3521470884166,,,track,,grade3,,,,,,private,,,,,,,,,,True,True,True,surface_unknown,11,1
buffer_5km:3680,osm:3757466913,osm:3757484087,372204910,360.59036324483435,,,track,,grade3,,,,,,private,,,,,,,,,,True,True,True,surface_unknown,4,1
buffer_5km:3681,osm:3757466913,osm:3757466918,372208643,56.03663935830052,,,track,,grade3,,,,,,private,,,,,,,,,,True,True,True,surface_unknown,2,1
buffer_5km:3682,osm:3757484072,osm:3757484087,372210729,520.013532029953,,,track,,grade3,,,,,,private,,,,,,,,,,True,True,True,surface_unknown,12,1
buffer_5km:3683,osm:3757484080,osm:3757484090,372208637,133.55658832716668,,,track,,grade3,,,,,,private,,,,,,,,,,True,True,True,surface_unknown,4,1
buffer_5km:3684,osm:3757484080,osm:3757484094,372210734,220.72585579766,,,track,,grade3,,,,,,private,,,,,,,,,,True,True,True,surface_unknown,6,1
buffer_5km:3685,osm:3757484090,osm:3757484108,372208637,464.1881025073804,,,track,,grade3,,,,,,private,,,,,,,,,,True,True,True,surface_unknown,11,1
buffer_5km:3686,osm:3757484090,osm:3757484094,372210727,118.66140306477863,,,track,,grade3,,,,,,private,,,,,,,,,,True,True,True,surface_unknown,3,1
buffer_5km:3687,osm:3757484094,osm:3757569818,372210727,983.7093499223005,,,track,,grade3,,,,,,private,,,,,,,,,,True,True,True,surface_unknown,12,1
buffer_5km:3688,osm:3757484104,osm:3757484104,372210732,61.359057954523934,,,track,,grade3,,,,,,private,,,,,,,,,,True,True,True,surface_unknown,4,1
buffer_5km:3689,osm:3757484104,osm:3757484332,372210733,312.18975671827565,,,track,,grade3,,,,,,private,,,,,,,,,,True,True,True,surface_unknown,3,1
buffer_5km:3690,osm:3757484108,osm:3757569866,372208637,626.3382043345944,,,track,,grade3,,,,,,private,,,,,,,,,,True,True,True,surface_unknown,12,1
buffer_5km:3691,osm:3757484108,osm:3757484332,372210731,816.349282460982,,,track,,grade2,,,,,,private,,,,,,,,,,True,True,True,surface_unknown,33,1
buffer_5km:3692,osm:3757484332,osm:3757484365,372210733,173.16309820202156,,,track,,grade3,,,,,,private,,,,,,,,,,True,True,True,surface_unknown,3,1
buffer_5km:3693,osm:3757484365,osm:3757484381,372204909,892.5643912627634,,,track,,grade3,,,,,,private,,,,,,,,,,True,True,True,surface_unknown,31,1
buffer_5km:3694,osm:3757484381,osm:3757484425,372210730,384.69680453795524,,,track,,grade3,,,,,,private,,,,,,,,,,True,True,True,surface_unknown,14,1
buffer_5km:3695,osm:3757484425,osm:3757484427,371968062,412.79082667786673,,,track,,grade3,,,,,,private,,,,,,,,,,True,True,True,surface_unknown,2,1
buffer_5km:3696,osm:3757484425,osm:3758833065,371968062,1759.8698121546556,,,track,,grade3,,,,,,private,,,,,,,,,,True,True,True,surface_unknown,17,1
buffer_5km:3697,osm:3757484425,osm:3757506506,372210730,403.33675827590616,,,track,,grade3,,,,,,private,,,,,,,,,,True,True,True,surface_unknown,15,1
buffer_5km:3698,osm:3757506506,osm:3757569902,372212127,372.8249749976086,,,track,,grade3,,,,,,private,,,,,,,,,,True,True,True,surface_unknown,10,1
buffer_5km:3699,osm:3757506524,osm:3757513432,370726095,175.01599126798115,,,track,,grade3,,,,,,private,,,,,,,,,,True,True,True,surface_unknown,5,1
buffer_5km:3700,osm:3757506524,osm:3757513454,372212130,171.33715166403493,,,track,,grade3,,,,,,private,,,,,,,,,,True,True,True,surface_unknown,7,1
buffer_5km:3701,osm:3757513432,osm:3757513454,372212128,118.87832203534131,,,track,,grade3,,,,,,private,,,,,,,,,,True,True,True,surface_unknown,4,1
buffer_5km:3702,osm:3757566273,osm:3757566322,372213700,117.73702095112951,,,track,,grade3,,,,,,private,,,,,,,,,,True,True,True,surface_unknown,1,1
buffer_5km:3703,osm:3757566296,osm:3757566324,372213704,113.06520344848829,,,track,,grade3,,,,,,private,,,,,,,,,,True,True,True,surface_unknown,4,1
buffer_5km:3704,osm:3757566296,osm:3757566296,372213705,74.11331446091184,,,track,,grade3,,,,,,private,,,,,,,,,,True,True,True,surface_unknown,5,1
buffer_5km:3705,osm:3757566311,osm:3784849397,372210727,180.11711128392514,,,track,,grade3,,,,,,private,,,,,,,,,,True,True,True,surface_unknown,6,1
buffer_5km:3706,osm:3757566322,osm:3784849397,372210727,23.15400317470717,,,track,,grade3,,,,,,private,,,,,,,,,,True,True,True,surface_unknown,1,1
buffer_5km:3707,osm:3757566324,osm:3757569755,371968936,866.9114162042539,,,track,,grade3,,,,,,private,,,,,,,,,,True,True,True,surface_unknown,4,1
buffer_5km:3708,osm:3757569755,osm:3757569787,371968933,804.1729152919116,,,track,,grade3,,,,,,private,,,,,,,,,,True,True,True,surface_unknown,9,1
buffer_5km:3709,osm:3757569755,osm:3757590427,371968936,697.3620279659237,,,track,,grade3,,,,,,private,,,,,,,,,,True,True,True,surface_unknown,2,1
buffer_5km:3710,osm:3757569787,osm:3757569802,372213702,202.25193343947763,,,track,,grade3,,,,,,private,,,,,,,,,,True,True,True,surface_unknown,7,1
buffer_5km:3711,osm:3757569802,osm:3757608269,316122361,2093.685768150925,,,track,,,,,,,,private,,,,,,,,,,True,True,True,surface_unknown,8,1
buffer_5km:3712,osm:3757569802,osm:3757590450,316122361,253.15055054894134,,,track,,,,,,,,private,,,,,,,,,,True,True,True,surface_unknown,3,1
buffer_5km:3713,osm:3757569818,osm:3784855559,372210727,507.07810528128545,,,track,,grade3,,,,,,private,,,,,,,,,,True,True,True,surface_unknown,9,1
buffer_5km:3714,osm:3757569818,osm:3757569866,372213701,1146.8847081444408,,,track,,grade3,,,,,,private,,,,,,,,,,True,True,True,surface_unknown,27,1
buffer_5km:3715,osm:3757569866,osm:3757569868,372213701,11.17582228405048,,,track,,grade3,,,,,,private,,,,,,,,,,True,True,True,surface_unknown,1,1
buffer_5km:3716,osm:3757569868,osm:3758833065,371968062,18.800614294703,,,track,,grade3,,,,,,private,,,,,,,,,,True,True,True,surface_unknown,1,1
buffer_5km:3717,osm:3757569868,osm:3784855607,371968062,2112.6766761040176,,,track,,grade3,,,,,,private,,,,,,,,,,True,True,True,surface_unknown,19,1
buffer_5km:3718,osm:3757569902,osm:3757570134,372213703,1093.3643245654039,,,track,,grade3,,,,,,private,,,,,,,,,,True,True,True,surface_unknown,36,1
buffer_5km:3719,osm:3757570134,osm:3758833096,372331445,953.3103710565482,,,track,,grade3,,,,,,private,,,,,,,,,,True,True,True,surface_unknown,26,1
buffer_5km:3720,osm:3757585449,osm:3757585465,372216868,364.96210933576083,,,track,,grade3,,,,,,private,,,,,,,,,,True,True,True,surface_unknown,9,1
buffer_5km:3721,osm:3757585465,osm:3757585522,372216868,1787.693626494783,,,track,,grade3,,,,,,private,,,,,,,,,,True,True,True,surface_unknown,52,1
buffer_5km:3722,osm:3757585522,osm:3785931766,371968932,706.8730109528035,,,track,,grade4,,,,,,private,,,,,,,,,,True,True,True,surface_unknown,10,1
buffer_5km:3723,osm:3757585522,osm:3757590482,371968932,988.2237301065963,,,track,,grade4,,,,,,private,,,,,,,,,,True,True,True,surface_unknown,19,1
buffer_5km:3724,osm:3757590427,osm:3757590442,371968936,235.47871168542912,,,track,,grade3,,,,,,private,,,,,,,,,,True,True,True,surface_unknown,3,1
buffer_5km:3725,osm:3757590427,osm:3757590442,372216865,267.91888878278235,,,track,,grade3,,,,,,private,,,,,,,,,,True,True,True,surface_unknown,13,1
buffer_5km:3726,osm:3757590442,osm:3757590482,371968936,1127.0652382335181,,,track,,grade3,,,,,,private,,,,,,,,,,True,True,True,surface_unknown,10,1
buffer_5km:3727,osm:3757590450,osm:3757590464,372216866,211.474747184344,,,track,,grade3,,,,,,private,,,,,,,,,,True,True,True,surface_unknown,6,1
buffer_5km:3728,osm:3757590463,osm:3757590635,371968933,1074.6238069341266,,,track,,grade3,,,,,,private,,,,,,,,,,True,True,True,surface_unknown,18,1
buffer_5km:3729,osm:3757590463,osm:3757590464,372216867,11.252619523259078,,,track,,grade3,,,,,,private,,,,,,,,,,True,True,True,surface_unknown,1,1
buffer_5km:3730,osm:3757590464,osm:3757590635,372216866,1016.4573280237387,,,track,,grade3,,,,,,private,,,,,,,,,,True,True,True,surface_unknown,15,1
buffer_5km:3731,osm:3757590464,osm:3757608310,372216867,2045.3391261977345,,,track,,grade3,,,,,,private,,,,,,,,,,True,True,True,surface_unknown,65,1
buffer_5km:3732,osm:3757590482,osm:3757608269,371968932,193.54587893682287,,,track,,grade4,,,,,,private,,,,,,,,,,True,True,True,surface_unknown,4,1
buffer_5km:3733,osm:3757590482,osm:3757590520,371968936,588.7673912587557,,,track,,grade3,,,,,,private,,,,,,,,,,True,True,True,surface_unknown,11,1
buffer_5km:3734,osm:3757590520,osm:3757608269,316122361,562.9122156621632,,,track,,,,,,,,private,,,,,,,,,,True,True,True,surface_unknown,3,1
buffer_5km:3735,osm:3757590635,osm:3784855682,371968933,124.83222424926507,,,track,,grade3,,,,,,private,,,,,,,,,,True,True,True,surface_unknown,5,1
buffer_5km:3736,osm:3757608269,osm:3757608435,371968932,710.0224946134388,,,track,,grade4,,,,,,private,,,,,,,,,,True,True,True,surface_unknown,8,1
buffer_5km:3737,osm:3757608309,osm:3757608310,372218998,61.84344173060336,,,track,,grade3,,,,,,private,,,,,,,,,,True,True,True,surface_unknown,2,1
buffer_5km:3738,osm:3757608310,osm:3757608435,372218998,699.0594222920437,,,track,,grade3,,,,,,private,,,,,,,,,,True,True,True,surface_unknown,28,1
buffer_5km:3739,osm:3757608435,osm:3757608438,371968932,200.31048027622995,,,track,,grade4,,,,,,private,,,,,,,,,,True,True,True,surface_unknown,3,1
buffer_5km:3740,osm:3757608438,osm:3757608640,372219021,3150.476294979788,,,track,,grade3,,,,,,private,,,,,,,,,,True,True,True,surface_unknown,88,1
buffer_5km:3741,osm:3757608640,osm:3784855920,316122353,522.2702853278502,,,track,,,,,,,,private,,,,,,,,,,True,True,True,surface_unknown,6,1
buffer_5km:3742,osm:3757608659,osm:3779901238,316122353,687.8481046695528,,,track,,,,,,,,private,,,,,,,,,,True,True,True,surface_unknown,5,1
buffer_5km:3743,osm:3757608659,osm:3757608664,316122353,98.93884047754165,,,track,,,,,,,,private,,,,,,,,,,True,True,True,surface_unknown,2,1
buffer_5km:3744,osm:3757608664,osm:3757841112,372218975,2079.9115914138692,,,track,,grade3,,,,,,private,,,,,,,,,,True,True,True,surface_unknown,34,1
buffer_5km:3745,osm:3757841062,osm:3757841074,372235114,272.45687010427645,,,track,,grade3,,,,,,private,,,,,,,,,,True,True,True,surface_unknown,9,1
buffer_5km:3746,osm:3757841062,osm:3757868696,372235118,2167.8389962816195,,,track,,grade3,,,,,,private,,,,,,,,,,True,True,True,surface_unknown,46,1
buffer_5km:3747,osm:3757841062,osm:3757841103,372235118,314.21353377267087,,,track,,grade3,,,,,,private,,,,,,,,,,True,True,True,surface_unknown,10,1
buffer_5km:3748,osm:3757841088,osm:3785932010,372235116,757.059775500648,,,track,,grade3,,,,,,private,,,,,,,,,,True,True,True,surface_unknown,15,1
buffer_5km:3749,osm:3757841088,osm:3779901194,372235119,206.02417965038373,,,track,,grade3,,,,,,private,,,,,,,,,,True,True,True,surface_unknown,5,1
buffer_5km:3750,osm:3757841088,osm:3757841108,372235119,262.3467256765024,,,track,,grade3,,,,,,private,,,,,,,,,,True,True,True,surface_unknown,7,1
buffer_5km:3751,osm:3757841103,osm:3757841105,316122361,32.20775010361262,,,track,,,,,,,,private,,,,,,,,,,True,True,True,surface_unknown,1,1
buffer_5km:3752,osm:3757841105,osm:3757841112,316122361,399.520170019972,,,track,,,,,,,,private,,,,,,,,,,True,True,True,surface_unknown,1,1
buffer_5km:3753,osm:3757841105,osm:3779901238,372235115,1949.170770124137,,,track,,grade3,,,,,,private,,,,,,,,,,True,True,True,surface_unknown,14,1
buffer_5km:3754,osm:3757841108,osm:3757841112,372218975,103.29555598170003,,,track,,grade3,,,,,,private,,,,,,,,,,True,True,True,surface_unknown,2,1
buffer_5km:3755,osm:3757841108,osm:3757841114,372235119,112.77173833119505,,,track,,grade3,,,,,,private,,,,,,,,,,True,True,True,surface_unknown,3,1
buffer_5km:3756,osm:3757841109,osm:3757841114,372235117,53.38370503985405,,,track,,grade3,,,,,,private,,,,,,,,,,True,True,True,surface_unknown,1,1
buffer_5km:3757,osm:3757842373,osm:3757842384,372235120,785.8634381720639,,,track,,grade3,,,,,,private,,,,,,,,,,True,True,True,surface_unknown,4,1
buffer_5km:3758,osm:3757842373,osm:3757842376,688103633,31.251825031239388,,D2680,unclassified,ground,,,,,,,,,,,,,,,,,True,True,False,earth_sand,1,1
buffer_5km:3759,osm:3757842384,osm:3779901281,372235121,97.84779851044478,,,track,,grade3,,,,,,private,,,,,,,,,,True,True,True,surface_unknown,1,1
buffer_5km:3760,osm:3757868696,osm:3785926950,372235118,1480.550486698602,,,track,,grade3,,,,,,private,,,,,,,,,,True,True,True,surface_unknown,50,1
buffer_5km:3761,osm:3757868696,osm:3785931766,372240153,1620.748754220662,,,track,,grade3,,,,,,private,,,,,,,,,,True,True,True,surface_unknown,62,1
buffer_5km:3762,osm:3757868696,osm:3757873398,372240153,3984.6698890668995,,,track,,grade3,,,,,,private,,,,,,,,,,True,True,True,surface_unknown,168,1
buffer_5km:3763,osm:3757873398,osm:3757910553,372235119,637.7474492986779,,,track,,grade3,,,,,,private,,,,,,,,,,True,True,True,surface_unknown,17,1
buffer_5km:3764,osm:3757873398,osm:3779901194,372235119,1518.273969811045,,,track,,grade3,,,,,,private,,,,,,,,,,True,True,True,surface_unknown,35,1
buffer_5km:3765,osm:3757873536,osm:3779901210,316122359,1101.066324016176,,,track,,grade2,,,,,,private,,,,,,,,,,True,True,True,surface_unknown,2,1
buffer_5km:3766,osm:3757910553,osm:3757910564,372244128,175.72003049162691,,,track,,grade3,,,,,,private,,,,,,,,,,True,True,True,surface_unknown,8,1
buffer_5km:3767,osm:3757910564,osm:3757910564,372244128,51.86539615567462,,,track,,grade3,,,,,,private,,,,,,,,,,True,True,True,surface_unknown,4,1
buffer_5km:3768,osm:3757910578,osm:3757910581,372244121,272.7386159256291,,,track,,grade3,,,,,,private,,,,,,,,,,True,True,True,surface_unknown,2,11
buffer_5km:3769,osm:3757910581,osm:3758709873,372244121,156.70441356680033,,,track,,grade3,,,,,,private,,,,,,,,,,True,True,True,surface_unknown,2,11
buffer_5km:3770,osm:3758588594,osm:3758588607,372244124,468.77148117238244,,,track,,grade3,,,,,,private,,,,,,,,,,True,True,True,surface_unknown,12,1
buffer_5km:3771,osm:3758588594,osm:3793851466,376042163,245.5558287747267,,,track,,grade3,,,,,,private,,,,,,,,,,True,True,True,surface_unknown,1,1
buffer_5km:3772,osm:3758833065,osm:3758833096,372331445,632.2565874913453,,,track,,grade3,,,,,,private,,,,,,,,,,True,True,True,surface_unknown,15,1
buffer_5km:3773,osm:3779901162,osm:3779927863,372235121,1328.0739193459992,,,track,,grade3,,,,,,private,,,,,,,,,,True,True,True,surface_unknown,15,1
buffer_5km:3774,osm:3779901162,osm:3779901210,372235121,776.1280848415595,,,track,,grade3,,,,,,private,,,,,,,,,,True,True,True,surface_unknown,8,1
buffer_5km:3775,osm:3779901162,osm:3779927914,374592639,1763.3643457359021,,,track,,grade3,,,,,,private,,,,,,,,,,True,True,True,surface_unknown,41,1
buffer_5km:3776,osm:3779901194,osm:3779927914,374592639,41.184833889375085,,,track,,grade3,,,,,,private,,,,,,,,,,True,True,True,surface_unknown,2,1
buffer_5km:3777,osm:3779901210,osm:3779901281,372235121,1732.2519567687268,,,track,,grade3,,,,,,private,,,,,,,,,,True,True,True,surface_unknown,11,1
buffer_5km:3778,osm:3779901216,osm:3782326867,374592642,802.8763212366787,,,track,,grade3,,,,,,private,,,,,,,,,,True,True,True,surface_unknown,25,1
buffer_5km:3779,osm:3779901216,osm:3782310136,374851080,653.0757076900622,,,track,,grade3,,,,,,private,,,,,,,,,,True,True,True,surface_unknown,26,1
buffer_5km:3780,osm:3779901238,osm:3784855920,316122353,65.42772670688176,,,track,,,,,,,,private,,,,,,,,,,True,True,True,surface_unknown,1,1
buffer_5km:3781,osm:3779901281,osm:3782326867,374592642,2264.819404597158,,,track,,grade3,,,,,,private,,,,,,,,,,True,True,True,surface_unknown,60,1
buffer_5km:3782,osm:3779927863,osm:3784611858,372235121,985.7280000298014,,,track,,grade3,,,,,,private,,,,,,,,,,True,True,True,surface_unknown,8,1
buffer_5km:3783,osm:3779927863,osm:3779927914,374595494,2707.7689535627383,,,track,,grade3,,,,,,private,,,,,,,,,,True,True,True,surface_unknown,41,1
buffer_5km:3784,osm:3782310063,osm:3784578940,374851082,86.28284250966654,,,track,,grade3,,,,,,private,,,,,,,,,,True,True,True,surface_unknown,3,1
buffer_5km:3785,osm:3782310070,osm:3782310108,374851079,125.55641295954824,,,track,,grade3,,,,,,private,,,,,,,,,,True,True,True,surface_unknown,5,1
buffer_5km:3786,osm:3782310070,osm:3782326773,374851079,75.39267169352485,,,track,,grade3,,,,,,private,,,,,,,,,,True,True,True,surface_unknown,4,1
buffer_5km:3787,osm:3782310070,osm:3782310162,374851081,790.3184127764763,,,track,,grade2,,,,,,private,,,,,,,,,,True,True,True,surface_unknown,26,1
buffer_5km:3788,osm:3782310134,osm:3784855936,374851081,62.622282832110436,,,track,,grade2,,,,,,private,,,,,,,,,,True,True,True,surface_unknown,3,1
buffer_5km:3789,osm:3782310134,osm:3782310136,374853423,131.3151671058547,,,track,,grade4,,,,,,private,,,,,,,,,,True,True,True,surface_unknown,4,1
buffer_5km:3790,osm:3782310134,osm:3782326811,374853423,554.5218620103644,,,track,,grade4,,,,,,private,,,,,,,,,,True,True,True,surface_unknown,14,1
buffer_5km:3791,osm:3782310136,osm:3782326867,374853423,1040.6196930100152,,,track,,grade4,,,,,,private,,,,,,,,,,True,True,True,surface_unknown,31,1
buffer_5km:3792,osm:3782310150,osm:3784855944,374851081,30.052605660121127,,,track,,grade2,,,,,,private,,,,,,,,,,True,True,True,surface_unknown,2,1
buffer_5km:3793,osm:3782310150,osm:3782310162,374851081,136.6688884723951,,,track,,grade2,,,,,,private,,,,,,,,,,True,True,True,surface_unknown,8,1
buffer_5km:3794,osm:3782310150,osm:3782326811,374853420,497.3246037679252,,,track,,grade4,,,,,,private,,,,,,,,,,True,True,True,surface_unknown,16,1
buffer_5km:3795,osm:3782310162,osm:3784578926,374853713,751.9787193478847,,,track,,grade2,,,,,,private,,,,,,,,,,True,True,True,surface_unknown,15,1
buffer_5km:3796,osm:3782326657,osm:3782326658,23950498,16.425914684184338,,,track,,grade2,,,,,,private,,,,,,,,,,True,True,True,surface_unknown,1,1
buffer_5km:3797,osm:3782326657,osm:3782326675,374853422,105.54935001203745,,,track,,grade2,,,,,,private,,,,,,,,,,True,True,True,surface_unknown,3,1
buffer_5km:3798,osm:3782326658,osm:3784855899,23950498,52.93015306431084,,,track,,grade2,,,,,,private,,,,,,,,,,True,True,True,surface_unknown,2,1
buffer_5km:3799,osm:3782326658,osm:3782326676,374853424,89.96480024392872,,,track,,grade3,,,,,,private,,,,,,,,,,True,True,True,surface_unknown,3,1
buffer_5km:3800,osm:3782326659,osm:3785876798,23950498,920.736907737732,,,track,,grade2,,,,,,private,,,,,,,,,,True,True,True,surface_unknown,1,1
buffer_5km:3801,osm:3782326659,osm:3784855899,23950498,33.885995304436676,,,track,,grade2,,,,,,private,,,,,,,,,,True,True,True,surface_unknown,1,1
buffer_5km:3802,osm:3782326659,osm:3782326676,374853425,151.6811301327925,,,track,,grade3,,,,,,private,,,,,,,,,,True,True,True,surface_unknown,7,1
buffer_5km:3803,osm:3782326675,osm:3782326678,316122359,18.060979360502017,,,track,,grade2,,,,,,private,,,,,,,,,,True,True,True,surface_unknown,2,1
buffer_5km:3804,osm:3782326676,osm:3782326681,374853424,66.81949259280455,,,track,,grade3,,,,,,private,,,,,,,,,,True,True,True,surface_unknown,3,1
buffer_5km:3805,osm:3782326678,osm:3782326695,316122359,118.24609679945597,,,track,,grade2,,,,,,private,,,,,,,,,,True,True,True,surface_unknown,1,1
buffer_5km:3806,osm:3782326678,osm:3782326681,374853418,11.282945894091405,,,track,,grade3,,,,,,private,,,,,,,,,,True,True,True,surface_unknown,1,1
buffer_5km:3807,osm:3782326681,osm:3782326685,374853418,40.31772462655808,,,track,,grade3,,,,,,private,,,,,,,,,,True,True,True,surface_unknown,2,1
buffer_5km:3808,osm:3782326685,osm:3782326712,374853418,114.6721545166624,,,track,,grade3,,,,,,private,,,,,,,,,,True,True,True,surface_unknown,6,1
buffer_5km:3809,osm:3782326685,osm:3782326711,374853426,93.30878539640645,,,track,,grade3,,,,,,private,,,,,,,,,,True,True,True,surface_unknown,3,1
buffer_5km:3810,osm:3782326695,osm:3782326711,374853427,38.026937441563064,,,track,,grade3,,,,,,private,,,,,,,,,,True,True,True,surface_unknown,2,1
buffer_5km:3811,osm:3782326711,osm:3782326729,374853426,65.8728852969273,,,track,,grade3,,,,,,private,,,,,,,,,,True,True,True,surface_unknown,5,1
buffer_5km:3812,osm:3782326711,osm:3782326712,374853427,40.8139294054812,,,track,,grade3,,,,,,private,,,,,,,,,,True,True,True,surface_unknown,2,1
buffer_5km:3813,osm:3782326712,osm:3782326826,374853427,1129.3574771890162,,,track,,grade3,,,,,,private,,,,,,,,,,True,True,True,surface_unknown,39,1
buffer_5km:3814,osm:3782326729,osm:3782326773,374851079,103.25552906894252,,,track,,grade3,,,,,,private,,,,,,,,,,True,True,True,surface_unknown,5,1
buffer_5km:3815,osm:3782326773,osm:3782326902,372343636,519.7844284630931,,,track,,grade3,,,,,,private,,,,,,,,,,True,True,True,surface_unknown,10,1
buffer_5km:3816,osm:3782326804,osm:3784578905,374853421,877.0981183427172,,,track,,grade4,,,,,,private,,,,,,,,,,True,True,True,surface_unknown,27,1
buffer_5km:3817,osm:3782326804,osm:3782326811,374853423,99.45427345579266,,,track,,grade4,,,,,,private,,,,,,,,,,True,True,True,surface_unknown,4,1
buffer_5km:3818,osm:3782326804,osm:3784578926,374853423,843.5903333520091,,,track,,grade4,,,,,,private,,,,,,,,,,True,True,True,surface_unknown,23,1
buffer_5km:3819,osm:3782326826,osm:3782326902,374853419,854.480404120388,,,track,,grade3,,,,,,private,,,,,,,,,,True,True,True,surface_unknown,11,1
buffer_5km:3820,osm:3782326902,osm:3782326940,374853419,282.45559141205774,,,track,,grade3,,,,,,private,,,,,,,,,,True,True,True,surface_unknown,4,1
buffer_5km:3821,osm:3784578910,osm:3784855850,375068360,503.7926690533353,,,track,,grade3,,,,,,private,,,,,,,,,,True,True,True,surface_unknown,11,1
buffer_5km:3822,osm:3784578926,osm:3784578940,374853713,406.2363329535538,,,track,,grade2,,,,,,private,,,,,,,,,,True,True,True,surface_unknown,9,1
buffer_5km:3823,osm:3784602481,osm:3784694789,375074050,350.7070981123363,,,track,,grade3,,,,,,private,,,,,,,,,,True,True,True,surface_unknown,13,1
buffer_5km:3824,osm:3784602481,osm:3784602504,375074050,406.2362882689862,,,track,,grade3,,,,,,private,,,,,,,,,,True,True,True,surface_unknown,12,1
buffer_5km:3825,osm:3784602481,osm:3784694784,375080259,381.1379602494193,,,track,,grade4,,,,,,private,,,,,,,,,,True,True,True,surface_unknown,16,1
buffer_5km:3826,osm:3784602504,osm:3784602531,375074050,329.50168590747506,,,track,,grade3,,,,,,private,,,,,,,,,,True,True,True,surface_unknown,11,1
buffer_5km:3827,osm:3784602504,osm:3784612138,375077895,216.7643577797363,,,track,,grade3,,,,,,private,,,,,,,,,,True,True,True,surface_unknown,3,1
buffer_5km:3828,osm:3784602504,osm:3784694844,375077895,437.278224554644,,,track,,grade3,,,,,,private,,,,,,,,,,True,True,True,surface_unknown,10,1
buffer_5km:3829,osm:3784602531,osm:3784612167,375072086,123.73764604423982,,,track,,grade4,,,,,,private,,,,,,,,,,True,True,True,surface_unknown,2,1
buffer_5km:3830,osm:3784602531,osm:3784636306,375074050,1361.5815117897564,,,track,,grade3,,,,,,private,,,,,,,,,,True,True,True,surface_unknown,45,1
buffer_5km:3831,osm:3784611835,osm:3784611858,375072083,815.0895283273239,,,track,,grade3,,,,,,private,,,,,,,,,,True,True,True,surface_unknown,6,1
buffer_5km:3832,osm:3784611858,osm:3784611961,372235121,539.7820444220512,,,track,,grade3,,,,,,private,,,,,,,,,,True,True,True,surface_unknown,12,1
buffer_5km:3833,osm:3784611858,osm:3784774233,375072083,2342.613484456082,,,track,,grade3,,,,,,private,,,,,,,,,,True,True,True,surface_unknown,11,1
buffer_5km:3834,osm:3784611886,osm:3784611891,375068360,30.68600218755391,,,track,,grade3,,,,,,private,,,,,,,,,,True,True,True,surface_unknown,1,1
buffer_5km:3835,osm:3784611886,osm:3784774303,375080258,720.0328673237342,,,track,,grade3,,,,,,private,,,,,,,,,,True,True,True,surface_unknown,10,1
buffer_5km:3836,osm:3784611886,osm:3784774355,375080258,1266.5924004616704,,,track,,grade3,,,,,,private,,,,,,,,,,True,True,True,surface_unknown,39,1
buffer_5km:3837,osm:3784611891,osm:3784855574,375068360,391.7255417948299,,,track,,grade3,,,,,,private,,,,,,,,,,True,True,True,surface_unknown,10,1
buffer_5km:3838,osm:3784611891,osm:3784612235,375072090,3156.4233020150923,,,track,,grade4,,,,,,private,,,,,,,,,,True,True,True,surface_unknown,84,1
buffer_5km:3839,osm:3784611891,osm:3784611917,375077895,1499.2943143173434,,,track,,grade3,,,,,,private,,,,,,,,,,True,True,True,surface_unknown,46,1
buffer_5km:3840,osm:3784611891,osm:3784612081,375077895,2985.114162428351,,,track,,grade3,,,,,,private,,,,,,,,,,True,True,True,surface_unknown,48,1
buffer_5km:3841,osm:3784611917,osm:3784611961,375077895,779.1198280799779,,,track,,grade3,,,,,,private,,,,,,,,,,True,True,True,surface_unknown,25,1
buffer_5km:3842,osm:3784611917,osm:3785932008,375086229,1468.3176587993946,,,track,,grade4,,,,,,private,,,,,,,,,,True,True,True,surface_unknown,36,1
buffer_5km:3843,osm:3784611917,osm:3784774303,375086229,1706.872698948826,,,track,,grade4,,,,,,private,,,,,,,,,,True,True,True,surface_unknown,44,1
buffer_5km:3844,osm:3784612081,osm:3784612235,375072089,1025.0877547745772,,,track,,grade3,,,,,,private,,,,,,,,,,True,True,True,surface_unknown,33,1
buffer_5km:3845,osm:3784612081,osm:3784612085,375077895,79.31302898379353,,,track,,grade3,,,,,,private,,,,,,,,,,True,True,True,surface_unknown,4,1
buffer_5km:3846,osm:3784612085,osm:3784612167,375072086,1076.7103612794474,,,track,,grade4,,,,,,private,,,,,,,,,,True,True,True,surface_unknown,26,1
buffer_5km:3847,osm:3784612085,osm:3784612089,375077895,82.38190873686551,,,track,,grade3,,,,,,private,,,,,,,,,,True,True,True,surface_unknown,2,1
buffer_5km:3848,osm:3784612089,osm:3784855623,375077895,245.67311611745538,,,track,,grade3,,,,,,private,,,,,,,,,,True,True,True,surface_unknown,3,1
buffer_5km:3849,osm:3784612089,osm:3784694459,375080258,1524.3723806413689,,,track,,grade3,,,,,,private,,,,,,,,,,True,True,True,surface_unknown,27,1
buffer_5km:3850,osm:3784612138,osm:3784694314,375074049,1901.4120088591678,,,track,,grade4,,,,,,private,,,,,,,,,,True,True,True,surface_unknown,55,1
buffer_5km:3851,osm:3784612138,osm:3784612167,375074049,241.21461619490253,,,track,,grade4,,,,,,private,,,,,,,,,,True,True,True,surface_unknown,7,1
buffer_5km:3852,osm:3784612138,osm:3784855623,375077895,759.2361667956795,,,track,,grade3,,,,,,private,,,,,,,,,,True,True,True,surface_unknown,5,1
buffer_5km:3853,osm:3784612167,osm:3784636462,375074049,1872.7754575672488,,,track,,grade4,,,,,,private,,,,,,,,,,True,True,True,surface_unknown,44,1
buffer_5km:3854,osm:3784612235,osm:3785876798,375072089,1876.3130069784318,,,track,,grade3,,,,,,private,,,,,,,,,,True,True,True,surface_unknown,42,1
buffer_5km:3855,osm:3784612235,osm:3785876774,375072090,1441.7191601202046,,,track,,grade4,,,,,,private,,,,,,,,,,True,True,True,surface_unknown,29,1
buffer_5km:3856,osm:3784636306,osm:8644162481,375074050,521.5328941264513,,,track,,grade3,,,,,,private,,,,,,,,,,True,True,True,surface_unknown,22,1
buffer_5km:3857,osm:3784636306,osm:3784671910,375077901,172.6725979897998,,,track,,grade4,,,,,,private,,,,,,,,,,True,True,True,surface_unknown,7,1
buffer_5km:3858,osm:3784636319,osm:3784636319,375074043,80.94471679177046,,,track,,grade4,,,,,,private,,,,,,,,,,True,True,True,surface_unknown,4,1
buffer_5km:3859,osm:3784636319,osm:3785876774,375074043,191.1506678476647,,,track,,grade4,,,,,,private,,,,,,,,,,True,True,True,surface_unknown,8,1
buffer_5km:3860,osm:3784636338,osm:3784636367,375074045,747.5637193685029,,,track,,grade4,,,,,,private,,,,,,,,,,True,True,True,surface_unknown,24,1
buffer_5km:3861,osm:3784636338,osm:3784636349,375074045,54.5949288683921,,,track,,grade4,,,,,,private,,,,,,,,,,True,True,True,surface_unknown,1,1
buffer_5km:3862,osm:3784636338,osm:3784671747,375077899,1342.1525224116158,,,track,,grade4,,,,,,private,,,,,,,,,,True,True,True,surface_unknown,45,1
buffer_5km:3863,osm:3784636349,osm:3784636381,375102360,283.3116346118652,,,track,,grade3,,,,,,private,,,,,,,,,,True,True,True,surface_unknown,6,1
buffer_5km:3864,osm:3784636349,osm:3784920575,375102360,227.20760378690483,,,track,,grade3,,,,,,private,,,,,,,,,,True,True,True,surface_unknown,4,1
buffer_5km:3865,osm:3784636367,osm:3784636441,375074042,126.96425141624125,,,track,,grade3,,,,,,private,,,,,,,,,,True,True,True,surface_unknown,5,1
buffer_5km:3866,osm:3784636367,osm:3784671891,375074042,409.51143479348565,,,track,,grade3,,,,,,private,,,,,,,,,,True,True,True,surface_unknown,9,1
buffer_5km:3867,osm:3784636381,osm:3784920658,375102376,157.43082356678045,,,track,,grade3,,,,,,private,,,,,,,,,,True,True,True,surface_unknown,5,1
buffer_5km:3868,osm:3784636419,osm:3785876774,375074043,242.43828615199797,,,track,,grade4,,,,,,private,,,,,,,,,,True,True,True,surface_unknown,8,1
buffer_5km:3869,osm:3784636419,osm:3785876798,375074046,1690.5500186976012,,,track,,grade3,,,,,,private,,,,,,,,,,True,True,True,surface_unknown,5,1
buffer_5km:3870,osm:3784636419,osm:3784636462,375074046,1056.6339110044537,,,track,,grade3,,,,,,private,,,,,,,,,,True,True,True,surface_unknown,6,1
buffer_5km:3871,osm:3784636441,osm:3784672002,932507566,123.94747421569697,,,track,,grade3,,,,,,private,,,,,,,,,,True,True,True,surface_unknown,4,1
buffer_5km:3872,osm:3784636455,osm:3784636462,375074046,233.01621469421943,,,track,,grade3,,,,,,private,,,,,,,,,,True,True,True,surface_unknown,3,1
buffer_5km:3873,osm:3784636455,osm:8644162481,932507567,34.28330877831832,,,track,,grade3,,,,,,private,,,,,,,,,,True,True,True,surface_unknown,1,1
buffer_5km:3874,osm:3784636479,osm:3784920687,375102376,186.61096821429675,,,track,,grade3,,,,,,private,,,,,,,,,,True,True,True,surface_unknown,5,1
buffer_5km:3875,osm:3784636479,osm:3784920662,375102376,15.223433177401702,,,track,,grade3,,,,,,private,,,,,,,,,,True,True,True,surface_unknown,1,1
buffer_5km:3876,osm:3784669171,osm:3784799856,1208482741,1112.7346004301405,,,track,,grade2,,,,,,private,,,,,,,,,,True,True,True,surface_unknown,25,1
buffer_5km:3877,osm:3784669176,osm:3784669221,375077900,227.10431215861615,,,track,,grade2,,,,,,private,,,,,,,,,,True,True,True,surface_unknown,4,1
buffer_5km:3878,osm:3784669198,osm:3784695105,375077895,196.2336772407832,,,track,,grade3,,,,,,private,,,,,,,,,,True,True,True,surface_unknown,5,1
buffer_5km:3879,osm:3784669198,osm:3784671641,375077895,694.629248543228,,,track,,grade3,,,,,,private,,,,,,,,,,True,True,True,surface_unknown,23,1
buffer_5km:3880,osm:3784669198,osm:3784669227,375077896,84.73524307495506,,,track,,grade4,,,,,,private,,,,,,,,,,True,True,True,surface_unknown,4,1
buffer_5km:3881,osm:3784669221,osm:3784669246,375077900,137.13351725164893,,,track,,grade2,,,,,,private,,,,,,,,,,True,True,True,surface_unknown,4,1
buffer_5km:3882,osm:3784669227,osm:3784671654,375077892,2522.0433096009224,,,track,,grade4,,,,,,private,,,,,,,,,,True,True,True,surface_unknown,93,1
buffer_5km:3883,osm:3784669227,osm:3784671650,375077892,693.6002280931802,,,track,,grade4,,,,,,private,,,,,,,,,,True,True,True,surface_unknown,25,1
buffer_5km:3884,osm:3784669227,osm:3784671864,375077896,1095.1166065784714,,,track,,grade4,,,,,,private,,,,,,,,,,True,True,True,surface_unknown,42,1
buffer_5km:3885,osm:3784669246,osm:3784669254,375077900,55.785287162573866,,,track,,grade2,,,,,,private,,,,,,,,,,True,True,True,surface_unknown,2,1
buffer_5km:3886,osm:3784669246,osm:3784799949,375086205,438.7553563220259,,,track,,grade3,,,,,,private,,,,,,,,,,True,True,True,surface_unknown,8,1
buffer_5km:3887,osm:3784669246,osm:3784671363,375086205,39.05178551357915,,,track,,grade3,,,,,,private,,,,,,,,,,True,True,True,surface_unknown,2,1
buffer_5km:3888,osm:3784669254,osm:3784695127,375077900,253.12876732278207,,,track,,grade2,,,,,,private,,,,,,,,,,True,True,True,surface_unknown,6,1
buffer_5km:3889,osm:3784669254,osm:3784671363,375077903,56.19708191789596,,,track,,grade3,,,,,,private,,,,,,,,,,True,True,True,surface_unknown,2,1
buffer_5km:3890,osm:3784671363,osm:3784671386,375077903,112.4219219516871,,,track,,grade3,,,,,,private,,,,,,,,,,True,True,True,surface_unknown,6,1
buffer_5km:3891,osm:3784671363,osm:3784671365,375086205,5.636463192570786,,,track,,grade3,,,,,,private,,,,,,,,,,True,True,True,surface_unknown,1,1
buffer_5km:3892,osm:3784671365,osm:3784671386,375077894,45.72490172391035,,,track,,grade3,,,,,,private,,,,,,,,,,True,True,True,surface_unknown,2,1
buffer_5km:3893,osm:3784671365,osm:3784671398,375086205,77.84699356346704,,,track,,grade3,,,,,,private,,,,,,,,,,True,True,True,surface_unknown,3,1
buffer_5km:3894,osm:3784671386,osm:3784671398,375102360,53.711356940659144,,,track,,grade3,,,,,,private,,,,,,,,,,True,True,True,surface_unknown,3,1
buffer_5km:3895,osm:3784671386,osm:3784671496,375102360,267.07246034555664,,,track,,grade3,,,,,,private,,,,,,,,,,True,True,True,surface_unknown,8,1
buffer_5km:3896,osm:3784671398,osm:3784671457,375086205,114.97202240696137,,,track,,grade3,,,,,,private,,,,,,,,,,True,True,True,surface_unknown,3,1
buffer_5km:3897,osm:3784671398,osm:3784671430,375102360,215.53021843172243,,,track,,grade3,,,,,,private,,,,,,,,,,True,True,True,surface_unknown,6,1
buffer_5km:3898,osm:3784671418,osm:3784671430,375077891,64.67628971934465,,,track,,grade3,,,,,,private,,,,,,,,,,True,True,True,surface_unknown,2,1
buffer_5km:3899,osm:3784671418,osm:3784671477,375077900,426.74871575687877,,,track,,grade2,,,,,,private,,,,,,,,,,True,True,True,surface_unknown,11,1
buffer_5km:3900,osm:3784671418,osm:3784695127,375077900,29.703860561106794,,,track,,grade2,,,,,,private,,,,,,,,,,True,True,True,surface_unknown,2,1
buffer_5km:3901,osm:3784671430,osm:3784671457,375077891,158.205636879992,,,track,,grade3,,,,,,private,,,,,,,,,,True,True,True,surface_unknown,4,1
buffer_5km:3902,osm:3784671430,osm:3784918525,375102360,434.26110085133735,,,track,,grade3,,,,,,private,,,,,,,,,,True,True,True,surface_unknown,11,1
buffer_5km:3903,osm:3784671457,osm:3784671520,375077891,117.31993087237043,,,track,,grade3,,,,,,private,,,,,,,,,,True,True,True,surface_unknown,4,1
buffer_5km:3904,osm:3784671467,osm:7755873431,375077900,112.24166370714491,,,track,,grade2,,,,,,private,,,,,,,,,,True,True,True,surface_unknown,13,1
buffer_5km:3905,osm:3784671477,osm:7755873431,375077900,39.84543520662882,,,track,,grade2,,,,,,private,,,,,,,,,,True,True,True,surface_unknown,4,1
buffer_5km:3906,osm:3784671477,osm:3784918525,830663584,387.3377802317696,,,track,,,,,,,,,,,,,,,,,,True,True,False,surface_unknown,31,1
buffer_5km:3907,osm:3784671496,osm:3784671520,375077904,204.39430266414965,,,track,,grade3,,,,,,private,,,,,,,,,,True,True,True,surface_unknown,8,1
buffer_5km:3908,osm:3784671496,osm:3784918504,375102360,108.20215327894374,,,track,,grade3,,,,,,private,,,,,,,,,,True,True,True,surface_unknown,5,1
buffer_5km:3909,osm:3784671520,osm:3784671544,375077891,25.639162186245123,,,track,,grade3,,,,,,private,,,,,,,,,,True,True,True,surface_unknown,1,1
buffer_5km:3910,osm:3784671641,osm:3784671747,375077890,267.88671035001937,,,track,,grade4,,,,,,private,,,,,,,,,,True,True,True,surface_unknown,10,1
buffer_5km:3911,osm:3784671641,osm:3784671686,375077895,353.0448067801948,,,track,,grade3,,,,,,private,,,,,,,,,,True,True,True,surface_unknown,11,1
buffer_5km:3912,osm:3784671650,osm:3784671747,375077899,252.28844002601474,,,track,,grade4,,,,,,private,,,,,,,,,,True,True,True,surface_unknown,12,1
buffer_5km:3913,osm:3784671654,osm:3784671891,375074042,390.0639653634591,,,track,,grade3,,,,,,private,,,,,,,,,,True,True,True,surface_unknown,8,1
buffer_5km:3914,osm:3784671654,osm:3784671727,375074042,1900.85754471083,,,track,,grade3,,,,,,private,,,,,,,,,,True,True,True,surface_unknown,43,1
buffer_5km:3915,osm:3784671654,osm:3784671727,375077892,343.8287257392395,,,track,,grade4,,,,,,private,,,,,,,,,,True,True,True,surface_unknown,11,1
buffer_5km:3916,osm:3784671686,osm:3784920565,375102360,795.8771002761481,,,track,,grade3,,,,,,private,,,,,,,,,,True,True,True,surface_unknown,19,1
buffer_5km:3917,osm:3784671686,osm:3784918534,375102360,270.4571876625789,,,track,,grade3,,,,,,private,,,,,,,,,,True,True,True,surface_unknown,8,1
buffer_5km:3918,osm:3784671727,osm:3784671910,375074042,338.68402894274584,,,track,,grade3,,,,,,private,,,,,,,,,,True,True,True,surface_unknown,9,1
buffer_5km:3919,osm:3784671864,osm:3784671891,375077897,1187.582398142221,,,track,,grade3,,,,,,private,,,,,,,,,,True,True,True,surface_unknown,49,1
buffer_5km:3920,osm:3784671910,osm:3784672002,375074042,531.648804358051,,,track,,grade3,,,,,,private,,,,,,,,,,True,True,True,surface_unknown,20,1
buffer_5km:3921,osm:3784672002,osm:8644162481,932507566,52.688935415937316,,,track,,grade3,,,,,,private,,,,,,,,,,True,True,True,surface_unknown,3,1
buffer_5km:3922,osm:3784692645,osm:3784692656,375080260,59.3321966530233,,,track,,grade3,,,,,,private,,,,,,,,,,True,True,True,surface_unknown,2,1
buffer_5km:3923,osm:3784692645,osm:3784773942,375080260,1522.4014680405146,,,track,,grade3,,,,,,private,,,,,,,,,,True,True,True,surface_unknown,26,1
buffer_5km:3924,osm:3784692645,osm:3784694512,375080265,785.6975160943803,,,track,,grade3,,,,,,private,,,,,,,,,,True,True,True,surface_unknown,26,1
buffer_5km:3925,osm:3784692656,osm:3784773873,375074050,1011.9538534353841,,,track,,grade3,,,,,,private,,,,,,,,,,True,True,True,surface_unknown,21,1
buffer_5km:3926,osm:3784692656,osm:3784694784,375074050,1276.4606547586177,,,track,,grade3,,,,,,private,,,,,,,,,,True,True,True,surface_unknown,29,1
buffer_5km:3927,osm:3784692656,osm:3784694258,375080260,6.477184509663386,,,track,,grade3,,,,,,private,,,,,,,,,,True,True,True,surface_unknown,1,1
buffer_5km:3928,osm:3784694258,osm:3784694314,375080260,202.87608768207312,,,track,,grade3,,,,,,private,,,,,,,,,,True,True,True,surface_unknown,5,1
buffer_5km:3929,osm:3784694258,osm:3784694259,375080263,120.84742036065855,,,track,,grade3,,,,,,private,,,,,,,,,,True,True,True,surface_unknown,4,1
buffer_5km:3930,osm:3784694259,osm:3784773872,375074049,1020.7803066117101,,,track,,grade4,,,,,,private,,,,,,,,,,True,True,True,surface_unknown,25,1
buffer_5km:3931,osm:3784694259,osm:3784694314,375074049,124.92361172816524,,,track,,grade4,,,,,,private,,,,,,,,,,True,True,True,surface_unknown,4,1
buffer_5km:3932,osm:3784694259,osm:3784694262,375080263,26.92178705060954,,,track,,grade3,,,,,,private,,,,,,,,,,True,True,True,surface_unknown,1,1
buffer_5km:3933,osm:3784694262,osm:3784774053,375080257,1003.4977734728551,,,track,,grade4,,,,,,private,,,,,,,,,,True,True,True,surface_unknown,22,1
buffer_5km:3934,osm:3784694262,osm:3784694344,375080263,2624.387022636255,,,track,,grade3,,,,,,private,,,,,,,,,,True,True,True,surface_unknown,66,1
buffer_5km:3935,osm:3784694314,osm:3784855623,375080260,2153.0918863505167,,,track,,grade3,,,,,,private,,,,,,,,,,True,True,True,surface_unknown,40,1
buffer_5km:3936,osm:3784694339,osm:3784774291,375080258,192.79197231902106,,,track,,grade3,,,,,,private,,,,,,,,,,True,True,True,surface_unknown,5,1
buffer_5km:3937,osm:3784694339,osm:3784694459,375080258,50.56882180877918,,,track,,grade3,,,,,,private,,,,,,,,,,True,True,True,surface_unknown,1,1
buffer_5km:3938,osm:3784694339,osm:3784694344,375080263,67.77951260407372,,,track,,grade3,,,,,,private,,,,,,,,,,True,True,True,surface_unknown,3,1
buffer_5km:3939,osm:3784694344,osm:3784694459,375080261,67.25080960696614,,,track,,grade3,,,,,,private,,,,,,,,,,True,True,True,surface_unknown,3,1
buffer_5km:3940,osm:3784694512,osm:3784694846,375080265,1435.1452344436955,,,track,,grade3,,,,,,private,,,,,,,,,,True,True,True,surface_unknown,49,1
buffer_5km:3941,osm:3784694512,osm:3784773997,375086224,1548.813195720021,,,track,,grade4,,,,,,private,,,,,,,,,,True,True,True,surface_unknown,46,1
buffer_5km:3942,osm:3784694784,osm:3784694789,375074050,30.116416231061017,,,track,,grade3,,,,,,private,,,,,,,,,,True,True,True,surface_unknown,2,1
buffer_5km:3943,osm:3784694789,osm:3784694844,375080256,553.5823054259395,,,track,,grade3,,,,,,private,,,,,,,,,,True,True,True,surface_unknown,9,1
buffer_5km:3944,osm:3784694844,osm:3784695105,375077895,900.2930999467478,,,track,,grade3,,,,,,private,,,,,,,,,,True,True,True,surface_unknown,20,1
buffer_5km:3945,osm:3784694844,osm:3784695105,375080262,961.9964572488781,,,track,,grade3,,,,,,private,,,,,,,,,,True,True,True,surface_unknown,18,1
buffer_5km:3946,osm:3784694846,osm:3784695105,375080262,691.4990731203022,,,track,,grade3,,,,,,private,,,,,,,,,,True,True,True,surface_unknown,19,1
buffer_5km:3947,osm:3784694846,osm:3784695057,375080262,89.39452180399482,,,track,,grade3,,,,,,private,,,,,,,,,,True,True,True,surface_unknown,3,1
buffer_5km:3948,osm:3784694846,osm:3784695057,375080265,93.32200413319752,,,track,,grade3,,,,,,private,,,,,,,,,,True,True,True,surface_unknown,4,1
buffer_5km:3949,osm:3784695057,osm:3784695062,375080262,38.85400614404833,,,track,,grade3,,,,,,private,,,,,,,,,,True,True,True,surface_unknown,2,1
buffer_5km:3950,osm:3784695062,osm:3784695091,375080262,231.8137482164452,,,track,,grade3,,,,,,private,,,,,,,,,,True,True,True,surface_unknown,7,1
buffer_5km:3951,osm:3784695062,osm:3784695091,375080264,227.12684755953336,,,track,,grade3,,,,,,private,,,,,,,,,,True,True,True,surface_unknown,7,1
buffer_5km:3952,osm:3784695091,osm:3784695127,375080262,572.5548407854249,,,track,,grade3,,,,,,private,,,,,,,,,,True,True,True,surface_unknown,18,1
buffer_5km:3953,osm:3784773476,osm:3784773494,375072083,1452.4220421551468,,,track,,grade3,,,,,,private,,,,,,,,,,True,True,True,surface_unknown,10,1
buffer_5km:3954,osm:3784773476,osm:3784773516,375072083,2505.3694426395296,,,track,,grade3,,,,,,private,,,,,,,,,,True,True,True,surface_unknown,22,1
buffer_5km:3955,osm:3784773476,osm:3784773906,375086220,2275.399102671367,,,track,,grade4,,,,,,private,,,,,,,,,,True,True,True,surface_unknown,38,1
buffer_5km:3956,osm:3784773494,osm:3784773531,375072083,1710.4211222581112,,,track,,grade3,,,,,,private,,,,,,,,,,True,True,True,surface_unknown,11,1
buffer_5km:3957,osm:3784773494,osm:3784773665,375086182,775.8468389581391,,,track,,grade3,,,,,,private,,,,,,,,,,True,True,True,surface_unknown,17,1
buffer_5km:3958,osm:3784773516,osm:3784773801,375072083,931.6147632124244,,,track,,grade3,,,,,,private,,,,,,,,,,True,True,True,surface_unknown,4,1
buffer_5km:3959,osm:3784773516,osm:3784773924,375086213,2595.149560260306,,,track,,grade3,,,,,,private,,,,,,,,,,True,True,True,surface_unknown,26,1
buffer_5km:3960,osm:3784773531,osm:3784773539,375072083,179.81945785444117,,,track,,grade3,,,,,,private,,,,,,,,,,True,True,True,surface_unknown,2,1
buffer_5km:3961,osm:3784773531,osm:3784773834,375074050,838.201438828939,,,track,,grade3,,,,,,private,,,,,,,,,,True,True,True,surface_unknown,14,1
buffer_5km:3962,osm:3784773539,osm:3784773831,375072083,2657.47745337058,,,track,,grade3,,,,,,private,,,,,,,,,,True,True,True,surface_unknown,18,1
buffer_5km:3963,osm:3784773539,osm:3784773872,375074049,874.3733003977147,,,track,,grade4,,,,,,private,,,,,,,,,,True,True,True,surface_unknown,16,1
buffer_5km:3964,osm:3784773665,osm:3784773746,375086182,329.94484011559126,,,track,,grade3,,,,,,private,,,,,,,,,,True,True,True,surface_unknown,6,1
buffer_5km:3965,osm:3784773665,osm:3784773732,375086229,802.126739986205,,,track,,grade4,,,,,,private,,,,,,,,,,True,True,True,surface_unknown,26,1
buffer_5km:3966,osm:3784773732,osm:3784773834,375086217,856.020254207046,,,track,,grade3,,,,,,private,,,,,,,,,,True,True,True,surface_unknown,19,1
buffer_5km:3967,osm:3784773732,osm:3784773746,375086217,622.587215255091,,,track,,grade3,,,,,,private,,,,,,,,,,True,True,True,surface_unknown,17,1
buffer_5km:3968,osm:3784773732,osm:3784773873,375086229,901.6616490265326,,,track,,grade4,,,,,,private,,,,,,,,,,True,True,True,surface_unknown,15,1
buffer_5km:3969,osm:3784773746,osm:3784773942,375086182,612.9436108635914,,,track,,grade3,,,,,,private,,,,,,,,,,True,True,True,surface_unknown,11,1
buffer_5km:3970,osm:3784773801,osm:3784773847,375072083,119.25257269449959,,,track,,grade3,,,,,,private,,,,,,,,,,True,True,True,surface_unknown,1,1
buffer_5km:3971,osm:3784773801,osm:3784773825,375086234,93.78164378112552,,,track,,grade3,,,,,,private,,,,,,,,,,True,True,True,surface_unknown,5,1
buffer_5km:3972,osm:3784773818,osm:3784773924,375086182,2260.5854813597953,,,track,,grade3,,,,,,private,,,,,,,,,,True,True,True,surface_unknown,53,1
buffer_5km:3973,osm:3784773818,osm:3784773825,375086182,24.935335609838905,,,track,,grade3,,,,,,private,,,,,,,,,,True,True,True,surface_unknown,1,1
buffer_5km:3974,osm:3784773818,osm:3784773833,375086190,44.748451162774856,,,track,,grade3,,,,,,private,,,,,,,,,,True,True,True,surface_unknown,2,1
buffer_5km:3975,osm:3784773825,osm:3784773847,375086182,77.22956549788373,,,track,,grade3,,,,,,private,,,,,,,,,,True,True,True,surface_unknown,3,1
buffer_5km:3976,osm:3784773825,osm:3784773833,375086234,26.486918594342455,,,track,,grade3,,,,,,private,,,,,,,,,,True,True,True,surface_unknown,2,1
buffer_5km:3977,osm:3784773831,osm:3784774039,375072083,2300.59717609751,,,track,,grade3,,,,,,private,,,,,,,,,,True,True,True,surface_unknown,12,1
buffer_5km:3978,osm:3784773831,osm:3784774165,375086202,754.3499855256804,,,track,,grade3,,,,,,private,,,,,,,,,,True,True,True,surface_unknown,9,1
buffer_5km:3979,osm:3784773833,osm:3784773890,375086190,171.67234275356503,,,track,,grade3,,,,,,private,,,,,,,,,,True,True,True,surface_unknown,9,1
buffer_5km:3980,osm:3784773834,osm:3784773873,375074050,75.79749120126003,,,track,,grade3,,,,,,private,,,,,,,,,,True,True,True,surface_unknown,2,1
buffer_5km:3981,osm:3784773847,osm:3784773890,375072083,107.78808650114044,,,track,,grade3,,,,,,private,,,,,,,,,,True,True,True,surface_unknown,2,1
buffer_5km:3982,osm:3784773872,osm:3784774053,375086229,1221.1364889287531,,,track,,grade4,,,,,,private,,,,,,,,,,True,True,True,surface_unknown,22,1
buffer_5km:3983,osm:3784773872,osm:3784773873,375086229,165.30553899273377,,,track,,grade4,,,,,,private,,,,,,,,,,True,True,True,surface_unknown,7,1
buffer_5km:3984,osm:3784773890,osm:3784799824,375072083,841.3416528868426,,,track,,grade3,,,,,,private,,,,,,,,,,True,True,True,surface_unknown,9,1
buffer_5km:3985,osm:3784773906,osm:3784849394,375086205,236.98780767786513,,,track,,grade3,,,,,,private,,,,,,,,,,True,True,True,surface_unknown,9,1
buffer_5km:3986,osm:3784773906,osm:3784773951,375086205,97.13058244852348,,,track,,grade3,,,,,,private,,,,,,,,,,True,True,True,surface_unknown,3,1
buffer_5km:3987,osm:3784773924,osm:3784773951,375086182,81.08500152720815,,,track,,grade3,,,,,,private,,,,,,,,,,True,True,True,surface_unknown,3,1
buffer_5km:3988,osm:3784773942,osm:3784773997,375086182,128.88999856325768,,,track,,grade3,,,,,,private,,,,,,,,,,True,True,True,surface_unknown,5,1
buffer_5km:3989,osm:3784773951,osm:3784773997,375086182,907.3410080565324,,,track,,grade3,,,,,,private,,,,,,,,,,True,True,True,surface_unknown,15,1
buffer_5km:3990,osm:3784773951,osm:3784773969,375086205,16.481119405582973,,,track,,grade3,,,,,,private,,,,,,,,,,True,True,True,surface_unknown,1,1
buffer_5km:3991,osm:3784773969,osm:3784799785,375086205,56.59444169022892,,,track,,grade3,,,,,,private,,,,,,,,,,True,True,True,surface_unknown,2,1
buffer_5km:3992,osm:3784773969,osm:3784799824,375091526,2307.40280553562,,,track,,grade4,,,,,,private,,,,,,,,,,True,True,True,surface_unknown,37,1
buffer_5km:3993,osm:3784774039,osm:3784774233,375072083,637.0393606651728,,,track,,grade3,,,,,,private,,,,,,,,,,True,True,True,surface_unknown,4,1
buffer_5km:3994,osm:3784774039,osm:3784774251,375086210,391.37446544927013,,,track,,grade4,,,,,,private,,,,,,,,,,True,True,True,surface_unknown,9,1
buffer_5km:3995,osm:3784774053,osm:3784774165,375086229,1701.2271088472303,,,track,,grade4,,,,,,private,,,,,,,,,,True,True,True,surface_unknown,41,1
buffer_5km:3996,osm:3784774165,osm:3784774291,375086202,385.47628630128787,,,track,,grade3,,,,,,private,,,,,,,,,,True,True,True,surface_unknown,6,1
buffer_5km:3997,osm:3784774165,osm:3784774251,375086229,1758.4188639432855,,,track,,grade4,,,,,,private,,,,,,,,,,True,True,True,surface_unknown,44,1
buffer_5km:3998,osm:3784774233,osm:3784774303,375080258,255.58116556954732,,,track,,grade3,,,,,,private,,,,,,,,,,True,True,True,surface_unknown,5,1
buffer_5km:3999,osm:3784774251,osm:3784774355,375086210,729.8271452625439,,,track,,grade4,,,,,,private,,,,,,,,,,True,True,True,surface_unknown,13,1
buffer_5km:4000,osm:3784774251,osm:3784774303,375086229,812.6024291671697,,,track,,grade4,,,,,,private,,,,,,,,,,True,True,True,surface_unknown,28,1
buffer_5km:4001,osm:3784774291,osm:3784774355,375080258,1166.1102530752646,,,track,,grade3,,,,,,private,,,,,,,,,,True,True,True,surface_unknown,36,1
buffer_5km:4002,osm:3784799785,osm:3784799949,375086205,2446.226745088675,,,track,,grade3,,,,,,private,,,,,,,,,,True,True,True,surface_unknown,37,1
buffer_5km:4003,osm:3784799785,osm:3784799910,375091524,1517.5528693888775,,,track,,grade4,,,,,,private,,,,,,,,,,True,True,True,surface_unknown,13,1
buffer_5km:4004,osm:3784799824,osm:3784799857,375072083,323.2791890405626,,,track,,grade3,,,,,,private,,,,,,,,,,True,True,True,surface_unknown,6,1
buffer_5km:4005,osm:3784799856,osm:3784799910,375091527,1680.0459017856397,,,track,,grade4,,,,,,private,,,,,,,,,,True,True,True,surface_unknown,32,1
buffer_5km:4006,osm:3784799856,osm:3784799857,1208482741,607.0651287492901,,,track,,grade2,,,,,,private,,,,,,,,,,True,True,True,surface_unknown,12,1
buffer_5km:4007,osm:3784799857,osm:3784799939,375072083,1376.5372629699307,,,track,,grade3,,,,,,private,,,,,,,,,,True,True,True,surface_unknown,7,1
buffer_5km:4008,osm:3784799910,osm:3784799949,375091527,1076.0143289164,,,track,,grade4,,,,,,private,,,,,,,,,,True,True,True,surface_unknown,14,1
buffer_5km:4009,osm:3784799939,osm:3784799969,375072083,1233.747625905671,,,track,,grade3,,,,,,private,,,,,,,,,,True,True,True,surface_unknown,5,1
buffer_5km:4010,osm:3784799969,osm:3784799973,375072083,16.430159010411135,,,track,,grade3,,,,,,private,,,,,,,,,,True,True,True,surface_unknown,2,1
buffer_5km:4011,osm:3784799969,osm:3784799991,375091528,630.3490900269851,,,track,,grade4,,,,,,private,,,,,,,,,,True,True,True,surface_unknown,8,1
buffer_5km:4012,osm:3784799973,osm:3784799984,375072083,1833.54531356975,,,track,,grade3,,,,,,private,,,,,,,,,,True,True,True,surface_unknown,10,1
buffer_5km:4013,osm:3784799973,osm:3784799996,375091529,395.0823516143181,,,track,,grade3,,,,,,private,,,,,,,,,,True,True,True,surface_unknown,8,1
buffer_5km:4014,osm:3784799991,osm:3784918544,375102361,674.3760703837726,,,track,,grade3,,,,,,private,,,,,,,,,,True,True,True,surface_unknown,19,1
buffer_5km:4015,osm:3784799991,osm:3784920461,375102361,386.7842670950107,,,track,,grade3,,,,,,private,,,,,,,,,,True,True,True,surface_unknown,14,1
buffer_5km:4016,osm:3784799996,osm:3784920461,375102361,113.83000974241745,,,track,,grade3,,,,,,private,,,,,,,,,,True,True,True,surface_unknown,6,1
buffer_5km:4017,osm:3784799996,osm:3784920555,375102361,188.23928223629335,,,track,,grade3,,,,,,private,,,,,,,,,,True,True,True,surface_unknown,7,1
buffer_5km:4018,osm:3784849394,osm:3784849394,375086205,44.887867509569205,,,track,,grade3,,,,,,private,,,,,,,,,,True,True,True,surface_unknown,4,1
buffer_5km:4019,osm:3784849397,osm:3784849443,371968062,1453.3400558516141,,,track,,grade3,,,,,,private,,,,,,,,,,True,True,True,surface_unknown,12,1
buffer_5km:4020,osm:3784849443,osm:3784855607,371968062,870.4147131104091,,,track,,grade3,,,,,,private,,,,,,,,,,True,True,True,surface_unknown,12,1
buffer_5km:4021,osm:3784855559,osm:3784855607,375096636,871.2902150381852,,,track,,grade4,,,,,,private,,,,,,,,,,True,True,True,surface_unknown,12,1
buffer_5km:4022,osm:3784855574,osm:3785932008,375068360,908.5625422999968,,,track,,grade3,,,,,,private,,,,,,,,,,True,True,True,surface_unknown,25,1
buffer_5km:4023,osm:3784855574,osm:3784855796,375096640,1813.747471005808,,,track,,grade4,,,,,,private,,,,,,,,,,True,True,True,surface_unknown,58,1
buffer_5km:4024,osm:3784855607,osm:3784855682,375096636,1049.8002945511269,,,track,,grade4,,,,,,private,,,,,,,,,,True,True,True,surface_unknown,25,1
buffer_5km:4025,osm:3784855658,osm:3785932008,375068360,70.87172223292261,,,track,,grade3,,,,,,private,,,,,,,,,,True,True,True,surface_unknown,3,1
buffer_5km:4026,osm:3784855658,osm:3784855850,375068360,1203.0854202431865,,,track,,grade3,,,,,,private,,,,,,,,,,True,True,True,surface_unknown,33,1
buffer_5km:4027,osm:3784855658,osm:3784855762,375096639,1029.3899393445208,,,track,,grade4,,,,,,private,,,,,,,,,,True,True,True,surface_unknown,37,1
buffer_5km:4028,osm:3784855762,osm:3784855850,375096635,744.275397348212,,,track,,grade4,,,,,,private,,,,,,,,,,True,True,True,surface_unknown,29,1
buffer_5km:4029,osm:3784855762,osm:3784855796,375096639,493.5064331652748,,,track,,grade4,,,,,,private,,,,,,,,,,True,True,True,surface_unknown,19,1
buffer_5km:4030,osm:3784855796,osm:3784855899,375096640,1165.9685155232205,,,track,,grade4,,,,,,private,,,,,,,,,,True,True,True,surface_unknown,28,1
buffer_5km:4031,osm:3784855936,osm:3784855944,374851081,884.5042152111943,,,track,,grade2,,,,,,private,,,,,,,,,,True,True,True,surface_unknown,39,1
buffer_5km:4032,osm:3784855936,osm:3784856061,375096634,924.8650072040143,,,track,,grade4,,,,,,private,,,,,,,,,,True,True,True,surface_unknown,23,1
buffer_5km:4033,osm:3784855944,osm:3784856061,375096638,1246.2581794930738,,,track,,grade4,,,,,,private,,,,,,,,,,True,True,True,surface_unknown,33,1
buffer_5km:4034,osm:3784918504,osm:3784918544,375102360,843.2035195983678,,,track,,grade3,,,,,,private,,,,,,,,,,True,True,True,surface_unknown,19,1
buffer_5km:4035,osm:3784918504,osm:3784920310,375102367,718.36826660432,,,track,,grade4,,,,,,private,,,,,,,,,,True,True,True,surface_unknown,20,1
buffer_5km:4036,osm:3784918525,osm:3784918534,375102360,101.84428100340872,,,track,,grade3,,,,,,private,,,,,,,,,,True,True,True,surface_unknown,4,1
buffer_5km:4037,osm:3784918534,osm:3785932011,375102378,481.1519392789258,,,track,,grade4,,,,,,private,,,,,,,,,,True,True,True,surface_unknown,12,1
buffer_5km:4038,osm:3784918544,osm:3784920302,375102378,436.6980108315547,,,track,,grade4,,,,,,private,,,,,,,,,,True,True,True,surface_unknown,14,1
buffer_5km:4039,osm:3784920302,osm:3785932180,375102365,2298.9065391872746,,,track,,grade4,,,,,,private,,,,,,,,,,True,True,True,surface_unknown,38,1
buffer_5km:4040,osm:3784920302,osm:3784920310,375102378,55.432542040172414,,,track,,grade4,,,,,,private,,,,,,,,,,True,True,True,surface_unknown,2,1
buffer_5km:4041,osm:3784920310,osm:3785932011,375102378,857.2749976405744,,,track,,grade4,,,,,,private,,,,,,,,,,True,True,True,surface_unknown,22,1
buffer_5km:4042,osm:3784920461,osm:3784920471,375102358,20.342109437600623,,,track,,grade4,,,,,,private,,,,,,,,,,True,True,True,surface_unknown,1,1
buffer_5km:4043,osm:3784920471,osm:3784920505,375102358,159.77328547190518,,,track,,grade4,,,,,,private,,,,,,,,,,True,True,True,surface_unknown,9,1
buffer_5km:4044,osm:3784920471,osm:3784920514,375102366,75.51375063025714,,,track,,grade4,,,,,,private,,,,,,,,,,True,True,True,surface_unknown,3,1
buffer_5km:4045,osm:3784920514,osm:3784920550,375102366,320.17249938621376,,,track,,grade4,,,,,,private,,,,,,,,,,True,True,True,surface_unknown,12,1
buffer_5km:4046,osm:3784920514,osm:3784920719,375102368,805.6903624163652,,,track,,grade3,,,,,,private,,,,,,,,,,True,True,True,surface_unknown,22,1
buffer_5km:4047,osm:3784920550,osm:3784920550,375102366,66.68122690443869,,,track,,grade4,,,,,,private,,,,,,,,,,True,True,True,surface_unknown,4,1
buffer_5km:4048,osm:3784920555,osm:3784920597,372121778,215.00614009013847,,,track,,grade3,,,,,,private,,,,,,,,,,True,True,True,surface_unknown,7,1
buffer_5km:4049,osm:3784920555,osm:3784920602,375102361,145.89424863056658,,,track,,grade3,,,,,,private,,,,,,,,,,True,True,True,surface_unknown,4,1
buffer_5km:4050,osm:3784920565,osm:3784920575,375102360,636.691021303302,,,track,,grade3,,,,,,private,,,,,,,,,,True,True,True,surface_unknown,16,1
buffer_5km:4051,osm:3784920565,osm:3784920652,375102373,265.16757557502547,,,track,,grade4,,,,,,private,,,,,,,,,,True,True,True,surface_unknown,9,1
buffer_5km:4052,osm:3784920575,osm:3784920652,375102373,665.1267518789147,,,track,,grade4,,,,,,private,,,,,,,,,,True,True,True,surface_unknown,16,1
buffer_5km:4053,osm:3784920597,osm:3784920602,375102381,121.6146264955141,,,track,,grade3,,,,,,private,,,,,,,,,,True,True,True,surface_unknown,6,1
buffer_5km:4054,osm:3784920602,osm:3784920678,375102361,457.9979270649717,,,track,,grade3,,,,,,private,,,,,,,,,,True,True,True,surface_unknown,10,1
buffer_5km:4055,osm:3784920652,osm:3785932180,375102365,414.73784334080307,,,track,,grade4,,,,,,private,,,,,,,,,,True,True,True,surface_unknown,2,1
buffer_5km:4056,osm:3784920658,osm:3784920662,375102376,27.010914065107166,,,track,,grade3,,,,,,private,,,,,,,,,,True,True,True,surface_unknown,2,1
buffer_5km:4057,osm:3784920662,osm:3784920687,375102382,206.38180684570403,,,track,,grade3,,,,,,private,,,,,,,,,,True,True,True,surface_unknown,7,1
buffer_5km:4058,osm:3784920678,osm:3784920713,375102361,237.46751780037795,,,track,,grade3,,,,,,private,,,,,,,,,,True,True,True,surface_unknown,8,1
buffer_5km:4059,osm:3784920678,osm:3784920719,375205456,458.1077279625981,,,track,,grade3,,,,,,private,,,,,,,,,,True,True,True,surface_unknown,16,1
buffer_5km:4060,osm:3784920687,osm:3784920712,375102376,119.64225166744853,,,track,,grade3,,,,,,private,,,,,,,,,,True,True,True,surface_unknown,4,1
buffer_5km:4061,osm:3784920712,osm:3784921050,375102376,1404.4761097888195,,,track,,grade3,,,,,,private,,,,,,,,,,True,True,True,surface_unknown,24,1
buffer_5km:4062,osm:3784920713,osm:3784920837,375102361,922.8685062531154,,,track,,grade3,,,,,,private,,,,,,,,,,True,True,True,surface_unknown,23,1
buffer_5km:4063,osm:3784920713,osm:3784921016,375102379,1625.5915216065828,,,track,,grade3,,,,,,private,,,,,,,,,,True,True,True,surface_unknown,51,1
buffer_5km:4064,osm:3784920719,osm:3785903551,375205456,1643.9463405844942,,,track,,grade3,,,,,,private,,,,,,,,,,True,True,True,surface_unknown,41,1
buffer_5km:4065,osm:3784920814,osm:3784920907,375102363,163.61563058984137,,,track,,grade3,,,,,,private,,,,,,,,,,True,True,True,surface_unknown,11,1
buffer_5km:4066,osm:3784920833,osm:3784921051,375102362,298.9871817864759,,,track,,grade3,,,,,,private,,,,,,,,,,True,True,True,surface_unknown,11,1
buffer_5km:4067,osm:3784920837,osm:3784921016,375102361,179.4192638505368,,,track,,grade3,,,,,,private,,,,,,,,,,True,True,True,surface_unknown,6,1
buffer_5km:4068,osm:3784920853,osm:3784920972,375102359,129.0097871014601,,,track,,grade3,,,,,,private,,,,,,,,,,True,True,True,surface_unknown,10,1
buffer_5km:4069,osm:3784920892,osm:3784920907,375102380,28.951533103891038,,,track,,grade3,,,,,,private,,,,,,,,,,True,True,True,surface_unknown,3,1
buffer_5km:4070,osm:3784920907,osm:3784920958,375102380,28.751852011675968,,,track,,grade3,,,,,,private,,,,,,,,,,True,True,True,surface_unknown,3,1
buffer_5km:4071,osm:3784920934,osm:3784920958,375102374,94.0921800435823,,,track,,grade3,,,,,,private,,,,,,,,,,True,True,True,surface_unknown,8,1
buffer_5km:4072,osm:3784920958,osm:3784920972,375102374,30.10752716387993,,,track,,grade3,,,,,,private,,,,,,,,,,True,True,True,surface_unknown,2,1
buffer_5km:4073,osm:3784920972,osm:3784921012,375102374,27.854837572984344,,,track,,grade3,,,,,,private,,,,,,,,,,True,True,True,surface_unknown,3,1
buffer_5km:4074,osm:3784921012,osm:3784921068,375102364,234.75014394350805,,,track,,grade3,,,,,,,,,,,,,,,,True,True,False,surface_unknown,14,1
buffer_5km:4075,osm:3784921012,osm:3784921092,375102374,252.8966919668967,,,track,,grade3,,,,,,private,,,,,,,,,,True,True,True,surface_unknown,17,1
buffer_5km:4076,osm:3784921016,osm:3784921103,375102361,493.300373614162,,,track,,grade3,,,,,,private,,,,,,,,,,True,True,True,surface_unknown,16,1
buffer_5km:4077,osm:3784921050,osm:3784921051,375102376,10.179359102861284,,,track,,grade3,,,,,,private,,,,,,,,,,True,True,True,surface_unknown,1,1
buffer_5km:4078,osm:3784921050,osm:3784921129,375102377,589.3127533298716,,,track,,grade3,,,,,,private,,,,,,,,,,True,True,True,surface_unknown,20,1
buffer_5km:4079,osm:3784921051,osm:3784921129,375102369,461.3771407870356,,,track,,grade2,,,,,,private,,,,,,,,,,True,True,True,surface_unknown,8,1
buffer_5km:4080,osm:3784921068,osm:3784921092,375102377,145.00460322579212,,,track,,grade3,,,,,,private,,,,,,,,,,True,True,True,surface_unknown,4,1
buffer_5km:4081,osm:3784921068,osm:3785903498,375102377,752.2944441789791,,,track,,grade3,,,,,,private,,,,,,,,,,True,True,True,surface_unknown,27,1
buffer_5km:4082,osm:3784921092,osm:3785903769,375102377,193.26802768274624,,,track,,grade3,,,,,,private,,,,,,,,,,True,True,True,surface_unknown,6,1
buffer_5km:4083,osm:3784921103,osm:3784921132,372121777,217.05209388407786,,,track,,grade3,,,,,,private,,,,,,,,,,True,True,True,surface_unknown,10,1
buffer_5km:4084,osm:3784921129,osm:3784921151,375102369,356.3827422999263,,,track,,grade2,,,,,,private,,,,,,,,,,True,True,True,surface_unknown,6,1
buffer_5km:4085,osm:3784921129,osm:3785903769,375102377,58.9384098330396,,,track,,grade3,,,,,,private,,,,,,,,,,True,True,True,surface_unknown,3,1
buffer_5km:4086,osm:3784921132,osm:3784921162,372121777,592.7855316323783,,,track,,grade3,,,,,,private,,,,,,,,,,True,True,True,surface_unknown,15,1
buffer_5km:4087,osm:3784921151,osm:3785876827,375202564,462.2223071745579,,,track,,grade3,,,,,,private,,,,,,,,,,True,True,True,surface_unknown,13,1
buffer_5km:4088,osm:3784921162,osm:3785876935,375202562,3359.6668367447473,,,track,,grade3,,,,,,private,,,,,,,,,,True,True,True,surface_unknown,83,1
buffer_5km:4089,osm:3785876827,osm:3785903891,375202564,1279.4534412157295,,,track,,grade3,,,,,,private,,,,,,,,,,True,True,True,surface_unknown,32,1
buffer_5km:4090,osm:3785903462,osm:3785903462,375205451,55.58194776331576,,,track,,grade3,,,,,,private,,,,,,,,,,True,True,True,surface_unknown,4,1
buffer_5km:4091,osm:3785903462,osm:3785903482,375205451,483.6016896947746,,,track,,grade3,,,,,,private,,,,,,,,,,True,True,True,surface_unknown,18,1
buffer_5km:4092,osm:3785903482,osm:3785903498,375205448,152.81369065437303,,,track,,grade3,,,,,,private,,,,,,,,,,True,True,True,surface_unknown,6,1
buffer_5km:4093,osm:3785903482,osm:3785903494,375205448,145.43833501803496,,,track,,grade3,,,,,,private,,,,,,,,,,True,True,True,surface_unknown,6,1
buffer_5km:4094,osm:3785903494,osm:3785903498,375102377,145.50277943382522,,,track,,grade3,,,,,,private,,,,,,,,,,True,True,True,surface_unknown,5,1
buffer_5km:4095,osm:3785903494,osm:3785903551,375102377,1031.5238554635137,,,track,,grade3,,,,,,private,,,,,,,,,,True,True,True,surface_unknown,28,1
buffer_5km:4096,osm:3785903551,osm:3785903891,375205456,1714.969169987996,,,track,,grade3,,,,,,private,,,,,,,,,,True,True,True,surface_unknown,57,1
buffer_5km:4097,osm:3785903766,osm:3785903769,375205452,71.18878567694665,,,track,,grade2,,,,,,private,,,,,,,,,,True,True,True,surface_unknown,3,1
buffer_5km:4098,osm:3785932010,osm:3785932010,372235116,69.33580111497729,,,track,,grade3,,,,,,private,,,,,,,,,,True,True,True,surface_unknown,4,1
buffer_5km:4099,osm:3785932011,osm:3785932180,375208367,1701.1036137636402,,,track,,grade4,,,,,,private,,,,,,,,,,True,True,True,surface_unknown,56,1
buffer_5km:4100,osm:3785984557,osm:3785987679,370600453,1397.3879751699892,,P2763,unclassified,unpaved,grade3,,,,,,private,,,,,,,,,,True,True,True,other_unpaved,4,1
buffer_5km:4101,osm:3785984557,osm:3785984831,375213521,3630.9279238843073,,,track,,grade3,,,,,,private,,,,,,,,,,True,True,True,surface_unknown,24,1
buffer_5km:4102,osm:3785984565,osm:3785987675,371242066,22.191110097843737,,,track,,grade3,,,,,,private,,,,,,,,,,True,True,True,surface_unknown,2,1
buffer_5km:4103,osm:3785984565,osm:3785984568,371242066,15.162395893673365,,,track,,grade3,,,,,,private,,,,,,,,,,True,True,True,surface_unknown,1,1
buffer_5km:4104,osm:3785984565,osm:3785987682,375213845,16.422264201379345,,,track,,grade3,,,,,,private,,,,,,,,,,True,True,True,surface_unknown,1,1
buffer_5km:4105,osm:3785984567,osm:3785984568,370600453,19.817777733248445,,P2763,unclassified,unpaved,grade3,,,,,,private,,,,,,,,,,True,True,True,other_unpaved,1,1
buffer_5km:4106,osm:3785984567,osm:3785987679,370600453,29.397109080441645,,P2763,unclassified,unpaved,grade3,,,,,,private,,,,,,,,,,True,True,True,other_unpaved,1,1
buffer_5km:4107,osm:3785984567,osm:3785987686,375213846,47.79487857597647,,,track,,grade3,,,,,,private,,,,,,,,,,True,True,True,surface_unknown,4,1
buffer_5km:4108,osm:3785984568,osm:3785984569,370600453,3.8388304467566514,,P2763,unclassified,unpaved,grade3,,,,,,private,,,,,,,,,,True,True,True,other_unpaved,1,1
buffer_5km:4109,osm:3785984569,osm:3785987682,370600453,17.15988658062346,,P2763,unclassified,unpaved,grade3,,,,,,private,,,,,,,,,,True,True,True,other_unpaved,1,1
buffer_5km:4110,osm:3785984569,osm:3785984584,375213520,44.61771415109042,,,track,,grade3,,,,,,private,,,,,,,,,,True,True,True,surface_unknown,2,1
buffer_5km:4111,osm:3785984572,osm:3785984582,375213499,194.83149000644673,,,track,,grade3,,,,,,private,,,,,,,,,,True,True,True,surface_unknown,6,1
buffer_5km:4112,osm:3785984572,osm:3785984572,375213499,240.34417205053495,,,track,,grade3,,,,,,private,,,,,,,,,,True,True,True,surface_unknown,9,1
buffer_5km:4113,osm:3785984582,osm:3785984583,375213499,8.286309215582671,,,track,,grade3,,,,,,private,,,,,,,,,,True,True,True,surface_unknown,1,1
buffer_5km:4114,osm:3785984582,osm:3785987679,375213845,55.054719970002004,,,track,,grade3,,,,,,private,,,,,,,,,,True,True,True,surface_unknown,3,1
buffer_5km:4115,osm:3785984583,osm:3785987686,375213510,4.145969783989211,,,track,,grade3,,,,,,private,,,,,,,,,,True,True,True,surface_unknown,1,1
buffer_5km:4116,osm:3785984584,osm:3785987686,375213510,25.736000709872528,,,track,,grade3,,,,,,private,,,,,,,,,,True,True,True,surface_unknown,1,1
buffer_5km:4117,osm:3785984584,osm:3785986845,375213520,44.14227979821786,,,track,,grade3,,,,,,private,,,,,,,,,,True,True,True,surface_unknown,2,1
buffer_5km:4118,osm:3785984614,osm:3785984646,375213515,736.5318828846542,,,track,,grade3,,,,,,private,,,,,,,,,,True,True,True,surface_unknown,13,1
buffer_5km:4119,osm:3785984642,osm:3785986845,375213502,655.3771385052077,,,track,,grade3,,,,,,private,,,,,,,,,,True,True,True,surface_unknown,7,1
buffer_5km:4120,osm:3785984642,osm:3785984831,375213502,1023.7285528987743,,,track,,grade3,,,,,,private,,,,,,,,,,True,True,True,surface_unknown,11,1
buffer_5km:4121,osm:3785984642,osm:3785986845,375213520,846.3093950314392,,,track,,grade3,,,,,,private,,,,,,,,,,True,True,True,surface_unknown,30,1
buffer_5km:4122,osm:3785984646,osm:3785984649,375213515,127.94530818705485,,,track,,grade3,,,,,,private,,,,,,,,,,True,True,True,surface_unknown,2,1
buffer_5km:4123,osm:3785984646,osm:3785984778,375213527,1077.956797600097,,,track,,grade3,,,,,,private,,,,,,,,,,True,True,True,surface_unknown,28,1
buffer_5km:4124,osm:3785984647,osm:3785984649,375213526,19.531731277858977,,,track,,grade3,,,,,,private,,,,,,,,,,True,True,True,surface_unknown,1,1
buffer_5km:4125,osm:3785984649,osm:3785984753,375213526,837.4877837405512,,,track,,grade3,,,,,,private,,,,,,,,,,True,True,True,surface_unknown,6,1
buffer_5km:4126,osm:3785984743,osm:3785984761,370731710,642.9284467677179,,,track,,grade3,,,,,,private,,,,,,,,,,True,True,True,surface_unknown,5,1
buffer_5km:4127,osm:3785984743,osm:3785984988,375213504,509.1045863639272,,,track,,grade3,,,,,,private,,,,,,,,,,True,True,True,surface_unknown,12,1
buffer_5km:4128,osm:3785984753,osm:3785984778,375213521,673.5108176288536,,,track,,grade3,,,,,,private,,,,,,,,,,True,True,True,surface_unknown,4,1
buffer_5km:4129,osm:3785984761,osm:3785984884,174522455,266.9061955352397,,,track,ground,grade3,,,,,,private,,,,,,,,,,True,True,True,earth_sand,5,1
buffer_5km:4130,osm:3785984761,osm:3785984791,370731710,1067.9429834372327,,,track,,grade3,,,,,,private,,,,,,,,,,True,True,True,surface_unknown,24,1
buffer_5km:4131,osm:3785984778,osm:3785984831,375213521,1805.4139261016567,,,track,,grade3,,,,,,private,,,,,,,,,,True,True,True,surface_unknown,10,1
buffer_5km:4132,osm:3785984778,osm:3785984791,375213527,14.256119360277623,,,track,,grade3,,,,,,private,,,,,,,,,,True,True,True,surface_unknown,1,1
buffer_5km:4133,osm:3785984791,osm:3785984805,370731710,579.0992832644326,,,track,,grade3,,,,,,private,,,,,,,,,,True,True,True,surface_unknown,3,1
buffer_5km:4134,osm:3785984791,osm:3785984873,375213527,234.5091177512887,,,track,,grade3,,,,,,private,,,,,,,,,,True,True,True,surface_unknown,8,1
buffer_5km:4135,osm:3785984805,osm:3785984836,370731710,1222.7874815647874,,,track,,grade3,,,,,,private,,,,,,,,,,True,True,True,surface_unknown,14,1
buffer_5km:4136,osm:3785984805,osm:3785984813,375213518,15.245629386510155,,,track,,grade3,,,,,,private,,,,,,,,,,True,True,True,surface_unknown,1,1
buffer_5km:4137,osm:3785984813,osm:3786009988,375213501,1747.8950221430382,,,track,,grade3,,,,,,private,,,,,,,,,,True,True,True,surface_unknown,27,1
buffer_5km:4138,osm:3785984813,osm:3785985432,375213518,1719.6612965199415,,,track,,grade3,,,,,,private,,,,,,,,,,True,True,True,surface_unknown,42,1
buffer_5km:4139,osm:3785984836,osm:3785984940,375213507,233.69278504376362,,,track,,grade3,,,,,,private,,,,,,,,,,True,True,True,surface_unknown,3,1
buffer_5km:4140,osm:3785984873,osm:3785984961,375213513,956.0502860616979,,,track,,grade3,,,,,,private,,,,,,,,,,True,True,True,surface_unknown,33,1
buffer_5km:4141,osm:3785984873,osm:3785985570,375213527,2109.015735236385,,,track,,grade3,,,,,,private,,,,,,,,,,True,True,True,surface_unknown,42,1
buffer_5km:4142,osm:3785984884,osm:3785984961,174522455,125.7601929808293,,,track,ground,grade3,,,,,,private,,,,,,,,,,True,True,True,earth_sand,1,1
buffer_5km:4143,osm:3785984884,osm:3785984988,375213509,655.9203847059842,,,track,,grade3,,,,,,private,,,,,,,,,,True,True,True,surface_unknown,24,1
buffer_5km:4144,osm:3785984940,osm:3785985432,375213507,1063.5795626409515,,,track,,grade3,,,,,,private,,,,,,,,,,True,True,True,surface_unknown,20,1
buffer_5km:4145,osm:3785984940,osm:3785985091,375213525,858.1345695615261,,,track,,grade3,,,,,,private,,,,,,,,,,True,True,True,surface_unknown,36,1
buffer_5km:4146,osm:3785984961,osm:3786010112,174522455,2066.545617882667,,,track,ground,grade3,,,,,,private,,,,,,,,,,True,True,True,earth_sand,14,1
buffer_5km:4147,osm:3785984988,osm:3785984998,375213504,41.63046660780466,,,track,,grade3,,,,,,private,,,,,,,,,,True,True,True,surface_unknown,2,1
buffer_5km:4148,osm:3785984998,osm:3786010165,375213504,2121.447994849764,,,track,,grade3,,,,,,private,,,,,,,,,,True,True,True,surface_unknown,39,1
buffer_5km:4149,osm:3785985091,osm:3785985427,375213516,988.6041333378625,,,track,,grade3,,,,,,private,,,,,,,,,,True,True,True,surface_unknown,9,1
buffer_5km:4150,osm:3785985091,osm:3785985254,375213525,693.2156506435663,,,track,,grade3,,,,,,private,,,,,,,,,,True,True,True,surface_unknown,35,1
buffer_5km:4151,osm:3785985225,osm:3786010109,370731710,1263.3323432754253,,,track,,grade3,,,,,,private,,,,,,,,,,True,True,True,surface_unknown,5,1
buffer_5km:4152,osm:3785985225,osm:3785985254,375213506,539.2043362695705,,,track,,grade3,,,,,,private,,,,,,,,,,True,True,True,surface_unknown,7,1
buffer_5km:4153,osm:3785985254,osm:3785985409,375213506,612.5217256015853,,,track,,grade3,,,,,,private,,,,,,,,,,True,True,True,surface_unknown,8,1
buffer_5km:4154,osm:3785985409,osm:3785985431,375213506,369.65915684050634,,,track,,grade3,,,,,,private,,,,,,,,,,True,True,True,surface_unknown,7,1
buffer_5km:4155,osm:3785985409,osm:3785985531,375213512,756.3017505025344,,,track,,grade3,,,,,,private,,,,,,,,,,True,True,True,surface_unknown,32,1
buffer_5km:4156,osm:3785985427,osm:3785985431,375213506,13.97871559377969,,,track,,grade3,,,,,,private,,,,,,,,,,True,True,True,surface_unknown,1,1
buffer_5km:4157,osm:3785985427,osm:3786009985,375213516,919.3519147358496,,,track,,grade3,,,,,,private,,,,,,,,,,True,True,True,surface_unknown,10,1
buffer_5km:4158,osm:3785985431,osm:3786009998,375213524,569.4579703396973,,,track,,grade3,,,,,,private,,,,,,,,,,True,True,True,surface_unknown,6,1
buffer_5km:4159,osm:3785985531,osm:3786010534,375213512,2184.2059994682318,,,track,,grade3,,,,,,private,,,,,,,,,,True,True,True,surface_unknown,89,1
buffer_5km:4160,osm:3785985531,osm:3786010109,375215841,1223.837715634467,,,track,,grade3,,,,,,private,,,,,,,,,,True,True,True,surface_unknown,6,1
buffer_5km:4161,osm:3785985531,osm:3786009998,375215841,267.9618083618084,,,track,,grade3,,,,,,private,,,,,,,,,,True,True,True,surface_unknown,8,1
buffer_5km:4162,osm:3785985570,osm:3786009988,375213516,1139.3197261075254,,,track,,grade3,,,,,,private,,,,,,,,,,True,True,True,surface_unknown,28,1
buffer_5km:4163,osm:3785985570,osm:3786010066,375213516,21.51141040902833,,,track,,grade3,,,,,,private,,,,,,,,,,True,True,True,surface_unknown,1,1
buffer_5km:4164,osm:3785987668,osm:3785987675,371242066,42.506428968971925,,,track,,grade3,,,,,,private,,,,,,,,,,True,True,True,surface_unknown,2,1
buffer_5km:4165,osm:3785987668,osm:3785987675,375213847,68.69423286237492,,,track,,grade3,,,,,,private,,,,,,,,,,True,True,True,surface_unknown,6,1
buffer_5km:4166,osm:3786009985,osm:3786009988,375213516,64.2693540526217,,,track,,grade3,,,,,,private,,,,,,,,,,True,True,True,surface_unknown,4,1
buffer_5km:4167,osm:3786009985,osm:3786010253,375215842,927.9242413245915,,,track,,grade3,,,,,,private,,,,,,,,,,True,True,True,surface_unknown,11,1
buffer_5km:4168,osm:3786009998,osm:3786010412,375213524,1446.0860159138294,,,track,,grade3,,,,,,private,,,,,,,,,,True,True,True,surface_unknown,10,1
buffer_5km:4169,osm:3786010066,osm:3786010112,375213516,549.3186132325402,,,track,,grade3,,,,,,private,,,,,,,,,,True,True,True,surface_unknown,11,1
buffer_5km:4170,osm:3786010066,osm:3786010075,375215843,61.15345919210071,,,track,,grade3,,,,,,private,,,,,,,,,,True,True,True,surface_unknown,2,1
buffer_5km:4171,osm:3786010075,osm:3786010452,375215843,1435.8702127788517,,,track,,grade3,,,,,,private,,,,,,,,,,True,True,True,surface_unknown,16,1
buffer_5km:4172,osm:3786010075,osm:3786010253,375215845,1453.4139909227783,,,track,,grade3,,,,,,private,,,,,,,,,,True,True,True,surface_unknown,27,1
buffer_5km:4173,osm:3786010109,osm:3786010529,370731710,1319.8732816920628,,,track,,grade3,,,,,,private,,,,,,,,,,True,True,True,surface_unknown,4,1
buffer_5km:4174,osm:3786010112,osm:3786010215,174522455,164.7198387994669,,,track,ground,grade3,,,,,,private,,,,,,,,,,True,True,True,earth_sand,2,1
buffer_5km:4175,osm:3786010112,osm:3786010145,375213516,325.8010647793036,,,track,,grade3,,,,,,private,,,,,,,,,,True,True,True,surface_unknown,8,1
buffer_5km:4176,osm:3786010145,osm:3786010215,375215848,361.65848873704437,,,track,,grade3,,,,,,private,,,,,,,,,,True,True,True,surface_unknown,11,1
buffer_5km:4177,osm:3786010145,osm:3786010165,375215848,59.065206278969356,,,track,,grade3,,,,,,private,,,,,,,,,,True,True,True,surface_unknown,3,1
buffer_5km:4178,osm:3786010253,osm:3786010431,375215842,781.9796005500348,,,track,,grade3,,,,,,private,,,,,,,,,,True,True,True,surface_unknown,6,1
buffer_5km:4179,osm:3786010412,osm:3786010549,375213524,501.3186204815018,,,track,,grade3,,,,,,private,,,,,,,,,,True,True,True,surface_unknown,4,1
buffer_5km:4180,osm:3786010412,osm:3786010431,375215849,925.6586735070206,,,track,,grade3,,,,,,private,,,,,,,,,,True,True,True,surface_unknown,7,1
buffer_5km:4181,osm:3786010431,osm:3786247598,375215842,1496.4803833353567,,,track,,grade3,,,,,,private,,,,,,,,,,True,True,True,surface_unknown,11,1
buffer_5km:4182,osm:3786010431,osm:3786010452,375215849,1225.0633118845271,,,track,,grade3,,,,,,private,,,,,,,,,,True,True,True,surface_unknown,12,1
buffer_5km:4183,osm:3786010452,osm:3786247545,375215843,1197.4858026523264,,,track,,grade3,,,,,,private,,,,,,,,,,True,True,True,surface_unknown,15,1
buffer_5km:4184,osm:3786010529,osm:3786247726,370731710,1430.7989299560795,,,track,,grade3,,,,,,private,,,,,,,,,,True,True,True,surface_unknown,9,1
buffer_5km:4185,osm:3786010529,osm:3786010534,375215839,218.0734752665809,,,track,,grade3,,,,,,private,,,,,,,,,,True,True,True,surface_unknown,4,1
buffer_5km:4186,osm:3786010534,osm:3786010549,375215839,706.1395168705457,,,track,,grade3,,,,,,private,,,,,,,,,,True,True,True,surface_unknown,9,1
buffer_5km:4187,osm:3786010549,osm:3786247581,375213524,1071.9070616603017,,,track,,grade3,,,,,,private,,,,,,,,,,True,True,True,surface_unknown,12,1
buffer_5km:4188,osm:3786247522,osm:3786247545,375239426,793.236754408514,,,track,,grade3,,,,,,private,,,,,,,,,,True,True,True,surface_unknown,7,1
buffer_5km:4189,osm:3786247545,osm:3786247546,375239426,45.59960552309609,,,track,,grade3,,,,,,private,,,,,,,,,,True,True,True,surface_unknown,1,1
buffer_5km:4190,osm:3786247546,osm:3786310132,375239419,1652.1343390677944,,,track,,grade3,,,,,,private,,,,,,,,,,True,True,True,surface_unknown,78,1
buffer_5km:4191,osm:3786247546,osm:3786247561,375239426,376.1092555088125,,,track,,grade3,,,,,,private,,,,,,,,,,True,True,True,surface_unknown,2,1
buffer_5km:4192,osm:3786247561,osm:3786310143,375239408,1459.6608389026505,,,track,,grade3,,,,,,private,,,,,,,,,,True,True,True,surface_unknown,13,1
buffer_5km:4193,osm:3786247561,osm:3786247598,375239426,738.1605262147862,,,track,,grade3,,,,,,private,,,,,,,,,,True,True,True,surface_unknown,4,1
buffer_5km:4194,osm:3786247581,osm:3786247626,375213524,36.51778440143032,,,track,,grade3,,,,,,private,,,,,,,,,,True,True,True,surface_unknown,2,1
buffer_5km:4195,osm:3786247581,osm:3786247592,375239415,36.2684385110431,,,track,,grade3,,,,,,private,,,,,,,,,,True,True,True,surface_unknown,2,1
buffer_5km:4196,osm:3786247586,osm:3786247590,375239415,66.27168185778761,,,track,,grade3,,,,,,private,,,,,,,,,,True,True,True,surface_unknown,3,1
buffer_5km:4197,osm:3786247586,osm:3786247623,375239415,41.383684441405194,,,track,,grade3,,,,,,private,,,,,,,,,,True,True,True,surface_unknown,3,1
buffer_5km:4198,osm:3786247586,osm:3786247590,375239427,90.24005884686804,,,track,,grade3,,,,,,private,,,,,,,,,,True,True,True,surface_unknown,5,1
buffer_5km:4199,osm:3786247590,osm:3786247592,375239415,21.556946109163654,,,track,,grade3,,,,,,private,,,,,,,,,,True,True,True,surface_unknown,2,1
buffer_5km:4200,osm:3786247592,osm:3786247626,375239418,38.927017819311715,,,track,,grade3,,,,,,private,,,,,,,,,,True,True,True,surface_unknown,2,1
buffer_5km:4201,osm:3786247598,osm:3786247651,375239426,494.91134667239095,,,track,,grade3,,,,,,private,,,,,,,,,,True,True,True,surface_unknown,3,1
buffer_5km:4202,osm:3786247623,osm:3786247680,375239414,206.81878703377546,,,track,,grade3,,,,,,private,,,,,,,,,,True,True,True,surface_unknown,13,1
buffer_5km:4203,osm:3786247623,osm:3786247680,375239415,148.2734194211485,,,track,,grade3,,,,,,private,,,,,,,,,,True,True,True,surface_unknown,6,1
buffer_5km:4204,osm:3786247626,osm:3786247683,375213524,140.9791031071789,,,track,,grade3,,,,,,private,,,,,,,,,,True,True,True,surface_unknown,3,1
buffer_5km:4205,osm:3786247651,osm:3786247683,375239426,557.7547641071974,,,track,,grade3,,,,,,private,,,,,,,,,,True,True,True,surface_unknown,3,1
buffer_5km:4206,osm:3786247651,osm:3786310319,375239429,2291.5384902495375,,,track,,grade3,,,,,,private,,,,,,,,,,True,True,True,surface_unknown,22,1
buffer_5km:4207,osm:3786247680,osm:3786247696,375239415,76.74852393287631,,,track,,grade3,,,,,,private,,,,,,,,,,True,True,True,surface_unknown,2,1
buffer_5km:4208,osm:3786247683,osm:3786247696,375239426,272.75546634349854,,,track,,grade3,,,,,,private,,,,,,,,,,True,True,True,surface_unknown,1,1
buffer_5km:4209,osm:3786247696,osm:3786247703,375239426,230.1203905451192,,,track,,grade3,,,,,,private,,,,,,,,,,True,True,True,surface_unknown,1,1
buffer_5km:4210,osm:3786247703,osm:3786310250,375239416,1745.2492489998097,,,track,,grade3,,,,,,private,,,,,,,,,,True,True,True,surface_unknown,41,1
buffer_5km:4211,osm:3786247703,osm:3786247726,375239426,541.408085793321,,,track,,grade3,,,,,,private,,,,,,,,,,True,True,True,surface_unknown,2,1
buffer_5km:4212,osm:3786247786,osm:3786310105,375239410,679.504914036319,,,track,,grade3,,,,,,private,,,,,,,,,,True,True,True,surface_unknown,4,1
buffer_5km:4213,osm:3786310105,osm:3786310673,375239410,1366.337463524647,,,track,,grade3,,,,,,private,,,,,,,,,,True,True,True,surface_unknown,11,1
buffer_5km:4214,osm:3786310105,osm:3786310132,375244770,877.4733384217604,,,track,,grade3,,,,,,private,,,,,,,,,,True,True,True,surface_unknown,11,1
buffer_5km:4215,osm:3786310132,osm:3786310595,375239419,1224.0059256241757,,,track,,grade3,,,,,,private,,,,,,,,,,True,True,True,surface_unknown,66,1
buffer_5km:4216,osm:3786310132,osm:3786310143,375244770,367.4450282780838,,,track,,grade3,,,,,,private,,,,,,,,,,True,True,True,surface_unknown,2,1
buffer_5km:4217,osm:3786310143,osm:3786310229,375239408,407.43888894841456,,,track,,grade3,,,,,,private,,,,,,,,,,True,True,True,surface_unknown,4,1
buffer_5km:4218,osm:3786310185,osm:3786310672,174522455,1099.8809398178953,,,track,ground,grade3,,,,,,private,,,,,,,,,,True,True,True,earth_sand,2,1
buffer_5km:4219,osm:3786310229,osm:3786310567,375239408,510.301557331573,,,track,,grade3,,,,,,private,,,,,,,,,,True,True,True,surface_unknown,4,1
buffer_5km:4220,osm:3786310229,osm:3786310256,375244779,1049.805024246652,,,track,,grade3,,,,,,private,,,,,,,,,,True,True,True,surface_unknown,5,1
buffer_5km:4221,osm:3786310250,osm:3786310335,375239416,259.4728502801677,,,track,,grade3,,,,,,private,,,,,,,,,,True,True,True,surface_unknown,11,1
buffer_5km:4222,osm:3786310256,osm:3786310319,375244779,903.9951234307016,,,track,,grade3,,,,,,private,,,,,,,,,,True,True,True,surface_unknown,12,1
buffer_5km:4223,osm:3786310256,osm:3786310567,375244784,1025.5537546832006,,,track,,grade3,,,,,,private,,,,,,,,,,True,True,True,surface_unknown,17,1
buffer_5km:4224,osm:3786310319,osm:3786310334,375244779,75.84238633448776,,,track,,grade3,,,,,,private,,,,,,,,,,True,True,True,surface_unknown,4,1
buffer_5km:4225,osm:3786310334,osm:3787476741,375244767,2038.2637692989867,,,track,,grade3,,,,,,private,,,,,,,,,,True,True,True,surface_unknown,15,1
buffer_5km:4226,osm:3786310334,osm:3786310335,375244779,14.463558857709948,,,track,,grade3,,,,,,private,,,,,,,,,,True,True,True,surface_unknown,1,1
buffer_5km:4227,osm:3786310335,osm:3787476541,375239416,780.1050200930501,,,track,,grade3,,,,,,private,,,,,,,,,,True,True,True,surface_unknown,9,1
buffer_5km:4228,osm:3786310335,osm:3786310676,375244779,871.4813611988,,,track,,grade3,,,,,,private,,,,,,,,,,True,True,True,surface_unknown,19,1
buffer_5km:4229,osm:3786310567,osm:3786310640,375239408,332.89704428119643,,,track,,grade3,,,,,,private,,,,,,,,,,True,True,True,surface_unknown,3,1
buffer_5km:4230,osm:3786310567,osm:3786310595,375244784,373.3408757214743,,,track,,grade3,,,,,,private,,,,,,,,,,True,True,True,surface_unknown,9,1
buffer_5km:4231,osm:3786310595,osm:3786310673,375244784,917.7523056784012,,,track,,grade3,,,,,,private,,,,,,,,,,True,True,True,surface_unknown,22,1
buffer_5km:4232,osm:3786310640,osm:3787476741,375239408,578.1167736083258,,,track,,grade3,,,,,,private,,,,,,,,,,True,True,True,surface_unknown,6,1
buffer_5km:4233,osm:3786310640,osm:3786310679,375244774,1288.7165299148628,,,track,,grade3,,,,,,private,,,,,,,,,,True,True,True,surface_unknown,20,1
buffer_5km:4234,osm:3786310672,osm:3786310697,174522455,294.7346516487419,,,track,ground,grade3,,,,,,private,,,,,,,,,,True,True,True,earth_sand,4,1
buffer_5km:4235,osm:3786310672,osm:3786310673,375244784,779.886109180694,,,track,,grade3,,,,,,private,,,,,,,,,,True,True,True,surface_unknown,16,1
buffer_5km:4236,osm:3786310673,osm:3786310679,375239410,16.883716642830922,,,track,,grade3,,,,,,private,,,,,,,,,,True,True,True,surface_unknown,1,1
buffer_5km:4237,osm:3786310676,osm:3787476725,370731710,496.7600280449832,,,track,,grade3,,,,,,private,,,,,,,,,,True,True,True,surface_unknown,2,1
buffer_5km:4238,osm:3786310679,osm:3786310703,375239410,461.48092964264066,,,track,,grade3,,,,,,private,,,,,,,,,,True,True,True,surface_unknown,5,1
buffer_5km:4239,osm:3786310694,osm:3787476489,375239411,81.41382582778928,,,track,,grade3,,,,,,private,,,,,,,,,,True,True,True,surface_unknown,2,1
buffer_5km:4240,osm:3786310694,osm:3786310697,375239411,63.33845480284317,,,track,,grade3,,,,,,private,,,,,,,,,,True,True,True,surface_unknown,2,1
buffer_5km:4241,osm:3786310694,osm:3787476544,375375948,166.8079761934186,,,track,,grade3,,,,,,private,,,,,,,,,,True,True,True,surface_unknown,15,1
buffer_5km:4242,osm:3786310703,osm:3787476974,375239410,916.4938342218509,,,track,,grade3,,,,,,private,,,,,,,,,,True,True,True,surface_unknown,11,1
buffer_5km:4243,osm:3786310703,osm:3787555644,375244775,967.293678185511,,,track,,grade3,,,,,,private,,,,,,,,,,True,True,True,surface_unknown,21,1
buffer_5km:4244,osm:3786310720,osm:3787555881,174522455,770.558454184108,,,track,ground,grade3,,,,,,private,,,,,,,,,,True,True,True,earth_sand,8,1
buffer_5km:4245,osm:3786310720,osm:3787555644,375244775,4.822403516357706,,,track,,grade3,,,,,,private,,,,,,,,,,True,True,True,surface_unknown,1,1
buffer_5km:4246,osm:3787476472,osm:3787476489,375375908,83.72039034920807,,,track,,grade3,,,,,,private,,,,,,,,,,True,True,True,surface_unknown,3,1
buffer_5km:4247,osm:3787476489,osm:3787476532,375375908,116.26115352707376,,,track,,grade3,,,,,,private,,,,,,,,,,True,True,True,surface_unknown,9,1
buffer_5km:4248,osm:3787476532,osm:3787476544,174522454,36.49784090671424,,,track,,grade3,,,,,,private,,,,,,,,,,True,True,True,surface_unknown,3,1
buffer_5km:4249,osm:3787476541,osm:3787477168,375239416,1415.3129683166405,,,track,,grade3,,,,,,private,,,,,,,,,,True,True,True,surface_unknown,15,1
buffer_5km:4250,osm:3787476541,osm:3787476668,375375915,264.4099441597318,,,track,,grade3,,,,,,private,,,,,,,,,,True,True,True,surface_unknown,6,1
buffer_5km:4251,osm:3787476553,osm:3787476672,375375945,48.26988189427354,,,track,,grade3,,,,,,private,,,,,,,,,,True,True,True,surface_unknown,2,1
buffer_5km:4252,osm:3787476668,osm:3787476725,375375915,584.4734837694114,,,track,,grade3,,,,,,private,,,,,,,,,,True,True,True,surface_unknown,12,1
buffer_5km:4253,osm:3787476668,osm:3787477080,375375941,1603.1518527407459,,,track,,grade3,,,,,,private,,,,,,,,,,True,True,True,surface_unknown,72,1
buffer_5km:4254,osm:3787476672,osm:3787476719,375375936,136.45807660087135,,,track,,grade3,,,,,,private,,,,,,,,,,True,True,True,surface_unknown,4,1
buffer_5km:4255,osm:3787476672,osm:3787476715,375375945,132.76250166329922,,,track,,grade3,,,,,,private,,,,,,,,,,True,True,True,surface_unknown,3,1
buffer_5km:4256,osm:3787476725,osm:3787476790,370731710,288.9208033793222,,,track,,grade3,,,,,,private,,,,,,,,,,True,True,True,surface_unknown,3,1
buffer_5km:4257,osm:3787476741,osm:3787476744,375239408,16.70096498890081,,,track,,grade3,,,,,,private,,,,,,,,,,True,True,True,surface_unknown,1,1
buffer_5km:4258,osm:3787476744,osm:3787477127,375239408,1134.8411442402776,,,track,,grade3,,,,,,private,,,,,,,,,,True,True,True,surface_unknown,13,1
buffer_5km:4259,osm:3787476744,osm:3787476908,375375942,1141.0819436885783,,,track,,grade3,,,,,,private,,,,,,,,,,True,True,True,surface_unknown,24,1
buffer_5km:4260,osm:3787476790,osm:3787477080,370731710,768.6002610953313,,,track,,grade3,,,,,,private,,,,,,,,,,True,True,True,surface_unknown,3,1
buffer_5km:4261,osm:3787476790,osm:3787476822,375375916,222.9184793956066,,,track,,grade3,,,,,,private,,,,,,,,,,True,True,True,surface_unknown,14,1
buffer_5km:4262,osm:3787476822,osm:3787476822,375375916,42.727746973495286,,,track,,grade3,,,,,,private,,,,,,,,,,True,True,True,surface_unknown,4,1
buffer_5km:4263,osm:3787476885,osm:3787476974,375239408,385.03905818039175,,,track,,grade3,,,,,,private,,,,,,,,,,True,True,True,surface_unknown,13,1
buffer_5km:4264,osm:3787476885,osm:3787555780,375239408,551.5825577547796,,,track,,grade3,,,,,,private,,,,,,,,,,True,True,True,surface_unknown,17,1
buffer_5km:4265,osm:3787476885,osm:3787477111,375375920,530.5440879718557,,,track,,grade3,,,,,,private,,,,,,,,,,True,True,True,surface_unknown,20,1
buffer_5km:4266,osm:3787476908,osm:3787477007,375375911,617.8458004486085,,,track,,grade3,,,,,,private,,,,,,,,,,True,True,True,surface_unknown,14,1
buffer_5km:4267,osm:3787476908,osm:3787477002,375375942,382.90291878628693,,,track,,grade3,,,,,,private,,,,,,,,,,True,True,True,surface_unknown,10,1
buffer_5km:4268,osm:3787476923,osm:3787555881,375375932,331.2446292022496,,,track,,grade3,,,,,,private,,,,,,,,,,True,True,True,surface_unknown,13,1
buffer_5km:4269,osm:3787476923,osm:3787556076,375375932,749.9618187464291,,,track,,grade3,,,,,,private,,,,,,,,,,True,True,True,surface_unknown,28,1
buffer_5km:4270,osm:3787476945,osm:3787476945,375375937,707.7926647003832,,,track,,grade3,,,,,,private,,,,,,,,,,True,True,True,surface_unknown,28,1
buffer_5km:4271,osm:3787476945,osm:3787477007,375375937,201.2455785206897,,,track,,grade3,,,,,,private,,,,,,,,,,True,True,True,surface_unknown,8,1
buffer_5km:4272,osm:3787476974,osm:3787476978,375239408,20.678650545482718,,,track,,grade3,,,,,,private,,,,,,,,,,True,True,True,surface_unknown,1,1
buffer_5km:4273,osm:3787476978,osm:3787476990,375239408,55.06700775262098,,,track,,grade3,,,,,,private,,,,,,,,,,True,True,True,surface_unknown,1,1
buffer_5km:4274,osm:3787476978,osm:3787477111,375375925,282.68933214923106,,,track,,grade3,,,,,,private,,,,,,,,,,True,True,True,surface_unknown,13,1
buffer_5km:4275,osm:3787476990,osm:3787477164,375239408,465.85401944208826,,,track,,grade3,,,,,,private,,,,,,,,,,True,True,True,surface_unknown,8,1
buffer_5km:4276,osm:3787476990,osm:3787477016,375375899,76.8784002103503,,,track,,grade3,,,,,,private,,,,,,,,,,True,True,True,surface_unknown,2,1
buffer_5km:4277,osm:3787477002,osm:3787477121,375375905,221.44231573840472,,,track,,grade3,,,,,,private,,,,,,,,,,True,True,True,surface_unknown,6,1
buffer_5km:4278,osm:3787477002,osm:3787477168,375375942,385.19808792831805,,,track,,grade3,,,,,,private,,,,,,,,,,True,True,True,surface_unknown,9,1
buffer_5km:4279,osm:3787477007,osm:3787477050,375375937,227.26017020655138,,,track,,grade3,,,,,,private,,,,,,,,,,True,True,True,surface_unknown,8,1
buffer_5km:4280,osm:3787477016,osm:3787477164,375375899,391.49718803890386,,,track,,grade3,,,,,,private,,,,,,,,,,True,True,True,surface_unknown,8,1
buffer_5km:4281,osm:3787477016,osm:3787477355,375375943,782.500902915476,,,track,,grade3,,,,,,private,,,,,,,,,,True,True,True,surface_unknown,17,1
buffer_5km:4282,osm:3787477050,osm:3787556453,375375913,1708.00114712196,,,track,,grade3,,,,,,private,,,,,,,,,,True,True,True,surface_unknown,60,1
buffer_5km:4283,osm:3787477050,osm:3787477127,375375937,313.9102807417357,,,track,,grade3,,,,,,private,,,,,,,,,,True,True,True,surface_unknown,10,1
buffer_5km:4284,osm:3787477111,osm:3787477225,375375925,240.85077544983412,,,track,,grade3,,,,,,private,,,,,,,,,,True,True,True,surface_unknown,15,1
buffer_5km:4285,osm:3787477121,osm:3787477121,375375905,92.43824936132816,,,track,,grade3,,,,,,private,,,,,,,,,,True,True,True,surface_unknown,6,1
buffer_5km:4286,osm:3787477127,osm:3787477185,375239408,84.6322229769105,,,track,,grade3,,,,,,private,,,,,,,,,,True,True,True,surface_unknown,3,1
buffer_5km:4287,osm:3787477149,osm:3787477185,375375901,82.5124553471477,,,track,,grade3,,,,,,private,,,,,,,,,,True,True,True,surface_unknown,4,1
buffer_5km:4288,osm:3787477164,osm:3787477178,375239408,50.15278382988173,,,track,,grade3,,,,,,private,,,,,,,,,,True,True,True,surface_unknown,3,1
buffer_5km:4289,osm:3787477168,osm:3787477193,375375942,117.3621686847143,,,track,,grade3,,,,,,private,,,,,,,,,,True,True,True,surface_unknown,2,1
buffer_5km:4290,osm:3787477178,osm:3787477272,375239408,414.98084367578974,,,track,,grade3,,,,,,private,,,,,,,,,,True,True,True,surface_unknown,9,1
buffer_5km:4291,osm:3787477178,osm:3787477277,375375939,403.92299088024305,,,track,,grade3,,,,,,private,,,,,,,,,,True,True,True,surface_unknown,5,1
buffer_5km:4292,osm:3787477185,osm:3787477200,375239408,22.941186756152185,,,track,,grade3,,,,,,private,,,,,,,,,,True,True,True,surface_unknown,2,1
buffer_5km:4293,osm:3787477185,osm:3787477212,375375901,82.72574541341899,,,track,,grade3,,,,,,private,,,,,,,,,,True,True,True,surface_unknown,6,1
buffer_5km:4294,osm:3787477193,osm:3787556447,375375923,1122.5796145800045,,,track,,grade3,,,,,,private,,,,,,,,,,True,True,True,surface_unknown,35,1
buffer_5km:4295,osm:3787477193,osm:3787477425,375375942,1172.1544272680173,,,track,,grade3,,,,,,private,,,,,,,,,,True,True,True,surface_unknown,22,1
buffer_5km:4296,osm:3787477200,osm:3787477258,375239408,178.01128956265106,,,track,,grade3,,,,,,private,,,,,,,,,,True,True,True,surface_unknown,4,1
buffer_5km:4297,osm:3787477200,osm:3787477212,375375900,23.662336659003422,,,track,,grade3,,,,,,private,,,,,,,,,,True,True,True,surface_unknown,1,1
buffer_5km:4298,osm:3787477212,osm:3787477273,375375900,193.8630626935997,,,track,,grade3,,,,,,private,,,,,,,,,,True,True,True,surface_unknown,9,1
buffer_5km:4299,osm:3787477225,osm:3787477355,375375932,532.331200941237,,,track,,grade3,,,,,,private,,,,,,,,,,True,True,True,surface_unknown,26,1
buffer_5km:4300,osm:3787477225,osm:3787555881,375375932,861.5550357808677,,,track,,grade3,,,,,,private,,,,,,,,,,True,True,True,surface_unknown,15,1
buffer_5km:4301,osm:3787477258,osm:3787477272,375239408,108.84845791918687,,,track,,grade3,,,,,,private,,,,,,,,,,True,True,True,surface_unknown,4,1
buffer_5km:4302,osm:3787477258,osm:3787477273,375375935,39.31110332074847,,,track,,grade3,,,,,,private,,,,,,,,,,True,True,True,surface_unknown,3,1
buffer_5km:4303,osm:3787477272,osm:3787477277,375375939,23.288917427753383,,,track,,grade3,,,,,,private,,,,,,,,,,True,True,True,surface_unknown,1,1
buffer_5km:4304,osm:3787477273,osm:3787477286,375375935,17.381560136959187,,,track,,grade3,,,,,,private,,,,,,,,,,True,True,True,surface_unknown,1,1
buffer_5km:4305,osm:3787477277,osm:3787477282,375375902,19.675763091365933,,,track,,grade3,,,,,,private,,,,,,,,,,True,True,True,surface_unknown,1,1
buffer_5km:4306,osm:3787477282,osm:3787477286,375375902,145.74364608541404,,,track,,grade3,,,,,,private,,,,,,,,,,True,True,True,surface_unknown,10,1
buffer_5km:4307,osm:3787477282,osm:3787477453,375375943,952.1920282537365,,,track,,grade3,,,,,,private,,,,,,,,,,True,True,True,surface_unknown,17,1
buffer_5km:4308,osm:3787477286,osm:3787477311,375375935,98.04361030996253,,,track,,grade3,,,,,,private,,,,,,,,,,True,True,True,surface_unknown,6,1
buffer_5km:4309,osm:3787477311,osm:3787477311,375375935,1151.991088671999,,,track,,grade3,,,,,,private,,,,,,,,,,True,True,True,surface_unknown,35,1
buffer_5km:4310,osm:3787477355,osm:3787477437,375375943,457.3087063370819,,,track,,grade3,,,,,,private,,,,,,,,,,True,True,True,surface_unknown,18,1
buffer_5km:4311,osm:3787477437,osm:3787477453,375375943,1082.2400635989086,,,track,,grade3,,,,,,private,,,,,,,,,,True,True,True,surface_unknown,25,1
buffer_5km:4312,osm:3787477453,osm:3787556453,375375917,1396.7892114223619,,,track,,grade3,,,,,,private,,,,,,,,,,True,True,True,surface_unknown,9,1
buffer_5km:4313,osm:3787477476,osm:3787654077,370731710,5.765614541717623,,,track,,grade3,,,,,,private,,,,,,,,,,True,True,True,surface_unknown,1,1
buffer_5km:4314,osm:3787477476,osm:3787556447,375375917,1119.2528329086174,,,track,,grade3,,,,,,private,,,,,,,,,,True,True,True,surface_unknown,14,1
buffer_5km:4315,osm:3787555644,osm:3787555780,375239408,308.19330589785034,,,track,,grade3,,,,,,private,,,,,,,,,,True,True,True,surface_unknown,5,1
buffer_5km:4316,osm:3787555780,osm:3787555809,375382695,160.3694055316076,,,track,,grade3,,,,,,private,,,,,,,,,,True,True,True,surface_unknown,6,1
buffer_5km:4317,osm:3787555809,osm:3787555809,375382695,66.64793557680558,,,track,,grade3,,,,,,private,,,,,,,,,,True,True,True,surface_unknown,6,1
buffer_5km:4318,osm:3787555881,osm:3787555941,174522455,365.39456913180663,,,track,ground,grade3,,,,,,private,,,,,,,,,,True,True,True,earth_sand,4,1
buffer_5km:4319,osm:3787555941,osm:3787556086,375382696,248.77233993384175,,,track,,grade3,,,,,,private,,,,,,,,,,True,True,True,surface_unknown,7,1
buffer_5km:4320,osm:3787556086,osm:3787556098,375382692,265.1665187791403,,,track,,grade3,,,,,,,,,,,,,,,,True,True,False,surface_unknown,5,1
buffer_5km:4321,osm:3787556086,osm:3787556088,375382696,82.65954701443324,,,track,,grade3,,,,,,private,,,,,,,,,,True,True,True,surface_unknown,5,1
buffer_5km:4322,osm:3787556098,osm:3787556098,375382692,51.69079496381653,,,track,,grade3,,,,,,,,,,,,,,,,True,True,False,surface_unknown,4,1
buffer_5km:4323,osm:3787556447,osm:3787556453,375375917,359.0726517417171,,,track,,grade3,,,,,,private,,,,,,,,,,True,True,True,surface_unknown,2,1
buffer_5km:4324,osm:3787654056,osm:3787654444,174522455,1587.671875090446,,,track,ground,grade3,,,,,,private,,,,,,,,,,True,True,True,earth_sand,18,1
buffer_5km:4325,osm:3787654056,osm:3787654067,375394324,1719.9830493956247,,,track,,grade3,,,,,,private,,,,,,,,,,True,True,True,surface_unknown,41,1
buffer_5km:4326,osm:3787654060,osm:3787654136,375394324,1378.9883567897627,,,track,,grade3,,,,,,private,,,,,,,,,,True,True,True,surface_unknown,29,1
buffer_5km:4327,osm:3787654060,osm:3787654128,375394324,409.1246126445569,,,track,,grade3,,,,,,private,,,,,,,,,,True,True,True,surface_unknown,6,1
buffer_5km:4328,osm:3787654060,osm:3787654291,375394325,652.570949311428,,,track,,grade3,,,,,,private,,,,,,,,,,True,True,True,surface_unknown,18,1
buffer_5km:4329,osm:3787654067,osm:3787654347,375394309,873.8054619507775,,,track,,grade3,,,,,,private,,,,,,,,,,True,True,True,surface_unknown,5,1
buffer_5km:4330,osm:3787654067,osm:3787654073,375394324,905.8499160777033,,,track,,grade3,,,,,,private,,,,,,,,,,True,True,True,surface_unknown,4,1
buffer_5km:4331,osm:3787654073,osm:3787654274,375394258,530.5994794091504,,,track,,grade3,,,,,,private,,,,,,,,,,True,True,True,surface_unknown,17,1
buffer_5km:4332,osm:3787654073,osm:3787654128,375394324,509.800381388442,,,track,,grade3,,,,,,private,,,,,,,,,,True,True,True,surface_unknown,10,1
buffer_5km:4333,osm:3787654077,osm:3787654080,375394316,91.86625928176693,,,track,,grade3,,,,,,private,,,,,,,,,,True,True,True,surface_unknown,2,1
buffer_5km:4334,osm:3787654080,osm:3787654136,375394316,164.14783627255323,,,track,,grade3,,,,,,private,,,,,,,,,,True,True,True,surface_unknown,4,1
buffer_5km:4335,osm:3787654080,osm:3787654136,375394324,128.56624534074817,,,track,,grade3,,,,,,private,,,,,,,,,,True,True,True,surface_unknown,5,1
buffer_5km:4336,osm:3787654128,osm:3787654296,375394252,653.748762184613,,,track,,grade3,,,,,,private,,,,,,,,,,True,True,True,surface_unknown,4,1
buffer_5km:4337,osm:3787654291,osm:3787654495,375394281,1075.7550648821173,,,track,,grade4,,,,,,private,,,,,,,,,,True,True,True,surface_unknown,33,1
buffer_5km:4338,osm:3787654291,osm:3787654314,375394325,211.09524723534372,,,track,,grade3,,,,,,private,,,,,,,,,,True,True,True,surface_unknown,7,1
buffer_5km:4339,osm:3787654296,osm:3787654314,375394252,59.2354474395666,,,track,,grade3,,,,,,private,,,,,,,,,,True,True,True,surface_unknown,3,1
buffer_5km:4340,osm:3787654296,osm:3787654355,375394310,354.3624690690678,,,track,,grade3,,,,,,private,,,,,,,,,,True,True,True,surface_unknown,5,1
buffer_5km:4341,osm:3787654314,osm:3794114169,375394252,861.6912193041455,,,track,,grade3,,,,,,private,,,,,,,,,,True,True,True,surface_unknown,9,1
buffer_5km:4342,osm:3787654314,osm:3787654355,375394325,391.326036207368,,,track,,grade3,,,,,,private,,,,,,,,,,True,True,True,surface_unknown,7,1
buffer_5km:4343,osm:3787654347,osm:3787654355,375394325,961.6260777485896,,,track,,grade3,,,,,,private,,,,,,,,,,True,True,True,surface_unknown,34,1
buffer_5km:4344,osm:3787654347,osm:3787654477,375394325,680.409919294624,,,track,,grade3,,,,,,private,,,,,,,,,,True,True,True,surface_unknown,31,1
buffer_5km:4345,osm:3787654444,osm:3787654524,174522455,214.55150893084513,,,track,ground,grade3,,,,,,private,,,,,,,,,,True,True,True,earth_sand,4,1
buffer_5km:4346,osm:3787654444,osm:3787654516,375394265,446.94106996675964,,,track,,grade2,,,,,,private,,,,,,,,,,True,True,True,surface_unknown,10,1
buffer_5km:4347,osm:3787654477,osm:3787654516,375394265,177.27500670841067,,,track,,grade2,,,,,,private,,,,,,,,,,True,True,True,surface_unknown,6,1
buffer_5km:4348,osm:3787654477,osm:3794114484,375394265,703.4502155556668,,,track,,grade2,,,,,,private,,,,,,,,,,True,True,True,surface_unknown,19,1
buffer_5km:4349,osm:3787654495,osm:3794114169,375394281,372.80731278161016,,,track,,grade4,,,,,,private,,,,,,,,,,True,True,True,surface_unknown,4,1
buffer_5km:4350,osm:3787654508,osm:5349441691,375394264,224.35988360918708,,,track,,grade3,,,,,,private,,,,,,,,,,True,True,True,surface_unknown,6,1
buffer_5km:4351,osm:3787654508,osm:3787654610,375394268,613.5424523067541,,,track,,grade3,,,,,,private,,,,,,,,,,True,True,True,surface_unknown,5,1
buffer_5km:4352,osm:3787654516,osm:3787654524,375394318,313.1621255657694,,,track,,grade3,,,,,,private,,,,,,,,,,True,True,True,surface_unknown,7,1
buffer_5km:4353,osm:3787654524,osm:3787654575,174522455,229.0220601484008,,,track,ground,grade3,,,,,,private,,,,,,,,,,True,True,True,earth_sand,4,1
buffer_5km:4354,osm:3787654575,osm:5349441689,554300266,47.63412505561469,,,track,,grade3,,,,,,private,,,,,,,,,,True,True,True,surface_unknown,2,1
buffer_5km:4355,osm:3787654619,osm:3794114169,375394281,698.7791747574154,,,track,,grade4,,,,,,private,,,,,,,,,,True,True,True,surface_unknown,8,1
buffer_5km:4356,osm:3787654619,osm:3787654619,375394281,57.78929044581191,,,track,,grade4,,,,,,private,,,,,,,,,,True,True,True,surface_unknown,4,1
buffer_5km:4357,osm:3789105555,osm:3789112464,421586055,755.9625553366835,,,track,,grade3,,,,,,yes,,,,,,,,,,True,True,False,surface_unknown,8,1
buffer_5km:4358,osm:3789105555,osm:4406672137,421586055,50.50454614192779,,,track,,grade3,,,,,,yes,,,,,,,,,,True,True,False,surface_unknown,2,1
buffer_5km:4359,osm:3789112464,osm:3789186986,421586055,132.61179009567294,,,track,,grade3,,,,,,yes,,,,,,,,,,True,True,False,surface_unknown,2,1
buffer_5km:4360,osm:3789112489,osm:3794114484,421586055,931.6701855242363,,,track,,grade3,,,,,,yes,,,,,,,,,,True,True,False,surface_unknown,3,1
buffer_5km:4361,osm:3789186986,osm:3792491293,375561888,4039.4962116112824,,,track,,grade3,,,,,,private,,,,,,,,,,True,True,True,surface_unknown,66,1
buffer_5km:4362,osm:3789186986,osm:3789186987,421586055,449.24842245546023,,,track,,grade3,,,,,,yes,,,,,,,,,,True,True,False,surface_unknown,10,1
buffer_5km:4363,osm:3789186987,osm:3792491626,375561861,1573.0454958427224,,,track,,grade3,,,,,,private,,,,,,,,,,True,True,True,surface_unknown,11,1
buffer_5km:4364,osm:3789186987,osm:3792491635,421586055,1761.7976691387516,,,track,,grade3,,,,,,yes,,,,,,,,,,True,True,False,surface_unknown,14,1
buffer_5km:4365,osm:3792491042,osm:3792491044,375561888,167.72838448557394,,,track,,grade3,,,,,,private,,,,,,,,,,True,True,True,surface_unknown,2,1
buffer_5km:4366,osm:3792491042,osm:6503817526,376356555,20.29111263226215,,,track,,grade3,,,,,,,,,,,,,,,,True,True,False,surface_unknown,1,1
buffer_5km:4367,osm:3792491042,osm:5391032387,558913363,11921.879873546313,,C35,primary,asphalt,,,,120,,,,,,,,,,,,,True,True,False,paved,92,1
buffer_5km:4368,osm:3792491042,osm:3794113827,558913363,993.6876120116606,,C35,primary,asphalt,,,,120,,,,,,,,,,,,,True,True,False,paved,12,1
buffer_5km:4369,osm:3792491044,osm:3792491510,375561888,3189.0372508342525,,,track,,grade3,,,,,,private,,,,,,,,,,True,True,True,surface_unknown,48,1
buffer_5km:4370,osm:3792491044,osm:3794113827,375909642,1030.8476608388623,,,track,,grade3,,,,,,private,,,,,,,,,,True,True,True,surface_unknown,8,1
buffer_5km:4371,osm:3792491281,osm:3792491289,375561888,1529.2725552437696,,,track,,grade3,,,,,,private,,,,,,,,,,True,True,True,surface_unknown,46,1
buffer_5km:4372,osm:3792491281,osm:3792491293,375561888,1029.486777505162,,,track,,grade3,,,,,,private,,,,,,,,,,True,True,True,surface_unknown,16,1
buffer_5km:4373,osm:3792491281,osm:3792491451,375909639,124.87465722481983,,,track,,grade3,,,,,,private,,,,,,,,,,True,True,True,surface_unknown,6,1
buffer_5km:4374,osm:3792491289,osm:3792491308,375561888,2293.2620909012485,,,track,,grade3,,,,,,private,,,,,,,,,,True,True,True,surface_unknown,46,1
buffer_5km:4375,osm:3792491289,osm:3794113879,376062291,781.5141594155884,,,track,,grade3,,,,,,private,,,,,,,,,,True,True,True,surface_unknown,9,1
buffer_5km:4376,osm:3792491293,osm:3794114054,375909637,1243.4652452778887,,,track,,grade3,,,,,,private,,,,,,,,,,True,True,True,surface_unknown,39,1
buffer_5km:4377,osm:3792491308,osm:3792491329,375561888,1796.4140531256649,,,track,,grade3,,,,,,private,,,,,,,,,,True,True,True,surface_unknown,14,1
buffer_5km:4378,osm:3792491308,osm:3794113873,375909635,771.369643537828,,,track,,grade3,,,,,,private,,,,,,,,,,True,True,True,surface_unknown,20,1
buffer_5km:4379,osm:3792491329,osm:3792491342,375561888,1455.4317454360003,,,track,,grade3,,,,,,private,,,,,,,,,,True,True,True,surface_unknown,8,1
buffer_5km:4380,osm:3792491329,osm:3794114087,375909644,1217.6880825247415,,,track,,grade3,,,,,,private,,,,,,,,,,True,True,True,surface_unknown,12,1
buffer_5km:4381,osm:3792491342,osm:3792491510,375561888,1779.278158813901,,,track,,grade3,,,,,,private,,,,,,,,,,True,True,True,surface_unknown,30,1
buffer_5km:4382,osm:3792491342,osm:3794113966,375909641,935.2387911838499,,,track,,grade3,,,,,,private,,,,,,,,,,True,True,True,surface_unknown,13,1
buffer_5km:4383,osm:3792491451,osm:3792491482,375909638,366.1835422429665,,,track,,grade3,,,,,,private,,,,,,,,,,True,True,True,surface_unknown,8,1
buffer_5km:4384,osm:3792491451,osm:3794114074,375909639,1275.2025194577843,,,track,,grade3,,,,,,private,,,,,,,,,,True,True,True,surface_unknown,32,1
buffer_5km:4385,osm:3792491482,osm:3794114192,375909638,1690.8468111269049,,,track,,grade3,,,,,,private,,,,,,,,,,True,True,True,surface_unknown,26,1
buffer_5km:4386,osm:3792491482,osm:3794113879,376062231,1169.5419057834927,,,track,,grade3,,,,,,private,,,,,,,,,,True,True,True,surface_unknown,13,1
buffer_5km:4387,osm:3792491510,osm:3794115127,375909634,2667.1270986055215,,,track,,grade3,,,,,,private,,,,,,,,,,True,True,True,surface_unknown,41,1
buffer_5km:4388,osm:3792491555,osm:6503817526,375552546,1021.7803784800105,,,track,,grade3,,,,,,yes,,,,,,,,,,True,True,False,surface_unknown,9,1
buffer_5km:4389,osm:3792491555,osm:4392096992,375552546,490.9898183183182,,,track,,grade3,,,,,,yes,,,,,,,,,,True,True,False,surface_unknown,5,1
buffer_5km:4390,osm:3792491555,osm:4392096990,554464861,475.54867376764713,,,track,ground,grade3,bad,,,,,,,,,,,,,,,True,True,False,earth_sand,11,1
buffer_5km:4391,osm:3792491612,osm:3792491619,375909646,160.1350477480023,,,service,,,,,,,,,,,,,,,,,,True,True,False,surface_unknown,3,1
buffer_5km:4392,osm:3792491612,osm:6235379512,666020717,620.5280059128196,,C35,primary,asphalt,,,,120,,,,,,,,,,,,,True,True,False,paved,3,1
buffer_5km:4393,osm:3792491612,osm:3792491619,666020717,147.42212186212038,,C35,primary,asphalt,,,,120,,,,,,,,,,,,,True,True,False,paved,2,1
buffer_5km:4394,osm:3792491619,osm:3794115152,666020717,272.70651447117484,,C35,primary,asphalt,,,,120,,,,,,,,,,,,,True,True,False,paved,1,1
buffer_5km:4395,osm:3792491624,osm:3792491689,375909643,202.97967149051215,,,track,,grade3,,,,,,private,,,,,,,,,,True,True,True,surface_unknown,4,1
buffer_5km:4396,osm:3792491624,osm:3794115093,376062291,83.16279605259405,,,track,,grade3,,,,,,private,,,,,,,,,,True,True,True,surface_unknown,2,1
buffer_5km:4397,osm:3792491624,osm:3792491689,376062291,266.45528081200933,,,track,,grade3,,,,,,private,,,,,,,,,,True,True,True,surface_unknown,7,1
buffer_5km:4398,osm:3792491635,osm:3792491653,375909640,39.87285048821187,,,track,,grade3,,,,,,,,,,,,,,,,True,True,False,surface_unknown,1,1
buffer_5km:4399,osm:3792491635,osm:3792491652,421586055,228.22674846091488,,,track,,grade3,,,,,,yes,,,,,,,,,,True,True,False,surface_unknown,2,1
buffer_5km:4400,osm:3792491652,osm:3794114718,375909639,839.9209742114824,,,track,,grade3,,,,,,private,,,,,,,,,,True,True,True,surface_unknown,11,1
buffer_5km:4401,osm:3792491652,osm:3792491673,421586055,877.6749731536119,,,track,,grade3,,,,,,yes,,,,,,,,,,True,True,False,surface_unknown,13,1
buffer_5km:4402,osm:3792491653,osm:3792491673,442931352,1126.0517734380269,,C35,primary,asphalt,,,,120,,,,,,,,,,,,,True,True,False,paved,4,1
buffer_5km:4403,osm:3792491671,osm:3792491721,375552546,1770.247453997596,,,track,,grade3,,,,,,yes,,,,,,,,,,True,True,False,surface_unknown,19,1
buffer_5km:4404,osm:3792491671,osm:4406631243,375552546,374.7368706572164,,,track,,grade3,,,,,,yes,,,,,,,,,,True,True,False,surface_unknown,5,1
buffer_5km:4405,osm:3792491671,osm:4406631252,443013678,444.29104757390246,,,track,unpaved,grade3,,,,,,,,,,,,,,,,True,True,False,other_unpaved,6,1
buffer_5km:4406,osm:3792491673,osm:4392184654,421586055,632.9426900052077,,,track,,grade3,,,,,,yes,,,,,,,,,,True,True,False,surface_unknown,7,1
buffer_5km:4407,osm:3792491673,osm:3792491708,442931352,1456.2587299978104,,C35,primary,asphalt,,,,120,,,,,,,,,,,,,True,True,False,paved,3,1
buffer_5km:4408,osm:3792491689,osm:3792491702,375909643,15.960397475671552,,,track,,grade3,,,,,,private,,,,,,,,,,True,True,True,surface_unknown,1,1
buffer_5km:4409,osm:3792491702,osm:3792491749,421586055,1640.792834671367,,,track,,grade3,,,,,,yes,,,,,,,,,,True,True,False,surface_unknown,14,1
buffer_5km:4410,osm:3792491702,osm:3792491708,421586055,310.2598516954514,,,track,,grade3,,,,,,yes,,,,,,,,,,True,True,False,surface_unknown,5,1
buffer_5km:4411,osm:3792491708,osm:4392184654,421586055,830.0809023173547,,,track,,grade3,,,,,,yes,,,,,,,,,,True,True,False,surface_unknown,9,1
buffer_5km:4412,osm:3792491708,osm:4392184691,442931352,1898.2548432139713,,C35,primary,asphalt,,,,120,,,,,,,,,,,,,True,True,False,paved,4,1
buffer_5km:4413,osm:3792491721,osm:4392097013,375552546,1466.8219697174725,,,track,,grade3,,,,,,yes,,,,,,,,,,True,True,False,surface_unknown,14,1
buffer_5km:4414,osm:3792491721,osm:4392184668,441467002,16.69625990314618,,,track,unpaved,grade3,,,,,,,,,,,,,,,,True,True,False,other_unpaved,1,1
buffer_5km:4415,osm:3792491721,osm:4392184660,441467002,18.89321051428563,,,track,unpaved,grade3,,,,,,,,,,,,,,,,True,True,False,other_unpaved,1,1
buffer_5km:4416,osm:3792491735,osm:3794114135,375909635,1835.2442372043008,,,track,,grade3,,,,,,private,,,,,,,,,,True,True,True,surface_unknown,31,1
buffer_5km:4417,osm:3792491735,osm:3792491749,375909635,22.952350892597686,,,track,,grade3,,,,,,private,,,,,,,,,,True,True,True,surface_unknown,1,1
buffer_5km:4418,osm:3792491735,osm:3794114678,376062279,1823.1951983147105,,,track,,grade3,,,,,,private,,,,,,,,,,True,True,True,surface_unknown,34,1
buffer_5km:4419,osm:3792491746,osm:4406631243,375552546,174.34867292999286,,,track,,grade3,,,,,,yes,,,,,,,,,,True,True,False,surface_unknown,2,1
buffer_5km:4420,osm:3792491746,osm:3792491753,375552546,486.77347414919234,,,track,,grade3,,,,,,yes,,,,,,,,,,True,True,False,surface_unknown,5,1
buffer_5km:4421,osm:3792491746,osm:6235396695,442931352,282.47124176513324,,C35,primary,asphalt,,,,120,,,,,,,,,,,,,True,True,False,paved,4,1
buffer_5km:4422,osm:3792491746,osm:4406631247,442931352,448.8154018373382,,C35,primary,asphalt,,,,120,,,,,,,,,,,,,True,True,False,paved,7,1
buffer_5km:4423,osm:3792491749,osm:3792491753,421586055,75.75313253471829,,,track,,grade3,,,,,,yes,,,,,,,,,,True,True,False,surface_unknown,2,1
buffer_5km:4424,osm:3794113843,osm:3794113871,376062283,537.8207608059662,,,track,,grade3,,,,,,private,,,,,,,,,,True,True,True,surface_unknown,7,1
buffer_5km:4425,osm:3794113843,osm:3794113843,376062283,80.51668975644019,,,track,,grade3,,,,,,private,,,,,,,,,,True,True,True,surface_unknown,3,1
buffer_5km:4426,osm:3794113871,osm:3794114225,376062257,956.3927090848389,,,track,,grade3,,,,,,private,,,,,,,,,,True,True,True,surface_unknown,20,1
buffer_5km:4427,osm:3794113871,osm:3794113998,376062283,1057.66371028958,,,track,,grade3,,,,,,private,,,,,,,,,,True,True,True,surface_unknown,23,1
buffer_5km:4428,osm:3794113873,osm:3794114135,375909635,615.3111738353059,,,track,,grade3,,,,,,private,,,,,,,,,,True,True,True,surface_unknown,14,1
buffer_5km:4429,osm:3794113873,osm:3794114328,376062248,1714.215507749042,,,track,,grade3,,,,,,private,,,,,,,,,,True,True,True,surface_unknown,19,1
buffer_5km:4430,osm:3794113879,osm:3794114192,376062291,736.2700188372809,,,track,,grade3,,,,,,private,,,,,,,,,,True,True,True,surface_unknown,10,1
buffer_5km:4431,osm:3794113966,osm:3794114227,375909641,765.0191772957336,,,track,,grade3,,,,,,private,,,,,,,,,,True,True,True,surface_unknown,16,1
buffer_5km:4432,osm:3794113966,osm:3794114087,376062310,1621.6942884742568,,,track,,grade3,,,,,,private,,,,,,,,,,True,True,True,surface_unknown,26,1
buffer_5km:4433,osm:3794113998,osm:3794114000,376062237,381.9897756201132,,,track,,grade3,,,,,,private,,,,,,,,,,True,True,True,surface_unknown,10,1
buffer_5km:4434,osm:3794114000,osm:3794114000,376062237,61.61666882137611,,,track,,grade3,,,,,,private,,,,,,,,,,True,True,True,surface_unknown,4,1
buffer_5km:4435,osm:3794114054,osm:3794114151,375909637,391.63428906426077,,,track,,grade3,,,,,,private,,,,,,,,,,True,True,True,surface_unknown,10,1
buffer_5km:4436,osm:3794114054,osm:3794114074,376062234,344.6321523899785,,,track,,grade3,,,,,,private,,,,,,,,,,True,True,True,surface_unknown,14,1
buffer_5km:4437,osm:3794114074,osm:3794114151,375909639,233.51866756075395,,,track,,grade3,,,,,,private,,,,,,,,,,True,True,True,surface_unknown,4,1
buffer_5km:4438,osm:3794114087,osm:3794114252,376062310,609.2388348155323,,,track,,grade3,,,,,,private,,,,,,,,,,True,True,True,surface_unknown,7,1
buffer_5km:4439,osm:3794114091,osm:3794114291,376062241,983.2671228923433,,,track,,grade3,,,,,,private,,,,,,,,,,True,True,True,surface_unknown,16,1
buffer_5km:4440,osm:3794114091,osm:3794114298,665734774,958.4634556401186,,C35,primary,asphalt,,,,120,,,,,,,,,,,,,True,True,False,paved,6,1
buffer_5km:4441,osm:3794114135,osm:3794114331,376062274,2038.4966255761387,,,track,,grade3,,,,,,private,,,,,,,,,,True,True,True,surface_unknown,27,1
buffer_5km:4442,osm:3794114151,osm:3794114398,375909639,410.6677165362976,,,track,,grade3,,,,,,private,,,,,,,,,,True,True,True,surface_unknown,7,1
buffer_5km:4443,osm:3794114164,osm:3794114398,376062255,718.4704486832809,,,track,,grade3,,,,,,private,,,,,,,,,,True,True,True,surface_unknown,20,1
buffer_5km:4444,osm:3794114164,osm:3794114164,376062255,75.71734544351526,,,track,,grade3,,,,,,private,,,,,,,,,,True,True,True,surface_unknown,4,1
buffer_5km:4445,osm:3794114192,osm:3794114335,376062291,197.3283673180121,,,track,,grade3,,,,,,private,,,,,,,,,,True,True,True,surface_unknown,3,1
buffer_5km:4446,osm:3794114225,osm:3794114248,376062220,51.021330569500236,,,track,,grade3,,,,,,private,,,,,,,,,,True,True,True,surface_unknown,2,1
buffer_5km:4447,osm:3794114227,osm:3794115127,375909641,1790.190290066745,,,track,,grade3,,,,,,private,,,,,,,,,,True,True,True,surface_unknown,50,1
buffer_5km:4448,osm:3794114227,osm:3794115298,376062263,1633.8879589139963,,,track,,grade3,,,,,,private,,,,,,,,,,True,True,True,surface_unknown,20,1
buffer_5km:4449,osm:3794114231,osm:3794114248,376062304,204.3634547578817,,,track,,grade3,,,,,,private,,,,,,,,,,True,True,True,surface_unknown,5,1
buffer_5km:4450,osm:3794114248,osm:3794114259,376062220,29.55710614067728,,,track,,grade3,,,,,,private,,,,,,,,,,True,True,True,surface_unknown,1,1
buffer_5km:4451,osm:3794114252,osm:3794115298,376062296,3307.9038979842517,,,track,,grade3,,,,,,private,,,,,,,,,,True,True,True,surface_unknown,45,1
buffer_5km:4452,osm:3794114252,osm:3794114328,376062310,122.5928433352577,,,track,,grade3,,,,,,private,,,,,,,,,,True,True,True,surface_unknown,3,1
buffer_5km:4453,osm:3794114259,osm:3794114409,376062220,335.24900996729707,,,track,,grade3,,,,,,private,,,,,,,,,,True,True,True,surface_unknown,7,1
buffer_5km:4454,osm:3794114259,osm:3794114291,376062288,64.58861410176058,,,track,,grade3,,,,,,private,,,,,,,,,,True,True,True,surface_unknown,2,1
buffer_5km:4455,osm:3794114291,osm:3794114298,376062288,33.701208450245744,,,track,,grade3,,,,,,private,,,,,,,,,,True,True,True,surface_unknown,1,1
buffer_5km:4456,osm:3794114328,osm:3794114873,376062310,756.3873048018739,,,track,,grade3,,,,,,private,,,,,,,,,,True,True,True,surface_unknown,13,1
buffer_5km:4457,osm:3794114331,osm:3794114678,376062252,627.8356670918494,,,track,,grade3,,,,,,private,,,,,,,,,,True,True,True,surface_unknown,13,1
buffer_5km:4458,osm:3794114331,osm:3794114335,376062274,112.00557270297962,,,track,,grade3,,,,,,private,,,,,,,,,,True,True,True,surface_unknown,4,1
buffer_5km:4459,osm:3794114335,osm:3794115093,376062291,1019.3610996836454,,,track,,grade3,,,,,,private,,,,,,,,,,True,True,True,surface_unknown,12,1
buffer_5km:4460,osm:3794114367,osm:3794114458,376062307,171.80774760937885,,,track,,grade3,,,,,,private,,,,,,,,,,True,True,True,surface_unknown,5,1
buffer_5km:4461,osm:3794114398,osm:3794114609,375909639,433.11464135313497,,,track,,grade3,,,,,,private,,,,,,,,,,True,True,True,surface_unknown,5,1
buffer_5km:4462,osm:3794114458,osm:6231530072,665734772,280.1981198904706,,C35,primary,asphalt,,,,120,,,,,,,,,,,,,True,True,False,paved,2,1
buffer_5km:4463,osm:3794114458,osm:6231530071,665734772,50.93361478714252,,C35,primary,asphalt,,,,120,,,,,,,,,,,,,True,True,False,paved,1,1
buffer_5km:4464,osm:3794114525,osm:3794114718,376062227,414.6277166723377,,,track,,grade3,,,,,,private,,,,,,,,,,True,True,True,surface_unknown,9,1
buffer_5km:4465,osm:3794114525,osm:3794114525,376062227,65.12222392735792,,,track,,grade3,,,,,,private,,,,,,,,,,True,True,True,surface_unknown,3,1
buffer_5km:4466,osm:3794114609,osm:3794114718,375909639,165.26661479507928,,,track,,grade3,,,,,,private,,,,,,,,,,True,True,True,surface_unknown,2,1
buffer_5km:4467,osm:3794114609,osm:3794114908,376062267,580.1987361633754,,,track,,grade3,,,,,,private,,,,,,,,,,True,True,True,surface_unknown,18,1
buffer_5km:4468,osm:3794114653,osm:3794114873,376062301,188.75717004174547,,,track,,grade3,,,,,,private,,,,,,,,,,True,True,True,surface_unknown,5,1
buffer_5km:4469,osm:3794114678,osm:3794115093,376062252,471.31616244004766,,,track,,grade3,,,,,,private,,,,,,,,,,True,True,True,surface_unknown,8,1
buffer_5km:4470,osm:3794114873,osm:3794115306,376062310,549.1040769828791,,,track,,grade3,,,,,,private,,,,,,,,,,True,True,True,surface_unknown,14,1
buffer_5km:4471,osm:3794114908,osm:3794114908,376062267,78.93939150020432,,,track,,grade3,,,,,,private,,,,,,,,,,True,True,True,surface_unknown,4,1
buffer_5km:4472,osm:3794115127,osm:3794115152,375909641,41.348524242701025,,,track,,grade3,,,,,,private,,,,,,,,,,True,True,True,surface_unknown,2,1
buffer_5km:4473,osm:3794115152,osm:6235396697,666020717,178.15496133166505,,C35,primary,asphalt,,,,120,,,,,,,,,,,,,True,True,False,paved,1,1
buffer_5km:4474,osm:3794115298,osm:3794115308,376062263,18.2607260999858,,,track,,grade3,,,,,,private,,,,,,,,,,True,True,True,surface_unknown,1,1
buffer_5km:4475,osm:3794115306,osm:4392184660,666020715,1091.2824372267,,C35,primary,asphalt,,,,120,,,,,,,,,,,,,True,True,False,paved,4,1
buffer_5km:4476,osm:3794115306,osm:6231530067,666020715,932.5853836216403,,C35,primary,asphalt,,,,120,,,,,,,,,,,,,True,True,False,paved,10,1
buffer_5km:4477,osm:3794115308,osm:6235396696,424570007,96.52388050071312,,C35,primary,asphalt,,,,120,,,,,,,,,,,,,True,True,False,paved,2,1
buffer_5km:4478,osm:3794286320,osm:4660964767,376076862,4447.112352181348,,,track,,grade3,,,,,,,,,,,,,,,,True,True,False,surface_unknown,93,1
buffer_5km:4479,osm:3794286421,osm:8962618542,376076857,1426.5170863270864,,,track,,grade4,,,,,,,,,,,,,,,,True,True,False,surface_unknown,34,1
buffer_5km:4480,osm:3794286421,osm:8962607610,376076858,1314.970215350517,,,track,,grade3,,,,,,,,,,,,,,,,True,True,False,surface_unknown,34,1
buffer_5km:4481,osm:3794347801,osm:3794347970,376083353,2260.5712644165433,,,track,,grade3,,,,,,,,,,,,,,,,True,True,False,surface_unknown,51,1
buffer_5km:4482,osm:3794347801,osm:3794347970,376083354,3084.7850917478063,,,unclassified,ground,grade3,,,,,,,,,,,,,,,,True,True,False,earth_sand,66,1
buffer_5km:4483,osm:3794347801,osm:5426321266,376083354,1671.6135204384036,,,unclassified,ground,grade3,,,,,,,,,,,,,,,,True,True,False,earth_sand,66,1
buffer_5km:4484,osm:3796993466,osm:8962607610,376257669,399.95246754540193,,,track,,grade3,,,,,,,,,,,,,,,,True,True,False,surface_unknown,13,1
buffer_5km:4485,osm:3796993466,osm:3796993466,376257669,59.63365046613225,,,track,,grade3,,,,,,,,,,,,,,,,True,True,False,surface_unknown,4,1
buffer_5km:4486,osm:3796993506,osm:3796993540,376257652,317.1653045708128,,,track,,grade3,,,,,,,,,,,,,,,,True,True,False,surface_unknown,9,1
buffer_5km:4487,osm:3796993506,osm:3796993506,376257652,80.64257550980506,,,track,,grade3,,,,,,,,,,,,,,,,True,True,False,surface_unknown,3,1
buffer_5km:4488,osm:3796993540,osm:3796993661,376257673,100.32850837749159,,,track,,grade3,,,,,,,,,,,,,,,,True,True,False,surface_unknown,5,1
buffer_5km:4489,osm:3796993661,osm:8962607610,376257669,559.386904864131,,,track,,grade3,,,,,,,,,,,,,,,,True,True,False,surface_unknown,19,1
buffer_5km:4490,osm:3796993681,osm:3796993696,224458863,212.99667646945005,,,track,sand,grade3,,,,,,,,,,,,,,,,True,True,False,earth_sand,7,1
buffer_5km:4491,osm:3796993681,osm:3796993697,376257696,126.7159696444272,,,track,,grade3,,,,,,,,,,,,,,,,True,True,False,surface_unknown,4,1
buffer_5km:4492,osm:3796993696,osm:3796993708,376257698,211.20243652554421,,,track,,grade3,,,,,,,,,,,,,,,,True,True,False,surface_unknown,7,1
buffer_5km:4493,osm:3796993697,osm:3796993700,376257678,125.73960747176531,,,track,,grade3,,,,,,,,,,,,,,,,True,True,False,surface_unknown,5,1
buffer_5km:4494,osm:3796993697,osm:3796993702,376257678,50.042550150660645,,,track,,grade3,,,,,,,,,,,,,,,,True,True,False,surface_unknown,2,1
buffer_5km:4495,osm:3796993697,osm:3796993719,376257696,90.03242684814403,,,track,,grade3,,,,,,,,,,,,,,,,True,True,False,surface_unknown,3,1
buffer_5km:4496,osm:3796993700,osm:3796993719,376257649,206.8053808828999,,,track,,grade3,,,,,,,,,,,,,,,,True,True,False,surface_unknown,7,1
buffer_5km:4497,osm:3796993700,osm:3796993734,376257678,147.40442009514348,,,track,,grade3,,,,,,,,,,,,,,,,True,True,False,surface_unknown,4,1
buffer_5km:4498,osm:3796993702,osm:3796993709,376257678,24.087733185408908,,,track,,grade3,,,,,,,,,,,,,,,,True,True,False,surface_unknown,1,1
buffer_5km:4499,osm:3796993702,osm:3796993708,376257678,42.42104553435571,,,track,,grade3,,,,,,,,,,,,,,,,True,True,False,surface_unknown,2,1
buffer_5km:4500,osm:3796993708,osm:3796993709,376257675,29.301700313732493,,,track,,grade3,,,,,,,,,,,,,,,,True,True,False,surface_unknown,1,1
buffer_5km:4501,osm:3796993708,osm:3796993735,376257678,126.49811478107783,,,track,,grade3,,,,,,,,,,,,,,,,True,True,False,surface_unknown,3,1
buffer_5km:4502,osm:3796993709,osm:3796993717,376257675,45.24043500984979,,,track,,grade3,,,,,,,,,,,,,,,,True,True,False,surface_unknown,2,1
buffer_5km:4503,osm:3796993709,osm:3796993712,376257678,9.604904964935303,,,track,,grade3,,,,,,,,,,,,,,,,True,True,False,surface_unknown,1,1
buffer_5km:4504,osm:3796993712,osm:3796993717,376257649,33.473492033537724,,,track,,grade3,,,,,,,,,,,,,,,,True,True,False,surface_unknown,1,1
buffer_5km:4505,osm:3796993712,osm:3796993736,376257678,114.23348123479624,,,track,,grade3,,,,,,,,,,,,,,,,True,True,False,surface_unknown,5,1
buffer_5km:4506,osm:3796993717,osm:3796993719,376257649,27.137730905075955,,,track,,grade3,,,,,,,,,,,,,,,,True,True,False,surface_unknown,1,1
buffer_5km:4507,osm:3796993734,osm:3796993736,376257647,162.29514996811187,,,track,,grade3,,,,,,,,,,,,,,,,True,True,False,surface_unknown,5,1
buffer_5km:4508,osm:3796993734,osm:3796993736,376257678,272.65756831264747,,,track,,grade3,,,,,,,,,,,,,,,,True,True,False,surface_unknown,10,1
buffer_5km:4509,osm:3796993735,osm:3796993736,376257647,156.08403011655267,,,track,,grade3,,,,,,,,,,,,,,,,True,True,False,surface_unknown,4,1
buffer_5km:4510,osm:3796993735,osm:3796993876,376257678,345.3072310025599,,,track,,grade3,,,,,,,,,,,,,,,,True,True,False,surface_unknown,12,1
buffer_5km:4511,osm:3796993864,osm:3796993876,376257666,109.2182595514102,,,track,,grade3,,,,,,,,,,,,,,,,True,True,False,surface_unknown,2,1
buffer_5km:4512,osm:3796993864,osm:3796993872,376257668,51.83356151277845,,,track,,grade3,,,,,,,,,,,,,,,,True,True,False,surface_unknown,1,1
buffer_5km:4513,osm:3796993865,osm:3796993909,376257671,260.64380316458374,,,track,,grade3,,,,,,,,,,,,,,,,True,True,False,surface_unknown,4,1
buffer_5km:4514,osm:3796993865,osm:3796993890,376257685,159.74631348642018,,,track,,grade3,,,,,,,,,,,,,,,,True,True,False,surface_unknown,4,1
buffer_5km:4515,osm:3796993872,osm:3796993876,376257667,101.78112218447494,,,track,,grade3,,,,,,,,,,,,,,,,True,True,False,surface_unknown,2,1
buffer_5km:4516,osm:3796993872,osm:3796993896,376257668,143.70538421254838,,,track,,grade3,,,,,,,,,,,,,,,,True,True,False,surface_unknown,3,1
buffer_5km:4517,osm:3796993878,osm:3796993894,376257660,151.58101799263667,,,track,,grade3,,,,,,,,,,,,,,,,True,True,False,surface_unknown,6,1
buffer_5km:4518,osm:3796993878,osm:3796993888,376257695,125.36373044088614,,,track,,grade3,,,,,,,,,,,,,,,,True,True,False,surface_unknown,5,1
buffer_5km:4519,osm:3796993888,osm:3796993890,376257683,35.4998422976843,,,track,,grade3,,,,,,,,,,,,,,,,True,True,False,surface_unknown,1,1
buffer_5km:4520,osm:3796993888,osm:3796993894,376257695,26.666655861087293,,,track,,grade3,,,,,,,,,,,,,,,,True,True,False,surface_unknown,1,1
buffer_5km:4521,osm:3796993890,osm:3796993907,376257683,103.49175200904494,,,track,,grade3,,,,,,,,,,,,,,,,True,True,False,surface_unknown,3,1
buffer_5km:4522,osm:3796993890,osm:3796993897,376257685,32.16937845150322,,,track,,grade3,,,,,,,,,,,,,,,,True,True,False,surface_unknown,1,1
buffer_5km:4523,osm:3796993894,osm:3796993897,376257660,37.22442415290344,,,track,,grade3,,,,,,,,,,,,,,,,True,True,False,surface_unknown,2,1
buffer_5km:4524,osm:3796993896,osm:3796993909,376257660,216.4049815343796,,,track,,grade3,,,,,,,,,,,,,,,,True,True,False,surface_unknown,8,1
buffer_5km:4525,osm:3796993896,osm:3796993914,376257668,68.93541916276888,,,track,,grade3,,,,,,,,,,,,,,,,True,True,False,surface_unknown,2,1
buffer_5km:4526,osm:3796993897,osm:3796993902,376257660,22.31766855074948,,,track,,grade3,,,,,,,,,,,,,,,,True,True,False,surface_unknown,1,1
buffer_5km:4527,osm:3796993902,osm:3796993907,376257660,66.80276389100588,,,track,,grade3,,,,,,,,,,,,,,,,True,True,False,surface_unknown,3,1
buffer_5km:4528,osm:3796993902,osm:3796993917,376257697,60.81298993239278,,,track,,grade3,,,,,,,,,,,,,,,,True,True,False,surface_unknown,2,1
buffer_5km:4529,osm:3796993907,osm:3796993909,376257660,20.341370418239627,,,track,,grade3,,,,,,,,,,,,,,,,True,True,False,surface_unknown,2,1
buffer_5km:4530,osm:3796993909,osm:3796993930,376257671,81.9203990155327,,,track,,grade3,,,,,,,,,,,,,,,,True,True,False,surface_unknown,4,1
buffer_5km:4531,osm:3796993914,osm:3796994145,376257663,754.8851747642469,,,track,,grade3,,,,,,,,,,,,,,,,True,True,False,surface_unknown,26,1
buffer_5km:4532,osm:3796993914,osm:3796993930,376257668,234.79698333281544,,,track,,grade3,,,,,,,,,,,,,,,,True,True,False,surface_unknown,6,1
buffer_5km:4533,osm:3796993917,osm:3796993923,376257676,35.313305442951076,,,track,,grade3,,,,,,,,,,,,,,,,True,True,False,surface_unknown,1,1
buffer_5km:4534,osm:3796993917,osm:3796993929,376257697,35.371731502879086,,,track,,grade3,,,,,,,,,,,,,,,,True,True,False,surface_unknown,2,1
buffer_5km:4535,osm:3796993923,osm:3796994057,376257668,360.07863755738174,,,track,,grade3,,,,,,,,,,,,,,,,True,True,False,surface_unknown,9,1
buffer_5km:4536,osm:3796993923,osm:3796993929,376257668,43.518570510950646,,,track,,grade3,,,,,,,,,,,,,,,,True,True,False,surface_unknown,2,1
buffer_5km:4537,osm:3796993923,osm:3796993943,376257676,59.39492951078346,,,track,,grade3,,,,,,,,,,,,,,,,True,True,False,surface_unknown,2,1
buffer_5km:4538,osm:3796993929,osm:3796993930,376257668,51.78256838538668,,,track,,grade3,,,,,,,,,,,,,,,,True,True,False,surface_unknown,3,1
buffer_5km:4539,osm:3796993929,osm:3796993942,376257697,53.170733163036715,,,track,,grade3,,,,,,,,,,,,,,,,True,True,False,surface_unknown,3,1
buffer_5km:4540,osm:3796993930,osm:3796993942,376257671,56.42584897530401,,,track,,grade3,,,,,,,,,,,,,,,,True,True,False,surface_unknown,2,1
buffer_5km:4541,osm:3796993942,osm:3796994074,376257671,322.7009835162875,,,track,,grade3,,,,,,,,,,,,,,,,True,True,False,surface_unknown,11,1
buffer_5km:4542,osm:3796994057,osm:3796994085,376257651,229.93945591900402,,,track,,grade3,,,,,,,,,,,,,,,,True,True,False,surface_unknown,8,1
buffer_5km:4543,osm:3796994074,osm:3796994079,376257671,65.70800624290884,,,track,,grade3,,,,,,,,,,,,,,,,True,True,False,surface_unknown,3,1
buffer_5km:4544,osm:3796994074,osm:3796994094,376257682,98.87069117255766,,,track,,grade3,,,,,,,,,,,,,,,,True,True,False,surface_unknown,3,1
buffer_5km:4545,osm:3796994079,osm:3796994100,376257662,88.27757201968127,,,track,,grade3,,,,,,,,,,,,,,,,True,True,False,surface_unknown,4,1
buffer_5km:4546,osm:3796994079,osm:3796994085,376257671,62.03620559084718,,,track,,grade3,,,,,,,,,,,,,,,,True,True,False,surface_unknown,2,1
buffer_5km:4547,osm:3796994085,osm:3796994100,376257651,71.7897797982648,,,track,,grade3,,,,,,,,,,,,,,,,True,True,False,surface_unknown,3,1
buffer_5km:4548,osm:3796994085,osm:3796994097,376257671,89.40250150327614,,,track,,grade3,,,,,,,,,,,,,,,,True,True,False,surface_unknown,4,1
buffer_5km:4549,osm:3796994094,osm:3796994111,376257672,81.28290405843433,,,track,,grade3,,,,,,,,,,,,,,,,True,True,False,surface_unknown,3,1
buffer_5km:4550,osm:3796994094,osm:3796994107,376257682,40.116417690709035,,,track,,grade3,,,,,,,,,,,,,,,,True,True,False,surface_unknown,1,1
buffer_5km:4551,osm:3796994097,osm:3796994121,376257671,194.06027239290182,,,track,,grade3,,,,,,,,,,,,,,,,True,True,False,surface_unknown,6,1
buffer_5km:4552,osm:3796994097,osm:3796994104,376257694,115.44619148412603,,,track,,grade3,,,,,,,,,,,,,,,,True,True,False,surface_unknown,1,1
buffer_5km:4553,osm:3796994100,osm:3796994104,376257662,5.9534032194066056,,,track,,grade3,,,,,,,,,,,,,,,,True,True,False,surface_unknown,1,1
buffer_5km:4554,osm:3796994104,osm:3796994154,376257662,457.54721245837493,,,track,,grade3,,,,,,,,,,,,,,,,True,True,False,surface_unknown,18,1
buffer_5km:4555,osm:3796994104,osm:3796994107,376257694,81.39895970408288,,,track,,grade3,,,,,,,,,,,,,,,,True,True,False,surface_unknown,3,1
buffer_5km:4556,osm:3796994107,osm:3796994111,376257694,61.821254113900025,,,track,,grade3,,,,,,,,,,,,,,,,True,True,False,surface_unknown,2,1
buffer_5km:4557,osm:3796994111,osm:3796994145,376257672,362.61498576903773,,,track,,grade3,,,,,,,,,,,,,,,,True,True,False,surface_unknown,13,1
buffer_5km:4558,osm:3796994121,osm:3796994154,224458708,191.76388047346754,,C35,primary,asphalt,,,,120,,,,,,,,,,,,,True,True,False,paved,1,1
buffer_5km:4559,osm:3796994145,osm:3796994180,376257672,643.9099281581144,,,track,,grade3,,,,,,,,,,,,,,,,True,True,False,surface_unknown,19,1
buffer_5km:4560,osm:3796994180,osm:3796994180,376257672,82.71647316636327,,,track,,grade3,,,,,,,,,,,,,,,,True,True,False,surface_unknown,4,1
buffer_5km:4561,osm:3796994791,osm:3796994819,376257659,642.5902693297662,,,track,,grade3,,,,,,,,,,,,,,,,True,True,False,surface_unknown,21,1
buffer_5km:4562,osm:3796994831,osm:3796995069,376257657,617.8592479136681,,,track,,grade3,,,,,,,,,,,,,,,,True,True,False,surface_unknown,16,1
buffer_5km:4563,osm:3796995086,osm:3796995142,376257688,1931.79922963758,,,track,,grade3,,,,,,,,,,,,,,,,True,True,False,surface_unknown,50,1
buffer_5km:4564,osm:3796995142,osm:3796995660,376257688,3033.423526394638,,,track,,grade3,,,,,,,,,,,,,,,,True,True,False,surface_unknown,73,1
buffer_5km:4565,osm:3796995142,osm:3798054530,376369078,1424.1090236164493,,,track,,grade3,,,,,,,,,,,,,,,,True,True,False,surface_unknown,23,1
buffer_5km:4566,osm:3796995660,osm:3797095839,224458823,1159.8357534581025,,,track,,grade3,,,,,,,,,,,,,,,,True,True,False,surface_unknown,32,1
buffer_5km:4567,osm:3796995660,osm:3796995676,376257688,299.58891209488695,,,track,,grade3,,,,,,,,,,,,,,,,True,True,False,surface_unknown,8,1
buffer_5km:4568,osm:3797094549,osm:3797095053,376268367,286.29947263595824,,,track,,grade3,,,,,,,,,,,,,,,,True,True,False,surface_unknown,5,1
buffer_5km:4569,osm:3797094664,osm:3797094989,224495494,1731.6604859080837,,,track,,grade3,,,,,,,,,,,,,,,,True,True,False,surface_unknown,56,1
buffer_5km:4570,osm:3797094664,osm:3797095265,376268365,459.9553058046714,,,track,,grade3,,,,,,,,,,,,,,,,True,True,False,surface_unknown,12,1
buffer_5km:4571,osm:3797094692,osm:3797094714,224495494,112.9271500367395,,,track,,grade3,,,,,,,,,,,,,,,,True,True,False,surface_unknown,4,1
buffer_5km:4572,osm:3797094692,osm:3797095006,224495494,661.2671349822825,,,track,,grade3,,,,,,,,,,,,,,,,True,True,False,surface_unknown,23,1
buffer_5km:4573,osm:3797094692,osm:3797095006,376268364,355.869511110794,,,track,,grade4,,,,,,,,,,,,,,,,True,True,False,surface_unknown,8,1
buffer_5km:4574,osm:3797094714,osm:3797094989,224495494,418.37938965016673,,,track,,grade3,,,,,,,,,,,,,,,,True,True,False,surface_unknown,14,1
buffer_5km:4575,osm:3797094714,osm:3797095105,376268370,192.08567156259275,,,track,,grade3,,,,,,,,,,,,,,,,True,True,False,surface_unknown,6,1
buffer_5km:4576,osm:3797094989,osm:3797095315,376268365,1182.2609748850566,,,track,,grade3,,,,,,,,,,,,,,,,True,True,False,surface_unknown,21,1
buffer_5km:4577,osm:3797095006,osm:3797095034,376268364,125.32547843618926,,,track,,grade4,,,,,,,,,,,,,,,,True,True,False,surface_unknown,3,1
buffer_5km:4578,osm:3797095010,osm:3797095301,376268368,170.27435021825227,,,track,,grade3,,,,,,,,,,,,,,,,True,True,False,surface_unknown,5,1
buffer_5km:4579,osm:3797095034,osm:3797095839,224458823,2078.0658741913835,,,track,,grade3,,,,,,,,,,,,,,,,True,True,False,surface_unknown,30,1
buffer_5km:4580,osm:3797095034,osm:3797095053,376268364,88.11851873777655,,,track,,grade4,,,,,,,,,,,,,,,,True,True,False,surface_unknown,2,1
buffer_5km:4581,osm:3797095265,osm:3797095315,376268365,187.53707703659146,,,track,,grade3,,,,,,,,,,,,,,,,True,True,False,surface_unknown,6,1
buffer_5km:4582,osm:3797095265,osm:3797095315,376268371,273.56018335157955,,,track,,grade3,,,,,,,,,,,,,,,,True,True,False,surface_unknown,7,1
buffer_5km:4583,osm:3797095524,osm:3797095553,376268363,708.5949524158608,,,track,,grade3,,,,,,,,,,,,,,,,True,True,False,surface_unknown,16,1
buffer_5km:4584,osm:3797095553,osm:3797095553,376268363,54.402752637117075,,,track,,grade3,,,,,,,,,,,,,,,,True,True,False,surface_unknown,3,1
buffer_5km:4585,osm:3797096104,osm:3797096131,376268369,135.94684550784615,,,track,,grade3,,,,,,,,,,,,,,,,True,True,False,surface_unknown,4,1
buffer_5km:4586,osm:3797096131,osm:3797096160,376268369,79.09968492682226,,,track,,grade3,,,,,,,,,,,,,,,,True,True,False,surface_unknown,2,1
buffer_5km:4587,osm:3797096190,osm:3797096225,376268373,417.084952293339,,,track,,grade3,,,,,,,,,,,,,,,,True,True,False,surface_unknown,8,1
buffer_5km:4588,osm:3797783387,osm:3797783407,376338896,834.5408529972523,,,track,,grade3,,,,,,,,,,,,,,,,True,True,False,surface_unknown,18,1
buffer_5km:4589,osm:3797783407,osm:3797783435,224458715,1154.3284424856954,,C35,primary,gravel,,,,120,,,,,,,,,,,,,True,True,False,gravel,13,1
buffer_5km:4590,osm:3797783435,osm:3797783763,376338895,2639.8457693880837,,,track,,grade3,,,,,,,,,,,,,,,,True,True,False,surface_unknown,55,1
buffer_5km:4591,osm:3797783763,osm:3797783772,376338895,126.52084356390793,,,track,,grade3,,,,,,,,,,,,,,,,True,True,False,surface_unknown,4,1
buffer_5km:4592,osm:3797783763,osm:3797783772,376338897,147.01683514624972,,,track,,grade3,,,,,,,,,,,,,,,,True,True,False,surface_unknown,6,1
buffer_5km:4593,osm:3797783772,osm:3797783833,376338895,2840.2537033757444,,,track,,grade3,,,,,,,,,,,,,,,,True,True,False,surface_unknown,57,1
buffer_5km:4594,osm:3797811881,osm:3797811885,224458715,122.00246110277854,,C35,primary,gravel,,,,120,,,,,,,,,,,,,True,True,False,gravel,4,1
buffer_5km:4595,osm:3797811881,osm:3797811889,376342371,197.25747758792124,,,track,,grade3,,,,,,,,,,,,,,,,True,True,False,surface_unknown,6,1
buffer_5km:4596,osm:3797811885,osm:6228708184,224458715,6453.362253560211,,C35,primary,gravel,,,,120,,,,,,,,,,,,,True,True,False,gravel,66,1
buffer_5km:4597,osm:3797811885,osm:3797811889,376342373,279.8690105848419,,,track,,grade3,,,,,,,,,,,,,,,,True,True,False,surface_unknown,6,1
buffer_5km:4598,osm:3797811889,osm:3797811944,376342371,1009.8357392332335,,,track,,grade3,,,,,,,,,,,,,,,,True,True,False,surface_unknown,30,1
buffer_5km:4599,osm:3797811889,osm:3797811908,376342373,1679.4150272435645,,,track,,grade3,,,,,,,,,,,,,,,,True,True,False,surface_unknown,23,1
buffer_5km:4600,osm:3797811908,osm:3797819879,376342369,1398.9111228022732,,,track,,grade4,,,,,,,,,,,,,,,,True,True,False,surface_unknown,24,1
buffer_5km:4601,osm:3797811917,osm:3797819866,376342370,3040.6023390429605,,,track,,grade3,,,,,,,,,,,,,,,,True,True,False,surface_unknown,26,9
buffer_5km:4602,osm:3797811917,osm:3797811917,376342370,59.04806663377062,,,track,,grade3,,,,,,,,,,,,,,,,True,True,False,surface_unknown,4,9
buffer_5km:4603,osm:3797948511,osm:3797948553,376356555,6065.699985466947,,,track,,grade3,,,,,,,,,,,,,,,,True,True,False,surface_unknown,46,1
buffer_5km:4604,osm:3797948511,osm:3797948553,376356555,2524.271627520554,,,track,,grade3,,,,,,,,,,,,,,,,True,True,False,surface_unknown,31,1
buffer_5km:4605,osm:3797948553,osm:6503817526,376356555,15.65112912607798,,,track,,grade3,,,,,,,,,,,,,,,,True,True,False,surface_unknown,1,1
buffer_5km:4606,osm:3797988741,osm:3797988741,376361204,113.41392530263253,,,track,,grade4,,,,,,,,,,,,,,,,True,True,False,surface_unknown,4,13
buffer_5km:4607,osm:3798054530,osm:3798054530,376369078,42.119815384683434,,,track,,grade3,,,,,,,,,,,,,,,,True,True,False,surface_unknown,3,1
buffer_5km:4608,osm:3798054865,osm:3798055147,376369077,880.7557378549536,,,track,,grade3,,,,,,,,,,,,,,,,True,True,False,surface_unknown,20,1
buffer_5km:4609,osm:3798055147,osm:3798055303,376369076,534.2914193059535,,,track,,grade3,,,,,,,,,,,,,,,,True,True,False,surface_unknown,12,1
buffer_5km:4610,osm:3798055147,osm:3798055297,376369077,311.2564090452313,,,track,,grade3,,,,,,,,,,,,,,,,True,True,False,surface_unknown,8,1
buffer_5km:4611,osm:3798055400,osm:3799236361,376369079,403.0191800731194,,,track,,grade3,,,,,,,,,,,,,,,,True,True,False,surface_unknown,10,1
buffer_5km:4612,osm:3798119069,osm:3798119074,376377725,92.88001072793332,,,track,,grade3,,,,,,,,,,,,,,,,True,True,False,surface_unknown,2,1
buffer_5km:4613,osm:3798119074,osm:3799236361,376377724,2147.2132404679523,,,track,,grade3,,,,,,,,,,,,,,,,True,True,False,surface_unknown,44,1
buffer_5km:4614,osm:3798119074,osm:3798119081,376377725,84.84525025623158,,,track,,grade3,,,,,,,,,,,,,,,,True,True,False,surface_unknown,2,1
buffer_5km:4615,osm:3857089222,osm:3857089395,382506216,1800.5074867210133,,,track,dirt,grade3,,,,,,forestry,,,,,,,,,,True,True,True,earth_sand,38,1
buffer_5km:4616,osm:3857089407,osm:3857089415,382506215,143.3616959409388,,,track,,grade5,,,,,,,,,,,,,,,,True,True,False,surface_unknown,2,1
buffer_5km:4617,osm:3857089431,osm:3857089687,225109445,4524.7705993860745,,,track,,grade5,,,,,,,,,,,,,,,,True,True,False,surface_unknown,97,1
buffer_5km:4618,osm:3857089687,osm:3857089914,382506219,439.07826846446807,,,track,,grade3,,,,,,,,,,,,,,,,True,True,False,surface_unknown,6,1
buffer_5km:4619,osm:3859066813,osm:3859066814,382684899,262.0737742465253,,,track,unpaved,,,,,,,,,,,,,,,,,True,True,False,other_unpaved,1,1
buffer_5km:4620,osm:3859343409,osm:8039947901,382714845,524.7286080194941,,,track,compacted,,,,,,,,,,,,,,,,,True,True,False,other_unpaved,16,1
buffer_5km:4621,osm:3859343409,osm:8039932368,551118509,2102.1517572011207,,,track,,,,,,,,,,,,,,,,,,True,True,False,surface_unknown,4,1
buffer_5km:4622,osm:3859343409,osm:8039947894,551118511,35.806905633057255,,,track,,grade3,,,,,,,,,,,,,,,,True,True,False,surface_unknown,1,1
buffer_5km:4623,osm:3859343423,osm:8039947901,382714845,16.214045576595243,,,track,compacted,,,,,,,,,,,,,,,,,True,True,False,other_unpaved,1,1
buffer_5km:4624,osm:3859343423,osm:8039947895,863032322,87.97635145549864,,,track,,,,,,,,,,,,,,,,,,True,True,False,surface_unknown,3,1
buffer_5km:4625,osm:3859343423,osm:8039947896,1307652524,322.25655636736235,,,unclassified,gravel,,,,60,,,private,,,,,,,,,,True,True,True,gravel,6,1
buffer_5km:4626,osm:4024064294,osm:4024064328,399707854,329.4423206265995,,,track,,grade4,,,,,,,,,,,,,,,,True,True,False,surface_unknown,13,1
buffer_5km:4627,osm:4024064318,osm:4024064328,399707860,182.26118852990106,,,track,,grade4,,,,,,,,,,,,,,,,True,True,False,surface_unknown,3,1
buffer_5km:4628,osm:4024064531,osm:5423572577,224458723,844.841738911502,,C38,primary,asphalt,,,,60,no,,yes,,,,,,,,,,True,True,False,paved,13,1
buffer_5km:4629,osm:4024064531,osm:4024064761,399707832,307.45628545535874,,,track,,grade3,,,,,,,,,,,,,,,,True,True,False,surface_unknown,9,1
buffer_5km:4630,osm:4024064718,osm:977755983,399707863,238.9039595846222,,,track,,grade4,,,,,,forestry,,,,,,,,,,True,True,True,surface_unknown,4,33
buffer_5km:4631,osm:4024064761,osm:4024064761,399707832,95.5424558715775,,,track,,grade3,,,,,,,,,,,,,,,,True,True,False,surface_unknown,8,1
buffer_5km:4632,osm:4093319996,osm:4093319996,407283609,237.4485433241061,,,track,,,,,,,,,,,,,,,,,,True,True,False,surface_unknown,10,1
buffer_5km:4633,osm:4093319996,osm:4093320015,407283609,1147.7056600400224,,,track,,,,,,,,,,,,,,,,,,True,True,False,surface_unknown,10,1
buffer_5km:4634,osm:4093320015,osm:4093320018,407283609,1036.7264912552303,,,track,,,,,,,,,,,,,,,,,,True,True,False,surface_unknown,3,1
buffer_5km:4635,osm:4093320015,osm:4096861404,407283611,633.741961774918,,,track,,,,,,,,,,,,,,,,,,True,True,False,surface_unknown,2,1
buffer_5km:4636,osm:4093320034,osm:4096861412,407283611,3618.4593687108572,,,track,,,,,,,,,,,,,,,,,,True,True,False,surface_unknown,13,1
buffer_5km:4637,osm:4096861404,osm:4096861412,407653950,1213.930108910981,,,track,,,,,,,,,,,,,,,,,,True,True,False,surface_unknown,8,1
buffer_5km:4638,osm:4096861412,osm:4096861417,407653950,567.4563647678613,,,track,,,,,,,,,,,,,,,,,,True,True,False,surface_unknown,5,1
buffer_5km:4639,osm:4096871365,osm:4096871373,226874307,1288.042758116842,,D3610,tertiary,gravel,,,,,,,,,,,,,,,,,True,True,False,gravel,13,1
buffer_5km:4640,osm:4096871381,osm:4096871385,226874307,669.9765098522821,,D3610,tertiary,gravel,,,,,,,,,,,,,,,,,True,True,False,gravel,9,1
buffer_5km:4641,osm:4212513872,osm:4406672671,421480334,165.02774248307048,,,track,unpaved,grade3,,,,,,,,,,,,,,,,True,True,False,other_unpaved,3,1
buffer_5km:4642,osm:4213356490,osm:4213356602,421546009,1940.9091394953614,,,track,unpaved,grade3,,,,,,,,,,,,,,,,True,True,False,other_unpaved,34,1
buffer_5km:4643,osm:4213356490,osm:4406672803,421546009,69.07834680319756,,,track,unpaved,grade3,,,,,,,,,,,,,,,,True,True,False,other_unpaved,3,1
buffer_5km:4644,osm:4213356490,osm:4213356528,421585275,222.4457911435559,,,track,,,,,,,,,,,,,,,,,,True,True,False,surface_unknown,5,1
buffer_5km:4645,osm:4213356527,osm:4392184640,421546009,289.03745074550477,,,track,unpaved,grade3,,,,,,,,,,,,,,,,True,True,False,other_unpaved,5,1
buffer_5km:4646,osm:4213356527,osm:4213356602,421546009,871.7487861358409,,,track,unpaved,grade3,,,,,,,,,,,,,,,,True,True,False,other_unpaved,12,1
buffer_5km:4647,osm:4213356527,osm:4406672715,441475156,347.5184539365927,,,track,unpaved,grade3,,,,,,,,,,,,,,,,True,True,False,other_unpaved,5,1
buffer_5km:4648,osm:4213356602,osm:4406672635,443019497,346.21662227971825,,,track,unpaved,grade5,,,,,,,,,,,,,,,,True,True,False,other_unpaved,6,1
buffer_5km:4649,osm:4213356602,osm:4406672180,443019497,591.6443309513139,,,track,unpaved,grade5,,,,,,,,,,,,,,,,True,True,False,other_unpaved,5,1
buffer_5km:4650,osm:4223931895,osm:6226745982,422655885,23.597172058025393,,,unclassified,gravel,grade3,,,60,no,,,,yes,,,,,,,,True,True,False,gravel,2,1
buffer_5km:4651,osm:4223931897,osm:6226745982,422655885,12.27330636776344,,,unclassified,gravel,grade3,,,60,no,,,,yes,,,,,,,,True,True,False,gravel,1,1
buffer_5km:4652,osm:4239718783,osm:4239718784,424570004,52.740335463909034,,C35,primary,asphalt,,,,120,,,,,,,yes,,1,,,,True,True,False,paved,1,1
buffer_5km:4653,osm:4350860500,osm:4350860502,224458723,48.75882638799348,,C38,primary,asphalt,,,,60,no,,yes,,,,,,,,,,True,True,False,paved,1,1
buffer_5km:4654,osm:4350860500,osm:4350860501,437267539,54.21557426152964,,,service,paving_stones,,good,,,,,,,,,,,,,,,True,True,False,paved,3,1
buffer_5km:4655,osm:4350860501,osm:4350860502,437267540,16.00742833526228,,,service,paving_stones,,good,,,,,,,,,,,,,,,True,True,False,paved,1,1
buffer_5km:4656,osm:4350875026,osm:4876738499,437268809,16.768969600224498,,,service,,,,,,,,,,,,,,,,,,True,True,False,surface_unknown,1,1
buffer_5km:4657,osm:4350903480,osm:4350903481,437272012,16.513456180530564,,,track,gravel,,,,,,,,,,,,,,,,,True,True,False,gravel,1,1
buffer_5km:4658,osm:4392096990,osm:4392097002,554464860,236.41061356750242,,,track,ground,grade3,,,,,,private,,,,,,,,,,True,True,True,earth_sand,3,1
buffer_5km:4659,osm:4392096992,osm:4392097009,375552546,1604.960658998107,,,track,,grade3,,,,,,yes,,,,,,,,,,True,True,False,surface_unknown,14,1
buffer_5km:4660,osm:4392096992,osm:4392096993,554464860,7.089739293906385,,,track,ground,grade3,,,,,,private,,,,,,,,,,True,True,True,earth_sand,1,1
buffer_5km:4661,osm:4392096993,osm:4392097007,441467011,187.4119254599537,,,track,gravel,grade3,,,,,,,,,,,,,,,,True,True,False,gravel,6,1
buffer_5km:4662,osm:4392096993,osm:4392097002,554464860,297.4345463756149,,,track,ground,grade3,,,,,,private,,,,,,,,,,True,True,True,earth_sand,7,1
buffer_5km:4663,osm:4392097002,osm:4392097007,441467011,133.86833190315718,,,track,gravel,grade3,,,,,,,,,,,,,,,,True,True,False,gravel,2,1
buffer_5km:4664,osm:4392097007,osm:4406629262,443013690,1703.14256361031,,,track,unpaved,grade3,,,,,,,,,,,,,,,,True,True,False,other_unpaved,5,1
buffer_5km:4665,osm:4392097009,osm:4406629265,375552546,446.8153572910235,,,track,,grade3,,,,,,yes,,,,,,,,,,True,True,False,surface_unknown,4,1
buffer_5km:4666,osm:4392097009,osm:4406629262,441467006,20.99776136271073,,,track,gravel,grade3,,,,,,,,,,,,,,,,True,True,False,gravel,1,1
buffer_5km:4667,osm:4392097012,osm:4406629262,441467006,162.13761432794837,,,track,gravel,grade3,,,,,,,,,,,,,,,,True,True,False,gravel,3,1
buffer_5km:4668,osm:4392097013,osm:4406629265,375552546,2301.7643134702557,,,track,,grade3,,,,,,yes,,,,,,,,,,True,True,False,surface_unknown,25,1
buffer_5km:4669,osm:4392097013,osm:4392097017,441466993,214.2769545678225,,,track,unpaved,grade2,,,,,,,,,,,,,,,,True,True,False,other_unpaved,4,1
buffer_5km:4670,osm:4392097017,osm:4392097082,441466993,1677.1189378773788,,,track,unpaved,grade2,,,,,,,,,,,,,,,,True,True,False,other_unpaved,34,1
buffer_5km:4671,osm:4392097017,osm:4392097029,441467002,308.08233543838713,,,track,unpaved,grade3,,,,,,,,,,,,,,,,True,True,False,other_unpaved,7,1
buffer_5km:4672,osm:4392097029,osm:4405849794,441467002,368.8173045862717,,,track,unpaved,grade3,,,,,,,,,,,,,,,,True,True,False,other_unpaved,8,1
buffer_5km:4673,osm:4392097029,osm:4392097035,441467010,240.21411063627042,,,track,unpaved,grade3,,,,,,,,,,,,,,,,True,True,False,other_unpaved,5,1
buffer_5km:4674,osm:4392184370,osm:4392184373,441475146,156.84361309991405,,,track,unpaved,grade3,,,,,,,,,,,,,,,,True,True,False,other_unpaved,3,1
buffer_5km:4675,osm:4392184373,osm:4392184605,441475146,276.54518317888517,,,track,unpaved,grade3,,,,,,,,,,,,,,,,True,True,False,other_unpaved,7,1
buffer_5km:4676,osm:4392184373,osm:4392184589,441475150,355.5195811652379,,,track,unpaved,grade3,,,,,,,,,,,,,,,,True,True,False,other_unpaved,14,1
buffer_5km:4677,osm:4392184589,osm:4392184591,441475150,5.662645600098118,,,track,unpaved,grade3,,,,,,,,,,,,,,,,True,True,False,other_unpaved,1,1
buffer_5km:4678,osm:4392184589,osm:4392184605,441475157,236.35794598210083,,,track,unpaved,grade3,,,,,,,,,,,,,,,,True,True,False,other_unpaved,6,1
buffer_5km:4679,osm:4392184591,osm:5349441702,441475150,372.6729125536824,,,track,unpaved,grade3,,,,,,,,,,,,,,,,True,True,False,other_unpaved,8,1
buffer_5km:4680,osm:4392184605,osm:4406679877,441475159,9.57612745783067,,,track,unpaved,grade4,,,,,,,,,,,,,,,,True,True,False,other_unpaved,1,1
buffer_5km:4681,osm:4392184631,osm:4406713724,441475159,805.3875379102024,,,track,unpaved,grade4,,,,,,,,,,,,,,,,True,True,False,other_unpaved,6,1
buffer_5km:4682,osm:4392184631,osm:4392401198,441475159,507.9411591047036,,,track,unpaved,grade4,,,,,,,,,,,,,,,,True,True,False,other_unpaved,11,1
buffer_5km:4683,osm:4392184631,osm:4406713724,443024665,992.9990650612261,,,track,unpaved,grade5,,,,,,,,,,,,,,,,True,True,False,other_unpaved,21,1
buffer_5km:4684,osm:4392184640,osm:4406672715,441475156,405.7844705064368,,,track,unpaved,grade3,,,,,,,,,,,,,,,,True,True,False,other_unpaved,5,1
buffer_5km:4685,osm:4392184641,osm:4392184654,441475149,2359.4293210774404,,,track,unpaved,grade3,,,,,,,,,,,,,,,,True,True,False,other_unpaved,14,1
buffer_5km:4686,osm:4392184668,osm:4392184681,441467002,33.786146210725285,,,track,unpaved,grade3,,,,,,,,,,,,,,,,True,True,False,other_unpaved,2,1
buffer_5km:4687,osm:4392184668,osm:4392184670,441475158,86.5000357416173,,,track,unpaved,grade3,,,,,,,,,,,,,,,,True,True,False,other_unpaved,3,1
buffer_5km:4688,osm:4392184670,osm:4392184681,441475152,65.46977640157564,,,track,unpaved,grade3,,,,,,,,,,,,,,,,True,True,False,other_unpaved,2,1
buffer_5km:4689,osm:4392184670,osm:4392184713,441475158,300.9692703218003,,,track,unpaved,grade3,,,,,,,,,,,,,,,,True,True,False,other_unpaved,5,1
buffer_5km:4690,osm:4392184681,osm:4392184713,441467002,345.4187983201442,,,track,unpaved,grade3,,,,,,,,,,,,,,,,True,True,False,other_unpaved,6,1
buffer_5km:4691,osm:4392184691,osm:4392184894,441475151,1795.4422421688405,,,track,unpaved,grade3,,,,,,,,,,,,,,,,True,True,False,other_unpaved,25,1
buffer_5km:4692,osm:4392184691,osm:4406631247,442931352,163.08336659717102,,C35,primary,asphalt,,,,120,,,,,,,,,,,,,True,True,False,paved,2,1
buffer_5km:4693,osm:4392184709,osm:4392184894,174522452,5348.613170315575,,,track,ground,grade3,,,,no,,private,,,,,,,,,,True,True,True,earth_sand,57,1
buffer_5km:4694,osm:4392184713,osm:4392184783,441467002,587.6372415405783,,,track,unpaved,grade3,,,,,,,,,,,,,,,,True,True,False,other_unpaved,10,1
buffer_5km:4695,osm:4392184783,osm:4405912994,441467002,190.7686388216017,,,track,unpaved,grade3,,,,,,,,,,,,,,,,True,True,False,other_unpaved,4,1
buffer_5km:4696,osm:4392184783,osm:4406631377,443013692,3478.9303848401246,,,track,unpaved,grade3,,,,,,,,,,,,,,,,True,True,False,other_unpaved,55,1
buffer_5km:4697,osm:4392184814,osm:4392184818,336438922,82.9867766711141,,,track,unpaved,grade3,,,,,,,,,,,,,,,,True,True,False,other_unpaved,2,1
buffer_5km:4698,osm:4392184814,osm:4406672666,336438924,1791.49295577142,,,track,unpaved,grade3,,,,,,,,,,,,,,,,True,True,False,other_unpaved,25,1
buffer_5km:4699,osm:4392184818,osm:4392184843,336438922,37.2130845459024,,,track,unpaved,grade3,,,,,,,,,,,,,,,,True,True,False,other_unpaved,1,1
buffer_5km:4700,osm:4392401196,osm:4406679877,441475159,11.623584416633907,,,track,unpaved,grade4,,,,,,,,,,,,,,,,True,True,False,other_unpaved,1,1
buffer_5km:4701,osm:4392401196,osm:4406713724,441475159,15.383692705559499,,,track,unpaved,grade4,,,,,,,,,,,,,,,,True,True,False,other_unpaved,1,1
buffer_5km:4702,osm:4392401196,osm:4406713690,443024667,630.7495274679668,,,track,unpaved,grade4,,,,,,,,,,,,,,,,True,True,False,other_unpaved,11,1
buffer_5km:4703,osm:4392401198,osm:4406713772,441475159,706.4481647345528,,,track,unpaved,grade4,,,,,,,,,,,,,,,,True,True,False,other_unpaved,15,1
buffer_5km:4704,osm:4392401198,osm:4392401233,441496185,885.8787763286251,,,track,unpaved,grade3,,,,,,,,,,,,,,,,True,True,False,other_unpaved,20,1
buffer_5km:4705,osm:4392401233,osm:4406713834,441496180,952.7294483847307,,,track,unpaved,grade4,,,,,,,,,,,,,,,,True,True,False,other_unpaved,23,1
buffer_5km:4706,osm:4392401233,osm:4392401236,441496185,106.40992112658716,,,track,unpaved,grade3,,,,,,,,,,,,,,,,True,True,False,other_unpaved,3,1
buffer_5km:4707,osm:4392401236,osm:4392401239,441496188,132.0215339459666,,,track,unpaved,grade4,,,,,,,,,,,,,,,,True,True,False,other_unpaved,3,1
buffer_5km:4708,osm:4392401236,osm:4406713851,441496188,77.97504537427858,,,track,unpaved,grade4,,,,,,,,,,,,,,,,True,True,False,other_unpaved,2,1
buffer_5km:4709,osm:4405849794,osm:4405912994,441467002,52.18900800640021,,,track,unpaved,grade3,,,,,,,,,,,,,,,,True,True,False,other_unpaved,3,1
buffer_5km:4710,osm:4405849794,osm:4406672809,442936063,995.1730394588863,,,track,unpaved,grade3,,,,,,,,,,,,,,,,True,True,False,other_unpaved,8,1
buffer_5km:4711,osm:4405912994,osm:4405913020,442941888,1686.6502472762427,,,track,unpaved,grade4,,,,,,,,,,,,,,,,True,True,False,other_unpaved,26,1
buffer_5km:4712,osm:4406629265,osm:4406629285,443013679,930.6640299323323,,,track,unpaved,grade4,,,,,,,,,,,,,,,,True,True,False,other_unpaved,16,1
buffer_5km:4713,osm:4406629285,osm:4406631234,443013679,419.68626293834006,,,track,unpaved,grade4,,,,,,,,,,,,,,,,True,True,False,other_unpaved,10,1
buffer_5km:4714,osm:4406631225,osm:4406631234,443013687,127.87568440698644,,,track,unpaved,grade5,,,,,,,,,,,,,,,,True,True,False,other_unpaved,3,1
buffer_5km:4715,osm:4406631243,osm:4406631252,443013683,138.29629904288146,,,track,unpaved,grade3,,,,,,,,,,,,,,,,True,True,False,other_unpaved,3,1
buffer_5km:4716,osm:4406631247,osm:4406631263,443013686,189.51010780349273,,,track,unpaved,grade3,,,,,,,,,,,,,,,,True,True,False,other_unpaved,5,1
buffer_5km:4717,osm:4406631252,osm:4406631281,443013678,582.9116974535534,,,track,unpaved,grade3,,,,,,,,,,,,,,,,True,True,False,other_unpaved,9,1
buffer_5km:4718,osm:4406631263,osm:4406631435,443013682,1205.1455749603142,,,track,unpaved,grade4,,,,,,,,,,,,,,,,True,True,False,other_unpaved,16,1
buffer_5km:4719,osm:4406631263,osm:4406631281,443013682,204.20425741215112,,,track,unpaved,grade4,,,,,,,,,,,,,,,,True,True,False,other_unpaved,4,1
buffer_5km:4720,osm:4406631263,osm:4406631399,443013686,717.3365867673531,,,track,unpaved,grade3,,,,,,,,,,,,,,,,True,True,False,other_unpaved,10,1
buffer_5km:4721,osm:4406631281,osm:4406631377,443013682,439.6732901452683,,,track,unpaved,grade4,,,,,,,,,,,,,,,,True,True,False,other_unpaved,8,1
buffer_5km:4722,osm:4406631377,osm:4406631399,443013692,270.251117726998,,,track,unpaved,grade3,,,,,,,,,,,,,,,,True,True,False,other_unpaved,4,1
buffer_5km:4723,osm:4406631399,osm:4406631435,443013686,444.89717448229044,,,track,unpaved,grade3,,,,,,,,,,,,,,,,True,True,False,other_unpaved,12,1
buffer_5km:4724,osm:4406631399,osm:4406631402,443013692,19.448671200986563,,,track,unpaved,grade3,,,,,,,,,,,,,,,,True,True,False,other_unpaved,1,1
buffer_5km:4725,osm:4406631435,osm:4406631444,443013686,182.87909905018284,,,track,unpaved,grade3,,,,,,,,,,,,,,,,True,True,False,other_unpaved,2,1
buffer_5km:4726,osm:4406631444,osm:4406631457,443013686,388.46122378635454,,,track,unpaved,grade3,,,,,,,,,,,,,,,,True,True,False,other_unpaved,2,1
buffer_5km:4727,osm:4406672137,osm:4406672139,421586055,151.6106789422567,,,track,,grade3,,,,,,yes,,,,,,,,,,True,True,False,surface_unknown,2,1
buffer_5km:4728,osm:4406672137,osm:4406672138,443019496,32.6471314954554,,,track,unpaved,grade5,,,,,,,,,,,,,,,,True,True,False,other_unpaved,1,1
buffer_5km:4729,osm:4406672138,osm:4406672142,443019493,149.9790356126539,,,track,unpaved,grade4,,,,,,,,,,,,,,,,True,True,False,other_unpaved,2,1
buffer_5km:4730,osm:4406672138,osm:4406672178,443019496,431.28437250067856,,,track,unpaved,grade5,,,,,,,,,,,,,,,,True,True,False,other_unpaved,6,1
buffer_5km:4731,osm:4406672139,osm:4406672142,443019503,42.724640638505,,,track,unpaved,grade3,,,,,,,,,,,,,,,,True,True,False,other_unpaved,1,1
buffer_5km:4732,osm:4406672142,osm:4406672151,443019493,258.40495068809554,,,track,unpaved,grade4,,,,,,,,,,,,,,,,True,True,False,other_unpaved,7,1
buffer_5km:4733,osm:4406672142,osm:4406672159,443019503,152.78373561216864,,,track,unpaved,grade3,,,,,,,,,,,,,,,,True,True,False,other_unpaved,3,1
buffer_5km:4734,osm:4406672151,osm:4406672153,443019493,50.57247658263229,,,track,unpaved,grade4,,,,,,,,,,,,,,,,True,True,False,other_unpaved,1,1
buffer_5km:4735,osm:4406672151,osm:4406679840,443020632,52.07162182729408,,,track,unpaved,grade5,,,,,,,,,,,,,,,,True,True,False,other_unpaved,1,1
buffer_5km:4736,osm:4406672153,osm:4406672163,443019493,357.29150467702044,,,track,unpaved,grade4,,,,,,,,,,,,,,,,True,True,False,other_unpaved,4,1
buffer_5km:4737,osm:4406672153,osm:4406679840,443019495,19.566210831491844,,,track,unpaved,grade5,,,,,,,,,,,,,,,,True,True,False,other_unpaved,1,1
buffer_5km:4738,osm:4406672178,osm:4406672180,443019496,676.9832027869453,,,track,unpaved,grade5,,,,,,,,,,,,,,,,True,True,False,other_unpaved,10,1
buffer_5km:4739,osm:4406672178,osm:4406672603,443019501,302.58446209038163,,,track,unpaved,grade5,,,,,,,,,,,,,,,,True,True,False,other_unpaved,4,1
buffer_5km:4740,osm:4406672603,osm:4406672635,443019501,302.9863233636704,,,track,unpaved,grade5,,,,,,,,,,,,,,,,True,True,False,other_unpaved,6,1
buffer_5km:4741,osm:4406672603,osm:4406672619,443019504,560.7118925802627,,,track,unpaved,grade5,,,,,,,,,,,,,,,,True,True,False,other_unpaved,13,1
buffer_5km:4742,osm:4406672619,osm:4406679849,443019495,437.2916422959335,,,track,unpaved,grade5,,,,,,,,,,,,,,,,True,True,False,other_unpaved,6,1
buffer_5km:4743,osm:4406672619,osm:4406672649,443019495,306.53315198427487,,,track,unpaved,grade5,,,,,,,,,,,,,,,,True,True,False,other_unpaved,6,1
buffer_5km:4744,osm:4406672619,osm:4406672649,443019504,620.1822467579348,,,track,unpaved,grade5,,,,,,,,,,,,,,,,True,True,False,other_unpaved,12,1
buffer_5km:4745,osm:4406672635,osm:4406672676,443019501,418.50954526958884,,,track,unpaved,grade5,,,,,,,,,,,,,,,,True,True,False,other_unpaved,6,1
buffer_5km:4746,osm:4406672649,osm:4406672676,443019504,342.8898522587125,,,track,unpaved,grade5,,,,,,,,,,,,,,,,True,True,False,other_unpaved,9,1
buffer_5km:4747,osm:4406672666,osm:4406672671,443019509,98.79071113357983,,,track,unpaved,grade4,,,,,,,,,,,,,,,,True,True,False,other_unpaved,2,1
buffer_5km:4748,osm:4406672676,osm:4406713771,443019501,411.77423837846504,,,track,unpaved,grade5,,,,,,,,,,,,,,,,True,True,False,other_unpaved,7,1
buffer_5km:4749,osm:4406672676,osm:4406672757,443019504,892.6166818899858,,,track,unpaved,grade5,,,,,,,,,,,,,,,,True,True,False,other_unpaved,16,1
buffer_5km:4750,osm:4406672715,osm:4406672729,443019507,586.6647103955511,,,track,unpaved,grade3,,,,,,,,,,,,,,,,True,True,False,other_unpaved,6,1
buffer_5km:4751,osm:4406672718,osm:4406680592,441475159,73.15366436178556,,,track,unpaved,grade4,,,,,,,,,,,,,,,,True,True,False,other_unpaved,1,1
buffer_5km:4752,osm:4406672718,osm:4406680608,441475159,950.7943409075453,,,track,unpaved,grade4,,,,,,,,,,,,,,,,True,True,False,other_unpaved,12,1
buffer_5km:4753,osm:4406672718,osm:4406713771,443019501,188.60182815305944,,,track,unpaved,grade5,,,,,,,,,,,,,,,,True,True,False,other_unpaved,6,1
buffer_5km:4754,osm:4406672757,osm:4406680608,443020629,43.611676797795596,,,track,unpaved,grade4,,,,,,,,,,,,,,,,True,True,False,other_unpaved,2,1
buffer_5km:4755,osm:4406672757,osm:4406713771,443020634,862.187997902859,,,track,unpaved,grade5,,,,,,,,,,,,,,,,True,True,False,other_unpaved,19,1
buffer_5km:4756,osm:4406672809,osm:4406672853,441475147,629.3475033585303,,,track,unpaved,grade3,,,,,,,,,,,,,,,,True,True,False,other_unpaved,4,1
buffer_5km:4757,osm:4406679840,osm:4406679849,443019495,203.6431901938189,,,track,unpaved,grade5,,,,,,,,,,,,,,,,True,True,False,other_unpaved,3,1
buffer_5km:4758,osm:4406679840,osm:4406679877,443020632,1745.445333637958,,,track,unpaved,grade5,,,,,,,,,,,,,,,,True,True,False,other_unpaved,29,1
buffer_5km:4759,osm:4406679849,osm:4406679871,443020631,325.7874141572415,,,track,unpaved,grade5,,,,,,,,,,,,,,,,True,True,False,other_unpaved,4,1
buffer_5km:4760,osm:4406679871,osm:4406713762,443020631,876.3695103007182,,,track,unpaved,grade5,,,,,,,,,,,,,,,,True,True,False,other_unpaved,14,1
buffer_5km:4761,osm:4406679871,osm:4406713690,443024667,1041.0153970966464,,,track,unpaved,grade4,,,,,,,,,,,,,,,,True,True,False,other_unpaved,24,1
buffer_5km:4762,osm:4406680592,osm:4406713772,441475159,34.273268688131026,,,track,unpaved,grade4,,,,,,,,,,,,,,,,True,True,False,other_unpaved,1,1
buffer_5km:4763,osm:4406680592,osm:4406713762,443020631,118.74747987682956,,,track,unpaved,grade5,,,,,,,,,,,,,,,,True,True,False,other_unpaved,5,1
buffer_5km:4764,osm:4406680608,osm:4406713816,443020629,316.4564681065577,,,track,unpaved,grade4,,,,,,,,,,,,,,,,True,True,False,other_unpaved,8,1
buffer_5km:4765,osm:4406713690,osm:4406713762,443020634,1378.1189893436074,,,track,unpaved,grade5,,,,,,,,,,,,,,,,True,True,False,other_unpaved,25,1
buffer_5km:4766,osm:4406713762,osm:4406713771,443020634,285.13595571272475,,,track,unpaved,grade5,,,,,,,,,,,,,,,,True,True,False,other_unpaved,9,1
buffer_5km:4767,osm:4406713772,osm:4406713816,443020629,1310.434236942734,,,track,unpaved,grade4,,,,,,,,,,,,,,,,True,True,False,other_unpaved,28,1
buffer_5km:4768,osm:4406713816,osm:4406713841,443024673,358.99716106949427,,,track,unpaved,grade5,,,,,,,,,,,,,,,,True,True,False,other_unpaved,6,1
buffer_5km:4769,osm:4406713834,osm:4406713875,441496180,398.2021533200371,,,track,unpaved,grade4,,,,,,,,,,,,,,,,True,True,False,other_unpaved,10,1
buffer_5km:4770,osm:4406713851,osm:4406713911,443024668,949.8037634547151,,,track,unpaved,grade5,,,,,,,,,,,,,,,,True,True,False,other_unpaved,22,1
buffer_5km:4771,osm:4406713875,osm:4406713909,441496180,238.00116569888792,,,track,unpaved,grade4,,,,,,,,,,,,,,,,True,True,False,other_unpaved,5,1
buffer_5km:4772,osm:4406713875,osm:4406713911,443024663,329.3791155076843,,,track,unpaved,grade5,,,,,,,,,,,,,,,,True,True,False,other_unpaved,9,1
buffer_5km:4773,osm:4445637411,osm:4445637412,447436098,71.05214823581295,,C35,primary,asphalt,,,,120,,,,,,,yes,,1,,,,True,True,False,paved,1,1
buffer_5km:4774,osm:4498180592,osm:4498180609,453011951,51.335159896837965,,,track,,,,,,,,,,,,,,,,,,True,True,False,surface_unknown,4,1
buffer_5km:4775,osm:4498180592,osm:4498180599,692753331,21.06876248991854,,,track,,,,,,,,,,,,,,,,,,True,True,False,surface_unknown,2,1
buffer_5km:4776,osm:4498180592,osm:4498180592,692753332,85.90320355855181,,,track,,,,,,,,,,,,,,,,,,True,True,False,surface_unknown,5,1
buffer_5km:4777,osm:4498180598,osm:4498180599,692753331,21.635013031855866,,,track,,,,,,,,,,,,,,,,,,True,True,False,surface_unknown,1,1
buffer_5km:4778,osm:4498180599,osm:4498180604,453011952,70.67394528536559,,,track,,,,,,,,,,,,,,,,,,True,True,False,surface_unknown,5,1
buffer_5km:4779,osm:4498180604,osm:4498180608,453011952,58.67820127613273,,,track,,,,,,,,,,,,,,,,,,True,True,False,surface_unknown,4,1
buffer_5km:4780,osm:4498180604,osm:4549520102,459030381,24.173370329052066,,,track,,,,,,,,,,,,,,,,,,True,True,False,surface_unknown,2,1
buffer_5km:4781,osm:4498180609,osm:4498180611,453011953,28.14067752152718,,,track,,,,,,,,,,,,,,,,,,True,True,False,surface_unknown,2,1
buffer_5km:4782,osm:4549506870,osm:4549506872,459028973,64.86605120514157,,,track,,,,,,,,forestry,,,,,,,,,,True,True,True,surface_unknown,3,1
buffer_5km:4783,osm:4549506870,osm:4549506872,459028973,96.67764601889272,,,track,,,,,,,,forestry,,,,,,,,,,True,True,True,surface_unknown,11,1
buffer_5km:4784,osm:4616740743,osm:6246148715,466977406,451.15503069054506,,,tertiary,asphalt,,,,30,no,,,,,,,,,,,,True,True,False,paved,17,1
buffer_5km:4785,osm:4616740743,osm:5323219732,1225040885,14.018848333159745,,,tertiary,gravel,,,,60,no,,yes,,,,,,,,,,True,True,False,gravel,2,1
buffer_5km:4786,osm:4616740754,osm:5323219806,466977406,52.30617294697406,,,tertiary,asphalt,,,,30,no,,,,,,,,,,,,True,True,False,paved,1,1
buffer_5km:4787,osm:4616740754,osm:6246148715,466977406,54.75936368581684,,,tertiary,asphalt,,,,30,no,,,,,,,,,,,,True,True,False,paved,3,1
buffer_5km:4788,osm:4616740754,osm:6246148715,667099741,69.21155386603964,,,service,,,,,,,,,,,,,,,,,,True,True,False,surface_unknown,4,1
buffer_5km:4789,osm:4616755797,osm:4616755800,466978255,67.29083932549176,,,track,gravel,grade2,,,,,,,,yes,,,,,,,,True,True,False,gravel,3,1
buffer_5km:4790,osm:4616772550,osm:4616775230,224458873,393.0345036306414,,,tertiary,gravel,,,,60,,,yes,,,,,,,,,,True,True,False,gravel,11,1
buffer_5km:4791,osm:4616784558,osm:4624302919,551188260,14.132169082664246,,,unclassified,fine_gravel,,,,,,,permissive,,,,,,,,,,True,True,False,gravel,1,1
buffer_5km:4792,osm:4616939221,osm:4616939229,224621786,25.490592180440665,,,tertiary,gravel,grade2,,,60,,,,,,,,,,,,,True,True,False,gravel,1,1
buffer_5km:4793,osm:4616939221,osm:4616939228,467000355,27.564227212544566,,,service,gravel,,,,,no,,,,yes,,,,,,,,True,True,False,gravel,1,1
buffer_5km:4794,osm:4616939222,osm:4616939222,551567051,58.24970351142008,,,service,gravel,grade2,,,,yes,,,,yes,,,,,,,,True,False,False,gravel,12,1
buffer_5km:4795,osm:4616939222,osm:5291218751,561930278,81.86491850828546,,,service,gravel,grade2,,,,,,,,yes,,,,,,,,True,True,False,gravel,5,1
buffer_5km:4796,osm:4616939228,osm:4616939229,467000356,25.556667970387053,,,service,gravel,grade2,,,,no,,,,yes,,,,,,,,True,True,False,gravel,1,1
buffer_5km:4797,osm:4616939228,osm:5291218763,561930278,2.6461738967744335,,,service,gravel,grade2,,,,,,,,yes,,,,,,,,True,True,False,gravel,1,1
buffer_5km:4798,osm:4626765166,osm:4626765180,224482902,56.94620523116116,,,tertiary,gravel,,,,60,no,,yes,,,,,,,,,,True,True,False,gravel,1,1
buffer_5km:4799,osm:4626765166,osm:4626765176,468119788,50.14811957210314,,,track,,,,,,,,permissive,,,,,,,,,,True,True,False,surface_unknown,4,1
buffer_5km:4800,osm:4626765170,osm:4626765176,468119789,244.41038495481317,,,track,,,,,,,,permissive,,,,,,,,,,True,True,False,surface_unknown,6,1
buffer_5km:4801,osm:4626765176,osm:4626765180,468119789,58.15770706454494,,,track,,,,,,,,permissive,,,,,,,,,,True,True,False,surface_unknown,4,1
buffer_5km:4802,osm:4626815299,osm:4626815304,468123594,54.83858523530032,,,unclassified,gravel,,,,100,,,,,,,,,,,,,True,True,False,gravel,5,1
buffer_5km:4803,osm:4627030416,osm:5423484300,224458846,86.31938624298816,,6305,tertiary,gravel,grade2,,,60,no,,,,yes,,,,,,,,True,True,False,gravel,1,1
buffer_5km:4804,osm:4627853680,osm:5418530173,468234722,461.95999069208176,,,track,,,,,,,,forestry,,,,,,,,,,True,True,True,surface_unknown,20,1
buffer_5km:4805,osm:4627853680,osm:5423572272,561946642,2424.6314510889315,,,tertiary,gravel,grade2,,,60,,,,,,,,,,,,,True,True,False,gravel,6,1
buffer_5km:4806,osm:4627949305,osm:4627949313,468246683,46.935017213055666,,5951,service,gravel,grade2,,,,,,,,yes,,,,,,,,True,True,False,gravel,6,1
buffer_5km:4807,osm:4723861578,osm:4723861584,551382185,18.706277301738616,,,unclassified,,grade3,,,,,,,,,,,,,,,,True,True,False,surface_unknown,1,1
buffer_5km:4808,osm:4826748660,osm:4826748673,490490679,38.93146039924817,,,service,unpaved,grade3,,,,,,,,,,,,,,,,True,True,False,other_unpaved,3,1
buffer_5km:4809,osm:4826748660,osm:4826748676,494007248,47.83796041293428,,,track,unpaved,grade3,,,60,,,,,,,,,,,,,True,True,False,other_unpaved,1,1
buffer_5km:4810,osm:4826748672,osm:4826748673,490490680,55.5792615742891,,,track,,,,,,,,,,yes,,,,,,,,True,True,False,surface_unknown,1,1
buffer_5km:4811,osm:4826748672,osm:4826748672,490490680,149.80073720217217,,,track,,,,,,,,,,yes,,,,,,,,True,True,False,surface_unknown,10,1
buffer_5km:4812,osm:4826748673,osm:4826748676,490490680,36.88018547233739,,,track,,,,,,,,,,yes,,,,,,,,True,True,False,surface_unknown,3,1
buffer_5km:4813,osm:4826748676,osm:4826748679,494007248,60.381600966289646,,,track,unpaved,grade3,,,60,,,,,,,,,,,,,True,True,False,other_unpaved,1,1
buffer_5km:4814,osm:4826851559,osm:4826851565,490502571,403.24108152820867,,,track,,,,,,,,,,,,,,,,,,True,True,False,surface_unknown,6,1
buffer_5km:4815,osm:4826851559,osm:5423484136,562592436,9031.838125383798,,,track,,,,,,,,,,,,,,,,,,True,True,False,surface_unknown,25,1
buffer_5km:4816,osm:4826851565,osm:4826851665,490502571,27203.641105835384,,,track,,,,,,,,,,,,,,,,,,True,True,False,surface_unknown,96,1
buffer_5km:4817,osm:4826851565,osm:5423484185,562592438,9218.006553471647,,,track,,,,,,,,,,,,,,,,,,True,True,False,surface_unknown,27,1
buffer_5km:4818,osm:4826851665,osm:5418197246,490502569,60.12878263230791,,,track,,,,,,,,,,,,,,,,,,True,True,False,surface_unknown,5,1
buffer_5km:4819,osm:4826851665,osm:4826851669,490502571,130.01413344413373,,,track,,,,,,,,,,,,,,,,,,True,True,False,surface_unknown,4,1
buffer_5km:4820,osm:4876738499,osm:4876738499,437268809,157.7349313951774,,,service,,,,,,,,,,,,,,,,,,True,True,False,surface_unknown,15,1
buffer_5km:4821,osm:5291218751,osm:5291218763,547604912,91.5096621033616,,,track,,,,,,,,,,yes,,,,,,,,True,True,False,surface_unknown,13,1
buffer_5km:4822,osm:5291218751,osm:5291218763,561930278,42.03869323994879,,,service,gravel,grade2,,,,,,,,yes,,,,,,,,True,True,False,gravel,2,1
buffer_5km:4823,osm:5322498300,osm:5322498309,93178007,134.02328871254687,,B1,primary,paved,,,,120,no,,,,,,,,,,,,True,True,False,paved,1,1
buffer_5km:4824,osm:5322498300,osm:5322498309,665760281,144.59163824600824,,,service,paved,,,,,no,,,,,,,,,,,,True,True,False,paved,9,1
buffer_5km:4825,osm:5322498317,osm:8039932368,551118509,326.3928954028688,,,track,,,,,,,,,,,,,,,,,,True,True,False,surface_unknown,1,1
buffer_5km:4826,osm:5322498317,osm:5322498922,551118510,33.188097711926446,,,track,,,,,,,,,,,,,,,,,,True,True,False,surface_unknown,5,1
buffer_5km:4827,osm:5322498922,osm:5322498930,551118510,49.80319665532118,,,track,,,,,,,,,,,,,,,,,,True,True,False,surface_unknown,8,1
buffer_5km:4828,osm:5322498922,osm:5322498930,551118510,59.96384758111889,,,track,,,,,,,,,,,,,,,,,,True,True,False,surface_unknown,10,1
buffer_5km:4829,osm:5322498930,osm:8040130917,863053622,11.113226429965708,,,track,,,,,,,,,,,,,,,,,,True,True,False,surface_unknown,1,1
buffer_5km:4830,osm:5322510352,osm:5322510357,114786563,148.8218242876817,,,service,unpaved,,,,60,,,,,,,,,,,,,True,True,False,other_unpaved,5,1
buffer_5km:4831,osm:5322510357,osm:9240256817,1152884580,220.41690473183982,,,track,,,,,,,,,,,,,,,,,,True,True,False,surface_unknown,5,1
buffer_5km:4832,osm:5323203994,osm:5323204002,551188259,46.150204355558515,,,track,gravel,,,,60,,,forestry,,,,,,,,,,True,True,True,gravel,8,1
buffer_5km:4833,osm:5323219732,osm:5323219752,551190360,30.5602909965937,,,residential,,,,,,,,,,,,,,,,,,True,True,False,surface_unknown,2,1
buffer_5km:4834,osm:5323219732,osm:5323219805,1225040885,35.36491096071855,,,tertiary,gravel,,,,60,no,,yes,,,,,,,,,,True,True,False,gravel,5,1
buffer_5km:4835,osm:5323219743,osm:5391032383,224458867,430.426751905818,,,track,,,,,,no,,,,,,,,,,,,True,True,False,surface_unknown,15,1
buffer_5km:4836,osm:5323219743,osm:5323219751,224458867,42.1230977433085,,,track,,,,,,no,,,,,,,,,,,,True,True,False,surface_unknown,8,1
buffer_5km:4837,osm:5323219743,osm:5323219751,551189754,56.63829144835357,,,track,,,,,,,,,,,,,,,,,,True,True,False,surface_unknown,14,1
buffer_5km:4838,osm:5323219751,osm:5323219774,224458867,26.190057314077407,,,track,,,,,,no,,,,,,,,,,,,True,True,False,surface_unknown,1,1
buffer_5km:4839,osm:5323219752,osm:5323219774,224458867,41.202321356699635,,,track,,,,,,no,,,,,,,,,,,,True,True,False,surface_unknown,1,1
buffer_5km:4840,osm:5323219752,osm:5323225355,551190360,205.57556979694544,,,residential,,,,,,,,,,,,,,,,,,True,True,False,surface_unknown,10,1
buffer_5km:4841,osm:5323219806,osm:5323219812,466977406,4.78364111406472,,,tertiary,asphalt,,,,30,no,,,,,,,,,,,,True,True,False,paved,1,1
buffer_5km:4842,osm:5323219812,osm:5391032378,466977406,43.65329033333349,,,tertiary,asphalt,,,,30,no,,,,,,,,,,,,True,True,False,paved,2,1
buffer_5km:4843,osm:5323219812,osm:5391032388,551189764,57.3713748744689,,,primary_link,asphalt,,,,,yes,,,,,,,,,,,,False,True,False,paved,6,1
buffer_5km:4844,osm:5323225355,osm:5323225420,551190361,36.21964637310249,,,residential,,,,,,yes,,,,,,,,,,,,False,True,False,surface_unknown,8,1
buffer_5km:4845,osm:5323225355,osm:5323225357,551190361,10.09990317822236,,,residential,,,,,,yes,,,,,,,,,,,,True,False,False,surface_unknown,2,1
buffer_5km:4846,osm:5323225357,osm:5323225365,551190361,40.232047063930224,,,residential,,,,,,yes,,,,,,,,,,,,True,False,False,surface_unknown,8,1
buffer_5km:4847,osm:5323225357,osm:5323225400,551190362,344.51290887157455,,,residential,,,,,,,,,,,,,,,,,,True,True,False,surface_unknown,22,1
buffer_5km:4848,osm:5323225365,osm:5323225471,551190361,21.976078897120992,,,residential,,,,,,yes,,,,,,,,,,,,True,False,False,surface_unknown,5,1
buffer_5km:4849,osm:5323225365,osm:5323225410,551190362,101.50577110211016,,,residential,,,,,,,,,,,,,,,,,,True,True,False,surface_unknown,7,1
buffer_5km:4850,osm:5323225400,osm:5323225410,551190362,85.04714038179945,,,residential,,,,,,,,,,,,,,,,,,True,True,False,surface_unknown,10,1
buffer_5km:4851,osm:5323225410,osm:5323225417,551190363,36.70940993010141,,,residential,,,,,,,,,,,,,,,,,,True,True,False,surface_unknown,1,1
buffer_5km:4852,osm:5323225420,osm:5323225471,551190361,23.823091470173427,,,residential,,,,,,yes,,,,,,,,,,,,False,True,False,surface_unknown,6,1
buffer_5km:4853,osm:5323225420,osm:5323225464,551190364,410.70455228962635,,,residential,,,,,,,,,,,,,,,,,,True,True,False,surface_unknown,44,1
buffer_5km:4854,osm:5323225464,osm:5323225471,551190364,106.39319010590373,,,residential,,,,,,,,,,,,,,,,,,True,True,False,surface_unknown,7,1
buffer_5km:4855,osm:5323225464,osm:5323225472,551190365,42.06422547545851,,,residential,,,,,,,,,,,,,,,,,,True,True,False,surface_unknown,1,1
buffer_5km:4856,osm:5323234347,osm:5323234347,551191308,95.97632163188153,,,track,gravel,grade2,,,,,,,,yes,,,,,,,,True,True,False,gravel,12,1
buffer_5km:4857,osm:5324964723,osm:5324964727,551373734,38.3098984223051,,,service,gravel,grade2,,,,,,,,yes,,,,,,,,True,True,False,gravel,4,1
buffer_5km:4858,osm:5324988596,osm:5324988600,551376483,57.239116121299624,,,service,gravel,grade2,,,,,,forestry,,,,,,,,,,True,True,True,gravel,4,1
buffer_5km:4859,osm:5325027625,osm:5325027632,551382198,53.140909743130834,,,service,gravel,grade2,,,,,,,,yes,,,,,,,,True,True,False,gravel,6,1
buffer_5km:4860,osm:5325761886,osm:5325761887,551467609,5.109026219396555,,,unclassified,ground,,,,,,,forestry,,,,,,,,,,True,True,True,earth_sand,1,1
buffer_5km:4861,osm:5349441689,osm:5349441691,554300264,88.91657317239243,,,service,,grade3,,,,,,private,,,,,,,,,,True,True,True,surface_unknown,4,1
buffer_5km:4862,osm:5349441691,osm:5349441695,554300265,21.737260640983948,,,service,,,,,,,,,,,,,,,,,,True,True,False,surface_unknown,4,1
buffer_5km:4863,osm:5349441702,osm:5349441705,441475150,30.263972374607267,,,track,unpaved,grade3,,,,,,,,,,,,,,,,True,True,False,other_unpaved,1,1
buffer_5km:4864,osm:5349441702,osm:5349441704,554300269,23.027996082785542,,,track,,,,,,,,,,,,,,,,,,True,True,False,surface_unknown,2,1
buffer_5km:4865,osm:5349441705,osm:5349441718,554300270,166.7840471727098,,,track,,,,,,,,,,,,,,,,,,True,True,False,surface_unknown,13,1
buffer_5km:4866,osm:5349441719,osm:5349447222,554300268,70.75186598051151,,,service,unpaved,grade3,,,,,,,,,,,,,,,,True,True,False,other_unpaved,1,1
buffer_5km:4867,osm:5349441719,osm:5349447221,554300271,15.51335410666069,,,track,,,,,,,,,,,,,,,,,,True,True,False,surface_unknown,2,1
buffer_5km:4868,osm:5349447221,osm:5349447231,554300273,197.94132241408204,,,track,,,,,,,,,,,,,,,,,,True,True,False,surface_unknown,22,1
buffer_5km:4869,osm:5349447222,osm:5349447230,554300272,53.042859171694545,,,track,,,,,,,,,,,,,,,,,,True,True,False,surface_unknown,8,1
buffer_5km:4870,osm:5391032378,osm:5391032388,558913361,39.047469478853365,,C35,primary,asphalt,,,,,yes,,,,,,,,,,,,False,True,False,paved,1,1
buffer_5km:4871,osm:5391032378,osm:5391032387,558913361,149.59232810596626,,C35,primary,asphalt,,,,,yes,,,,,,,,,,,,True,False,False,paved,3,1
buffer_5km:4872,osm:5417840165,osm:6226746203,561936239,433.79106461611497,,,service,gravel,grade2,,,,,,,,yes,,,,,,,,True,True,False,gravel,9,1
buffer_5km:4873,osm:5417840165,osm:5417840165,561936241,130.05340830022882,,,service,gravel,grade2,,,,yes,,,,yes,,,,,,,,True,False,False,gravel,28,1
buffer_5km:4874,osm:5417840203,osm:5417840203,488042697,94.7430621512469,,,service,,grade2,,,,yes,,,,,,,,,,,,True,False,False,surface_unknown,15,1
buffer_5km:4875,osm:5417841422,osm:5423595296,562606549,4585.596619032252,,,track,,,,,,,,,,,,,,,,,,True,True,False,surface_unknown,35,1
buffer_5km:4876,osm:5417841618,osm:5417841618,561936267,312.68313106329555,,,service,gravel,,,,,yes,,,,,,,,,,,,True,False,False,gravel,30,20
buffer_5km:4877,osm:5417841619,osm:5417841632,84042822,10.08895576436469,,,service,gravel,grade2,,,,,,,,yes,,,,,,,,True,True,False,gravel,3,1
buffer_5km:4878,osm:5417841619,osm:977755702,84042822,22.91341886517884,,,service,gravel,grade2,,,,,,,,yes,,,,,,,,True,True,False,gravel,3,1
buffer_5km:4879,osm:5417841619,osm:5417841632,561936269,44.71223370254881,,,service,,,,,,,,,,,,,,,,,,True,True,False,surface_unknown,14,1
buffer_5km:4880,osm:5417921494,osm:5417921571,224621786,106.14606899917003,,,tertiary,gravel,grade2,,,60,,,,,,,,,,,,,True,True,False,gravel,1,1
buffer_5km:4881,osm:5417921494,osm:5417921495,561946641,33.673422197938635,,,tertiary,gravel,grade2,,,60,,,,,,,yes,,1,,,,True,True,False,gravel,1,1
buffer_5km:4882,osm:5417921495,osm:5423484358,561946642,13773.721823945443,,,tertiary,gravel,grade2,,,60,,,,,,,,,,,,,True,True,False,gravel,110,1
buffer_5km:4883,osm:5417921571,osm:5417921594,224621786,37.40809591293844,,,tertiary,gravel,grade2,,,60,,,,,,,,,,,,,True,True,False,gravel,2,1
buffer_5km:4884,osm:5417921571,osm:5417921594,561946647,166.54689923430578,,,service,gravel,,,,,,,,,,,,,,,,,True,True,False,gravel,24,1
buffer_5km:4885,osm:5419589844,osm:5419589846,562137252,19.608020572472668,,,track,ground,grade2,,,,,,,,,,,,,,,,True,True,False,earth_sand,2,1
buffer_5km:4886,osm:5419589846,osm:5419589866,562137253,280.8462110606473,,,track,ground,grade2,,,,,,,,,,,,,,,,True,True,False,earth_sand,18,1
buffer_5km:4887,osm:5419590461,osm:5419590463,562137032,25.377745865780746,,,track,ground,,,,,,,,,,,,,,,,,True,True,False,earth_sand,2,1
buffer_5km:4888,osm:5419590461,osm:5419590486,562137033,214.91400618656218,,,track,ground,,,,,,,,,,,,,,,,,True,True,False,earth_sand,23,1
buffer_5km:4889,osm:5419595837,osm:5419595856,562137679,1198.6243237158756,,,track,ground,grade2,,,,,,,,,,,,,,,,True,True,False,earth_sand,19,1
buffer_5km:4890,osm:5419595837,osm:5419597738,562138050,1367.8583454587792,,,track,ground,grade2,,,,,,,,,,,,,,,,True,True,False,earth_sand,4,1
buffer_5km:4891,osm:5419595856,osm:5420509740,114143689,661.2989977239711,,,track,gravel,,,,,,,private,,,,,,,,,,True,True,True,gravel,2,1
buffer_5km:4892,osm:5419597738,osm:5419597741,562138050,21.461273021146734,,,track,ground,grade2,,,,,,,,,,,,,,,,True,True,False,earth_sand,3,1
buffer_5km:4893,osm:5419597738,osm:5419597995,562138050,30.486123084796258,,,track,ground,grade2,,,,,,,,,,,,,,,,True,True,False,earth_sand,1,1
buffer_5km:4894,osm:5419597741,osm:5420507349,562138050,2366.3051601176467,,,track,ground,grade2,,,,,,,,,,,,,,,,True,True,False,earth_sand,183,1
buffer_5km:4895,osm:5419597741,osm:5419597995,562138051,22.00393003967453,,,track,ground,grade2,,,,,,,,,,,,,,,,True,True,False,earth_sand,3,1
buffer_5km:4896,osm:5419597949,osm:5420507349,562138050,364.75764915658203,,,track,ground,grade2,,,,,,,,,,,,,,,,True,True,False,earth_sand,26,1
buffer_5km:4897,osm:5419597977,osm:5419597986,562138050,140.546096203438,,,track,ground,grade2,,,,,,,,,,,,,,,,True,True,False,earth_sand,9,1
buffer_5km:4898,osm:5419597977,osm:5419597987,1184669994,117.57715380863695,,,track,,,,,,,,,,,,,,,,,,True,True,False,surface_unknown,9,1
buffer_5km:4899,osm:5419597986,osm:5419597987,562138050,190.7388134121807,,,track,ground,grade2,,,,,,,,,,,,,,,,True,True,False,earth_sand,1,1
buffer_5km:4900,osm:5419597987,osm:5419597995,562138050,2144.7212503066858,,,track,ground,grade2,,,,,,,,,,,,,,,,True,True,False,earth_sand,8,1
buffer_5km:4901,osm:5419796139,osm:5419798454,562167598,66.44849240093895,,,track,ground,grade4,,,,,,,,,,,,,,,,True,True,False,earth_sand,6,1
buffer_5km:4902,osm:5419798443,osm:5419798454,562167598,31.009997437785614,,,track,ground,grade4,,,,,,,,,,,,,,,,True,True,False,earth_sand,7,1
buffer_5km:4903,osm:5419798443,osm:5419798448,562167991,39.816365562564954,,,track,ground,grade4,,,,,,,,,,,,,,,,True,True,False,earth_sand,5,1
buffer_5km:4904,osm:5419798448,osm:5419798454,562167991,51.64943850664497,,,track,ground,grade4,,,,,,,,,,,,,,,,True,True,False,earth_sand,6,1
buffer_5km:4905,osm:5419806945,osm:5419807229,114143688,124.11134729304891,,,residential,gravel,grade2,,,,,,private,,,,,,,,,,True,True,True,gravel,2,1
buffer_5km:4906,osm:5419806945,osm:5420509819,114143688,2185.1246852722265,,,residential,gravel,grade2,,,,,,private,,,,,,,,,,True,True,True,gravel,17,1
buffer_5km:4907,osm:5419806945,osm:5419806952,692753330,98.33232670963808,,,track,ground,grade4,,,,,,,,,,,,,,,,True,True,False,earth_sand,7,1
buffer_5km:4908,osm:5419806952,osm:5419806969,562169301,156.56730779399535,,,track,ground,grade4,,,,,,,,,,,,,,,,True,True,False,earth_sand,17,1
buffer_5km:4909,osm:5419806952,osm:5419812061,562169301,201.9580143160698,,,track,ground,grade4,,,,,,,,,,,,,,,,True,True,False,earth_sand,29,1
buffer_5km:4910,osm:5419806952,osm:5419807229,692753330,68.05418834103232,,,track,ground,grade4,,,,,,,,,,,,,,,,True,True,False,earth_sand,8,1
buffer_5km:4911,osm:5419806969,osm:5419806973,562169301,39.603539569811865,,,track,ground,grade4,,,,,,,,,,,,,,,,True,True,False,earth_sand,4,1
buffer_5km:4912,osm:5419806969,osm:5419811874,562170540,31.901638440422595,,,track,ground,grade4,,,,,,,,,,,,,,,,True,True,False,earth_sand,5,1
buffer_5km:4913,osm:5419806973,osm:5419806984,562169301,90.95192477888043,,,track,ground,grade4,,,,,,,,,,,,,,,,True,True,False,earth_sand,11,1
buffer_5km:4914,osm:5419806973,osm:5419811874,562170540,24.991619102695545,,,track,ground,grade4,,,,,,,,,,,,,,,,True,True,False,earth_sand,5,1
buffer_5km:4915,osm:5419806984,osm:5419806987,562169301,20.321837446262055,,,track,ground,grade4,,,,,,,,,,,,,,,,True,True,False,earth_sand,3,1
buffer_5km:4916,osm:5419806984,osm:5419812025,562170542,15.809627849841874,,,track,ground,grade4,,,,,,,,,,,,,,,,True,True,False,earth_sand,4,1
buffer_5km:4917,osm:5419806987,osm:5419812061,562169301,59.5718541807805,,,track,ground,grade4,,,,,,,,,,,,,,,,True,True,False,earth_sand,7,1
buffer_5km:4918,osm:5419806987,osm:5419812025,562170542,22.86695842136199,,,track,ground,grade4,,,,,,,,,,,,,,,,True,True,False,earth_sand,5,1
buffer_5km:4919,osm:5419811874,osm:5419812021,562170541,321.7228068430793,,,track,ground,grade4,,,,,,,,,,,,,,,,True,True,False,earth_sand,43,1
buffer_5km:4920,osm:5419812021,osm:5419812060,562169288,247.16249355901465,,,track,ground,grade4,,,,,,,,,,,,,,,,True,True,False,earth_sand,20,1
buffer_5km:4921,osm:5419812025,osm:5419812060,562170543,201.64322830833729,,,track,ground,grade4,,,,,,,,,,,,,,,,True,True,False,earth_sand,31,1
buffer_5km:4922,osm:5419812060,osm:5419812121,562169288,133.75674480606244,,,track,ground,grade4,,,,,,,,,,,,,,,,True,True,False,earth_sand,15,1
buffer_5km:4923,osm:5419812061,osm:5419812121,562170544,457.53020704287854,,,track,ground,grade4,,,,,,,,,,,,,,,,True,True,False,earth_sand,60,1
buffer_5km:4924,osm:5420509103,osm:5420509820,114143688,315.21425445546254,,,residential,gravel,grade2,,,,,,private,,,,,,,,,,True,True,True,gravel,5,1
buffer_5km:4925,osm:5420509103,osm:5420509104,562260642,1165.2941784176387,,,track,ground,grade4,,,,,,,,,,,,,,,,True,True,False,earth_sand,101,1
buffer_5km:4926,osm:5420509104,osm:5420509741,562260643,1024.5571671438695,,,track,ground,grade5,,,,,,,,,,,,,,,,True,True,False,earth_sand,113,1
buffer_5km:4927,osm:5420509740,osm:5420509741,562260643,1564.4883233575322,,,track,ground,grade5,,,,,,,,,,,,,,,,True,True,False,earth_sand,124,1
buffer_5km:4928,osm:5420509741,osm:5420509926,562260644,736.192831198686,,,track,ground,grade5,,,,,,,,,,,,,,,,True,True,False,earth_sand,76,1
buffer_5km:4929,osm:5420509819,osm:5420509820,114143688,29.021527499950974,,,residential,gravel,grade2,,,,,,private,,,,,,,,,,True,True,True,gravel,1,1
buffer_5km:4930,osm:5420509819,osm:5420509926,562260644,28.344569201087115,,,track,ground,grade5,,,,,,,,,,,,,,,,True,True,False,earth_sand,3,1
buffer_5km:4931,osm:5420509820,osm:5420509926,562260645,28.150190572866926,,,track,ground,grade5,,,,,,,,,,,,,,,,True,True,False,earth_sand,6,1
buffer_5km:4932,osm:5423483948,osm:5423484136,562592436,24111.955665801044,,,track,,,,,,,,,,,,,,,,,,True,True,False,surface_unknown,85,1
buffer_5km:4933,osm:5423483948,osm:5423484185,562592438,24062.902748935925,,,track,,,,,,,,,,,,,,,,,,True,True,False,surface_unknown,61,1
buffer_5km:4934,osm:5423484255,osm:5423484266,562592441,229.87593594357,,,track,,,,,,,,,,,,,,,,,,True,True,False,surface_unknown,13,1
buffer_5km:4935,osm:5423484266,osm:5423484354,562592441,4087.6266644286347,,,track,,,,,,,,,,,,,,,,,,True,True,False,surface_unknown,23,1
buffer_5km:4936,osm:5423484286,osm:5423484354,562592441,6487.13493589631,,,track,,,,,,,,,,,,,,,,,,True,True,False,surface_unknown,12,1
buffer_5km:4937,osm:5423484286,osm:5423484287,562592443,82.66491751550569,,,track,,,,,,,,,,,,,,,,,,True,True,False,surface_unknown,1,1
buffer_5km:4938,osm:5423484286,osm:5423484299,562592443,2265.194009054018,,,track,,,,,,,,,,,,,,,,,,True,True,False,surface_unknown,12,1
buffer_5km:4939,osm:5423484299,osm:5423484300,562592444,1021.3607073239198,,,track,,,,,,,,,,,,,,,,,,True,True,False,surface_unknown,12,1
buffer_5km:4940,osm:5423484299,osm:5423484349,562592444,7291.587480432017,,,track,,,,,,,,,,,,,,,,,,True,True,False,surface_unknown,38,1
buffer_5km:4941,osm:5423484349,osm:5423484354,562592444,768.870416812672,,,track,,,,,,,,,,,,,,,,,,True,True,False,surface_unknown,5,1
buffer_5km:4942,osm:5423484349,osm:5423484357,562592445,5344.914781549396,,,track,,,,,,,,,,,,,,,,,,True,True,False,surface_unknown,3,1
buffer_5km:4943,osm:5423484357,osm:5423484358,562592446,14067.821259090982,,,track,,,,,,,,,,,,,,,,,,True,True,False,surface_unknown,12,1
buffer_5km:4944,osm:5423572264,osm:5423572272,561946642,4463.426386598408,,,tertiary,gravel,grade2,,,60,,,,,,,,,,,,,True,True,False,gravel,19,1
buffer_5km:4945,osm:5423572264,osm:5423572271,562604569,330.80886686252745,,,track,,,,,,,,,,,,,,,,,,True,True,False,surface_unknown,7,1
buffer_5km:4946,osm:5423572272,osm:5423572275,562604570,198.55544092331507,,,track,,,,,,,,,,,,,,,,,,True,True,False,surface_unknown,3,1
buffer_5km:4947,osm:5423572293,osm:5423572297,562604573,156.11366767532866,,,track,,,,,,,,,,,,,,,,,,True,True,False,surface_unknown,4,1
buffer_5km:4948,osm:5423572297,osm:5423572298,270834904,6970.008182214804,,,track,dirt,grade3,,,,,,forestry,,,,,,,,,,True,True,True,earth_sand,21,1
buffer_5km:4949,osm:5423572297,osm:5423572576,270834904,5974.7858725669785,,,track,dirt,grade3,,,,,,forestry,,,,,,,,,,True,True,True,earth_sand,15,1
buffer_5km:4950,osm:5423572298,osm:5423572311,562604574,2851.8948538856107,,,track,,,,,,,,,,,,,,,,,,True,True,False,surface_unknown,13,1
buffer_5km:4951,osm:5423572311,osm:5423572569,562604575,12410.594049993626,,,track,,,,,,,,,,,,,,,,,,True,True,False,surface_unknown,55,1
buffer_5km:4952,osm:5423572569,osm:5423572576,562604576,213.05066136665863,,,track,,,,,,,,,,,,,,,,,,True,True,False,surface_unknown,5,1
buffer_5km:4953,osm:5423572577,osm:5423572579,562604577,646.7271769184625,,,track,gravel,,,,,,,,,,,,,,,,,True,True,False,gravel,2,1
buffer_5km:4954,osm:5423572592,osm:5423572594,562604579,122.91097131313205,,,track,,,,,,,,,,,,,,,,,,True,True,False,surface_unknown,2,1
buffer_5km:4955,osm:5423572603,osm:5423572619,562604580,437.2047639435258,,,track,,,,,,,,,,,,,,,,,,True,True,False,surface_unknown,14,1
buffer_5km:4956,osm:5423572618,osm:5423572651,562604580,16.697125201450582,,,track,,,,,,,,,,,,,,,,,,True,True,False,surface_unknown,1,1
buffer_5km:4957,osm:5423595099,osm:5423595104,26451337,36.458193848487014,,,tertiary,gravel,grade2,,,60,no,,,,,,,,,,,,True,True,False,gravel,1,1
buffer_5km:4958,osm:5423595099,osm:5423595105,26451337,3012.064860587022,,,tertiary,gravel,grade2,,,60,no,,,,,,,,,,,,True,True,False,gravel,59,1
buffer_5km:4959,osm:5423595099,osm:5423595100,562606543,29.78981627861705,,,track,,,,,,,,,,,,,,,,,,True,True,False,surface_unknown,1,1
buffer_5km:4960,osm:5423595100,osm:5423595103,562606543,87.46002341329456,,,track,,,,,,,,,,,,,,,,,,True,True,False,surface_unknown,3,1
buffer_5km:4961,osm:5423595100,osm:5423595104,562606544,30.76927049118154,,,track,,,,,,,,,,,,,,,,,,True,True,False,surface_unknown,1,1
buffer_5km:4962,osm:5423595105,osm:5423595108,26451337,124.31361564585457,,,tertiary,gravel,grade2,,,60,no,,,,,,,,,,,,True,True,False,gravel,5,1
buffer_5km:4963,osm:5423595105,osm:5423595108,562606545,135.3719090598148,,,track,,,,,,,,,,,,,,,,,,True,True,False,surface_unknown,3,1
buffer_5km:4964,osm:5423595248,osm:5423595257,562606547,1944.8694055675167,,,track,,,,,,,,,,,,,,,,,,True,True,False,surface_unknown,9,14
buffer_5km:4965,osm:5423595258,osm:5423595262,562606548,240.81597343553918,,,track,,,,,,,,,,,,,,,,,,True,True,False,surface_unknown,4,32
buffer_5km:4966,osm:5423608810,osm:666073260,23911018,7300.04403385024,Eland Drive,5978,tertiary,gravel,grade3,,,60,,,,,,,,,,,,,True,True,False,gravel,182,1
buffer_5km:4967,osm:5423608812,osm:5423608813,562607728,98.10998028655507,,,track,,,,,,,,,,,,,,,,,,True,True,False,surface_unknown,1,1
buffer_5km:4968,osm:5423608812,osm:5423608814,562607729,126.55829967431825,,,track,,,,,,,,,,,,,,,,,,True,True,False,surface_unknown,1,1
buffer_5km:4969,osm:5423615307,osm:5423615312,173982297,149.499977915406,,C38,primary,asphalt,,,,60,,,,,,,,,,,,,True,True,False,paved,1,1
buffer_5km:4970,osm:5423615307,osm:5423615312,562608425,156.83335068934613,,,track,,,,,,,,,,,,,,,,,,True,True,False,surface_unknown,5,1
buffer_5km:4971,osm:5429033145,osm:5429033148,563359013,190.91638798742244,,,track,,,,,,,,,,,,,,,,,,True,True,False,surface_unknown,2,1
buffer_5km:4972,osm:5433773022,osm:5433773039,224458723,10.259028253430179,,C38,primary,asphalt,,,,60,no,,yes,,,,,,,,,,True,True,False,paved,1,1
buffer_5km:4973,osm:5433773022,osm:5433773036,563906161,356.9009528617496,,,unclassified,unpaved,,,,,,,,,,,,,,,,,True,True,False,other_unpaved,14,1
buffer_5km:4974,osm:5433773036,osm:6153911368,563906168,19.080836224309735,,,unclassified,unpaved,,,,,,roundabout,,,,,,,,,,,False,True,False,other_unpaved,3,1
buffer_5km:4975,osm:5433773065,osm:6153911601,563906168,51.5420283419379,,,unclassified,unpaved,,,,,,roundabout,,,,,,,,,,,False,True,False,other_unpaved,7,1
buffer_5km:4976,osm:5433773065,osm:6153911368,563906168,26.163382455404065,,,unclassified,unpaved,,,,,,roundabout,,,,,,,,,,,True,False,False,other_unpaved,4,1
buffer_5km:4977,osm:5433773065,osm:6153911587,657025820,164.7220474357363,,,residential,,,,,,,,,,,,,,,,,,True,True,False,surface_unknown,1,1
buffer_5km:4978,osm:546677426,osm:546677513,43393523,867.1907254312663,,,track,,,,,,,,private,,,,,,,,,,True,True,True,surface_unknown,22,1
buffer_5km:4979,osm:546677426,osm:546678187,551118514,61.01796059946817,,,track,,,,,,,,private,,,,,,,,,,True,True,True,surface_unknown,2,1
buffer_5km:4980,osm:546677513,osm:546677513,43393523,84.3622300557833,,,track,,,,,,,,private,,,,,,,,,,True,True,True,surface_unknown,3,1
buffer_5km:4981,osm:546677675,osm:546677702,43393540,1137.4107531889524,,,track,,,,,,,,private,,,,,,,,,,True,True,True,surface_unknown,8,1
buffer_5km:4982,osm:546677702,osm:546677719,551118512,706.8342837806314,,,track,,,,,,,,private,,,,,,,,,,True,True,True,surface_unknown,14,1
buffer_5km:4983,osm:546677702,osm:8040095807,551118514,514.2770499673852,,,track,,,,,,,,private,,,,,,,,,,True,True,True,surface_unknown,8,1
buffer_5km:4984,osm:546677719,osm:8040095822,43393549,97.81256710130013,,,track,,,,,,,,private,,,,,,,,,,True,True,True,surface_unknown,3,1
buffer_5km:4985,osm:546677719,osm:8040095825,551118512,133.77958264411976,,,track,,,,,,,,private,,,,,,,,,,True,True,True,surface_unknown,1,1
buffer_5km:4986,osm:546677870,osm:8040095822,43393549,1039.951638575319,,,track,,,,,,,,private,,,,,,,,,,True,True,True,surface_unknown,28,1
buffer_5km:4987,osm:546677870,osm:8040228902,863065563,95.5004543959094,,,track,,,,,,,,,,,,,,,,,,True,True,False,surface_unknown,2,1
buffer_5km:4988,osm:546677896,osm:8040228902,43393549,614.3964389579655,,,track,,,,,,,,private,,,,,,,,,,True,True,True,surface_unknown,4,1
buffer_5km:4989,osm:546677896,osm:8040095830,551118512,948.8584821984066,,,track,,,,,,,,private,,,,,,,,,,True,True,True,surface_unknown,1,1
buffer_5km:4990,osm:546677896,osm:8040143062,863056588,943.7011868741115,,,track,,,,,,,,,,,,,,,,,,True,True,False,surface_unknown,5,1
buffer_5km:4991,osm:546678085,osm:8040095807,551118514,560.8597387274006,,,track,,,,,,,,private,,,,,,,,,,True,True,True,surface_unknown,9,1
buffer_5km:4992,osm:546678085,osm:546678103,551118514,190.33908444386935,,,track,,,,,,,,private,,,,,,,,,,True,True,True,surface_unknown,7,1
buffer_5km:4993,osm:546678085,osm:546678103,863049508,107.00427717798559,,,track,,,,,,,,,,,,,,,,,,True,True,False,surface_unknown,5,1
buffer_5km:4994,osm:546678103,osm:8040089470,551118514,84.91501056126775,,,track,,,,,,,,private,,,,,,,,,,True,True,True,surface_unknown,3,1
buffer_5km:4995,osm:546678144,osm:8040089406,314747015,55.45284948962595,,,track,,,,,,,,,,,,,,,,,,True,True,False,surface_unknown,2,1
buffer_5km:4996,osm:546678144,osm:8040089469,551118514,1072.7987510882292,,,track,,,,,,,,private,,,,,,,,,,True,True,True,surface_unknown,13,1
buffer_5km:4997,osm:546678144,osm:8040089410,551118514,64.80825483645881,,,track,,,,,,,,private,,,,,,,,,,True,True,True,surface_unknown,2,1
buffer_5km:4998,osm:546678187,osm:8040089414,551118514,543.7264870039004,,,track,,,,,,,,private,,,,,,,,,,True,True,True,surface_unknown,8,1
buffer_5km:4999,osm:546678202,osm:8040130888,25582631,456.1481213894106,,,unclassified,gravel,,,,100,,,private,,,,,,,,,,True,True,True,gravel,1,1
buffer_5km:5000,osm:546678202,osm:8040089413,25582631,29.658527033503916,,,unclassified,gravel,,,,100,,,private,,,,,,,,,,True,True,True,gravel,1,1
buffer_5km:5001,osm:5904927563,osm:5904927564,625376485,171.34843342417088,,,track,gravel,grade2,very_bad,,,,,,,,,,,,,,,True,True,False,gravel,1,1
buffer_5km:5002,osm:5933689829,osm:9888495446,173518553,2923.616805060725,,,unclassified,ground,grade4,,,,,,forestry,,,,,,,,,,True,True,True,earth_sand,3,1
buffer_5km:5003,osm:6153911368,osm:6153911587,657025819,504.28213094086817,,,residential,,,,,,,,,,,,,,,,,,True,True,False,surface_unknown,20,1
buffer_5km:5004,osm:6153911587,osm:6153911588,657025820,40.22988249215899,,,residential,,,,,,,,,,,,,,,,,,True,True,False,surface_unknown,1,1
buffer_5km:5005,osm:6153911589,osm:6153911599,657025821,428.33736264074264,,,residential,,,,,,,,,,,,,,,,,,True,True,False,surface_unknown,21,1
buffer_5km:5006,osm:6153911599,osm:6153911601,657025822,179.13143924914192,,,residential,,,,,,,,,,,,,,,,,,True,True,False,surface_unknown,1,1
buffer_5km:5007,osm:6153911599,osm:6153911600,657025822,29.86750530934739,,,residential,,,,,,,,,,,,,,,,,,True,True,False,surface_unknown,1,1
buffer_5km:5008,osm:6226553780,osm:6226553781,665243360,52.33673475518823,,C38,primary,asphalt,,,,60,yes,,,,,,,,,,,,False,True,False,paved,3,1
buffer_5km:5009,osm:6226553781,osm:89025854,665243363,52.00973474902703,,C38,primary,asphalt,,,,60,yes,,,,,,,,,,,,False,True,False,paved,3,1
buffer_5km:5010,osm:6226725460,osm:6226725465,665260073,43.77171885786925,,,service,gravel,grade2,,,60,no,,,,,,,,,,,,True,True,False,gravel,4,20
buffer_5km:5011,osm:6226725461,osm:6226725465,23911039,31.393007111463042,,,service,gravel,grade2,,,60,no,,,,,,,,,,,,True,True,False,gravel,5,20
buffer_5km:5012,osm:6226727086,osm:6226727088,665260080,43.741327716956775,,,unclassified,gravel,grade3,,,60,no,,,,yes,,,,,,,,True,True,False,gravel,1,4
buffer_5km:5013,osm:6226727087,osm:6226727088,665260081,36.18006221001909,,,unclassified,gravel,grade3,,,60,no,,,,yes,,,,,,,,True,True,False,gravel,1,4
buffer_5km:5014,osm:6226746202,osm:6226746204,26337762,55.926902242357414,,C38,tertiary,gravel,grade2,very_bad,,60,,,,,,,,,,,,,True,True,False,gravel,2,1
buffer_5km:5015,osm:6226746202,osm:6226746203,665262085,54.88107143262802,,,service,gravel,grade2,,,,,,,,yes,,,,,,,,True,True,False,gravel,4,1
buffer_5km:5016,osm:6226746203,osm:6226746204,665262087,51.236701979232166,,,service,gravel,grade2,,,,,,,,yes,,,,,,,,True,True,False,gravel,4,1
buffer_5km:5017,osm:6228646126,osm:6228646128,665473755,25.977916408590602,,,tertiary,gravel,grade2,,,60,no,,,,yes,,,,,,,,True,True,False,gravel,1,1
buffer_5km:5018,osm:6231530067,osm:6235396695,666020714,9.045114371976261,,C35,primary,asphalt,,,,120,,,,,,,,,,,,,True,True,False,paved,1,1
buffer_5km:5019,osm:6231530070,osm:6231530071,665734771,25.938302403635248,,C35,primary,asphalt,,,,120,,,,,,,yes,,1,,,,True,True,False,paved,1,1
buffer_5km:5020,osm:6231530070,osm:6235379513,666019175,1061.6638968730053,,C35,primary,asphalt,,,,120,,,,,,,,,,,,,True,True,False,paved,2,1
buffer_5km:5021,osm:6235379512,osm:6235379513,666019174,17.897806209257983,,C35,primary,asphalt,,,,120,,,,,,,yes,,1,,,,True,True,False,paved,1,1
buffer_5km:5022,osm:6235396696,osm:6235396697,666020716,11.09732290085244,,C35,primary,asphalt,,,,120,,,,,,,,,,,,,True,True,False,paved,1,1
buffer_5km:5023,osm:6935423514,osm:6935423518,740776673,915.0927850496793,,,unclassified,,,,,,,,,,,,,,,,,,True,True,False,surface_unknown,1,1
buffer_5km:5024,osm:6935423514,osm:6935423515,740776674,1441.91100591656,,,unclassified,,,,,,,,,,,,,,,,,,True,True,False,surface_unknown,1,1
buffer_5km:5025,osm:6935423515,osm:6935423516,740776675,248.28891002550932,,,unclassified,,,,,,,,,,,,,,,,,,True,True,False,surface_unknown,1,1
buffer_5km:5026,osm:6935423516,osm:6935423524,740776675,2445.0210104017506,,,unclassified,,,,,,,,,,,,,,,,,,True,True,False,surface_unknown,1,1
buffer_5km:5027,osm:6935423516,osm:6935423518,740776676,1618.0691309784868,,,unclassified,,,,,,,,,,,,,,,,,,True,True,False,surface_unknown,1,1
buffer_5km:5028,osm:6935423518,osm:6935423519,740776678,1781.60125201971,,,unclassified,,,,,,,,,,,,,,,,,,True,True,False,surface_unknown,1,1
buffer_5km:5029,osm:6935423518,osm:6935423520,740776679,1309.9489392945534,,,unclassified,,,,,,,,,,,,,,,,,,True,True,False,surface_unknown,2,1
buffer_5km:5030,osm:6935423519,osm:6935423523,740776680,370.6646825280258,,,unclassified,,,,,,,,,,,,,,,,,,True,True,False,surface_unknown,1,1
buffer_5km:5031,osm:6935423519,osm:6935423526,740776680,642.4163662755944,,,unclassified,,,,,,,,,,,,,,,,,,True,True,False,surface_unknown,1,1
buffer_5km:5032,osm:6935423520,osm:6935423522,740776677,2097.7724960801856,,,unclassified,,,,,,,,,,,,,,,,,,True,True,False,surface_unknown,1,1
buffer_5km:5033,osm:6935423522,osm:6935423523,740776680,469.18106118525367,,,unclassified,,,,,,,,,,,,,,,,,,True,True,False,surface_unknown,1,1
buffer_5km:5034,osm:6935423523,osm:6935423528,740776681,1814.107090881944,,,unclassified,,,,,,,,,,,,,,,,,,True,True,False,surface_unknown,1,1
buffer_5km:5035,osm:6935423524,osm:6935423525,740776682,1510.3748684547838,,,unclassified,,,,,,,,,,,,,,,,,,True,True,False,surface_unknown,1,1
buffer_5km:5036,osm:6935423524,osm:6935423526,740776682,1195.186971754192,,,unclassified,,,,,,,,,,,,,,,,,,True,True,False,surface_unknown,1,1
buffer_5km:5037,osm:6935423525,osm:6935423527,224834160,2197.922548755889,,,unclassified,gravel,grade2,,,,,,forestry,,,,,,,,,,True,True,True,gravel,1,1
buffer_5km:5038,osm:6935423526,osm:6935423528,740776683,1651.9857263243052,,,unclassified,,,,,,,,,,,,,,,,,,True,True,False,surface_unknown,1,1
buffer_5km:5039,osm:6935423527,osm:6935423560,224834160,2317.1598448814393,,,unclassified,gravel,grade2,,,,,,forestry,,,,,,,,,,True,True,True,gravel,2,1
buffer_5km:5040,osm:6935423527,osm:6935423528,740776684,3194.988689580434,,,unclassified,,,,,,,,,,,,,,,,,,True,True,False,surface_unknown,1,1
buffer_5km:5041,osm:6935423528,osm:6935423564,740776685,2583.8911078466685,,,unclassified,,,,,,,,,,,,,,,,,,True,True,False,surface_unknown,1,1
buffer_5km:5042,osm:6935423530,osm:6935444534,740776712,114.70296611878945,,,unclassified,,,,,,,,,,,,,,,,,,True,True,False,surface_unknown,2,1
buffer_5km:5043,osm:6935423560,osm:6935444505,224834160,3323.343560727292,,,unclassified,gravel,grade2,,,,,,forestry,,,,,,,,,,True,True,True,gravel,2,1
buffer_5km:5044,osm:6935423560,osm:6935423563,740776689,1760.720795390207,,,unclassified,,,,,,,,,,,,,,,,,,True,True,False,surface_unknown,3,1
buffer_5km:5045,osm:6935423563,osm:6935444491,740776690,1913.179606488317,,,unclassified,,,,,,,,,,,,,,,,,,True,True,False,surface_unknown,1,1
buffer_5km:5046,osm:6935423563,osm:6935423564,740776693,1086.2713297172934,,,unclassified,,,,,,,,,,,,,,,,,,True,True,False,surface_unknown,1,1
buffer_5km:5047,osm:6935423564,osm:6935423565,740776693,615.2399970935139,,,unclassified,,,,,,,,,,,,,,,,,,True,True,False,surface_unknown,1,1
buffer_5km:5048,osm:6935423565,osm:6935444512,740776692,1807.0504200997746,,,unclassified,,,,,,,,,,,,,,,,,,True,True,False,surface_unknown,1,1
buffer_5km:5049,osm:6935423565,osm:6935423566,740776693,1135.3302899531084,,,unclassified,,,,,,,,,,,,,,,,,,True,True,False,surface_unknown,1,1
buffer_5km:5050,osm:6935444491,osm:6935444509,740776695,1642.373066959699,,,unclassified,,,,,,,,,,,,,,,,,,True,True,False,surface_unknown,2,1
buffer_5km:5051,osm:6935444491,osm:6935444512,740776697,2380.7747988937485,,,unclassified,,,,,,,,,,,,,,,,,,True,True,False,surface_unknown,2,1
buffer_5km:5052,osm:6935444493,osm:6935444514,740776698,2910.504706397008,,,unclassified,,,,,,,,,,,,,,,,,,True,True,False,surface_unknown,8,1
buffer_5km:5053,osm:6935444493,osm:6935444513,740776699,2836.6736781713425,,,unclassified,,,,,,,,,,,,,,,,,,True,True,False,surface_unknown,3,1
buffer_5km:5054,osm:6935444493,osm:6935444509,740776699,138.5520141932528,,,unclassified,,,,,,,,,,,,,,,,,,True,True,False,surface_unknown,1,1
buffer_5km:5055,osm:6935444505,osm:6935444507,740776699,1890.6879191737394,,,unclassified,,,,,,,,,,,,,,,,,,True,True,False,surface_unknown,2,1
buffer_5km:5056,osm:6935444507,osm:6935444509,740776699,242.4162676323072,,,unclassified,,,,,,,,,,,,,,,,,,True,True,False,surface_unknown,2,1
buffer_5km:5057,osm:6935444507,osm:6935444562,740776708,2115.1041949769756,,,unclassified,,,,,,,,,,,,,,,,,,True,True,False,surface_unknown,5,1
buffer_5km:5058,osm:6935444509,osm:6935444512,740776696,3351.3848856480245,,,unclassified,,,,,,,,,,,,,,,,,,True,True,False,surface_unknown,22,1
buffer_5km:5059,osm:6935444512,osm:6935444513,740776700,1278.2183764245772,,,unclassified,,,,,,,,,,,,,,,,,,True,True,False,surface_unknown,1,1
buffer_5km:5060,osm:6935444513,osm:6935444515,740776700,792.3068136721637,,,unclassified,,,,,,,,,,,,,,,,,,True,True,False,surface_unknown,1,1
buffer_5km:5061,osm:6935444514,osm:6935444550,740776700,1582.664053729498,,,unclassified,,,,,,,,,,,,,,,,,,True,True,False,surface_unknown,1,1
buffer_5km:5062,osm:6935444514,osm:6935444515,740776700,753.4356151163142,,,unclassified,,,,,,,,,,,,,,,,,,True,True,False,surface_unknown,1,1
buffer_5km:5063,osm:6935444523,osm:6935444533,224834160,3002.674802889641,,,unclassified,gravel,grade2,,,,,,forestry,,,,,,,,,,True,True,True,gravel,1,1
buffer_5km:5064,osm:6935444523,osm:6935444563,740776710,2975.6828439816136,,,unclassified,,,,,,,,,,,,,,,,,,True,True,False,surface_unknown,4,1
buffer_5km:5065,osm:6935444533,osm:6935444534,740776705,2712.349361613375,,,unclassified,,,,,,,,,,,,,,,,,,True,True,False,surface_unknown,6,1
buffer_5km:5066,osm:6935444534,osm:6935608291,740776704,3253.9684859327654,,,unclassified,,,,,,,,,,,,,,,,,,True,True,False,surface_unknown,5,1
buffer_5km:5067,osm:6935444534,osm:6935444563,740776708,3697.0875088994762,,,unclassified,,,,,,,,,,,,,,,,,,True,True,False,surface_unknown,8,1
buffer_5km:5068,osm:6935444548,osm:6935444549,740776706,1238.1284052233536,,,unclassified,,,,,,,,,,,,,,,,,,True,True,False,surface_unknown,1,1
buffer_5km:5069,osm:6935444548,osm:6935444574,740776711,58.49459059531207,,,unclassified,,,,,,,,,,,,,,,,,,True,True,False,surface_unknown,1,1
buffer_5km:5070,osm:6935444549,osm:6935444554,740776707,1402.1121528956262,,,unclassified,,,,,,,,,,,,,,,,,,True,True,False,surface_unknown,2,1
buffer_5km:5071,osm:6935444549,osm:6935444550,740776707,672.4598825087714,,,unclassified,,,,,,,,,,,,,,,,,,True,True,False,surface_unknown,1,1
buffer_5km:5072,osm:6935444554,osm:6935444562,740776707,23.929597677138204,,,unclassified,,,,,,,,,,,,,,,,,,True,True,False,surface_unknown,1,1
buffer_5km:5073,osm:6935444554,osm:6935444574,740776709,1838.0870495357328,,,unclassified,,,,,,,,,,,,,,,,,,True,True,False,surface_unknown,11,1
buffer_5km:5074,osm:6935444562,osm:6935444563,740776708,1422.061896014112,,,unclassified,,,,,,,,,,,,,,,,,,True,True,False,surface_unknown,2,1
buffer_5km:5075,osm:6935444563,osm:6935444574,740776710,1450.2691662252166,,,unclassified,,,,,,,,,,,,,,,,,,True,True,False,surface_unknown,3,1
buffer_5km:5076,osm:6935584707,osm:6935584709,740792086,1983.0622461624591,,,unclassified,,,,,,,,,,,,,,,,,,True,True,False,surface_unknown,2,1
buffer_5km:5077,osm:6935584709,osm:6935584712,740792086,883.6177086274045,,,unclassified,,,,,,,,,,,,,,,,,,True,True,False,surface_unknown,1,1
buffer_5km:5078,osm:6935584712,osm:6935584719,740792087,1760.9112567525879,,,unclassified,,,,,,,,,,,,,,,,,,True,True,False,surface_unknown,3,1
buffer_5km:5079,osm:6935584712,osm:6935584719,740792087,1429.0749851521218,,,unclassified,,,,,,,,,,,,,,,,,,True,True,False,surface_unknown,5,1
buffer_5km:5080,osm:6935584717,osm:6935584719,740792090,1914.4167794844325,,,unclassified,,,,,,,,,,,,,,,,,,True,True,False,surface_unknown,2,1
buffer_5km:5081,osm:6935584719,osm:6935584720,740792090,264.21823144600916,,,unclassified,,,,,,,,,,,,,,,,,,True,True,False,surface_unknown,1,1
buffer_5km:5082,osm:6935584720,osm:6935584721,740792090,983.188704002712,,,unclassified,,,,,,,,,,,,,,,,,,True,True,False,surface_unknown,1,1
buffer_5km:5083,osm:6935584721,osm:6935584745,740792090,402.86452715071863,,,unclassified,,,,,,,,,,,,,,,,,,True,True,False,surface_unknown,1,1
buffer_5km:5084,osm:6935584745,osm:6935584747,740792100,1801.1442450679465,,,unclassified,,,,,,,,,,,,,,,,,,True,True,False,surface_unknown,2,1
buffer_5km:5085,osm:6935584747,osm:6935584777,740792106,2490.864644965233,,,unclassified,,,,,,,,,,,,,,,,,,True,True,False,surface_unknown,1,1
buffer_5km:5086,osm:6935584747,osm:6935584772,740792106,593.8424188833528,,,unclassified,,,,,,,,,,,,,,,,,,True,True,False,surface_unknown,5,1
buffer_5km:5087,osm:6935584766,osm:6935584771,740792105,2839.7149561148744,,,unclassified,,,,,,,,,,,,,,,,,,True,True,False,surface_unknown,3,1
buffer_5km:5088,osm:6935584767,osm:6935584771,740792107,2511.5302485627535,,,unclassified,,,,,,,,,,,,,,,,,,True,True,False,surface_unknown,4,1
buffer_5km:5089,osm:6935584771,osm:6935584772,740792107,90.6917908238454,,,unclassified,,,,,,,,,,,,,,,,,,True,True,False,surface_unknown,2,1
buffer_5km:5090,osm:6935584772,osm:6935608286,740792107,4653.706054544205,,,unclassified,,,,,,,,,,,,,,,,,,True,True,False,surface_unknown,2,1
buffer_5km:5091,osm:6935584784,osm:6935608287,740792109,2263.4027981436984,,,unclassified,,,,,,,,,,,,,,,,,,True,True,False,surface_unknown,1,1
buffer_5km:5092,osm:6935608285,osm:6935608289,740792110,1467.8201535402654,,,unclassified,,,,,,,,,,,,,,,,,,True,True,False,surface_unknown,1,1
buffer_5km:5093,osm:6935608286,osm:6935608289,740792110,1419.8827159313137,,,unclassified,,,,,,,,,,,,,,,,,,True,True,False,surface_unknown,1,1
buffer_5km:5094,osm:6935608286,osm:6935608287,740792111,1356.8166539694503,,,unclassified,,,,,,,,,,,,,,,,,,True,True,False,surface_unknown,1,1
buffer_5km:5095,osm:6935608287,osm:6935608293,740792111,1799.1505605491777,,,unclassified,,,,,,,,,,,,,,,,,,True,True,False,surface_unknown,2,1
buffer_5km:5096,osm:6935608289,osm:6935608292,740792112,3332.226091802789,,,unclassified,,,,,,,,,,,,,,,,,,True,True,False,surface_unknown,1,1
buffer_5km:5097,osm:6935608291,osm:6935608292,740792116,78.4507439041373,,,unclassified,,,,,,,,,,,,,,,,,,True,True,False,surface_unknown,1,1
buffer_5km:5098,osm:6935608292,osm:6935608293,740792116,1013.0958827480923,,,unclassified,,,,,,,,,,,,,,,,,,True,True,False,surface_unknown,1,1
buffer_5km:5099,osm:7485780284,osm:7485783771,800413451,313.903177219905,,,track,,,,,,,,,,,,,,,,,,True,True,False,surface_unknown,18,1
buffer_5km:5100,osm:7485783770,osm:7485783771,800413456,26.061272419725356,,,track,,,,,,,,,,,,,,,,,,True,True,False,surface_unknown,1,1
buffer_5km:5101,osm:7485783770,osm:8039947909,800413456,2062.1039270352444,,,track,,,,,,,,,,,,,,,,,,True,True,False,surface_unknown,49,1
buffer_5km:5102,osm:7755873429,osm:7755873431,830663585,189.25150300393597,,,track,,,,,,,,,,,,,,,,,,True,True,False,surface_unknown,20,1
buffer_5km:5103,osm:8039932366,osm:8043691008,863032320,204.32411426908578,,,track,,,,,,,,,,,,,,,,,,True,True,False,surface_unknown,2,1
buffer_5km:5104,osm:8039932366,osm:8039932368,863032320,652.2379707322787,,,track,,,,,,,,,,,,,,,,,,True,True,False,surface_unknown,2,1
buffer_5km:5105,osm:8039932366,osm:8043691008,863471320,246.89225865860212,,,track,,,,,,,,,,,,,,,,,,True,True,False,surface_unknown,8,1
buffer_5km:5106,osm:8039932368,osm:8039932377,863032321,804.6627814103358,,,track,,,,,,,,,,,,,,,,,,True,True,False,surface_unknown,5,1
buffer_5km:5107,osm:8039932376,osm:8040130894,314747015,23.486751473879934,,,track,,,,,,,,,,,,,,,,,,True,True,False,surface_unknown,1,1
buffer_5km:5108,osm:8039932376,osm:8039932378,863032321,284.6493154396259,,,track,,,,,,,,,,,,,,,,,,True,True,False,surface_unknown,2,1
buffer_5km:5109,osm:8039932376,osm:8040130896,863053621,19.077635557689447,,,track,,,,,,,,,,,,,,,,,,True,True,False,surface_unknown,2,1
buffer_5km:5110,osm:8039932377,osm:8040089406,314747015,1568.8132275419814,,,track,,,,,,,,,,,,,,,,,,True,True,False,surface_unknown,14,1
buffer_5km:5111,osm:8039932377,osm:8039932378,863032321,453.5794036349819,,,track,,,,,,,,,,,,,,,,,,True,True,False,surface_unknown,3,1
buffer_5km:5112,osm:8039932379,osm:8039947897,863032322,236.64664415709427,,,track,,,,,,,,,,,,,,,,,,True,True,False,surface_unknown,11,1
buffer_5km:5113,osm:8039932379,osm:8039947896,1307652524,123.5510026619622,,,unclassified,gravel,,,,60,,,private,,,,,,,,,,True,True,True,gravel,2,1
buffer_5km:5114,osm:8039947894,osm:8039947896,863032323,152.45902578808958,,,track,,,,,,,,,,,,,,,,,,True,True,False,surface_unknown,1,1
buffer_5km:5115,osm:8039947895,osm:8039947897,863032322,291.1203471283822,,,track,,,,,,,,,,,,,,,,,,True,True,False,surface_unknown,4,1
buffer_5km:5116,osm:8039947895,osm:8039947898,863032323,146.91041975444088,,,track,,,,,,,,,,,,,,,,,,True,True,False,surface_unknown,1,1
buffer_5km:5117,osm:8039947896,osm:8039947898,863032323,144.88395482574563,,,track,,,,,,,,,,,,,,,,,,True,True,False,surface_unknown,1,1
buffer_5km:5118,osm:8039947897,osm:8039947898,863032324,164.85262412714494,,,track,,,,,,,,,,,,,,,,,,True,True,False,surface_unknown,1,1
buffer_5km:5119,osm:8039947901,osm:8039947909,863032325,2394.627334576385,,,track,,,,,,,,,,,,,,,,,,True,True,False,surface_unknown,6,1
buffer_5km:5120,osm:8039964421,osm:8039964425,863034934,367.71899257675943,,,track,,,,,,,,,,,,,,,,,,True,True,False,surface_unknown,9,1
buffer_5km:5121,osm:8039964423,osm:8039964425,863034933,36.45118637583611,,,track,,,,,,,,,,,,,,,,,,True,True,False,surface_unknown,1,1
buffer_5km:5122,osm:8039964424,osm:8039964425,863034933,151.23295492921773,,,track,,,,,,,,,,,,,,,,,,True,True,False,surface_unknown,2,1
buffer_5km:5123,osm:8040008529,osm:8042233851,863039401,2653.285901727373,,,track,,,,,,,,,,,,,,,,,,True,True,False,surface_unknown,6,1
buffer_5km:5124,osm:8040008529,osm:8041651636,863239404,2433.3345577265663,,,track,,,,,,,,,,,,,,,,,,True,True,False,surface_unknown,15,1
buffer_5km:5125,osm:8040008540,osm:8042233851,863039401,2620.2580625251385,,,track,,,,,,,,,,,,,,,,,,True,True,False,surface_unknown,6,1
buffer_5km:5126,osm:8040008553,osm:8040008554,863039402,1050.4461891915907,,,track,,,,,,,,,,,,,,,,,,True,True,False,surface_unknown,3,1
buffer_5km:5127,osm:8040008553,osm:8040008562,863039404,9.935792678681157,,,track,,,,,,,,,,,,,,,,,,True,True,False,surface_unknown,2,1
buffer_5km:5128,osm:8040008555,osm:8040008560,863039403,789.423071294877,,,track,,,,,,,,,,,,,,,,,,True,True,False,surface_unknown,5,1
buffer_5km:5129,osm:8040008562,osm:8040008570,863039404,1678.463642122992,,,track,,,,,,,,,,,,,,,,,,True,True,False,surface_unknown,8,1
buffer_5km:5130,osm:8040008562,osm:8041635906,863233364,1085.0956430784747,,,track,,,,,,,,,,,,,,,,,,True,True,False,surface_unknown,3,1
buffer_5km:5131,osm:8040089406,osm:8040089410,863049503,44.01537624663246,,,track,,,,,,,,,,,,,,,,,,True,True,False,surface_unknown,3,1
buffer_5km:5132,osm:8040089410,osm:8040089414,551118514,543.7627559676765,,,track,,,,,,,,private,,,,,,,,,,True,True,True,surface_unknown,11,1
buffer_5km:5133,osm:8040089414,osm:8040089467,863049506,1287.3050112994629,,,track,,,,,,,,,,,,,,,,,,True,True,False,surface_unknown,53,1
buffer_5km:5134,osm:8040089467,osm:8040089469,863049506,34.80949703990589,,,track,,,,,,,,,,,,,,,,,,True,True,False,surface_unknown,2,1
buffer_5km:5135,osm:8040089467,osm:8040089470,863049507,16.498391308053456,,,track,,,,,,,,,,,,,,,,,,True,True,False,surface_unknown,1,1
buffer_5km:5136,osm:8040089469,osm:8040089470,551118514,35.94135492285853,,,track,,,,,,,,private,,,,,,,,,,True,True,True,surface_unknown,1,1
buffer_5km:5137,osm:8040089470,osm:8040095807,863049507,759.5018851010124,,,track,,,,,,,,,,,,,,,,,,True,True,False,surface_unknown,37,1
buffer_5km:5138,osm:8040095822,osm:8040095826,863049509,41.214226078494384,,,track,,,,,,,,,,,,,,,,,,True,True,False,surface_unknown,2,1
buffer_5km:5139,osm:8040095822,osm:8040095943,863049511,850.8414001753537,,,track,,,,,,,,,,,,,,,,,,True,True,False,surface_unknown,29,1
buffer_5km:5140,osm:8040095825,osm:8040095830,551118512,108.24412286857286,,,track,,,,,,,,private,,,,,,,,,,True,True,True,surface_unknown,2,1
buffer_5km:5141,osm:8040095825,osm:8040095826,863049509,76.05142437392198,,,track,,,,,,,,,,,,,,,,,,True,True,False,surface_unknown,2,1
buffer_5km:5142,osm:8040095826,osm:8040095830,863049510,170.1482953280668,,,track,,,,,,,,,,,,,,,,,,True,True,False,surface_unknown,4,1
buffer_5km:5143,osm:8040095869,osm:8040095943,863049511,265.272969140505,,,track,,,,,,,,,,,,,,,,,,True,True,False,surface_unknown,12,1
buffer_5km:5144,osm:8040095869,osm:8040095870,863049511,16.748029902377883,,,track,,,,,,,,,,,,,,,,,,True,True,False,surface_unknown,1,1
buffer_5km:5145,osm:8040095869,osm:8040095871,863049511,17.122288328439833,,,track,,,,,,,,,,,,,,,,,,True,True,False,surface_unknown,1,1
buffer_5km:5146,osm:8040095870,osm:8040095871,863049511,15.128258417430864,,,track,,,,,,,,,,,,,,,,,,True,True,False,surface_unknown,1,1
buffer_5km:5147,osm:8040095870,osm:8040095920,863049513,61.5022673824651,,,track,,,,,,,,,,,,,,,,,,True,True,False,surface_unknown,4,1
buffer_5km:5148,osm:8040095871,osm:8040095897,863049512,271.18086607497247,,,track,,,,,,,,,,,,,,,,,,True,True,False,surface_unknown,10,1
buffer_5km:5149,osm:8040095896,osm:8934993944,25582631,583.2363084748133,,,unclassified,gravel,,,,100,,,private,,,,,,,,,,True,True,True,gravel,8,1
buffer_5km:5150,osm:8040095896,osm:8040095897,863049512,575.8930161038854,,,track,,,,,,,,,,,,,,,,,,True,True,False,surface_unknown,15,1
buffer_5km:5151,osm:8040095897,osm:8040095945,863049513,330.2575678992592,,,track,,,,,,,,,,,,,,,,,,True,True,False,surface_unknown,19,1
buffer_5km:5152,osm:8040095919,osm:8040095945,863049513,56.05530716693596,,,track,,,,,,,,,,,,,,,,,,True,True,False,surface_unknown,4,1
buffer_5km:5153,osm:8040095919,osm:8040095920,863049513,12.143430170919522,,,track,,,,,,,,,,,,,,,,,,True,True,False,surface_unknown,1,1
buffer_5km:5154,osm:8040095919,osm:8040095924,863049514,12.78127610800458,,,track,,,,,,,,,,,,,,,,,,True,True,False,surface_unknown,1,1
buffer_5km:5155,osm:8040095920,osm:8040095924,863049514,12.448458467155865,,,track,,,,,,,,,,,,,,,,,,True,True,False,surface_unknown,1,1
buffer_5km:5156,osm:8040095924,osm:8040095943,863049515,301.07672726746216,,,track,,,,,,,,,,,,,,,,,,True,True,False,surface_unknown,20,1
buffer_5km:5157,osm:8040095945,osm:8040096017,863049516,1628.2234242204477,,,track,,,,,,,,,,,,,,,,,,True,True,False,surface_unknown,74,1
buffer_5km:5158,osm:8040096017,osm:8040096022,25582631,155.4410905825766,,,unclassified,gravel,,,,100,,,private,,,,,,,,,,True,True,True,gravel,4,1
buffer_5km:5159,osm:8040096017,osm:8040096034,25582631,86.90712584940579,,,unclassified,gravel,,,,100,,,private,,,,,,,,,,True,True,True,gravel,3,1
buffer_5km:5160,osm:8040096017,osm:8040096037,863049518,21.613241284495473,,,track,,,,,,,,,,,,,,,,,,True,True,False,surface_unknown,2,1
buffer_5km:5161,osm:8040096022,osm:8934993944,25582631,740.6017320492774,,,unclassified,gravel,,,,100,,,private,,,,,,,,,,True,True,True,gravel,8,1
buffer_5km:5162,osm:8040096022,osm:8040096082,863049517,79.03303874197981,,,track,,,,,,,,,,,,,,,,,,True,True,False,surface_unknown,5,1
buffer_5km:5163,osm:8040096031,osm:8040096039,863049519,36.82755058542011,,,track,,,,,,,,,,,,,,,,,,True,True,False,surface_unknown,3,1
buffer_5km:5164,osm:8040096031,osm:8040096035,965839797,30.09964401838885,,,track,,,,,,,,,,,,,,,,,,True,True,False,surface_unknown,3,1
buffer_5km:5165,osm:8040096031,osm:8040096034,965839797,44.08067079101783,,,track,,,,,,,,,,,,,,,,,,True,True,False,surface_unknown,3,1
buffer_5km:5166,osm:8040096035,osm:8040096037,863049518,13.172371632147858,,,track,,,,,,,,,,,,,,,,,,True,True,False,surface_unknown,1,1
buffer_5km:5167,osm:8040096035,osm:8040096039,863049518,27.852208744951625,,,track,,,,,,,,,,,,,,,,,,True,True,False,surface_unknown,2,1
buffer_5km:5168,osm:8040096037,osm:8040096082,863049517,84.51052479325558,,,track,,,,,,,,,,,,,,,,,,True,True,False,surface_unknown,4,1
buffer_5km:5169,osm:8040096039,osm:8040096089,863049520,88.71511219861834,,,track,,,,,,,,,,,,,,,,,,True,True,False,surface_unknown,5,1
buffer_5km:5170,osm:8040096047,osm:8040096089,863049520,64.15631944277146,,,track,,,,,,,,,,,,,,,,,,True,True,False,surface_unknown,3,1
buffer_5km:5171,osm:8040096047,osm:8040096060,863049520,259.4879379833205,,,track,,,,,,,,,,,,,,,,,,True,True,False,surface_unknown,13,1
buffer_5km:5172,osm:8040096047,osm:8040096062,863049521,288.4929055434792,,,track,,,,,,,,,,,,,,,,,,True,True,False,surface_unknown,16,1
buffer_5km:5173,osm:8040096060,osm:8040096062,863049520,24.665866584933617,,,track,,,,,,,,,,,,,,,,,,True,True,False,surface_unknown,2,1
buffer_5km:5174,osm:8040096060,osm:8040096062,863049520,47.110134168383205,,,track,,,,,,,,,,,,,,,,,,True,True,False,surface_unknown,4,1
buffer_5km:5175,osm:8040096082,osm:8040096089,863049522,117.53635881837074,,,track,,,,,,,,,,,,,,,,,,True,True,False,surface_unknown,7,1
buffer_5km:5176,osm:8040096090,osm:8040096096,863049523,127.43711514744275,,,track,,,,,,,,,,,,,,,,,,True,True,False,surface_unknown,6,1
buffer_5km:5177,osm:8040096100,osm:8040096111,863049524,184.02982326999546,,,track,,,,,,,,,,,,,,,,,,True,True,False,surface_unknown,11,1
buffer_5km:5178,osm:8040096100,osm:8040229043,863065568,255.8500175618032,,,track,,,,,,,,,,,,,,,,,,True,True,False,surface_unknown,2,1
buffer_5km:5179,osm:8040096111,osm:8040229043,863065569,97.2598761733033,,,track,,,,,,,,,,,,,,,,,,True,True,False,surface_unknown,1,1
buffer_5km:5180,osm:8040096117,osm:8040096121,863049525,38.579648060649994,,,track,,,,,,,,,,,,,,,,,,True,True,False,surface_unknown,4,1
buffer_5km:5181,osm:8040111147,osm:8040111148,863053616,22.557163069123426,,,track,,,,,,,,,,,,,,,,,,True,True,False,surface_unknown,1,1
buffer_5km:5182,osm:8040111174,osm:8040130888,863053618,2216.485374719523,,,track,,,,,,,,,,,,,,,,,,True,True,False,surface_unknown,14,1
buffer_5km:5183,osm:8040130894,osm:8040130896,863053620,17.59355056671122,,,track,,,,,,,,,,,,,,,,,,True,True,False,surface_unknown,2,1
buffer_5km:5184,osm:8040130896,osm:8040130897,863053620,8.88863315820817,,,track,,,,,,,,,,,,,,,,,,True,True,False,surface_unknown,1,1
buffer_5km:5185,osm:8040130906,osm:8040130917,863053622,95.29596097561301,,,track,,,,,,,,,,,,,,,,,,True,True,False,surface_unknown,8,1
buffer_5km:5186,osm:8040130906,osm:8040130907,863053622,10.208642319027216,,,track,,,,,,,,,,,,,,,,,,True,True,False,surface_unknown,1,1
buffer_5km:5187,osm:8040130906,osm:8040130912,863053623,34.75799608433499,,,track,,,,,,,,,,,,,,,,,,True,True,False,surface_unknown,5,1
buffer_5km:5188,osm:8040130912,osm:8040130916,863053623,23.194360480277986,,,track,,,,,,,,,,,,,,,,,,True,True,False,surface_unknown,4,1
buffer_5km:5189,osm:8040130912,osm:8040130922,863053626,41.83321102850663,,,track,,,,,,,,,,,,,,,,,,True,True,False,surface_unknown,4,1
buffer_5km:5190,osm:8040130917,osm:8040130920,863053624,29.073768045679977,,,track,,,,,,,,,,,,,,,,,,True,True,False,surface_unknown,3,1
buffer_5km:5191,osm:8040130920,osm:8040130922,863053624,20.96155314344597,,,track,,,,,,,,,,,,,,,,,,True,True,False,surface_unknown,2,1
buffer_5km:5192,osm:8040130920,osm:8040130925,863053625,19.300065760002603,,,track,,,,,,,,,,,,,,,,,,True,True,False,surface_unknown,1,1
buffer_5km:5193,osm:8040130922,osm:8040130924,863053624,25.63235159526516,,,track,,,,,,,,,,,,,,,,,,True,True,False,surface_unknown,2,1
buffer_5km:5194,osm:8040229002,osm:8040229009,863065565,1115.1437548649797,,,track,,,,,,,,,,,,,,,,,,True,True,False,surface_unknown,7,1
buffer_5km:5195,osm:8041651595,osm:8041651596,225393736,13.319487599717236,,,track,,,,,,,,,,,,,,,,,,True,True,False,surface_unknown,2,1
buffer_5km:5196,osm:8041651610,osm:8934960928,863239402,273.7481071100928,,,track,,,,,,,,,,,,,,,,,,True,True,False,surface_unknown,3,1
buffer_5km:5197,osm:8041651610,osm:8041651622,863239403,1213.9090173650532,,,track,,,,,,,,,,,,,,,,,,True,True,False,surface_unknown,9,1
buffer_5km:5198,osm:8041651622,osm:8041651636,863239403,1720.7190669537788,,,track,,,,,,,,,,,,,,,,,,True,True,False,surface_unknown,14,1
buffer_5km:5199,osm:8041651636,osm:8041651655,863239405,407.4036704413877,,,track,,,,,,,,,,,,,,,,,,True,True,False,surface_unknown,1,1
buffer_5km:5200,osm:8041651636,osm:8041651656,863239406,248.2223537953572,,,track,,,,,,,,,,,,,,,,,,True,True,False,surface_unknown,1,1
buffer_5km:5201,osm:8041651651,osm:8041651655,863239405,39.15339809865879,,,track,,,,,,,,,,,,,,,,,,True,True,False,surface_unknown,1,1
buffer_5km:5202,osm:8041651652,osm:8041651656,863239406,202.49614334465963,,,track,,,,,,,,,,,,,,,,,,True,True,False,surface_unknown,1,1
buffer_5km:5203,osm:8041651654,osm:8041651655,863239407,136.3312792284566,,,track,,,,,,,,,,,,,,,,,,True,True,False,surface_unknown,1,1
buffer_5km:5204,osm:8041651655,osm:8041651656,863239407,324.24728708134273,,,track,,,,,,,,,,,,,,,,,,True,True,False,surface_unknown,1,1
buffer_5km:5205,osm:8042233756,osm:8042233768,863306438,587.7483140601829,,,track,,,,,,,,,,,,,,,,,,True,True,False,surface_unknown,12,1
buffer_5km:5206,osm:8042233770,osm:8042233782,315069896,16.999887035786937,,,track,,,,,,,,,,,,,,,,,,True,True,False,surface_unknown,1,1
buffer_5km:5207,osm:8042233770,osm:8042233781,863306440,17.074888473649303,,,track,,,,,,,,,,,,,,,,,,True,True,False,surface_unknown,2,1
buffer_5km:5208,osm:8042233779,osm:8042233781,863306440,173.35639210637794,,,track,,,,,,,,,,,,,,,,,,True,True,False,surface_unknown,8,1
buffer_5km:5209,osm:8042233780,osm:8042233789,315069896,103.51193000099003,,,track,,,,,,,,,,,,,,,,,,True,True,False,surface_unknown,3,1
buffer_5km:5210,osm:8042233781,osm:8042233782,863306442,18.677293627183374,,,track,,,,,,,,,,,,,,,,,,True,True,False,surface_unknown,1,1
buffer_5km:5211,osm:8042233783,osm:8042233784,863306443,11.090000435359753,,,track,,,,,,,,,,,,,,,,,,True,True,False,surface_unknown,1,1
buffer_5km:5212,osm:8042233784,osm:8042233797,863306449,16.920969226893547,,,track,,,,,,,,,,,,,,,,,,True,True,False,surface_unknown,1,1
buffer_5km:5213,osm:8042233790,osm:8042233792,863306446,73.89383451305727,,,track,,,,,,,,,,,,,,,,,,True,True,False,surface_unknown,1,1
buffer_5km:5214,osm:8042233802,osm:8042233838,314746349,1110.7622212541903,,,track,,grade3,,,,,,,,,,,,,,,,True,True,False,surface_unknown,2,1
buffer_5km:5215,osm:8042233802,osm:8042233829,863306451,1412.737376836006,,,track,,,,,,,,,,,,,,,,,,True,True,False,surface_unknown,15,1
buffer_5km:5216,osm:8042233828,osm:8042233829,863306451,35.60120643579723,,,track,,,,,,,,,,,,,,,,,,True,True,False,surface_unknown,2,1
buffer_5km:5217,osm:8042233828,osm:8042233829,863306451,19.059682519415286,,,track,,,,,,,,,,,,,,,,,,True,True,False,surface_unknown,1,1
buffer_5km:5218,osm:8042233828,osm:8042233838,863306453,869.0171550143923,,,track,,,,,,,,,,,,,,,,,,True,True,False,surface_unknown,2,1
buffer_5km:5219,osm:8042233835,osm:8042233838,863306453,1245.673121662689,,,track,,,,,,,,,,,,,,,,,,True,True,False,surface_unknown,5,1
buffer_5km:5220,osm:8042233835,osm:8042233836,863306453,20.67658548527701,,,track,,,,,,,,,,,,,,,,,,True,True,False,surface_unknown,1,1
buffer_5km:5221,osm:8042233835,osm:8042233837,965837772,21.570643701338422,,,track,,,,,,,,,,,,,,,,,,True,True,False,surface_unknown,1,1
buffer_5km:5222,osm:8042233836,osm:8042233837,314746351,25.607047741197814,,,track,,,,,,,,,,,,,,,,,,True,True,False,surface_unknown,2,1
buffer_5km:5223,osm:8042233842,osm:8042233849,314746349,2455.2605520002307,,,track,,grade3,,,,,,,,,,,,,,,,True,True,False,surface_unknown,6,1
buffer_5km:5224,osm:8042233842,osm:8042233851,863306455,1338.1497541766093,,,track,,,,,,,,,,,,,,,,,,True,True,False,surface_unknown,2,1
buffer_5km:5225,osm:8042233842,osm:8042233844,863306455,1302.5498974516308,,,track,,,,,,,,,,,,,,,,,,True,True,False,surface_unknown,2,1
buffer_5km:5226,osm:8042263896,osm:8042263898,863313474,40.673221366413514,,,track,,,,,,,,,,,,,,,,,,True,True,False,surface_unknown,2,1
buffer_5km:5227,osm:8042263915,osm:8042263977,813526090,10.484798511833706,,,unclassified,gravel,grade2,,,60,,,,,,,,,,,,,True,True,False,gravel,1,1
buffer_5km:5228,osm:8042263915,osm:8042263958,863313479,38.55587365292086,,,track,,,,,,,,,,,,,,,,,,True,True,False,surface_unknown,3,1
buffer_5km:5229,osm:8042263921,osm:8042263960,863313479,78.53838892386742,,,track,,,,,,,,,,,,,,,,,,True,True,False,surface_unknown,3,1
buffer_5km:5230,osm:8042263921,osm:8042263936,863313479,260.15807426385834,,,track,,,,,,,,,,,,,,,,,,True,True,False,surface_unknown,15,1
buffer_5km:5231,osm:8042263921,osm:8042263972,863313482,78.81383320570345,,,track,,,,,,,,,,,,,,,,,,True,True,False,surface_unknown,3,1
buffer_5km:5232,osm:8042263936,osm:8042263940,863313479,100.72458135803424,,,track,,,,,,,,,,,,,,,,,,True,True,False,surface_unknown,4,1
buffer_5km:5233,osm:8042263936,osm:8042263972,863313482,56.4149206087258,,,track,,,,,,,,,,,,,,,,,,True,True,False,surface_unknown,2,1
buffer_5km:5234,osm:8042263940,osm:8042263946,863313479,196.73230113480417,,,track,,,,,,,,,,,,,,,,,,True,True,False,surface_unknown,6,1
buffer_5km:5235,osm:8042263940,osm:8042263948,863313480,48.97232950069178,,,track,,,,,,,,,,,,,,,,,,True,True,False,surface_unknown,2,1
buffer_5km:5236,osm:8042263946,osm:8042292599,219799024,272.6794307703313,,,track,,,,,30,yes,,,,,,,,,,,,False,True,False,surface_unknown,6,1
buffer_5km:5237,osm:8042263948,osm:8042263952,863313480,78.87954875580805,,,track,,,,,,,,,,,,,,,,,,True,True,False,surface_unknown,4,1
buffer_5km:5238,osm:8042263948,osm:8042263952,863313481,76.4582044488099,,,track,,,,,,,,,,,,,,,,,,True,True,False,surface_unknown,3,1
buffer_5km:5239,osm:8042263952,osm:8042263970,813526090,95.73725617471013,,,unclassified,gravel,grade2,,,60,,,,,,,,,,,,,True,True,False,gravel,3,1
buffer_5km:5240,osm:8042263958,osm:8042263960,863313479,16.239062286981273,,,track,,,,,,,,,,,,,,,,,,True,True,False,surface_unknown,2,1
buffer_5km:5241,osm:8042263958,osm:8042263959,863313483,17.05104002812602,,,track,,,,,,,,,,,,,,,,,,True,True,False,surface_unknown,1,1
buffer_5km:5242,osm:8042263959,osm:8042263960,863313483,14.69296120922081,,,track,,,,,,,,,,,,,,,,,,True,True,False,surface_unknown,1,1
buffer_5km:5243,osm:8042263959,osm:8042263965,863313484,77.3629219362238,,,track,,,,,,,,,,,,,,,,,,True,True,False,surface_unknown,5,1
buffer_5km:5244,osm:8042263965,osm:8042263970,863313484,96.92241013446878,,,track,,,,,,,,,,,,,,,,,,True,True,False,surface_unknown,5,1
buffer_5km:5245,osm:8042263965,osm:8042263972,863313485,37.09267490236206,,,track,,,,,,,,,,,,,,,,,,True,True,False,surface_unknown,2,1
buffer_5km:5246,osm:8042263970,osm:8042263977,813526090,67.58195532628042,,,unclassified,gravel,grade2,,,60,,,,,,,,,,,,,True,True,False,gravel,4,1
buffer_5km:5247,osm:8042263973,osm:8042263976,863313486,51.110559338794175,,,track,,,,,,,,,,,,,,,,,,True,True,False,surface_unknown,3,1
buffer_5km:5248,osm:8042263976,osm:8042263977,863313486,8.058069603031154,,,track,,,,,,,,,,,,,,,,,,True,True,False,surface_unknown,1,1
buffer_5km:5249,osm:8075084013,osm:8075099917,866349672,247.09196813790584,,,track,,,,,,,,,,,,,,,,,,True,True,False,surface_unknown,5,1
buffer_5km:5250,osm:8662881086,osm:9082607882,1182311989,46.34913612084977,,,track,,,,,,,,,,,,,,,,,,True,True,False,surface_unknown,1,1
buffer_5km:5251,osm:8662922117,osm:8662922122,934783356,313.23863967614943,,,track,ground,,,,,,,,,,,,,,,,,True,True,False,earth_sand,5,1
buffer_5km:5252,osm:89025833,osm:89025846,551124886,876.5669467642024,,C38,primary,asphalt,,,,60,,,,,,,,,,,,,True,True,False,paved,2,1
buffer_5km:5253,osm:9712055401,osm:9712083918,174172158,93.57270200781102,,,track,,grade3,,,,,,,,,,,,,,,,True,True,False,surface_unknown,4,1
buffer_5km:5254,osm:9712055401,osm:9712055413,1056952757,112.38515774974312,,,track,,,,,,,,,,,,,,,,,,True,True,False,surface_unknown,12,1
buffer_5km:5255,osm:9712055413,osm:9712055416,1056952757,22.178528693623385,,,track,,,,,,,,,,,,,,,,,,True,True,False,surface_unknown,3,1
buffer_5km:5256,osm:9712055413,osm:9712083994,1056952759,19.214267662277997,,,track,,,,,,,,,,,,,,,,,,True,True,False,surface_unknown,1,1
buffer_5km:5257,osm:9712055416,osm:9712083918,1056952757,14.048698572478036,,,track,,,,,,,,,,,,,,,,,,True,True,False,surface_unknown,2,1
buffer_5km:5258,osm:9712055416,osm:9712083990,1056952758,1158.1764838693125,,,track,,,,,,,,,,,,,,,,,,True,True,False,surface_unknown,72,1
buffer_5km:5259,osm:9712083918,osm:9712084140,174172158,5685.649904130262,,,track,,grade3,,,,,,,,,,,,,,,,True,True,False,surface_unknown,66,1
buffer_5km:5260,osm:9712083918,osm:9712084047,1056952760,3329.5785824899144,,,track,,,,,,,,,,,,,,,,,,True,True,False,surface_unknown,42,1
buffer_5km:5261,osm:9712084047,osm:9712084062,1056952761,547.8589142712185,,,track,,,,,,,,,,,,,,,,,,True,True,False,surface_unknown,15,1
buffer_5km:5262,osm:9712084047,osm:9712084138,1056952763,1954.2872789881571,,,track,,,,,,,,,,,,,,,,,,True,True,False,surface_unknown,73,1
buffer_5km:5263,osm:9712084062,osm:9712084139,1056952762,1507.3377725187395,,,track,,,,,,,,,,,,,,,,,,True,True,False,surface_unknown,1,1
buffer_5km:5264,osm:9712084138,osm:9712084139,1056952764,1417.6856330995188,,,track,,,,,,,,,,,,,,,,,,True,True,False,surface_unknown,1,1
buffer_5km:5265,osm:9712084138,osm:9712084140,1056952765,1798.9387216198563,,,track,,,,,,,,,,,,,,,,,,True,True,False,surface_unknown,1,1
buffer_5km:5266,osm:9712084140,osm:9712084183,174172158,1592.108775160249,,,track,,grade3,,,,,,,,,,,,,,,,True,True,False,surface_unknown,14,1
buffer_5km:5267,osm:9712084183,osm:9712084186,1056952772,104.91672316717064,,,track,,,,,,,,,,,,,,,,,,True,True,False,surface_unknown,3,1
buffer_5km:5268,osm:9712084186,osm:9712084186,1056952772,110.86175511785703,,,track,,,,,,,,,,,,,,,,,,True,True,False,surface_unknown,14,1
buffer_5km:5269,osm:976987089,osm:976987202,83949718,8.428687022518178,,,service,,,,,,,,,,,,,,,,,,True,True,False,surface_unknown,1,1
buffer_5km:5270,osm:976987137,osm:976987243,83949720,34.5353828204133,,,service,,,,,,,,,,,,,,,,,,True,True,False,surface_unknown,2,1
buffer_5km:5271,osm:976987202,osm:976987243,83949720,26.044763988655134,,,service,,,,,,,,,,,,,,,,,,True,True,False,surface_unknown,1,1
buffer_5km:5272,osm:977756935,osm:977757260,84042769,54.73006384679741,,,service,gravel,,,,,,,,,yes,,,,,,,,True,True,False,gravel,2,1
