node_id,osm_node_id,lon,lat,x_m,y_m,degree,component_id,boundary_clip,barrier,control_name,control_access,control_motor_vehicle
clip:1098120030:599401.363:7954217.623,,15.941621972968202,-18.500164008634258,599401.3633215309,7954217.622938936,1,1,True,,,,
clip:1459312962:587163.721:7954297.434,,15.825701709511373,-18.499984004980618,587163.72099673,7954297.434073134,1,17,True,,,,
clip:224458954:446309.774:7863581.712,,14.488896034210553,-19.32093713071899,446309.77437107114,7863581.712123056,1,1,True,,,,
clip:224458955:452636.393:7871967.209,,14.549328136767459,-19.245315144958866,452636.3929329889,7871967.2085386375,1,1,True,,,,
clip:224458955:457082.741:7872497.475,,14.59164682395622,-19.240622303138327,457082.74127586983,7872497.4750025235,1,1,True,,,,
clip:224482913:567241.474:7938644.258,,15.637513660771301,-18.64217945186905,567241.4735354012,7938644.258156511,1,1,True,,,,
clip:224482913:570050.165:7954272.957,,15.66359488232143,-18.500843067131907,570050.1645739344,7954272.957400059,1,1,True,,,,
clip:225322570:684158.851:7953509.714,,16.7443770832738,-18.500863069360413,684158.8513058588,7953509.713864734,1,1,True,,,,
clip:314783375:448635.507:7908082.880,,14.512216530156092,-18.918830171090868,448635.50700231106,7908082.879581524,1,1,True,,,,
clip:319583772:598895.227:7862315.047,,15.941465121912657,-19.33066969281583,598895.2270659759,7862315.047272065,1,1,True,,,,
clip:423619303:720095.296:7897507.173,,17.090840976400326,-19.00322928120899,720095.2958481782,7897507.173215214,1,2,True,,,,
clip:423619303:722508.112:7884639.664,,17.115224203195275,-19.119180935902868,722508.1119941288,7884639.66383235,1,2,True,,,,
clip:562986388:443832.276:7858621.244,,14.465166243392428,-19.36569703969153,443832.27637940546,7858621.244041613,1,1,True,,,,
clip:562986388:443837.752:7858625.128,,14.465218493311948,-19.3656620960067,443837.751772615,7858625.127754263,1,1,True,,,,
clip:628519675:462019.858:7920979.927,,14.639568043382576,-18.802561678763606,462019.85793691006,7920979.926917094,1,1,True,,,,
clip:665243360:715340.595:7919690.009,,17.043259676450006,-18.803379001972072,715340.5954896943,7919690.009478465,1,1,True,,,,
clip:740776674:635401.896:7854190.807,,16.289522770559874,-19.401946973908306,635401.8958470356,7854190.806658651,1,1,True,,,,
clip:740776682:637979.723:7853557.059,,16.314114376702257,-19.407497001397104,637979.7231918711,7853557.058951314,1,1,True,,,,
clip:740776684:640113.385:7853032.192,,16.33446992359125,-19.412091000957634,640113.384956531,7853032.19206037,1,1,True,,,,
clip:740776689:642363.852:7852478.282,,16.35594092230974,-19.416936743939186,642363.8518339614,7852478.282138884,1,1,True,,,,
clip:740776699:645685.168:7852340.464,,16.387578457840007,-19.417943004972326,645685.1677361069,7852340.463656869,1,1,True,,,,
clip:740776705:652551.706:7851131.920,,16.45306058539274,-19.428350067807543,652551.7059993013,7851131.92015265,1,1,True,,,,
clip:740776707:647984.385:7852243.632,,16.409480007774917,-19.418649230566494,647984.3852303235,7852243.632343047,1,1,True,,,,
clip:740776710:649635.460:7851841.929,,16.425233743548972,-19.42215570170173,649635.4599057384,7851841.928720406,1,1,True,,,,
clip:740792105:664203.348:7850155.245,,16.56409771187836,-19.436251175710062,664203.347755589,7850155.244884333,1,1,True,,,,
clip:740792110:659319.933:7850246.567,,16.517586038960314,-19.43582105967546,659319.9331659442,7850246.566688027,1,1,True,,,,
clip:740792116:655940.848:7850308.983,,16.485401905680618,-19.435523436756974,655940.8476776133,7850308.983449975,1,1,True,,,,
osm:10054825898,10054825898,15.9415919,-18.5008511,599397.7919641829,7954141.610152015,3,1,False,,,,
osm:1027299970,1027299970,15.980193000000002,-19.1616358,603069.1580394342,7880998.345177298,3,1,False,,,,
osm:1027300124,1027300124,15.9816544,-19.164079300000004,603221.3179897573,7880727.077482924,1,1,False,,,,
osm:1083452562,1083452562,16.9083174,-18.7917851,701128.3676436463,7921131.5740910275,3,1,False,,,,
osm:1083452573,1083452573,16.7326617,-18.842967,682555.0119668484,7915656.057431022,3,1,False,,,,
osm:1083452602,1083452602,16.7726652,-18.521316899999995,687123.8233652625,7951216.687682819,4,1,False,,,,
osm:10998445540,10998445540,16.946428800000003,-18.8105767,705123.581123028,7919007.855898216,3,1,False,,,,
osm:10998445552,10998445552,16.9453058,-18.812459199999996,705002.9156517284,7918800.766764579,3,1,False,,,,
osm:10998445559,10998445559,16.9451337,-18.812386399999994,704984.8618707047,7918809.024161943,3,1,False,,,,
osm:10998445563,10998445563,16.946238,-18.811481599999993,705102.3699942372,7918907.907062267,3,1,False,,,,
osm:10998445565,10998445565,16.9465182,-18.810958899999996,705132.5417522702,7918965.444430162,3,1,False,,,,
osm:10998445622,10998445622,16.9380207,-18.807655100000005,704240.7552803026,7919340.957141189,3,1,False,,,,
osm:10998445627,10998445627,16.937829200000003,-18.808182599999995,704219.9307218218,7919282.785222263,3,1,False,,,,
osm:10998445629,10998445629,16.9380694,-18.806834800000004,704246.8797451844,7919431.70506246,3,1,False,,,,
osm:10998445635,10998445635,16.9380839,-18.8072951,704247.8524619559,7919380.7350195795,3,1,False,,,,
osm:10998445640,10998445640,16.938298,-18.8075009,704270.1740194993,7919357.707543673,3,1,False,,,,
osm:10998445663,10998445663,16.9368357,-18.8065988,704117.1093689826,7919459.247609873,3,1,False,,,,
osm:10998445671,10998445671,16.9356754,-18.80743639999999,703993.7816067256,7919367.861832656,3,1,False,,,,
osm:10998445676,10998445676,16.9356576,-18.807234899999997,703992.148189048,7919390.187496515,3,1,False,,,,
osm:10998445677,10998445677,16.935369,-18.809451500000005,703959.0512453861,7919145.150490518,3,1,False,,,,
osm:10998445693,10998445693,16.9357366,-18.807457200000005,704000.2081213047,7919365.4890621435,3,1,False,,,,
osm:10998445719,10998445719,16.940060900000002,-18.804416199999995,704459.7449145388,7919697.143202901,3,1,False,,,,
osm:10998445808,10998445808,14.8599891,-18.970071,485261.22362444294,7902478.266646915,1,1,False,,,,
osm:10998445823,10998445823,14.862328900000001,-18.971702399999998,485507.6728929318,7902297.950014871,3,1,False,,,,
osm:10998445827,10998445827,14.8620842,-18.9715847,485481.90364346723,7902310.953110464,3,1,False,,,,
osm:10998445831,10998445831,14.8621108,-18.9718326,485484.7252327234,7902283.5257341415,3,1,False,,,,
osm:10998445839,10998445839,14.861033000000003,-18.972544199999994,485371.32964885485,7902204.699700313,3,1,False,,,,
osm:10998445840,10998445840,14.860548399999999,-18.971804699999993,485320.2523263944,7902286.483394428,1,1,False,,,,
osm:10998445849,10998445849,14.8610057,-18.971543399999998,485368.3685136197,7902315.433670325,3,1,False,,,,
osm:10998445850,10998445850,14.8610175,-18.972251,485369.6724197393,7902237.140325809,3,1,False,,,,
osm:10998445855,10998445855,14.8610115,-18.972048299999997,485369.0231261859,7902259.568120428,3,1,False,,,,
osm:10998445860,10998445860,14.8601138,-18.972007499999997,485274.52072757354,7902264.007780479,3,1,False,,,,
osm:11003409414,11003409414,14.470991500000002,-18.998021,444320.6265728788,7899307.842132114,3,1,False,,,,
osm:11003432394,11003432394,15.529766200000001,-18.9622646,555771.0233281734,7903264.094785483,4,1,False,,,,
osm:11003434448,11003434448,14.9572514,-18.972200399999995,495499.9674820265,7902247.96220759,1,1,False,,,,
osm:11235648221,11235648221,15.9261496,-19.1826785,597373.6268466663,7878700.769027635,3,1,False,,,,
osm:11235657860,11235657860,16.0751358,-19.155250100000003,613057.8111325547,7881646.232684543,3,1,False,,,,
osm:11235657904,11235657904,15.920945000000001,-19.1795871,596828.194478834,7879045.765861691,3,1,False,,,,
osm:11235657909,11235657909,15.919790000000003,-19.1788272,596707.1930205291,7879130.49826871,3,1,False,,,,
osm:11235657910,11235657910,15.9191309,-19.179956999999995,596637.2312507269,7879005.838651181,3,1,False,,,,
osm:11235657914,11235657914,15.9193331,-19.1796005,596658.6999372832,7879045.177294456,4,1,False,,,,
osm:11235657915,11235657915,15.9194244,-19.1802936,596667.895476674,7878968.427404594,3,1,False,,,,
osm:11235657916,11235657916,15.9193344,-19.179444200000002,596658.92781221,7879062.472918307,3,1,False,,,,
osm:11235657936,11235657936,15.924681500000002,-19.181161100000004,597220.1534781998,7878869.505859608,3,1,False,,,,
osm:11235657957,11235657957,15.926355000000001,-19.181203299999996,597396.09099671,7878863.9019854665,3,1,False,,,,
osm:11235657961,11235657961,15.9255409,-19.1825515,597309.6994799126,7878715.162875349,3,1,False,,,,
osm:11235657962,11235657962,15.925751499999999,-19.182571299999992,597331.8314712037,7878712.85422267,3,1,False,,,,
osm:11235657966,11235657966,15.925802500000001,-19.1810705,597338.0757009232,7878878.906347638,3,1,False,,,,
osm:11235657967,11235657967,15.9254524,-19.181090000000005,597301.2525086801,7878876.943860697,3,1,False,,,,
osm:11235657971,11235657971,15.9250429,-19.183670300000003,597256.6801983037,7878591.632806649,3,1,False,,,,
osm:11235657972,11235657972,15.9256311,-19.183407299999995,597318.6808241813,7878620.408512862,3,1,False,,,,
osm:11235657980,11235657980,15.9249656,-19.18341869999999,597248.700223502,7878619.518330624,3,1,False,,,,
osm:11235657985,11235657985,15.9247698,-19.18363649999999,597227.9850229287,7878595.525491574,1,1,False,,,,
osm:11235657991,11235657991,15.9256455,-19.182965200000005,597320.4546455408,7878669.323875461,3,1,False,,,,
osm:11235657995,11235657995,15.925496700000002,-19.1824586,597305.1066210178,7878725.467986593,3,1,False,,,,
osm:11235657997,11235657997,15.9245659,-19.182647299999992,597207.1264963677,7878705.105415072,3,1,False,,,,
osm:11235658067,11235658067,15.9176065,-19.175034599999996,596479.8113053843,7879551.401115859,3,1,False,,,,
osm:11235658071,11235658071,15.9175439,-19.176025199999998,596472.6522523288,7879441.814854941,1,1,False,,,,
osm:11235658084,11235658084,15.916158600000001,-19.175415900000004,596327.3430133191,7879510.006351312,3,1,False,,,,
osm:11235658090,11235658090,15.9171926,-19.1748939,596436.37159453,7879567.200035329,3,1,False,,,,
osm:11235658092,11235658092,15.916421400000003,-19.174906700000005,596355.2724169707,7879566.209802202,3,1,False,,,,
osm:11235658099,11235658099,15.916701700000003,-19.176226599999996,596383.9783223115,7879419.99336428,3,1,False,,,,
osm:11235658100,11235658100,15.916470999999998,-19.1763798,596359.6313147633,7879403.167566607,3,1,False,,,,
osm:11235658130,11235658130,15.9144485,-19.175940999999998,596147.2218513871,7879452.841858294,3,1,False,,,,
osm:11235658134,11235658134,15.9145465,-19.176303799999996,596157.3159733922,7879412.640005468,1,1,False,,,,
osm:11235658138,11235658138,15.9143843,-19.176153099999997,596140.3482142632,7879429.406044805,3,1,False,,,,
osm:11235658139,11235658139,15.913642999999999,-19.1767978,596062.0273821354,7879358.471363509,3,1,False,,,,
osm:11235658166,11235658166,15.9143333,-19.176046700000004,596135.0473283663,7879441.208491543,3,1,False,,,,
osm:11235658178,11235658178,15.916009700000002,-19.1748142,596312.0358969009,7879576.673342544,3,1,False,,,,
osm:11235658190,11235658190,15.9195292,-19.179402000000003,596679.4351195846,7879067.034828262,3,1,False,,,,
osm:11343196543,11343196543,16.9959887,-18.721702799999996,710458.3983379789,7928788.095209287,3,1,False,,,,
osm:11343218763,11343218763,16.7245898,-18.658670999999995,681901.7753699302,7936063.129375542,1,1,False,,,,
osm:11343218798,11343218798,16.7246052,-18.658897799999995,681903.1582678012,7936038.010618475,3,1,False,,,,
osm:11343218803,11343218803,16.7244744,-18.659151899999994,681889.0878630702,7936010.018767676,3,1,False,,,,
osm:11343218835,11343218835,16.7248526,-18.658925099999994,681929.2300443938,7936034.737500904,3,1,False,,,,
osm:11343218867,11343218867,16.725896,-18.659952999999998,682038.2127378223,7935919.9045934845,1,1,False,,,,
osm:11346997310,11346997310,16.4700816,-19.037393799999993,654704.7883712433,7894387.521746733,3,1,False,,,,
osm:11346997321,11346997321,16.4721684,-19.0375823,654924.2572249399,7894364.819141297,1,1,False,,,,
osm:11346997552,11346997552,16.7497921,-18.843967800000005,684359.2404154371,7915527.556563129,3,1,False,,,,
osm:11346997561,11346997561,16.7494148,-18.843897500000004,684319.5547581296,7915535.730162414,3,1,False,,,,
osm:11356715398,11356715398,15.9023557,-19.1683242,594880.0332783744,7880302.344725263,3,1,False,,,,
osm:11356715412,11356715412,15.901367500000001,-19.167857299999998,594776.3871025741,7880354.549268543,3,1,False,,,,
osm:11356715431,11356715431,15.9010564,-19.167330400000004,594743.974730727,7880413.025305178,3,1,False,,,,
osm:11356715465,11356715465,15.902557100000001,-19.168133500000003,594901.3204351476,7880323.338176455,3,1,False,,,,
osm:11356715466,11356715466,15.902620100000002,-19.1679397,594908.0560796412,7880344.749942435,3,1,False,,,,
osm:11356718169,11356718169,15.903037,-19.166973099999996,594952.4484174204,7880451.487703471,3,1,False,,,,
osm:11356718173,11356718173,15.903152500000001,-19.16704530000001,594964.552441846,7880443.43514657,3,1,False,,,,
osm:11356718188,11356718188,15.9016974,-19.166952899999995,594811.5946440506,7880454.45150097,3,1,False,,,,
osm:11356718223,11356718223,15.865661899999997,-18.9941118,591116.7766672063,7899600.022223234,3,1,False,,,,
osm:11356718347,11356718347,16.1922661,-19.20523800000001,625338.3647812994,7876034.138932163,3,1,False,,,,
osm:11356718348,11356718348,16.192024800000002,-19.2053545,625312.9066994817,7876021.41964472,3,1,False,,,,
osm:11356718349,11356718349,16.1921633,-19.2050418,625327.7052202587,7876055.926211956,3,1,False,,,,
osm:11356718541,11356718541,16.0770557,-19.156487999999996,613258.8752658295,7881507.99588667,3,1,False,,,,
osm:11356718544,11356718544,16.0768966,-19.1562142,613242.3302916769,7881538.399210757,3,1,False,,,,
osm:11356718590,11356718590,16.2730933,-19.036290999999988,633972.5952260516,7894671.493514888,3,1,False,,,,
osm:11356718595,11356718595,16.2733516,-19.035986299999998,634000.0251703272,7894705.017554554,3,1,False,,,,
osm:11356718600,11356718600,16.2729433,-19.036016700000005,633957.0280940812,7894701.964687981,3,1,False,,,,
osm:11356718801,11356718801,16.4650611,-19.031212500000002,654182.0684597135,7895076.06467499,3,1,False,,,,
osm:11360510647,11360510647,14.859644500000002,-18.971578899999997,485225.08081436076,7902311.3921151515,3,1,False,,,,
osm:11360510667,11360510667,14.8608783,-18.972700000000003,485355.05839272984,7902187.447936159,3,1,False,,,,
osm:11360510668,11360510668,14.8608367,-18.971214099999997,485350.5494481973,7902351.855922483,3,1,False,,,,
osm:11360534080,11360534080,14.532419,-19.3761418,450898.35631472984,7857485.965588697,1,1,False,,,,
osm:11360534239,11360534239,14.5190361,-19.274288599999995,449461.65503428574,7868752.648665964,2,1,False,,,,
osm:11360534240,11360534240,14.518885900000003,-19.274203700000005,449445.8461050483,7868761.999463382,2,1,False,,,,
osm:11360534738,11360534738,15.243398700000002,-18.9727343,525621.917724033,7902171.739533583,3,1,False,,,,
osm:11360534771,11360534771,15.441218600000001,-18.9837129,546443.0906744616,7900916.506615484,3,1,False,,,,
osm:11360534875,11360534875,15.7408208,-19.0684723,577941.0810092372,7891431.588308591,3,1,False,,,,
osm:11360534879,11360534879,15.740954,-19.068227399999994,577955.2099770766,7891458.62874043,3,1,False,,,,
osm:11741146846,11741146846,16.0812056,-19.119039499999992,613720.9446480098,7885649.537142988,1,1,False,,,,
osm:11741146859,11741146859,16.0808277,-19.122262799999998,613678.9891136677,7885293.076943241,3,1,False,,,,
osm:11741203414,11741203414,16.0283838,-19.152557099999996,608142.8503404986,7881973.868597216,3,1,False,,,,
osm:11741203488,11741203488,16.0274997,-19.149875999999995,608051.6179628818,7882271.116294093,1,1,False,,,,
osm:11741203498,11741203498,16.027943,-19.1525707,608096.4838752246,7881972.636527628,3,1,False,,,,
osm:11741203503,11741203503,16.0279577,-19.152861,608097.8407079186,7881940.501756023,3,1,False,,,,
osm:11741230271,11741230271,16.5060353,-18.956709199999988,658565.503254574,7903285.473377975,1,1,False,,,,
osm:11741230330,11741230330,16.5414137,-18.950925399999996,662296.6794071423,7903893.425292539,1,1,False,,,,
osm:11741230331,11741230331,16.5417084,-18.9515186,662327.1406774336,7903827.499243199,3,1,False,,,,
osm:11741557020,11741557020,16.6950916,-18.939808400000008,678492.9519070552,7904975.426576819,3,1,False,,,,
osm:11741557029,11741557029,16.6934186,-18.940832900000004,678315.6562318947,7904863.720989363,3,1,False,,,,
osm:11741559451,11741559451,16.7892819,-18.847631799999995,688516.884986388,7915080.463963746,3,1,False,,,,
osm:11971853918,11971853918,14.430709099999998,-19.0736875,440107.8380989032,7890921.921505294,2,1,False,gate,,,
osm:12042208908,12042208908,16.0299486,-19.188977800000007,608283.6210983526,7877942.439780746,1,1,False,,,,
osm:12042208939,12042208939,16.0345147,-19.185021900000002,608766.3170718028,7878377.37335618,3,1,False,,,,
osm:1253846903,1253846903,15.917899299999998,-19.177897099999985,596508.932140919,7879234.471660556,2,1,False,,,,
osm:1253846905,1253846905,15.9176923,-19.177924199999996,596487.1506855271,7879231.587287669,3,1,False,,,,
osm:1253853866,1253853866,15.916724700000001,-19.177946399999996,596385.3964144189,7879229.665692207,4,1,False,,,,
osm:1253853870,1253853870,15.916454000000002,-19.177981400000004,596356.9124627389,7879225.942149263,3,1,False,,,,
osm:1253853873,1253853873,15.916722000000002,-19.178263599999998,596384.9280027851,7879194.565479611,2,1,False,gate,,,
osm:1253853877,1253853877,15.914572399999999,-19.178422600000005,596158.8097905497,7879178.157089369,3,1,False,,,,
osm:1253853878,1253853878,15.9195682,-19.1767815,596685.0649120831,7879357.000832177,3,1,False,,,,
osm:1253853890,1253853890,15.919757000000002,-19.177401300000003,596704.5553256974,7879288.3083557505,2,1,False,gate,,private,
osm:1253853897,1253853897,15.9157906,-19.176390099999995,596288.0818732764,7879402.4035497755,3,1,False,,,,
osm:1253853899,1253853899,15.9144637,-19.17413569999999,596149.8674948403,7879652.609820865,3,1,False,,,,
osm:1253853900,1253853900,15.9192492,-19.1769124,596651.4460537819,7879342.692107268,3,1,False,,,,
osm:1253853903,1253853903,15.9172279,-19.1779435,596438.3086455431,7879229.708410899,3,1,False,,,,
osm:1253853904,1253853904,15.9141718,-19.1757228,596118.2535831307,7879477.140611259,3,1,False,,,,
osm:1253853906,1253853906,15.9139724,-19.1751359,596097.6270992734,7879542.197440461,3,1,False,,,,
osm:1253853909,1253853909,15.914316400000002,-19.175946200000006,596133.3286055601,7879452.339240484,3,1,False,,,,
osm:1253853923,1253853923,15.916591600000002,-19.178103200000002,596371.310002711,7879212.387590375,3,1,False,,,,
osm:1253853931,1253853931,15.9160946,-19.176524099999998,596319.9693139379,7879387.407097317,3,1,False,,,,
osm:1253853947,1253853947,15.9176706,-19.176812899999994,596485.5160461797,7879354.577004438,1,1,False,,,,
osm:1253853963,1253853963,15.9161699,-19.178412899999994,596326.7890386272,7879178.348838138,3,1,False,,,,
osm:1253853964,1253853964,15.915279900000002,-19.175617100000004,596234.8311218586,7879488.226425301,3,1,False,,,,
osm:1253853975,1253853975,15.915197800000001,-19.177941499999992,596224.8486031244,7879231.051156824,3,1,False,,,,
osm:1253853976,1253853976,15.9166546,-19.1763969,596378.9267485187,7879401.173809879,3,1,False,,,,
osm:13383535789,13383535789,15.828005100000002,-18.5008468,587406.4500624222,7954200.8512154315,1,17,False,,,,
osm:13844196882,13844196882,16.9405371,-18.806811,704507.0507341864,7919431.499954468,1,1,False,,,,
osm:13960711166,13960711166,16.2310167,-19.053542599999993,629530.7731944766,7892793.852641204,2,1,False,yes,,,no
osm:13960711194,13960711194,15.919777300000002,-19.1785628,596706.0119613111,7879159.764131528,3,1,False,,,,
osm:13960711223,13960711223,16.0475847,-19.2095355,610124.2732186003,7875656.37519292,2,1,False,yes,,,no
osm:13960711295,13960711295,16.1158242,-19.116265999999992,617364.436983555,7885933.598247221,3,1,False,,,,
osm:14006851006,14006851006,16.6983499,-18.937894899999996,678838.1685183548,7905183.924144816,2,1,False,yes,,,no
osm:14128035830,14128035830,16.1244966,-19.1064217,618283.7094699121,7887017.185815125,1,20,False,,,,
osm:1493177657,1493177657,15.9106312,-19.170981699999995,595748.7003209722,7880003.742536704,3,1,False,,,,
osm:1493177659,1493177659,15.908740300000002,-19.170591499999993,595550.0925814001,7880047.959160835,1,1,False,,,,
osm:1493335577,1493335577,15.327323499999999,-18.969432500000003,534457.197715522,7902522.774476014,3,1,False,,,,
osm:1493335592,1493335592,15.3267115,-18.971620699999995,534392.3233746714,7902280.7721495535,3,1,False,,,,
osm:1825568462,1825568462,15.546831400000002,-18.6550455,557672.2052481817,7937252.261438057,1,1,False,,,,
osm:1825569046,1825569046,15.9402649,-19.329560300000004,598769.8090541996,7862438.501970874,3,1,False,,,,
osm:1825569049,1825569049,15.9401768,-19.330402,598760.047993825,7862345.406797033,3,1,False,,,,
osm:1843142577,1843142577,14.768963799999998,-18.639556000000002,475631.53398620745,7939038.406566203,3,1,False,,,,
osm:1843142578,1843142578,14.7682493,-18.6396262,475556.182050018,7939030.542063443,3,1,False,,,,
osm:1845073405,1845073405,16.0262413,-18.500925600000002,608334.3737325011,7954084.66406177,2,1,False,,,,
osm:1846614097,1846614097,16.9364127,-18.8065577,704072.5667575798,7919464.283294918,3,1,False,,,,
osm:1846614139,1846614139,16.9348724,-18.808351500000004,703908.0274108606,7919267.486214709,2,1,False,gate,,,
osm:1846614222,1846614222,16.9414176,-18.810560899999995,704595.3356158435,7919015.386216929,2,1,False,gate,,,
osm:1846614253,1846614253,16.929486,-18.8194549,703326.8525430053,7918044.564392117,3,1,False,,,,
osm:1846614260,1846614260,16.8058084,-18.850046600000002,690255.8345740517,7914795.512267999,3,1,False,,,,
osm:1846614261,1846614261,16.805629,-18.850093100000002,690236.8759902973,7914790.557769522,3,1,False,,,,
osm:1846614262,1846614262,16.805581900000004,-18.8503711,690231.598916862,7914759.836564789,3,1,False,,,,
osm:1846614264,1846614264,16.9244736,-18.857283800000005,702753.0598348296,7913862.805373995,3,1,False,,,,
osm:1846614288,1846614288,16.7705147,-18.8972807,686484.1399855951,7909604.764494187,3,1,False,,,,
osm:1846864141,1846864141,17.042688,-18.80347619999999,715280.2020333274,7919679.942477671,4,1,False,,,,
osm:1846864197,1846864197,16.9395249,-18.804399900000003,704403.2592594343,7919699.564432265,1,1,False,,,,
osm:1846864772,1846864772,16.9394251,-18.806452399999994,704390.258201157,7919472.4756298065,1,1,False,,,,
osm:1846865198,1846865198,16.9416518,-18.808450599999997,704622.5776115492,7919248.718568803,1,1,False,,,,
osm:1846865215,1846865215,16.9415235,-18.808539299999996,704608.9451698427,7919239.047641251,1,1,False,,,,
osm:1846865222,1846865222,16.9394951,-18.8085761,704395.071040245,7919237.309816363,2,1,False,,,,
osm:1846865254,1846865254,16.9416764,-18.808641899999998,704624.9394348729,7919227.514040862,3,1,False,,,,
osm:1846865384,1846865384,16.9411522,-18.8089062,704569.3596835557,7919198.860965598,3,1,False,,,,
osm:1846865413,1846865413,16.940970500000002,-18.808937800000002,704550.1670684131,7919195.572265281,1,1,False,,,,
osm:1846865483,1846865483,16.9415489,-18.8090641,704610.9878477696,7919180.925012497,3,1,False,,,,
osm:1846865543,1846865543,16.9412046,-18.809215700000003,704574.5091787945,7919164.540134704,1,1,False,,,,
osm:1846865616,1846865616,16.9407079,-18.8093684,704521.9636389201,7919148.2089526085,3,1,False,,,,
osm:1846865622,1846865622,16.9415625,-18.809413799999998,704611.9984246437,7919142.198880825,3,1,False,,,,
osm:1846865680,1846865680,16.9410753,-18.80956769999999,704560.4529139751,7919125.724027613,3,1,False,,,,
osm:1846865693,1846865693,16.9412623,-18.809639799999996,704580.0787240065,7919117.527410293,3,1,False,,,,
osm:1846865704,1846865704,16.940904900000003,-18.809653100000002,704542.3865177708,7919116.466855443,3,1,False,,,,
osm:1846865723,1846865723,16.9422603,-18.8096061,704685.3259469941,7919120.107833021,3,1,False,,,,
osm:1846865743,1846865743,16.9410123,-18.8098514,704553.4684654332,7919094.392092497,3,1,False,,,,
osm:1846865769,1846865769,16.9405721,-18.809960400000005,704506.9320468206,7919082.833225032,3,1,False,,,,
osm:1846865867,1846865867,16.9437032,-18.8108798,704835.8898077827,7918977.450161267,3,1,False,,,,
osm:1846865874,1846865874,16.9464625,-18.811217,705126.3569483124,7918936.938015363,3,1,False,,,,
osm:1846865929,1846865929,16.9462323,-18.811769799999993,705101.4195444165,7918876.010923351,3,1,False,,,,
osm:1846865965,1846865965,16.9458402,-18.812014999999995,705059.7885082136,7918849.321027723,3,1,False,,,,
osm:1846866003,1846866003,16.9453635,-18.812416,705009.0505156814,7918805.482229133,3,1,False,,,,
osm:1846866005,1846866005,16.9451494,-18.8125761,704986.2869161201,7918788.006924782,3,1,False,,,,
osm:1847238760,1847238760,17.041507,-18.799686500000004,715160.5133783512,7920100.898833217,1,1,False,,,,
osm:1847238776,1847238776,17.040811100000003,-18.799839200000005,715086.951530413,7920084.837388031,1,1,False,,,,
osm:1847238782,1847238782,17.0416528,-18.799975099999997,715175.5178305078,7920068.773805194,3,1,False,,,,
osm:1847238940,1847238940,17.0416522,-18.8005053,715174.7802651225,7920010.080612343,3,1,False,,,,
osm:1847239087,1847239087,17.0425317,-18.80098930000001,715266.8884367784,7919955.435565786,1,1,False,,,,
osm:1847239141,1847239141,17.0418831,-18.801043900000007,715198.4385191418,7919950.17710115,3,1,False,,,,
osm:1847239146,1847239146,17.0408811,-18.80104650000001,715092.7966421158,7919951.1028013015,3,1,False,,,,
osm:1847239148,1847239148,17.0408427,-18.8010652,715088.7244447189,7919949.079178917,1,1,False,,,,
osm:1847239155,1847239155,17.0422212,-18.801116800000003,715233.990897674,7919941.697352918,1,1,False,,,,
osm:1847239168,1847239168,17.0419768,-18.801181499999988,715208.1420634235,7919934.831064399,3,1,False,,,,
osm:1847239228,1847239228,17.042562,-18.801397800000004,715269.5631117655,7919910.177273443,3,1,False,,,,
osm:1847239235,1847239235,17.0422773,-18.801389599999997,715239.55832102,7919911.430007641,3,1,False,,,,
osm:1867772228,1867772228,15.9383524,-19.329609899999998,598568.8672429486,7862434.103402203,1,1,False,,,,
osm:1867772264,1867772264,15.940679600000001,-19.329822099999994,598813.216694287,7862409.2935519125,1,1,False,,,,
osm:1867772288,1867772288,15.9402086,-19.3300751,598763.5851517967,7862381.56454197,3,1,False,,,,
osm:1867772295,1867772295,15.940203900000002,-19.330156699999993,598763.0423545042,7862372.537084127,3,1,False,,,,
osm:1867772329,1867772329,15.9410648,-19.3304099,598853.3290138677,7862344.025570624,1,1,False,,,,
osm:2027069844,2027069844,15.870096700000001,-18.7860115,591696.8229690229,7922625.400070017,2,1,False,,,,
osm:2244852625,2244852625,14.4734387,-19.0005621,444579.0471112926,7899027.438049184,3,1,False,,,,
osm:2244852626,2244852626,14.4711269,-18.997870299999995,444334.82795039716,7899324.560145267,3,1,False,,,,
osm:2244855906,2244855906,14.472469600000002,-19.011227,444480.58489386155,7897847.044478277,2,1,False,,,,
osm:2244855917,2244855917,14.468027300000001,-19.0138686,444013.93295691727,7897553.338672299,3,1,False,,,,
osm:2244873743,2244873743,14.4740097,-19.0108104,444642.5369547075,7897893.627398327,3,1,False,,,,
osm:2244873747,2244873747,14.4737383,-19.010815399999995,444613.97467935656,7897892.988697039,3,1,False,,,,
osm:2244873752,2244873752,14.4738644,-19.0108339,444627.25240043027,7897890.981346777,2,1,False,,,,
osm:2244873771,2244873771,14.4740143,-19.009625799999995,444642.6291126707,7898024.706747854,1,1,False,,,,
osm:2244873846,2244873846,14.473912999999998,-19.010726899999998,444632.33197165246,7897902.836370343,2,1,False,,,,
osm:2332806277,2332806277,15.940097100000001,-19.331284699999998,598751.1447897459,7862247.769617394,1,1,False,gate,Ombika Gate,customers,
osm:2332806282,2332806282,16.1937592,-19.0522485,625610.9600617052,7892964.155396194,2,1,False,,,,
osm:2332806384,2332806384,15.332040400000002,-18.794013,534990.1498885319,7921931.638626912,4,1,False,,,,
osm:2332806388,2332806388,15.1586384,-18.801500199999996,516716.3900891547,7921128.419982417,4,1,False,,,,
osm:2332806403,2332806403,14.9673747,-18.809957799999996,496562.3111460281,7920199.767586293,4,1,False,,,,
osm:2332806413,2332806413,14.688014200000001,-18.818702400000003,467128.0002687066,7919203.662126692,3,1,False,,,,
osm:2332806418,2332806418,14.6772955,-18.819085700000002,465998.70533059957,7919159.233303538,3,1,False,,,,
osm:2332806420,2332806420,14.6881732,-18.819225900000003,467144.8549320118,7919145.767869541,4,1,False,,,,
osm:2332806438,2332806438,14.677746500000001,-18.8198059,466046.3692792694,7919079.631581631,1,1,False,,,,
osm:2332806443,2332806443,14.686365299999999,-18.820833700000005,466954.68100214784,7918967.534266088,1,1,False,,,,
osm:2332806445,2332806445,14.6864698,-18.820844,466965.69347728265,7918966.414043089,3,1,False,,,,
osm:2332806580,2332806580,14.6376787,-18.8676168,461835.46409886365,7913781.329564355,3,1,False,,,,
osm:2332806684,2332806684,14.5447867,-18.897204399999996,452059.10422980913,7910484.911070134,2,1,False,,,,
osm:2332806823,2332806823,14.4771871,-18.942376299999996,444954.47810561926,7905466.937752285,3,1,False,,,,
osm:2332806828,2332806828,14.4767829,-18.9426466,444912.00873150595,7905436.902736084,3,1,False,,,,
osm:2332806831,2332806831,14.477314699999999,-18.9427947,444968.0501568994,7905420.681262833,3,1,False,,,,
osm:2332806849,2332806849,14.6061558,-18.9456053,458534.2303403199,7905144.913053385,3,1,False,,,,
osm:2332806854,2332806854,14.6063494,-18.94598659999999,458554.7078283926,7905102.7679851875,3,1,False,,,,
osm:2332806858,2332806858,14.605935300000002,-18.9461895,458511.1591205556,7905080.219948276,3,1,False,,,,
osm:2332806868,2332806868,14.6058031,-18.946488199999997,458497.3141878838,7905047.137934965,2,1,False,,,,
osm:2332806929,2332806929,14.6133613,-18.949544799999998,459293.8236385133,7904710.688275182,3,1,False,,,,
osm:2332807018,2332807018,14.578985799999998,-18.950201499999995,455674.8188243597,7904629.741104708,3,1,False,,,,
osm:2332807044,2332807044,14.611837799999998,-18.950529,459133.66383802873,7904601.435128607,3,1,False,,,,
osm:2332807089,2332807089,14.5793439,-18.9508471,455712.6911409484,7904558.395671125,3,1,False,,,,
osm:2332807279,2332807279,14.764869399999998,-18.960007400000002,475246.56831048214,7903581.128925825,3,1,False,,,,
osm:2332807326,2332807326,14.7606943,-18.962101599999997,474807.3460894452,7903348.818418292,3,1,False,,,,
osm:2332807344,2332807344,14.736703,-18.9625749,472281.7521374376,7903292.848953912,3,1,False,,,,
osm:2332807345,2332807345,14.760180700000001,-18.962590900000002,474753.3507802291,7903294.604835801,3,1,False,,,,
osm:2332807350,2332807350,14.760744400000002,-18.962663599999996,474812.7047173716,7903286.641337534,3,1,False,,,,
osm:2332807396,2332807396,14.7629508,-18.9640636,475045.1896869207,7903132.047718656,3,1,False,,,,
osm:2332807435,2332807435,14.7643132,-18.964742599999997,475188.71429874265,7903057.109933658,3,1,False,,,,
osm:2332807454,2332807454,14.837265900000002,-18.964969000000004,482868.65421866113,7903040.7371528605,3,1,False,,,,
osm:2332807461,2332807461,14.8581157,-18.965210299999995,485063.5798823335,7903015.934101917,3,1,False,,,,
osm:2332807463,2332807463,14.8587929,-18.9653056,485134.8785274094,7903005.446618719,3,1,False,,,,
osm:2332807468,2332807468,14.8602716,-18.965394999999997,485290.5519814145,7902995.678749101,4,1,False,,,,
osm:2332807477,2332807477,14.858607900000003,-18.965620199999993,485115.4311364867,7902970.621259222,3,1,False,,,,
osm:2332807481,2332807481,14.8738271,-18.965939199999998,486717.60771216615,7902936.540484508,3,1,False,,,,
osm:2332807485,2332807485,14.858846500000002,-18.965953,485140.57845813996,7902933.817848875,3,1,False,,,,
osm:2332807578,2332807578,14.867248500000002,-18.970665100000005,486025.4624200822,7902413.122174185,3,1,False,,,,
osm:2332807603,2332807603,14.8619279,-18.9715022,485465.44310560724,7902320.068663664,2,1,False,,,,
osm:2332807639,2332807639,14.8634132,-18.971995099999994,485621.8399879619,7902265.652242968,4,1,False,,,,
osm:2332807665,2332807665,15.324168400000001,-18.972491699999996,534124.4363280415,7902184.891336555,3,1,False,,,,
osm:2332807672,2332807672,14.8651634,-18.972680899999993,485806.13761165214,7902189.911920046,3,1,False,,,,
osm:2332807680,2332807680,14.8653955,-18.972738799999995,485830.57504235685,7902183.524095217,3,1,False,,,,
osm:2332807686,2332807686,14.865173,-18.9728843,485807.1653959347,7902167.406948651,3,1,False,,,,
osm:2332807769,2332807769,15.265247200000001,-18.9757318,527921.3630347522,7901836.751741817,3,1,False,,,,
osm:2332807773,2332807773,15.410751000000001,-18.975951500000004,543237.9992164127,7901783.060704552,3,1,False,,,,
osm:2332807775,2332807775,15.411021100000001,-18.9759979,543266.4198976094,7901777.860251944,3,1,False,,,,
osm:2332807779,2332807779,14.489746100000001,-18.976703799999996,446287.7991670545,7901672.442458866,3,1,False,,,,
osm:2332807832,2332807832,15.159915400000001,-18.978419699999993,516833.2645114507,7901552.718346819,3,1,False,,,,
osm:2332807854,2332807854,15.4412568,-18.979662900000005,546448.2343013595,7901364.629769007,3,1,False,,,,
osm:2332807983,2332807983,14.3965919,-18.996252500000004,436489.00941732305,7899478.338259421,3,1,False,,,,
osm:2332808057,2332808057,15.7128988,-19.006687899999996,575031.0593731159,7898280.519359581,3,1,False,,,,
osm:2332808059,2332808059,15.7126867,-19.006719200000003,575008.7213612285,7898277.146321846,3,1,False,,,,
osm:2332808141,2332808141,14.471567400000001,-19.02095869999999,444388.8677170458,7896769.930113748,3,1,False,,,,
osm:2332808162,2332808162,15.8658082,-19.023265099999996,591116.2971928252,7896373.902984474,3,1,False,,,,
osm:2332808311,2332808311,14.482080299999998,-19.0414774,445501.9397784955,7894502.792687725,3,1,False,,,,
osm:2332808412,2332808412,14.483632800000002,-19.04442879999999,445666.2653122206,7894176.695840159,3,1,False,,,,
osm:2332808447,2332808447,15.8871873,-19.0487743,593352.083474182,7893539.866714196,1,1,False,,,,
osm:2332808502,2332808502,15.8460843,-19.051861700000003,589025.220261117,7893219.574874761,3,1,False,,,,
osm:2332808507,2332808507,16.1940242,-19.052251099999996,625638.8454049164,7892963.677945204,3,1,False,,,,
osm:2332808555,2332808555,14.488723200000003,-19.054108600000003,446205.0236517619,7893107.175282867,3,1,False,,,,
osm:2332808667,2332808667,14.759341000000001,-19.05636790000001,474679.1483965869,7892918.18302021,3,1,False,,,,
osm:2332808766,2332808766,15.873553200000002,-19.0576635,591912.4841306107,7892563.395495833,3,1,False,,,,
osm:2332808772,2332808772,15.8739071,-19.0577546,591949.6724378195,7892553.12905561,3,1,False,,,,
osm:2332808780,2332808780,15.8500714,-19.0578558,589441.5552709224,7892554.251912751,1,1,False,,,,
osm:2332808790,2332808790,15.8736121,-19.0579829,591918.5058013602,7892528.020258382,3,1,False,,,,
osm:2332808916,2332808916,14.7584544,-19.059508799999993,474586.34306048666,7892570.516577726,3,1,False,,,,
osm:2332809073,2332809073,15.8190186,-19.0659924,586169.9043974521,7891669.417240981,3,1,False,,,,
osm:2332809095,2332809095,15.740644200000002,-19.068300999999998,577922.5803194932,7891450.622152413,3,1,False,,,,
osm:2332809129,2332809129,15.8170839,-19.069802999999997,585964.3767718378,7891248.695172582,3,1,False,,,,
osm:2332809131,2332809131,15.8166022,-19.069732699999996,585913.7312248311,7891256.710484408,3,1,False,,,,
osm:2332809153,2332809153,14.4979552,-19.070454600000005,447181.5824569082,7891301.263596166,2,1,False,,,,
osm:2332809160,2332809160,15.817624899999998,-19.070727300000005,586020.8208497431,7891146.149076043,3,1,False,,,,
osm:2332809197,2332809197,15.8192027,-19.072820099999994,586185.7452536542,7890913.790013088,3,1,False,,,,
osm:2332809204,2332809204,15.819040700000002,-19.0729388,586168.6394623179,7890900.734584461,4,1,False,,,,
osm:2332809208,2332809208,15.818785800000002,-19.073085000000003,586141.745253779,7890884.68170541,3,1,False,,,,
osm:2332809212,2332809212,15.8115658,-19.07334159999999,585381.9810980993,7890859.818910703,3,1,False,,,,
osm:2332809213,2332809213,15.8192589,-19.073414899999996,586191.3506388988,7890847.943228902,4,1,False,,,,
osm:2332809215,2332809215,14.4307608,-19.0736372,440113.2592603641,7890927.505011712,4,1,False,,,,
osm:2332809269,2332809269,15.7571998,-19.078501099999997,579659.5863937167,7890314.477839395,3,1,False,,,,
osm:2332809295,2332809295,14.5048894,-19.0827043,447914.9486605376,7889947.884266535,3,1,False,,,,
osm:2332809331,2332809331,14.4873798,-19.0853759,446073.7859208707,7889646.969450127,3,1,False,,,,
osm:2332809340,2332809340,15.6329227,-19.085842700000004,566581.8834265554,7889553.9464178905,3,1,False,,,,
osm:2332809369,2332809369,15.771257399999998,-19.089843399999996,581133.0319849501,7889052.927530463,4,1,False,,,,
osm:2332809613,2332809613,16.1246208,-19.105689599999998,618297.2957524997,7887098.120389491,1,20,False,,,,
osm:2332809646,2332809646,16.1109149,-19.108126899999995,616853.7353281293,7886837.60331397,2,1,False,,,,
osm:2332809738,2332809738,14.5335024,-19.115420499999992,450934.7011794766,7886336.03358414,3,1,False,,,,
osm:2332809779,2332809779,15.8586297,-19.1183276,590309.2861923303,7885858.137321692,3,1,False,,,,
osm:2332809922,2332809922,15.850898399999998,-19.1226508,589493.7456767154,7885383.710557404,1,1,False,,,,
osm:2332810023,2332810023,15.973275600000001,-19.125669799999997,602363.8985157798,7884982.490171252,3,1,False,,,,
osm:2332810090,2332810090,14.392621,-19.128587199999995,436121.7445132341,7884833.607584931,3,1,False,,,,
osm:2332810448,2332810448,16.0493442,-19.141855000000003,610354.3134640352,7883145.09372071,3,1,False,,,,
osm:2332810449,2332810449,16.0490367,-19.141897600000007,610321.9440546068,7883140.573645152,3,1,False,,,,
osm:2332810457,2332810457,16.0492691,-19.1421896,610346.1924891131,7883108.112931025,3,1,False,,,,
osm:2332810485,2332810485,14.5823986,-19.143817799999994,456085.08871935494,7883206.818769386,3,1,False,,,,
osm:2332810652,2332810652,15.9095781,-19.153872000000003,595647.8314755003,7881897.692528909,1,1,False,,,,
osm:2332810681,2332810681,15.908860000000002,-19.155268299999996,595571.5094682239,7881743.570299414,3,1,False,,,,
osm:2332810718,2332810718,15.9099511,-19.1576777,595684.8624569427,7881476.346779977,3,1,False,,,,
osm:2332810756,2332810756,15.9945729,-19.160847299999997,604581.8481798216,7881077.048308848,3,1,False,,,,
osm:2332810772,2332810772,14.4171346,-19.161568899999995,438712.09647013777,7881192.824216694,3,1,False,,,,
osm:2332810798,2332810798,14.4172859,-19.1618854,438728.1229128822,7881157.85526394,3,1,False,,,,
osm:2332810806,2332810806,16.015344,-19.162149600000003,606765.322113653,7880920.355013277,3,1,False,,,,
osm:2332810811,2332810811,15.995119400000002,-19.162211300000003,604638.4580086421,7880925.776536319,3,1,False,,,,
osm:2332810887,2332810887,14.547258200000002,-19.1643707,452395.56664884574,7880923.387069436,3,1,False,,,,
osm:2332810891,2332810891,14.5476432,-19.164693100000004,452436.14136470575,7880887.817675482,3,1,False,,,,
osm:2332810900,2332810900,14.5472493,-19.165226799999992,452394.87657009484,7880828.65503814,3,1,False,,,,
osm:2332810902,2332810902,15.953185699999999,-19.165515000000003,600226.7346348868,7880584.795430442,3,1,False,,,,
osm:2332811033,2332811033,15.945414,-19.169558699999996,599407.0630740105,7880141.758444207,3,1,False,,,,
osm:2332811283,2332811283,15.917479300000002,-19.172628,596467.8369733575,7879817.788431211,3,1,False,,,,
osm:2332811343,2332811343,14.5313405,-19.174626699999994,450724.8877480095,7879784.114387523,3,1,False,,,,
osm:2332811357,2332811357,15.916298300000001,-19.174589899999997,596342.5126080788,7879601.335228934,3,1,False,,,,
osm:2332811412,2332811412,14.3898517,-19.175400000000007,435848.5858721341,7879652.543095872,3,1,False,,,,
osm:2332811416,2332811416,15.918763100000001,-19.175427799999998,596601.1986161093,7879507.248962792,3,1,False,,,,
osm:2332811423,2332811423,15.915629900000003,-19.175689999999985,596271.5911261174,7879479.966074675,3,1,False,,,,
osm:2332811438,2332811438,15.9197198,-19.176522399999996,596701.1566889276,7879385.589088004,3,1,False,,,,
osm:2332811555,2332811555,15.9172726,-19.178222600000005,596442.8463210005,7879198.798170533,1,1,False,,,,
osm:2332811615,2332811615,15.920970800000001,-19.178556900000004,596831.5093398297,7879159.754731825,3,1,False,,,,
osm:2332811618,2332811618,15.918932,-19.178567099999995,596617.1280165223,7879159.756845379,3,1,False,,,,
osm:2332811626,2332811626,15.916853900000001,-19.178629700000002,596398.5840245556,7879153.979535541,3,1,False,,,,
osm:2332811627,2332811627,15.920596899999998,-19.1786278,596792.1531455091,7879152.116429994,3,1,False,,,,
osm:2332811629,2332811629,15.9177316,-19.178645399999997,596490.8630286714,7879151.756729228,3,1,False,,,,
osm:2332811638,2332811638,15.9197256,-19.1786694,596700.5136065813,7879147.996318583,4,1,False,,,,
osm:2332811639,2332811639,15.9195943,-19.178676999999993,596686.7032732505,7879147.2280987585,2,1,False,gate,,no,
osm:2332811644,2332811644,15.916949900000002,-19.178684699999994,596408.6462023228,7879147.840101948,3,1,False,,,,
osm:2332811647,2332811647,15.919117100000001,-19.178681900000004,596636.5239186818,7879146.95037659,3,1,False,,,,
osm:2332811673,2332811673,15.9168622,-19.178734799999997,596399.3956038653,7879142.3444632655,3,1,False,,,,
osm:2332811821,2332811821,15.9191315,-19.179289000000004,596637.6839583998,7879079.759993065,2,1,False,gate,,customers,
osm:2332811826,2332811826,15.9168282,-19.179271799999995,596395.5081670956,7879082.938233936,4,1,False,,,,
osm:2332811876,2332811876,15.917762000000002,-19.1796851,596493.4540186798,7879036.685509615,3,1,False,,,,
osm:2332811914,2332811914,15.916801800000002,-19.179787199999996,596392.432428575,7879025.918080663,3,1,False,,,,
osm:2332811935,2332811935,15.916785900000002,-19.17993819999999,596390.6727429271,7879009.217038738,3,1,False,,,,
osm:2332811986,2332811986,15.9166268,-19.179927499999998,596373.9501002415,7879010.489054513,1,1,False,,,,
osm:2332812193,2332812193,15.922731600000002,-19.1807058,597015.3954143594,7878920.976035029,3,1,False,,,,
osm:2332812229,2332812229,15.916993700000003,-19.180879199999996,596411.9746681108,7878904.970016818,3,1,False,,,,
osm:2332812239,2332812239,14.538440700000002,-19.180865099999995,451473.24622415187,7879095.808686961,3,1,False,,,,
osm:2332812369,2332812369,14.538074000000002,-19.181474699999995,451434.8706712189,7879028.252651561,3,1,False,,,,
osm:2332812435,2332812435,15.9190514,-19.182768100000004,596627.2324608656,7878694.80298784,3,1,False,,,,
osm:2332812654,2332812654,15.317385000000002,-19.1914283,533366.4868112826,7877960.830169062,3,1,False,,,,
osm:2332812688,2332812688,14.5969883,-19.1925666,457631.81822722324,7877816.27112118,3,1,False,,,,
osm:2332812762,2332812762,16.2255825,-19.195227499999994,628849.0006225371,7877117.686464763,1,1,False,,,,
osm:2332813081,2332813081,14.4361669,-19.203820100000005,440728.4997860365,7876524.124450183,3,1,False,,,,
osm:2332813150,2332813150,16.1920307,-19.204976600000002,625313.8132763521,7876063.237270812,3,1,False,,,,
osm:2332813232,2332813232,14.4921678,-19.206251500000004,446616.362718051,7876273.191243524,3,1,False,,,,
osm:2332813234,2332813234,16.1996111,-19.2063145,626109.7845521821,7875909.70014005,3,1,False,,,,
osm:2332813339,2332813339,14.4852971,-19.207764600000004,445894.59005343466,7876103.640707724,4,1,False,,,,
osm:2332813653,2332813653,14.9984788,-19.215728399999996,499840.10132091085,7875302.397149578,3,1,False,,,,
osm:2332813738,2332813738,14.5123615,-19.219488800000008,448743.28083553485,7874814.504273297,3,1,False,,,,
osm:2332813741,2332813741,14.512153800000002,-19.219531400000008,448721.4618437694,7874809.729248807,3,1,False,,,,
osm:2332813751,2332813751,15.179130800000001,-19.219660200000007,518828.64451943716,7874857.6534382105,3,1,False,,,,
osm:2332813755,2332813755,14.5122699,-19.219746199999996,448733.7321971412,7874785.995059667,3,1,False,,,,
osm:2332813780,2332813780,14.5087343,-19.220449699999996,448362.3109185666,7874707.104991131,1,1,False,,,,
osm:2332813932,2332813932,14.501590800000002,-19.224153299999998,447612.6056134059,7874295.152771321,1,6,False,,,,
osm:2332814262,2332814262,14.652973099999999,-19.234223899999996,463526.6884659905,7873219.474012786,1,1,False,,,,
osm:2332814294,2332814294,14.687909000000001,-19.234450799999998,467198.60579978046,7873201.324816804,3,1,False,,,,
osm:2332814332,2332814332,14.501557400000001,-19.234789299999996,447612.4670648716,7873118.228363367,1,6,False,,,,
osm:2332814358,2332814358,14.7473327,-19.235154999999995,473444.30551542767,7873133.544475157,3,1,False,,,,
osm:2332814466,2332814466,14.511100500000001,-19.2400305,448617.12009181647,7872541.116727689,3,1,False,,,,
osm:2332814468,2332814468,14.510576999999998,-19.240192199999992,448562.15004396584,7872523.069204606,1,1,False,,,,
osm:2332814606,2332814606,14.502320500000002,-19.245357199999997,447696.01955307653,7871949.077997331,1,1,False,,,,
osm:2332814659,2332814659,14.5086048,-19.2470042,448357.0005997517,7871768.710001487,3,1,False,,,,
osm:2332814704,2332814704,14.502443899999998,-19.248582299999995,447710.0102229263,7871592.244754039,3,1,False,,,,
osm:2332814723,2332814723,14.499434500000001,-19.250804299999995,447394.44326038385,7871345.463094584,3,1,False,,,,
osm:2332814744,2332814744,14.5007809,-19.253194899999993,447536.7022802769,7871081.340375144,3,1,False,,,,
osm:2332814835,2332814835,14.511385100000002,-19.261933500000005,448653.8466608131,7870117.546703337,3,1,False,,,,
osm:2332815098,2332815098,14.5359196,-19.277704400000005,451236.7678951422,7868379.506554222,1,1,False,,,,
osm:2332815187,2332815187,14.5341848,-19.281410999999995,451055.5816986667,7867968.86793703,4,1,False,,,,
osm:2332815228,2332815228,14.5300897,-19.28341,450625.8903859429,7867746.510094478,3,1,False,,,,
osm:2332816063,2332816063,16.4189499,-19.3101131,649077.471936273,7864248.123139471,3,1,False,,,,
osm:2332816144,2332816144,14.4868648,-19.31475839999999,446094.3680238271,7864264.789195314,3,1,False,,,,
osm:2332816191,2332816191,14.5047101,-19.315654699999993,447969.36486818077,7864171.066176288,3,1,False,,,,
osm:2332816349,2332816349,14.5058676,-19.317472299999995,448091.537409539,7863970.287235936,4,1,False,,,,
osm:2332816536,2332816536,15.9376428,-19.327220199999996,598495.754888914,7862698.959707485,3,1,False,,,,
osm:2332816857,2332816857,16.4094882,-19.418621200000004,647985.2708650507,7852246.727703768,4,1,False,,,,
osm:2332975159,2332975159,14.5370607,-19.278770999999995,451356.9858417703,7868261.80326295,3,1,False,,,,
osm:2332975184,2332975184,14.537102199999998,-19.280258899999996,451361.7856964421,7868097.172813322,3,1,False,,,,
osm:2332975204,2332975204,14.5342557,-19.281454399999998,451063.0443666266,7867964.0855496,4,1,False,,,,
osm:2332975218,2332975218,14.530283800000001,-19.281652699999995,450645.7586553627,7867941.017803635,3,1,False,,,,
osm:2332975220,2332975220,14.5357911,-19.281671699999997,451224.43992174364,7867940.472767115,4,1,False,,,,
osm:2332975224,2332975224,14.531064300000002,-19.281724300000008,450727.79057390365,7867933.31680231,3,1,False,,,,
osm:2332975228,2332975228,14.536076000000001,-19.2817703,451254.40474646655,7867929.64234538,1,1,False,,,,
osm:2332975241,2332975241,14.537165499999999,-19.2823654,451369.05871833954,7867864.09786701,3,1,False,,,,
osm:2332975292,2332975292,14.5377632,-19.303863200000002,451438.20227171795,7865485.44445385,3,1,False,,,,
osm:2332975311,2332975311,14.5103625,-19.313801500000004,448562.58619553776,7864377.819807321,3,1,False,,,,
osm:2332975454,2332975454,14.538397500000002,-19.326652400000004,451511.5619296776,7862963.8965566065,3,1,False,,,,
osm:2332975676,2332975676,14.5276669,-19.3311829,450385.7280123875,7862459.534917489,3,1,False,,,,
osm:2332975700,2332975700,14.5251906,-19.332378999999996,450125.97377418354,7862326.469026405,3,1,False,,,,
osm:2332975701,2332975701,14.525517800000001,-19.332390099999998,450160.3468797243,7862325.335017614,3,1,False,,,,
osm:2332975702,2332975702,14.525338799999998,-19.332448099999997,450141.5619674194,7862318.8654823955,3,1,False,,,,
osm:2332975703,2332975703,14.5254571,-19.3325651,450154.0239278891,7862305.952949854,3,1,False,,,,
osm:2332975710,2332975710,14.5252409,-19.3327102,450131.3579207887,7862289.834657036,3,1,False,,,,
osm:2332975757,2332975757,14.593483000000003,-19.3351106,457300.226803413,7862042.471456847,3,1,False,,,,
osm:2332976181,2332976181,14.458269300000001,-19.373999400000002,443110.8302597726,7857700.28040492,3,1,False,,,,
osm:2332976185,2332976185,14.458443000000003,-19.374148000000005,443129.12313474156,7857683.894103367,3,1,False,,,,
osm:2332976192,2332976192,14.4581954,-19.374222699999997,443103.1470779086,7857675.546534652,3,1,False,,,,
osm:2332976206,2332976206,14.5321569,-19.37481019999999,450870.4330077075,7857633.2395268325,3,1,False,,,,
osm:2332976247,2332976247,14.532648100000001,-19.375439499999995,450922.20468988136,7857563.743868105,3,1,False,,,,
osm:2332976249,2332976249,14.5321611,-19.375601200000002,450871.1111778671,7857545.712450281,3,1,False,,,,
osm:2332976318,2332976318,14.455826199999999,-19.37854769999999,442855.8510903859,7857196.176039955,1,1,False,,,,
osm:2332976328,2332976328,14.534467300000001,-19.378875399999995,451114.2717115015,7857184.0596291805,3,1,False,,,,
osm:2332976582,2332976582,14.4554849,-19.3900467,442824.02376850357,7855923.625717578,1,1,False,,,,
osm:2332976670,2332976670,14.4543042,-19.39516569999999,442701.83463082375,7855356.783662744,3,1,False,,,,
osm:2332977080,2332977080,14.486473,-19.417533599999995,446087.00931513275,7852892.006061688,3,1,False,,,,
osm:2333046336,2333046336,15.9480385,-18.500811199999998,600078.3909559145,7954142.463720631,2,1,False,,,,
osm:2333046340,2333046340,15.9426184,-18.500861999999998,599506.1545172005,7954139.838544786,2,1,False,,,,
osm:2333046347,2333046347,16.1694234,-18.500844999999995,623450.924212946,7954001.661966317,2,1,False,,,,
osm:2333046348,2333046348,15.908278100000002,-18.5008452,595880.8307409715,7954160.280344678,2,1,False,,,,
osm:2333046350,2333046350,16.1774402,-18.5008577,624297.309105094,7953994.755278034,2,1,False,,,,
osm:2333046351,2333046351,16.0432029,-18.500862499999997,610125.1101471537,7954081.38363654,3,1,False,,,,
osm:2333046354,2333046354,16.0444364,-18.500863699999996,610255.3346831538,7954080.497938568,2,1,False,,,,
osm:2333046364,2333046364,16.1059776,-18.500871999999998,616752.5216182189,7954040.885520424,3,1,False,,,,
osm:2333046368,2333046368,16.103242,-18.500872899999997,616463.7086701823,7954042.552994389,3,1,False,,,,
osm:2333046373,2333046373,16.0609421,-18.5008799,611997.8978733489,7954068.544808485,2,1,False,,,,
osm:2333046374,2333046374,16.0648665,-18.500883700000003,612412.2112818063,7954065.685095554,3,1,False,,,,
osm:2333046376,2333046376,16.0993955,-18.5008928,616057.5994605835,7954042.828142697,2,1,False,,,,
osm:2333046379,2333046379,16.0143131,-18.500907799999997,607075.0871399142,7954093.750261423,2,1,False,,,,
osm:2333046401,2333046401,16.0968241,-18.5011522,615785.948737221,7954015.774628662,2,1,False,,,,
osm:2333046415,2333046415,16.0940422,-18.501233999999993,615492.1946027239,7954008.504854983,2,1,False,,,,
osm:2333046426,2333046426,16.0943787,-18.501282900000003,615527.6877828196,7954002.878353343,2,1,False,,,,
osm:2333046476,2333046476,15.896892600000001,-18.502115300000003,594678.162209372,7954025.7490696125,2,1,False,,,,
osm:2333046613,2333046613,14.970521800000002,-18.619647799999996,496890.44131890946,7941256.5651945975,3,1,False,,,,
osm:2333046616,2333046616,14.9574256,-18.6209501,495509.0001275552,7941112.19705521,4,1,False,,,,
osm:2333046624,2333046624,14.768265300000001,-18.639678599999996,475557.8771461449,7939024.746486476,3,1,False,,,,
osm:2333046631,2333046631,14.7686377,-18.639938,475597.193097894,7938996.0961037995,4,1,False,,,,
osm:2333046657,2333046657,15.546751799999997,-18.655192799999995,557663.7601872428,7937235.988654518,4,1,False,,,,
osm:2333046661,2333046661,15.632213000000002,-18.671722800000005,566670.8310396227,7935377.293067997,3,1,False,,,,
osm:2333046676,2333046676,15.631436800000001,-18.6759576,566587.3197309449,7934909.004398946,3,1,False,,,,
osm:2333046692,2333046692,14.8736787,-18.720095599999993,486682.61584132345,7930138.174722483,4,1,False,,,,
osm:2333106533,2333106533,17.0607292,-18.8788363,717085.2834380951,7911315.394550653,4,1,False,,,,
osm:2333123276,2333123276,14.416916400000002,-19.16186529999999,438689.2618226878,7881159.949664669,3,1,False,,,,
osm:2333123290,2333123290,14.411863499999999,-19.1644607,438158.90680920146,7880870.97477481,3,1,False,,,,
osm:2333123341,2333123341,14.4163714,-19.1723545,438635.83586758823,7879999.0827266965,3,1,False,,,,
osm:2333123442,2333123442,14.4239817,-19.208549699999995,439449.25930003525,7875996.580739822,3,1,False,,,,
osm:2333161259,2333161259,14.471148000000001,-18.9980687,444337.11479245836,7899302.613559336,3,1,False,,,,
osm:2333161799,2333161799,14.4701295,-19.021789800000004,444237.81993153546,7896677.511907016,3,1,False,,,,
osm:2333161928,2333161928,14.4793858,-19.043316399999995,445219.0083391527,7894298.465427313,1,1,False,,,,
osm:2333161951,2333161951,14.4798067,-19.043787600000005,445263.4524516715,7894246.45749693,3,1,False,,,,
osm:2333161989,2333161989,14.354671300000001,-19.066969900000004,432105.30537609896,7891637.541638225,3,1,False,,,,
osm:2333162055,2333162055,14.390019100000002,-19.073160499999997,435826.72621409356,7890965.838920763,3,1,False,,,,
osm:2334245303,2334245303,15.1512923,-18.6129738,515959.9655122702,7941988.528145644,3,1,False,,,,
osm:2334245312,2334245312,15.353332800000002,-18.618696099999998,537272.3141316258,7941325.427272313,3,1,False,,,,
osm:2334245321,2334245321,14.9565646,-18.6210288,495418.17884199903,7941103.4676581165,3,1,False,,,,
osm:2334245329,2334245329,14.957318100000002,-18.621560500000008,495497.67645394965,7941044.657671662,3,1,False,,,,
osm:2334245466,2334245466,14.9692897,-18.676558299999996,496761.5503082411,7934959.7587907715,3,1,False,,,,
osm:2334245475,2334245475,14.968586000000002,-18.676963899999997,496687.3519040041,7934914.8687126655,3,1,False,,,,
osm:2334245482,2334245482,14.969277600000002,-18.6772334,496760.2871700288,7934885.062824869,3,1,False,,,,
osm:2334245491,2334245491,14.9369855,-18.678325299999997,493355.0893824306,7934763.358589182,3,1,False,,,,
osm:2334245511,2334245511,14.9362497,-18.679865599999992,493277.5596084142,7934592.906082861,3,1,False,,,,
osm:2334245517,2334245517,14.9372994,-18.680077000000004,493388.2582339145,7934569.555051543,3,1,False,,,,
osm:2334245826,2334245826,14.870122,-18.7212755,486307.7463128542,7930007.355976806,3,1,False,,,,
osm:2334245833,2334245833,14.869414900000002,-18.721583199999998,486233.22582974925,7929973.256213585,3,1,False,,,,
osm:2334245841,2334245841,14.8700958,-18.722045100000003,486305.046168546,7929922.201793419,3,1,False,,,,
osm:2334245972,2334245972,14.797266800000001,-18.757214599999994,478631.5615162992,7926023.709713108,3,1,False,,,,
osm:2334246175,2334246175,14.9672801,-18.7733212,496551.5975539244,7924253.434457503,3,1,False,,,,
osm:2334246280,2334246280,14.738190599999998,-18.8175362,472414.6168382907,7919341.237619824,3,1,False,,,,
osm:2334246291,2334246291,14.6880446,-18.818706799999998,467131.2042075776,7919203.180906065,3,1,False,,,,
osm:2334246293,2334246293,14.6888262,-18.818725299999997,467213.5607596531,7919201.278395006,3,1,False,,,,
osm:2334246318,2334246318,14.6471878,-18.858559899999992,462835.10508509085,7914785.4773938805,3,1,False,,,,
osm:2334246360,2334246360,14.6559156,-18.861052799999996,463755.02745934663,7914511.451031349,1,1,False,,,,
osm:2334246372,2334246372,14.6383344,-18.8670807,461904.41085797397,7913840.789056409,3,1,False,,,,
osm:2334246381,2334246381,14.6374887,-18.867784799999995,461815.4885738649,7913762.699765044,3,1,False,,,,
osm:2334246383,2334246383,14.637686400000002,-18.867840299999997,461836.32574644586,7913756.6013996005,3,1,False,,,,
osm:2334246408,2334246408,14.638613600000001,-18.868279599999997,461934.09093036986,7913708.193214245,3,1,False,,,,
osm:2334246415,2334246415,14.638276299999998,-18.868409999999997,461898.59119682875,7913693.692211457,3,1,False,,,,
osm:2334246418,2334246418,14.638503599999998,-18.8684409,461922.5405958755,7913690.322057059,3,1,False,,,,
osm:2334246430,2334246430,14.638506000000001,-18.868570199999994,461922.8225894015,7913676.015788991,3,1,False,,,,
osm:2334246536,2334246536,15.326930200000001,-18.971272400000007,534415.4172137439,7902319.268462274,3,1,False,,,,
osm:2334246544,2334246544,15.3271345,-18.971563200000002,534436.864006383,7902287.051859473,3,1,False,,,,
osm:2334246568,2334246568,14.957439500000001,-18.972943599999997,495519.7881359867,7902165.733785285,3,1,False,,,,
osm:2334246587,2334246587,15.3217463,-18.973357,533869.2906815014,7902089.614136647,3,1,False,,,,
osm:2334246592,2334246592,14.957445199999999,-18.973492099999998,495520.4028127476,7902105.043777579,4,1,False,,,,
osm:2334246611,2334246611,15.307261500000001,-18.9738373,532344.4136654903,7902039.19081362,3,1,False,,,,
osm:2334246612,2334246612,14.9572184,-18.973875899999996,495496.5386642338,7902062.571485043,3,1,False,,,,
osm:2334246613,2334246613,14.957720700000001,-18.9738817,495549.41409535473,7902061.942490856,3,1,False,,,,
osm:2334246618,2334246618,14.961331,-18.973963700000002,495929.45909362717,7902052.956683667,2,1,False,,,,
osm:2334246686,2334246686,15.4108049,-18.976187000000003,543243.6123615772,7901756.989456991,3,1,False,,,,
osm:2334246691,2334246691,15.308624,-18.976895199999998,532487.248059686,7901700.587289715,1,1,False,,,,
osm:2334246694,2334246694,15.168969200000001,-18.9765529,517786.4999722079,7901758.386312433,4,1,False,,,,
osm:2334246718,2334246718,15.410091500000002,-18.977279000000003,543168.2336500086,7901636.334851559,3,1,False,,,,
osm:2334246725,2334246725,15.4098509,-18.9773383,543142.8913125405,7901629.832254037,3,1,False,,,,
osm:2334246744,2334246744,15.409911199999998,-18.977482899999995,543149.2016433742,7901613.817530046,3,1,False,,,,
osm:2334246762,2334246762,15.159981,-18.977753699999997,516840.23673031107,7901626.403561909,3,1,False,,,,
osm:2334246765,2334246765,15.159737299999998,-18.9777728,516814.5819295845,7901624.313463378,3,1,False,,,,
osm:2334246781,2334246781,15.159724099999998,-18.9781213,516813.1574840056,7901585.753939901,4,1,False,,,,
osm:2334246797,2334246797,15.159448600000001,-18.978333200000005,516784.1360423026,7901562.333924001,3,1,False,,,,
osm:2334246842,2334246842,15.265193000000002,-18.981381100000004,527914.716696586,7901211.673881259,3,1,False,,,,
osm:2334246889,2334246889,15.2692015,-18.984498699999993,528336.1342152631,7900866.075903801,3,1,False,,,,
osm:2334298555,2334298555,15.3490448,-18.6774251,536807.3197403463,7934828.226613251,4,1,False,,,,
osm:2334298840,2334298840,15.158866,-18.7006495,516750.3191978172,7932287.042023174,3,1,False,,,,
osm:2334298940,2334298940,15.5025282,-18.740073500000005,552973.163628246,7927857.803741017,3,1,False,,,,
osm:2334298941,2334298941,15.6345568,-18.7873524,566872.5057693968,7922582.002377015,3,1,False,,,,
osm:2334298954,2334298954,15.634490000000001,-18.788380300000004,566865.0601830462,7922468.289647784,3,1,False,,,,
osm:2334299179,2334299179,15.6002485,-18.889842600000005,563218.4663422602,7911253.937169958,1,1,False,,,,
osm:2334299200,2334299200,15.529348800000001,-18.96213939999999,555727.122230282,7903278.080279844,1,1,False,,,,
osm:2334299301,2334299301,15.533019700000002,-18.966551199999994,556112.108632386,7902788.745186543,3,1,False,,,,
osm:2334326121,2334326121,15.6082438,-19.0654756,563993.4655162124,7891816.835383106,1,1,False,,,,
osm:2334326153,2334326153,15.6057218,-19.067376700000004,563727.3909850136,7891607.39030447,3,1,False,,,,
osm:2334326218,2334326218,15.634259800000002,-19.082755099999996,566723.7841858596,7889895.093585705,3,1,False,,,,
osm:2334326219,2334326219,15.633555,-19.082785900000005,566649.6248963291,7889891.95364761,3,1,False,,,,
osm:2334326224,2334326224,15.633710900000002,-19.082904499999994,566665.9785598175,7889878.770764643,2,1,False,,,,
osm:2334326251,2334326251,15.6327357,-19.0853234,566562.4183649641,7889611.48017344,3,1,False,,,,
osm:2334326261,2334326261,15.776225600000002,-19.0877223,581656.7309143897,7889285.333349831,1,1,False,,,,
osm:2334326322,2334326322,15.8780598,-19.1477345,592336.6910346627,7882593.834370105,3,1,False,,,,
osm:2334552081,2334552081,16.3201419,-19.0414358,638920.1055146402,7894065.553885467,2,1,False,,,,
osm:2334552243,2334552243,16.3788829,-19.2025484,644961.8166042652,7876186.9658456035,3,1,False,,,,
osm:2335245848,2335245848,16.7612204,-19.160325699999998,685213.0419369636,7880498.198225585,4,1,False,,,,
osm:2335245940,2335245940,16.5787129,-19.181068099999997,665995.3940386729,7878386.061487805,3,1,False,,,,
osm:2335246003,2335246003,16.530669,-19.1865477,660937.4794999452,7877824.628790555,3,1,False,,,,
osm:2335246496,2335246496,16.8302139,-19.244759099999996,692372.2025222984,7871077.183391469,3,1,False,,,,
osm:2335246662,2335246662,16.8458441,-19.268262199999995,693987.873183313,7868458.099426711,3,1,False,,,,
osm:2335247157,2335247157,16.6256641,-19.300876399999993,670809.130274252,7865079.606242933,4,1,False,,,,
osm:2335247214,2335247214,16.4190098,-19.309336699999996,649084.4700367476,7864334.002150755,3,1,False,,,,
osm:2335247241,2335247241,16.8920676,-19.3375211,698763.3546989099,7860738.8900186075,4,1,False,,,,
osm:2335247453,2335247453,16.9161849,-19.374652999999995,701252.0555411966,7856600.46306949,3,1,False,,,,
osm:2336874181,2336874181,16.3123098,-19.0728221,638069.8282304702,7890598.164949996,3,1,False,,,,
osm:2336874397,2336874397,16.508498,-19.097293599999997,658691.2545770011,7887723.582472093,4,1,False,,,,
osm:2336874408,2336874408,16.516628,-19.0991752,659544.8694236444,7887507.937551576,1,1,False,,,,
osm:2336874428,2336874428,16.370902,-19.189552200000005,644133.9766702603,7877631.946600873,4,1,False,,,,
osm:2336874436,2336874436,16.1297278,-19.236965900000005,618740.4667502503,7872566.727770361,3,1,False,,,,
osm:2336874440,2336874440,16.1300189,-19.237152399999996,618770.9319164597,7872545.889423868,3,1,False,,,,
osm:2336874452,2336874452,16.1297129,-19.23926850000001,618737.2447871913,7872311.91471065,3,1,False,,,,
osm:2336874521,2336874521,16.2742325,-19.254223799999995,633916.5462814994,7870551.747811312,4,1,False,,,,
osm:2336874671,2336874671,16.164101400000003,-19.327755699999997,622286.2811496706,7862495.262511484,4,1,False,,,,
osm:2336874697,2336874697,16.1140827,-19.3607546,617007.8702967619,7858877.909605347,3,1,False,,,,
osm:2336874698,2336874698,16.1145444,-19.360759999999996,617056.361841869,7858876.999283292,3,1,False,,,,
osm:2336874710,2336874710,16.179678,-19.3691864,623891.4671423819,7857899.029900737,3,1,False,,,,
osm:2337091149,2337091149,16.4647593,-19.031097,654150.4083269264,7895089.112751335,3,1,False,,,,
osm:2337091158,2337091158,16.4563542,-19.031401399999993,653265.4297780574,7895062.778335354,1,8,False,,,,
osm:2337091163,2337091163,16.450755900000004,-19.031493400000002,652676.0855278627,7895057.471886288,1,8,False,,,,
osm:2337091197,2337091197,16.471354,-19.033037499999995,654842.7524480895,7894868.542984009,3,1,False,,,,
osm:2337091209,2337091209,16.465564,-19.033856800000002,654232.5607119908,7894782.960262693,2,1,False,gate,,customers,
osm:2337091253,2337091253,16.4657034,-19.0344404,654246.6943865606,7894718.246789531,3,1,False,,,,
osm:2337091257,2337091257,16.4711281,-19.034539400000003,654817.5827578239,7894702.516183595,2,1,False,gate,,customers,
osm:2337091260,2337091260,16.4649207,-19.03472640000001,654164.0469002458,7894687.2804973535,3,1,False,,,,
osm:2337091303,2337091303,16.4654605,-19.035335699999997,654220.3010571167,7894619.371090146,4,1,False,,,,
osm:2337091306,2337091306,16.4646204,-19.0353764,654131.8388297228,7894615.604132313,1,1,False,,,,
osm:2337091337,2337091337,16.4649808,-19.0356614,654169.5095869565,7894583.74484564,3,1,False,,,,
osm:2337091343,2337091343,16.4649329,-19.0356836,654164.4473919338,7894581.329872111,3,1,False,,,,
osm:2337091353,2337091353,16.464771700000004,-19.035748700000003,654147.4202434075,7894574.266321264,3,1,False,,,,
osm:2337091406,2337091406,16.464041,-19.0364391,654069.8737049161,7894498.496290447,2,1,False,,,,
osm:2337091516,2337091516,16.4745664,-19.043012799999996,655171.6085100931,7893761.668363139,3,1,False,,,,
osm:2337091591,2337091591,16.4810273,-19.0474508,655847.477828795,7893264.757095816,3,1,False,,,,
osm:2337091593,2337091593,16.4811392,-19.0474508,655859.255066857,7893264.657719319,3,1,False,,,,
osm:2337091622,2337091622,16.451427200000005,-19.047577199999996,652732.0307355821,7893276.79100559,1,1,False,,,,
osm:2337091655,2337091655,16.4814596,-19.0479789,655892.4831666208,7893205.924255164,3,1,False,,,,
osm:2337091724,2337091724,16.5066095,-19.091892999999995,658497.6944235754,7888323.027514489,3,1,False,,,,
osm:2337091725,2337091725,16.5064304,-19.091898700000005,658478.8439580805,7888322.558753528,3,1,False,,,,
osm:2338985980,2338985980,16.4714514,-19.021383899999993,654863.8058032545,7896158.243200632,1,1,False,,,,
osm:2338986044,2338986044,16.4649269,-19.026392099999995,654172.3913084521,7895609.688988112,2,1,False,,,,
osm:2338986095,2338986095,16.4698799,-19.033493499999995,654687.1713876477,7894819.373273788,3,1,False,,,,
osm:2338986114,2338986114,16.4685812,-19.034150800000003,654549.8668575245,7894747.768675916,2,1,False,,,,
osm:2338986203,2338986203,16.4698089,-19.034615800000005,654678.658769193,7894695.222940825,3,1,False,,,,
osm:2338986205,2338986205,16.4657921,-19.034568799999995,654255.9119552809,7894703.957962742,3,1,False,,,,
osm:2338986244,2338986244,16.4723876,-19.034658399999998,654950.0418768896,7894688.234748621,3,1,False,,,,
osm:2338986277,2338986277,16.4723312,-19.034794299999994,654943.9793746165,7894673.243485304,3,1,False,,,,
osm:2338986282,2338986282,16.4700096,-19.034820600000003,654699.5938516896,7894672.379483892,3,1,False,,,,
osm:2338986290,2338986290,16.4683105,-19.034879399999994,654520.6999887974,7894667.367615722,3,1,False,,,,
osm:2338986301,2338986301,16.4710861,-19.0349337,654812.7965072315,7894658.913221126,3,1,False,,,,
osm:2338986310,2338986310,16.4679607,-19.0349581,654483.808874708,7894658.96509633,3,1,False,,,,
osm:2338986320,2338986320,16.4678627,-19.0350051,654473.4503844772,7894653.849486801,3,1,False,,,,
osm:2338986338,2338986338,16.4700488,-19.035097400000005,654703.4634515623,7894641.709533818,2,1,False,,,,
osm:2338986348,2338986348,16.4670508,-19.0350855,654387.9193406687,7894645.665056898,3,1,False,,,,
osm:2338986356,2338986356,16.4683559,-19.035093699999997,654525.280293159,7894643.609581731,3,1,False,,,,
osm:2338986388,2338986388,16.4726474,-19.035227899999995,654976.8588017353,7894624.974833874,3,1,False,,,,
osm:2338986415,2338986415,16.471098,-19.035356899999996,654813.6567320917,7894612.06417004,3,1,False,,,,
osm:2338986459,2338986459,16.4688066,-19.035622800000002,654572.229090398,7894584.653701656,3,1,False,,,,
osm:2338986476,2338986476,16.4701895,-19.0357231,654717.6931824429,7894572.334916876,4,1,False,,,,
osm:2338986485,2338986485,16.4697284,-19.035786499999993,654669.1014439493,7894565.724194048,3,1,False,,,,
osm:2338986507,2338986507,16.4704691,-19.035958299999997,654746.9044974159,7894546.057286088,3,1,False,,,,
osm:2338986512,2338986512,16.4729012,-19.035955399999988,655002.8973434714,7894544.233161109,3,1,False,,,,
osm:2338986530,2338986530,16.4703416,-19.036024999999995,654733.4227158662,7894538.787478967,3,1,False,,,,
osm:2338986548,2338986548,16.471349,-19.036095000000003,654839.3914033812,7894530.152066436,3,1,False,,,,
osm:2338986574,2338986574,16.4734179,-19.036297599999997,655056.9647760944,7894505.903231891,3,1,False,,,,
osm:2338986591,2338986591,16.4734796,-19.036373,655063.3889722556,7894497.503683543,3,1,False,,,,
osm:2338986603,2338986603,16.4677786,-19.036384500000004,654463.322541415,7894501.255606541,1,1,False,,,,
osm:2338986633,2338986633,16.4716026,-19.0365396,654865.6716734583,7894480.721358877,3,1,False,,,,
osm:2338986643,2338986643,16.4732972,-19.0365424,655044.0332537033,7894478.916025499,3,1,False,,,,
osm:2338986645,2338986645,16.4709782,-19.03657139999999,654799.9213471062,7894477.752407113,4,1,False,,,,
osm:2338986646,2338986646,16.470422,-19.036560400000003,654741.3890664378,7894479.460103191,3,1,False,,,,
osm:2338986648,2338986648,16.4732714,-19.0365699,655041.2921557508,7894475.89518242,3,1,False,,,,
osm:2338986665,2338986665,16.4734702,-19.036690299999997,655062.1049405084,7894462.394097595,3,1,False,,,,
osm:2338986678,2338986678,16.4704298,-19.036650299999994,654742.126743117,7894469.503356557,3,1,False,,,,
osm:2338986679,2338986679,16.4699081,-19.036775000000006,654687.1000660071,7894456.161596546,4,1,False,,,,
osm:2338986681,2338986681,16.471076,-19.036739400000002,654810.0594757223,7894459.072424686,3,1,False,,,,
osm:2338986689,2338986689,16.4696102,-19.03677639999999,654655.743544872,7894456.269058937,4,1,False,,,,
osm:2338986733,2338986733,16.4699639,-19.037196099999996,654692.583147545,7894409.506310198,3,1,False,,,,
osm:2338986734,2338986734,16.472387,-19.0371491,654947.6676832058,7894412.571610618,3,1,False,,,,
osm:2338986746,2338986746,16.4704374,-19.0371605,654742.4538810723,7894413.029191981,1,1,False,,,,
osm:2338986759,2338986759,16.4700276,-19.037196799999993,654699.2871748627,7894409.372714893,1,1,False,,,,
osm:2338986784,2338986784,16.469986,-19.037399399999995,654694.7209186236,7894386.986183898,3,1,False,,,,
osm:2338986812,2338986812,16.4730758,-19.0375406,655019.8032294252,7894368.63349575,3,1,False,,,,
osm:2338986834,2338986834,16.4734745,-19.038028400000005,655061.3149448922,7894314.293078531,3,1,False,,,,
osm:2338986839,2338986839,16.4890175,-19.038061299999992,656697.2444223219,7894296.852579122,3,1,False,,,,
osm:2338986845,2338986845,16.4737022,-19.038312600000005,655085.0172114018,7894282.63749258,3,1,False,,,,
osm:2338986931,2338986931,16.4724758,-19.039720800000005,654954.6275957783,7894127.864644711,1,1,False,,,,
osm:2338986949,2338986949,16.4882697,-19.039862400000004,656616.8459222678,7894098.177928686,3,1,False,,,,
osm:2338986987,2338986987,16.4931307,-19.04010939999999,657128.248459018,7894066.496888071,1,1,False,,,,
osm:2338987001,2338987001,16.4905431,-19.040272,656855.7432323087,7894050.814601138,3,1,False,,,,
osm:2338987036,2338987036,16.4735217,-19.041343299999994,655063.2041604611,7893947.367301,3,1,False,,,,
osm:2339146295,2339146295,16.4956963,-18.957958699999995,657475.5737829171,7903156.449161685,3,1,False,,,,
osm:2339146296,2339146296,16.4957749,-18.957965499999993,657483.844355319,7903155.626343256,3,1,False,,,,
osm:2339146297,2339146297,16.4961253,-18.9579972,657520.7133868751,7903151.804817751,3,1,False,,,,
osm:2339146303,2339146303,16.4958373,-18.958295900000003,657490.1051474698,7903119.002835362,3,1,False,,,,
osm:2339146375,2339146375,16.4825824,-18.9745906,656079.1362013728,7901327.346383252,3,1,False,,,,
osm:2339146379,2339146379,16.4828234,-18.974777599999996,656104.3378182582,7901306.436233991,3,1,False,,,,
osm:2339146494,2339146494,16.5562925,-18.991625500000005,663823.7969652778,7899374.984308813,3,1,False,,,,
osm:2339146527,2339146527,16.5559164,-18.9975621,663778.3898992462,7898718.27084698,3,1,False,,,,
osm:2339146531,2339146531,16.5563251,-18.997676,663821.3072484825,7898705.283857146,3,1,False,,,,
osm:2339146538,2339146538,16.5505944,-18.9986091,663217.0572977872,7898607.334873175,1,1,False,,,,
osm:2339146555,2339146555,16.5516653,-19.001261200000002,663327.2144149912,7898312.806563444,3,1,False,,,,
osm:2339146609,2339146609,16.5651308,-19.008646200000005,664737.5891935283,7897482.872790419,3,1,False,,,,
osm:2339146654,2339146654,16.5355692,-19.016197099999996,661618.1925890265,7896674.5779278455,3,1,False,,,,
osm:2339146655,2339146655,16.5352917,-19.016216,661588.9619849254,7896672.741224925,3,1,False,,,,
osm:2339146744,2339146744,16.5196185,-19.042292599999996,659914.0901550113,7893800.944567075,3,1,False,,,,
osm:2339146823,2339146823,16.5629601,-19.074145799999993,664444.532088916,7890235.349099454,3,1,False,,,,
osm:2339146877,2339146877,16.5142747,-19.095949499999996,659300.3513128257,7887867.0999564165,4,1,False,,,,
osm:2339146891,2339146891,16.5098554,-19.099114099999994,658832.3390613124,7887520.859572751,3,1,False,,,,
osm:2339146901,2339146901,16.5098021,-19.099530900000005,658826.3331842356,7887474.776770795,3,1,False,,,,
osm:2339309017,2339309017,16.6993058,-18.93150989999999,678945.6528267052,7905889.683233199,3,1,False,,,,
osm:2339309019,2339309019,16.6991228,-18.93151109999999,678926.3762146097,7905889.735929294,3,1,False,,,,
osm:2339309032,2339309032,16.5876686,-18.933021,667185.7005112196,7905831.891235887,3,1,False,,,,
osm:2339309039,2339309039,16.586404,-18.9333063,667052.2239698451,7905801.511382097,2,1,False,gate,,yes,
osm:2339309045,2339309045,16.5872385,-18.9337547,667139.6705102258,7905751.092104763,3,1,False,,,,
osm:2339309096,2339309096,16.683919,-18.947671099999994,677307.9023565947,7904116.408606375,3,1,False,,,,
osm:2339309103,2339309103,16.6837373,-18.947941600000004,677288.4801395608,7904086.650939925,3,1,False,,,,
osm:2339309108,2339309108,16.7086267,-18.9497592,679907.8641263159,7903860.262064309,3,1,False,,,,
osm:2339309125,2339309125,16.6862447,-18.951644599999998,677548.6380403715,7903674.2609049445,2,1,False,,,,
osm:2339309133,2339309133,16.6864449,-18.951761400000002,677569.5987824157,7903661.1312629,3,1,False,,,,
osm:2339309137,2339309137,16.6862249,-18.9519354,677546.2450340197,7903642.0935585005,2,1,False,,,,
osm:2339309320,2339309320,16.6556034,-18.975059899999998,674297.2809339024,7901113.133536923,1,1,False,,,,
osm:2339309469,2339309469,16.651823,-18.987965699999997,673885.8045091635,7899688.403900757,3,1,False,,,,
osm:2339309528,2339309528,16.6138454,-18.992775199999993,669882.2098067792,7899193.164570689,3,1,False,,,,
osm:2339309694,2339309694,16.6647809,-19.009121299999997,675228.0180618351,7897333.9475807855,4,1,False,,,,
osm:2339309726,2339309726,16.667106,-19.014139599999993,675467.5369755863,7896776.177655457,3,1,False,,,,
osm:2339309795,2339309795,16.6379707,-19.041025800000003,672372.5533497725,7893829.136616067,1,1,False,,,,
osm:2339309818,2339309818,16.6334586,-19.042865200000005,671895.7242349721,7893629.969272265,3,1,False,,,,
osm:2339310065,2339310065,16.6842552,-19.055377500000006,677229.1749914767,7892194.507164948,3,1,False,,,,
osm:2339310156,2339310156,16.6840554,-19.059615999999995,677203.6420999286,7891725.564937465,3,1,False,,,,
osm:2339310158,2339310158,16.6837717,-19.0596545,677173.742235286,7891721.5901619205,3,1,False,,,,
osm:2339310310,2339310310,16.6873071,-19.066431999999992,677538.6198583356,7890967.836405845,3,1,False,,,,
osm:2339310329,2339310329,16.6885374,-19.066555999999988,677667.9696486554,7890952.86482987,4,1,False,,,,
osm:2339310343,2339310343,16.6891629,-19.066775399999997,677733.5659368368,7890927.946118467,1,1,False,,,,
osm:2339310396,2339310396,16.6880851,-19.067756999999997,677619.0878785765,7890820.388516987,3,1,False,,,,
osm:2339698110,2339698110,16.7329747,-18.8430629,682587.8942548737,7915645.120315703,3,1,False,,,,
osm:2339698223,2339698223,16.8058453,-18.849861299999997,690259.9322344802,7914815.983474922,3,1,False,,,,
osm:2339698239,2339698239,16.8053613,-18.850195599999996,690208.5487585234,7914779.4993946245,3,1,False,,,,
osm:2339698366,2339698366,16.7214343,-18.855744700000002,681358.0643042042,7914253.270134805,3,1,False,,,,
osm:2339698377,2339698377,16.7899311,-18.856323199999995,688575.5872311629,7914117.730565646,3,1,False,,,,
osm:2339698455,2339698455,16.7285808,-18.860451700000002,682106.0681582747,7913724.940180995,3,1,False,,,,
osm:2340321346,2340321346,17.0417972,-18.8036308,715186.0916684242,7919663.907447862,3,1,False,,,,
osm:2340321353,2340321353,17.0412461,-18.8037048,715127.8972289199,7919656.38310023,3,1,False,,,,
osm:2340321423,2340321423,16.931082,-18.8058626,703511.4471158264,7919547.344381216,3,1,False,,,,
osm:2340321481,2340321481,16.930308,-18.807161500000003,703428.2905521205,7919404.448554561,1,1,False,,,,
osm:2340321511,2340321511,16.9409651,-18.8094228,704549.011193174,7919141.890842647,2,1,False,,,,
osm:2340321514,2340321514,16.9410204,-18.8095002,704554.747152199,7919133.259259815,2,1,False,,,,
osm:2340321525,2340321525,16.9382161,-18.8121639,704255.9080459774,7918841.626136085,3,1,False,,,,
osm:2340321770,2340321770,16.9294581,-18.81915000000001,703324.2783739844,7918078.347465057,3,1,False,,,,
osm:2340321808,2340321808,16.929927,-18.820279599999996,703372.3462346842,7917952.768393091,3,1,False,,,,
osm:2340321838,2340321838,16.9299283,-18.820564199999993,703372.1407999425,7917921.262903319,3,1,False,,,,
osm:2340321899,2340321899,16.9329652,-18.824206499999992,703687.8699932897,7917514.59259546,1,1,False,,,,
osm:2340322041,2340322041,16.9503116,-18.826813099999995,705513.1515955885,7917206.0492689395,1,1,False,,,,
osm:2340322079,2340322079,16.949602,-18.827364399999997,705437.6844232621,7917145.843918037,3,1,False,,,,
osm:2340322161,2340322161,16.9495798,-18.827645000000004,705435.0031745606,7917114.80809834,3,1,False,,,,
osm:2340322164,2340322164,16.9509847,-18.8276677,705583.0610693333,7917110.667906131,1,1,False,,,,
osm:2340322809,2340322809,16.9044479,-18.841309099999997,700661.6252240007,7915653.92070763,3,1,False,,,,
osm:2340322862,2340322862,16.9046782,-18.8415982,700685.5541486768,7915621.65822272,3,1,False,,,,
osm:2340323452,2340323452,16.8434019,-18.8563429,694210.4288847722,7914057.786881285,3,1,False,,,,
osm:2340323523,2340323523,16.8458273,-18.8575148,694464.6745668437,7913925.406656671,1,1,False,,,,
osm:2340323639,2340323639,16.830657,-18.8672546,692854.85246217,7912863.880949324,3,1,False,,,,
osm:2340323775,2340323775,17.0606845,-18.878731300000002,717080.7082783383,7911327.073242778,3,1,False,,,,
osm:2340323822,2340323822,17.0607327,-18.879361700000004,717084.9750768984,7911257.226722773,3,1,False,,,,
osm:2340323838,2340323838,17.0605387,-18.879624699999997,717064.192448654,7911228.349762016,3,1,False,,,,
osm:2340323892,2340323892,17.0604954,-18.879814500000002,717059.3848990098,7911207.391391378,3,1,False,,,,
osm:2340323937,2340323937,17.0610867,-18.8804002,717120.9406992294,7911141.826903192,3,1,False,,,,
osm:2340324042,2340324042,16.8283071,-18.895018899999997,692575.4835066585,7909793.17424427,3,1,False,,,,
osm:2340324047,2340324047,16.8287033,-18.895555200000004,692616.6127125917,7909733.378897772,3,1,False,,,,
osm:2340324074,2340324074,16.8270541,-18.8964144,692441.8737391892,7909640.068684891,3,1,False,,,,
osm:2340324088,2340324088,16.8264183,-18.8973713,692373.7935876404,7909534.840077549,1,1,False,,,,
osm:2340324100,2340324100,17.0677124,-18.904770600000003,717787.6128000121,7908435.785236312,3,1,False,,,,
osm:2340324191,2340324191,16.9450313,-19.050179900000007,704684.0406163521,7892485.95663734,4,1,False,,,,
osm:2340324195,2340324195,17.105146800000004,-19.0749187,721506.5861124335,7889552.648839101,3,1,False,,,,
osm:2340324217,2340324217,16.9517817,-19.2133114,705192.936070758,7874419.3865141915,4,1,False,,,,
osm:2340324451,2340324451,17.0239945,-19.308327999999996,712664.5680830333,7863813.798226742,1,1,False,,,,
osm:2340324539,2340324539,15.940352299999999,-19.328607399999996,598779.5635054758,7862543.903312358,3,1,False,,,,
osm:2340324621,2340324621,15.942341000000003,-19.329941399999992,598987.6781056185,7862395.14197838,1,1,False,,,,
osm:2340324630,2340324630,15.9407091,-19.3301134,598816.1405172006,7862377.040433668,3,1,False,,,,
osm:2340324633,2340324633,15.9410351,-19.330230000000004,598850.3172269515,7862363.95089921,3,1,False,,,,
osm:2340324642,2340324642,15.941410900000001,-19.3304604,598889.6569598273,7862338.23933498,3,1,False,,,,
osm:2340324651,2340324651,15.9422419,-19.330673199999996,598976.826582265,7862314.215083105,3,1,False,,,,
osm:2340324659,2340324659,17.0024431,-19.333554499999995,710367.0901677515,7861047.431457832,3,1,False,,,,
osm:2340324664,2340324664,16.8917429,-19.3370677,698729.7838723522,7860789.454272502,3,1,False,,,,
osm:2340324671,2340324671,16.8914377,-19.3375125,698697.1746631742,7860740.5659664385,3,1,False,,,,
osm:2340324736,2340324736,16.9656276,-19.357797099999992,706467.7138194377,7858408.070826214,3,1,False,,,,
osm:2340324752,2340324752,16.1149012,-19.3609576,617093.6978178228,7858854.889417269,3,1,False,,,,
osm:2340325624,2340325624,16.289535,-19.401913800000003,635403.207582315,7854194.468565119,3,1,False,,,,
osm:2340325721,2340325721,16.8344234,-19.419819500000006,692609.3135698629,7851693.962394904,3,1,False,,,,
osm:2340325828,2340325828,16.5344233,-19.434723799999997,661088.9624244884,7850352.3438971825,1,1,False,,,,
osm:2340325872,2340325872,16.4854155,-19.435490699999992,655942.3063550313,7850312.5945099015,3,1,False,,,,
osm:2340325894,2340325894,16.5330666,-19.435888699999996,660945.356575299,7850224.67715069,3,1,False,,,,
osm:2340325956,2340325956,16.6966867,-19.480102900000006,678078.0784648298,7845169.371100174,3,1,False,,,,
osm:2341116856,2341116856,16.485814,-18.500862399999995,656856.2627765406,7953754.07120042,2,1,False,,,,
osm:2341116862,2341116862,16.8050671,-18.500871699999998,690567.7355505456,7953445.745875467,3,1,False,,,,
osm:2341116863,2341116863,16.5040146,-18.500871900000003,658778.0303762102,7953737.10532278,2,1,False,,,,
osm:2341116867,2341116867,16.524840300000005,-18.5008884,660976.9877102424,7953716.831406043,2,1,False,,,,
osm:2341116870,2341116870,16.5626886,-18.500904999999996,664973.3939229979,7953680.817259684,2,1,False,,,,
osm:2341116872,2341116872,16.7404453,-18.500907699999996,683743.6113403125,7953508.781845293,3,1,False,,,,
osm:2341116881,2341116881,16.660987900000002,-18.500928800000008,675353.1179818942,7953585.500268545,2,1,False,,,,
osm:2341116882,2341116882,16.695261,-18.5009288,678972.2238485843,7953551.854800198,2,1,False,,,,
osm:2341116883,2341116883,16.5582035,-18.5009299,664499.7830908061,7953682.155308219,2,1,False,,,,
osm:2341116886,2341116886,16.6575956,-18.500931899999994,674994.9039259676,7953588.449921434,2,1,False,,,,
osm:2341116887,2341116887,16.6707319,-18.500932899999995,676382.0370492857,7953575.550918487,2,1,False,,,,
osm:2341116892,2341116892,16.6738225,-18.500945400000003,676708.3787478318,7953571.144001897,2,1,False,,,,
osm:2341116901,2341116901,16.7442764,-18.5009814,684148.0926828234,7953496.719402457,2,1,False,,,,
osm:2341116914,2341116914,16.7443643,-18.501046500000005,684157.3052024217,7953489.424231196,4,1,False,,,,
osm:2341116939,2341116939,16.7402647,-18.501353699999996,683724.0642514527,7953459.6011274075,1,1,False,,,,
osm:2341116944,2341116944,16.7446981,-18.5013484,684192.2311539747,7953455.668312594,2,1,False,gate,,,yes
osm:2341116954,2341116954,16.7448273,-18.501464700000003,684205.7500853445,7953442.6639806535,4,1,False,,,,
osm:2341116962,2341116962,16.7400564,-18.501554999999996,683701.8532779682,7953437.53271079,1,1,False,,,,
osm:2341117067,2341117067,16.7730484,-18.521572599999995,687164.006308478,7951187.987776076,3,1,False,,,,
osm:2341117166,2341117166,16.8070092,-18.554854499999998,690712.9230423162,7947468.530025782,3,1,False,,,,
osm:2341117176,2341117176,16.807055100000003,-18.555819899999996,690716.6958300008,7947361.624411037,3,1,False,,,,
osm:2341117204,2341117204,16.8086525,-18.557935100000005,690882.9776405983,7947125.8058007145,3,1,False,,,,
osm:2341117207,2341117207,16.8084673,-18.5580366,690863.313748597,7947114.767565235,3,1,False,,,,
osm:2341117213,2341117213,16.808005,-18.558561,690813.9270495905,7947057.213769032,2,1,False,gate,,,
osm:2341117223,2341117223,16.8096557,-18.5592674,690987.3994792614,7946977.27301882,3,1,False,,,,
osm:2341117249,2341117249,16.8015919,-18.561722700000004,690133.4156675062,7946714.045858706,1,1,False,,,,
osm:2341117338,2341117338,16.8292313,-18.609613699999997,692997.2075902642,7941383.641328456,3,1,False,,,,
osm:2341117345,2341117345,16.8297646,-18.6097626,693053.3219315803,7941366.586124718,3,1,False,,,,
osm:2341736587,2341736587,16.8693632,-18.5008494,697357.6463747317,7953379.103206778,3,1,False,,,,
osm:2341736589,2341736589,16.8690445,-18.500850700000008,697323.9885968936,7953379.30785072,3,1,False,,,,
osm:2341736599,2341736599,16.8692793,-18.501040199999995,697348.5674008091,7953358.075457873,3,1,False,,,,
osm:2341736609,2341736609,16.8046312,-18.507004199999997,690514.9162340676,7952767.423836046,3,1,False,,,,
osm:2341736619,2341736619,16.8751553,-18.5082068,697960.859301615,7952558.370810542,4,1,False,,,,
osm:2341736659,2341736659,17.0346945,-18.51067859999999,714805.8571745534,7952102.192919839,3,1,False,,,,
osm:2341736665,2341736665,17.0697358,-18.510714300000004,718506.4591229672,7952056.140637737,3,1,False,,,,
osm:2341736678,2341736678,17.0699829,-18.510793300000007,718532.4547732916,7952047.0958961565,3,1,False,,,,
osm:2341736696,2341736696,17.0697653,-18.510910000000003,718509.3260195883,7952034.440888925,3,1,False,,,,
osm:2341736727,2341736727,17.0695299,-18.511184200000002,718484.1174297932,7952004.372165075,3,1,False,,,,
osm:2341736972,2341736972,17.0456261,-18.541038700000005,715922.1747269145,7948728.307664229,3,1,False,,,,
osm:2341737024,2341737024,16.809736,-18.559377499999997,690995.7538838697,7946965.001142399,3,1,False,,,,
osm:2341737048,2341737048,17.138933,-18.5779656,725726.0057548325,7944525.8767702095,3,1,False,,,,
osm:2341737184,2341737184,17.1126787,-18.582542,722948.366228461,7944052.032919447,1,1,False,,,,
osm:2341737340,2341737340,17.1121814,-18.585568099999993,722891.9301266394,7943717.651026506,3,1,False,,,,
osm:2341737510,2341737510,17.0279603,-18.619975200000003,713958.2756358179,7940011.253324097,3,1,False,,,,
osm:2341737518,2341737518,17.0278264,-18.620131,713943.9489179992,7939994.166209656,3,1,False,,,,
osm:2341737519,2341737519,17.0280414,-18.6201357,713966.6340059052,7939993.389383827,3,1,False,,,,
osm:2341737521,2341737521,17.0277844,-18.62014999999999,713939.4924859349,7939992.113043282,3,1,False,,,,
osm:2341737526,2341737526,17.0275696,-18.620227800000002,713916.7252756155,7939983.756943588,3,1,False,,,,
osm:2341737533,2341737533,17.027770500000003,-18.620341399999997,713937.7859604213,7939970.941867142,3,1,False,,,,
osm:2341737541,2341737541,17.1064002,-18.6204483,722236.3308965194,7939863.469828289,3,1,False,,,,
osm:2341737559,2341737559,17.1369552,-18.6206484,725460.9704625997,7939803.169832702,3,1,False,,,,
osm:2341737600,2341737600,16.8912577,-18.621770899999998,699529.1338279614,7939970.093604326,3,1,False,,,,
osm:2341737603,2341737603,16.7969349,-18.621855799999995,689575.2280281605,7940063.032260387,2,1,False,,,,
osm:2341737605,2341737605,16.8912685,-18.621876699999998,699530.1500819114,7939958.370411151,3,1,False,,,,
osm:2341737614,2341737614,16.8915188,-18.622192400000003,699556.1960702152,7939923.146514157,3,1,False,,,,
osm:2341737615,2341737615,16.8913015,-18.622199599999988,699533.2557303433,7939922.591358082,4,1,False,,,,
osm:2341737616,2341737616,16.890866000000003,-18.622217700000007,699487.2757675485,7939921.072405202,3,1,False,,,,
osm:2341737681,2341737681,16.8328339,-18.624330899999997,693360.7702981113,7939750.735604205,3,1,False,,,,
osm:2341737683,2341737683,16.8338566,-18.624434099999988,693468.5760792128,7939738.20928867,3,1,False,,,,
osm:2341737691,2341737691,16.8339686,-18.624675699999994,693480.1216432708,7939711.346020871,3,1,False,,,,
osm:2341737695,2341737695,16.8336455,-18.624736199999997,693445.9574235469,7939704.997986678,3,1,False,,,,
osm:2341737705,2341737705,16.8334063,-18.624965,693420.4564889688,7939679.930464948,3,1,False,,,,
osm:2341737706,2341737706,16.8332927,-18.624978199999997,693408.4537165945,7939678.591922812,3,1,False,,,,
osm:2341737806,2341737806,16.779276,-18.629020199999992,687703.8777960641,7939288.609208975,2,1,False,,,,
osm:2341738301,2341738301,16.737699,-18.646621399999994,683297.7524746585,7937383.459445005,3,1,False,,,,
osm:2341738327,2341738327,16.7340248,-18.6484421,682908.1411148328,7937185.693028379,3,1,False,,,,
osm:2341738361,2341738361,16.7243035,-18.6497256,681881.1041851969,7937053.531423299,1,1,False,,,,
osm:2341738605,2341738605,16.7255176,-18.658391799999997,681999.9569592745,7936093.089183998,1,1,False,,,,
osm:2341738686,2341738686,16.7251241,-18.6587244,681958.0875525519,7936056.675779657,3,1,False,,,,
osm:2341738687,2341738687,16.7252407,-18.658740899999994,681970.3713573545,7936054.730957361,3,1,False,,,,
osm:2341738723,2341738723,16.7251177,-18.658964599999997,681957.1561667582,7936030.096009241,3,1,False,,,,
osm:2341738726,2341738726,16.7252582,-18.658998,681971.9433956203,7936026.256329385,3,1,False,,,,
osm:2341738759,2341738759,16.7254923,-18.6593462,681996.2696638878,7935987.478162856,3,1,False,,,,
osm:2341738800,2341738800,16.7258223,-18.6598067,682030.5934814218,7935936.172615134,3,1,False,,,,
osm:2341738813,2341738813,16.7261139,-18.6599723,682061.1806266998,7935917.546753571,2,1,False,,,,
osm:2341738815,2341738815,16.7257924,-18.659949900000004,682027.2862291824,7935920.353081729,3,1,False,,,,
osm:2341739069,2341739069,17.0272947,-18.724169100000005,713757.3148729692,7928477.849276064,3,1,False,,,,
osm:2341739090,2341739090,17.0301524,-18.75247119999999,714023.0529630223,7925341.373679249,2,1,False,,,,
osm:2341739092,2341739092,17.0350796,-18.759519099999995,714533.7490273629,7924555.23797838,2,1,False,,,,
osm:2341739125,2341739125,17.0425812,-18.799203200000004,715274.3796941361,7920153.099566521,1,1,False,,,,
osm:2341739201,2341739201,17.0407686,-18.8002946,715081.8919004183,7920034.475415402,3,1,False,,,,
osm:2341739222,2341739222,17.0401006,-18.8008517,715010.7579144121,7919973.612284063,3,1,False,,,,
osm:2341739226,2341739226,17.0380711,-18.800974500000002,714796.6364569042,7919962.473306275,1,1,False,,,,
osm:2341739243,2341739243,17.0424398,-18.802030500000004,715255.8748249263,7919840.284496409,1,1,False,,,,
osm:2341739254,2341739254,17.0413559,-18.8021631,715141.4337294818,7919826.918585185,1,1,False,,,,
osm:2341739256,2341739256,17.042477000000005,-18.8021956,715259.5866357831,7919821.962594181,3,1,False,,,,
osm:2341739259,2341739259,17.042045200000004,-18.802218600000007,715214.0339785373,7919819.939666029,1,1,False,,,,
osm:2341739300,2341739300,17.04248,-18.8026239,715259.3579230243,7919774.545489902,3,1,False,,,,
osm:2341739303,2341739303,17.0416748,-18.802642400000007,715174.4447593875,7919773.473093955,1,1,False,,,,
osm:2341739313,2341739313,17.042333,-18.8027149,715243.7443989477,7919764.649784627,3,1,False,,,,
osm:2341739317,2341739317,17.0419112,-18.80272709999999,715199.2598920066,7919763.810293142,3,1,False,,,,
osm:2341739320,2341739320,17.042407400000002,-18.802735199999994,715251.562316867,7919762.312386924,3,1,False,,,,
osm:2341739330,2341739330,17.0425318,-18.8028692,715264.5068833077,7919747.327626853,3,1,False,,,,
osm:2341739366,2341739366,17.0426141,-18.803490299999993,715272.3930885658,7919678.471151752,3,1,False,,,,
osm:2343133846,2343133846,16.90154,-18.717539099999996,700501.5785353334,7929357.783399513,3,1,False,,,,
osm:2343133852,2343133852,16.901772,-18.717521699999992,700526.0687118749,7929359.448741699,3,1,False,,,,
osm:2343134099,2343134099,16.9085548,-18.777391600000005,701170.4924681096,7922724.582895921,3,1,False,,,,
osm:2343134108,2343134108,16.9083272,-18.777519799999997,701146.3430931481,7922710.649295206,3,1,False,,,,
osm:2343134223,2343134223,16.898598100000005,-18.780637399999996,700116.8687315497,7922376.524511194,3,1,False,,,,
osm:2343134264,2343134264,16.8986056,-18.780896200000008,700117.3537449106,7922347.868546799,3,1,False,,,,
osm:2343134588,2343134588,16.9102554,-18.79181399999999,701332.6504233861,7921126.180966437,3,1,False,,,,
osm:2343134673,2343134673,16.9128602,-18.796767699999997,701601.3661999127,7920574.880864527,3,1,False,,,,
osm:2343134704,2343134704,16.9128482,-18.797035200000003,701599.7824610717,7920545.283677336,3,1,False,,,,
osm:2351057877,2351057877,16.4704866,-19.034661199999995,654749.9484015241,7894689.601136475,3,1,False,,,,
osm:2351057882,2351057882,16.4709935,-19.03477409999999,654803.1977963827,7894676.658922141,3,1,False,,,,
osm:2351159682,2351159682,14.5820518,-19.096691299999993,456036.15897884854,7888421.3524034135,1,1,False,,,,
osm:2351159921,2351159921,14.647742399999998,-19.1230034,462952.06816553447,7885525.093662654,3,1,False,,,,
osm:2351159927,2351159927,14.647337400000001,-19.123192999999997,462909.51504432864,7885504.028405895,3,1,False,,,,
osm:2351159935,2351159935,14.6477718,-19.123484899999998,462955.2675788347,7885471.821470698,3,1,False,,,,
osm:2351159960,2351159960,14.579701699999998,-19.1250015,455796.4726499609,7885288.195348866,1,1,False,,,,
osm:2351160024,2351160024,14.3920741,-19.129387899999998,436064.5332219436,7884744.806810459,3,1,False,,,,
osm:2351160140,2351160140,14.6559382,-19.136266300000003,463816.9400139017,7884059.2574570235,3,1,False,,,,
osm:2351160213,2351160213,14.584867099999999,-19.140707599999992,456343.86179903627,7883551.586629968,3,1,False,,,,
osm:2351160217,2351160217,14.5792655,-19.141027099999995,455754.86406671617,7883514.824415653,3,1,False,,,,
osm:2351160220,2351160220,14.4904555,-19.234390699999995,446445.47708728974,7873158.953574134,3,1,False,,,,
osm:2351160459,2351160459,14.5018564,-19.2543111,447650.0837146068,7870958.152619689,3,1,False,,,,
osm:2351160469,2351160469,14.5021152,-19.254578099999996,447677.36621300195,7870928.685922435,3,1,False,,,,
osm:2351160480,2351160480,14.501865700000002,-19.254673200000006,447651.1759486851,7870918.087555537,3,1,False,,,,
osm:2351160530,2351160530,14.501459400000002,-19.25553649999999,447608.7512393708,7870822.437348444,1,1,False,,,,
osm:2351179301,2351179301,14.779559000000003,-19.152004899999998,476819.712105631,7882338.773433862,2,1,False,,,,
osm:2397679755,2397679755,16.9460015,-18.8105417,705078.5789258473,7919012.223823349,3,1,False,,,,
osm:2397679769,2397679769,16.9480793,-18.810446,705297.7304868518,7919020.41652188,1,1,False,,,,
osm:2397679935,2397679935,16.9469442,-18.8106298,705177.848579409,7919001.382461106,4,1,False,,,,
osm:2397679936,2397679936,16.9464903,-18.811178099999996,705129.3347171167,7918941.211993026,2,1,False,,,,
osm:2397680217,2397680217,16.9518367,-18.809953399999998,705694.4241613981,7919070.597451188,1,1,False,,,,
osm:2397681484,2397681484,16.9473435,-18.8145713,705215.157677497,7918564.610620541,1,1,False,,,,
osm:2397683073,2397683073,16.9420861,-18.805350899999997,704672.1115518895,7919591.343130571,3,1,False,,,,
osm:2397683075,2397683075,16.942438,-18.8052837,704709.2901651682,7919598.376379424,3,1,False,,,,
osm:2397685316,2397685316,16.9390886,-18.803561999999992,704358.276541247,7919792.818637958,1,1,False,,,,
osm:2483466193,2483466193,15.9164874,-19.177156899999996,596360.9038761155,7879317.163771335,3,1,False,,,,
osm:2483484370,2483484370,15.919138,-19.180307299999996,596637.7734701822,7878967.070099555,3,1,False,,,,
osm:2483484373,2483484373,15.921064700000002,-19.180183300000003,596840.4321200239,7878979.723157749,3,1,False,,,,
osm:2483484376,2483484376,15.921805500000001,-19.1802847,596918.265569107,7878968.0905150995,4,1,False,,,,
osm:2483484383,2483484383,15.922450600000001,-19.1800622,596986.2260013788,7878992.353958502,3,1,False,,,,
osm:2483484394,2483484394,15.9197439,-19.1801461,596701.575941409,7878984.572773954,1,1,False,,,,
osm:2483484396,2483484396,15.9191455,-19.179472500000003,596639.0489920663,7879059.445906558,3,1,False,,,,
osm:2483484400,2483484400,15.9197873,-19.179102399999998,596706.748498722,7879100.045804499,3,1,False,,,,
osm:2483484404,2483484404,15.917844999999998,-19.179801400000006,596502.1134852748,7879023.769684581,1,1,False,,,,
osm:259145778,259145778,16.7726318,-18.521872600000002,687119.6920465865,7951155.21486356,3,1,False,,,,
osm:259145781,259145781,16.7719907,-18.524807300000003,687048.8074044366,7950831.053877368,3,1,False,,,,
osm:259145915,259145915,16.8067336,-18.555407199999998,690683.2142149677,7947407.645547856,4,1,False,,,,
osm:259146012,259146012,16.8579555,-18.6235327,696012.7100623171,7939811.810125649,3,1,False,,,,
osm:259146025,259146025,16.895963,-18.6742159,699964.2441739173,7934159.601261563,3,1,False,,,,
osm:259146055,259146055,16.908599,-18.7777823,701174.6888132173,7922681.284698162,3,1,False,,,,
osm:259146096,259146096,16.9131622,-18.7969507,701632.9861826522,7920554.281105765,3,1,False,,,,
osm:259146106,259146106,16.9349778,-18.807214499999997,703920.5093226809,7919393.226366941,3,1,False,,,,
osm:259146107,259146107,16.9355028,-18.8073777,703975.6571942793,7919374.557921761,3,1,False,,,,
osm:259146249,259146249,16.9212038,-18.8457154,702422.3465368722,7915147.115439239,3,1,False,,,,
osm:259146284,259146284,16.9039598,-18.8417219,700609.6910441148,7915608.778331672,3,1,False,,,,
osm:259146285,259146285,16.9261658,-18.8254094,702969.7167929347,7917389.228001979,3,1,False,,,,
osm:259146690,259146690,16.7967402,-18.8579994,689291.2558735416,7913924.931854304,3,1,False,,,,
osm:259146730,259146730,16.7703446,-18.896607899999992,686466.9646880934,7909679.415184731,3,1,False,,,,
osm:259148193,259148193,16.8062432,-18.850065499999996,690301.6348797914,7914792.953415447,3,1,False,,,,
osm:259148587,259148587,16.6992569,-18.9317683,678940.2269187532,7905861.131632189,3,1,False,,,,
osm:259153623,259153623,16.5355061,-19.016594599999994,661611.1657975301,7896630.640843626,3,1,False,,,,
osm:259154235,259154235,16.5076117,-18.9929472,658697.184951078,7899273.308736725,3,1,False,,,,
osm:259154278,259154278,16.4843464,-18.966458299999996,656272.4564327842,7902225.840377737,3,1,False,,,,
osm:259154319,259154319,16.4960445,-18.957991999999997,657512.2096434579,7903152.452534897,3,1,False,,,,
osm:259154356,259154356,16.4826359,-18.975022199999998,656084.3674129421,7901279.530822246,3,1,False,,,,
osm:259154900,259154900,16.5017787,-18.958002,658116.0395480096,7903146.212520159,3,1,False,,,,
osm:259154916,259154916,16.4960716,-18.9576967,657515.3407126484,7903185.111315133,3,1,False,,,,
osm:259159141,259159141,16.4912246,-18.942686399999996,657018.9725998131,7904850.72966307,3,1,False,,,,
osm:259159433,259159433,16.8308113,-18.867436000000005,692870.9044085091,7912843.633503417,3,1,False,,,,
osm:259159487,259159487,16.8272837,-18.896271099999996,692466.2277009698,7909655.6808356345,4,1,False,,,,
osm:259159496,259159496,16.8309407,-18.8670324,692885.0018575406,7912888.167521959,3,1,False,,,,
osm:259160411,259160411,16.6836467,-18.947717899999997,677279.174586035,7904111.502278619,3,1,False,,,,
osm:259160420,259160420,16.6387328,-18.99775989999999,672497.4188815764,7898617.227496302,3,1,False,,,,
osm:259160424,259160424,16.6454378,-18.998205699999993,673202.8974352415,7898561.296567034,3,1,False,,,,
osm:259160435,259160435,16.654159,-18.992139899999998,674127.4254607907,7899224.076096596,3,1,False,,,,
osm:259160459,259160459,16.6807906,-18.968616200000003,676956.3221350174,7901801.239971902,3,1,False,,,,
osm:259160471,259160471,16.6835079,-18.9507491,677261.3541473591,7903776.132987285,3,1,False,,,,
osm:259161918,259161918,16.5573072,-18.996654599999996,663925.705357744,7898817.417811381,3,1,False,,,,
osm:259161921,259161921,16.5572222,-18.993189500000003,663920.1498507287,7899201.014850903,3,1,False,,,,
osm:259161927,259161927,16.5571826,-18.9879585,663921.102265421,7899780.019430187,3,1,False,,,,
osm:259161942,259161942,16.5575953,-18.996950199999993,663955.747756247,7898784.432289477,3,1,False,,,,
osm:259162109,259162109,16.6243018,-18.953422900000003,671023.2980917651,7903538.659061141,3,1,False,,,,
osm:259162182,259162182,16.6245616,-18.953660600000003,671050.4159888115,7903512.097793642,3,1,False,,,,
osm:259162313,259162313,16.487904,-18.931163300000005,656680.0169071284,7906129.020325426,3,1,False,,,,
osm:259162669,259162669,16.6246008,-18.95331,671054.9017221248,7903550.865076324,3,1,False,,,,
osm:259162805,259162805,16.4712631,-19.0320579,654834.0927125682,7894977.042417409,3,1,False,,,,
osm:259162806,259162806,16.4719632,-19.032275199999997,654907.5817761824,7894952.374933718,3,1,False,,,,
osm:259162832,259162832,16.486779500000004,-19.042957099999995,656457.0976517317,7893756.992022796,3,1,False,,,,
osm:259162877,259162877,16.4714066,-19.0326757,654848.6243729105,7894908.539586628,3,1,False,,,,
osm:259163180,259163180,16.4734073,-19.033914099999993,655058.0620943828,7894769.711739652,3,1,False,,,,
osm:259163190,259163190,16.4733814,-19.041324599999992,655048.4547496071,7893949.560887918,3,1,False,,,,
osm:259163192,259163192,16.4721947,-19.041803800000004,654923.1081652255,7893897.572047429,3,1,False,,,,
osm:259163196,259163196,16.4696569,-19.039664799999997,654657.9835221922,7894136.548176801,2,1,False,,,,
osm:259163209,259163209,16.464901000000005,-19.031158499999997,654165.2665679707,7895082.18175737,3,1,False,,,,
osm:259163241,259163241,16.4886935,-19.0428067,656658.6891556336,7893771.930887923,3,1,False,,,,
osm:259163319,259163319,16.4802412,-19.041977,655769.8508437338,7893871.282022306,3,1,False,,,,
osm:259163339,259163339,16.4812688,-19.048479799999992,655871.9340647794,7893150.655290505,3,1,False,,,,
osm:259163349,259163349,16.480305,-19.051494899999998,655767.6821110189,7892817.806892611,3,1,False,,,,
osm:259163450,259163450,16.4802633,-19.041367799999993,655772.745347519,7893938.6871818155,3,1,False,,,,
osm:259163465,259163465,16.4806261,-19.041828,655810.5011428973,7893887.431391686,3,1,False,,,,
osm:259163680,259163680,16.4735881,-19.041139699999995,655070.3819763147,7893969.842545144,3,1,False,,,,
osm:259163681,259163681,16.4740698,-19.042268899999993,655120.0324133141,7893844.440146008,3,1,False,,,,
osm:259171822,259171822,16.5064787,-19.0920686,658483.7643637749,7888303.710646477,3,1,False,,,,
osm:259171830,259171830,16.5100466,-19.099339899999997,658852.2408566906,7887495.69465315,3,1,False,,,,
osm:259171906,259171906,16.5625727,-19.074057700000004,664403.8512939346,7890245.463588626,3,1,False,,,,
osm:259172085,259172085,16.5562904,-18.997395499999996,663817.9285360116,7898736.361952558,3,1,False,,,,
osm:259172100,259172100,16.5651576,-19.008353799999995,664740.6986002476,7897515.210702565,3,1,False,,,,
osm:259172179,259172179,16.562965800000004,-19.073804799999994,664445.4684600306,7890273.086068058,3,1,False,,,,
osm:259172428,259172428,16.3390714,-19.036241600000004,640916.7482146401,7894625.321327316,3,7,False,,,,
osm:259172561,259172561,16.3205143,-19.040816099999997,638959.8148865704,7894133.842345002,3,3,False,,,,
osm:259174824,259174824,16.2717935,-19.0619602,633815.2103309184,7891831.67472427,1,1,False,,,,
osm:259174834,259174834,16.2746017,-19.0776219,634098.121311826,7890096.2445146805,3,1,False,,,,
osm:259174868,259174868,16.3122642,-19.07251909999999,638065.280941843,7890631.734376643,3,1,False,,,,
osm:259187399,259187399,16.312076100000002,-19.072700399999995,638045.3377490332,7890611.817755267,3,1,False,,,,
osm:259188943,259188943,16.1182442,-19.105723999999995,617626.4581852242,7887098.611524494,1,1,False,,,,
osm:259189884,259189884,16.1818368,-19.211430599999993,624237.1976815022,7875356.285012031,3,1,False,,,,
osm:259189888,259189888,16.1827278,-19.213562199999995,624329.2693025094,7875119.746959847,1,1,False,,,,
osm:259189997,259189997,16.1300756,-19.236859099999997,618777.102953476,7872578.309497279,3,1,False,,,,
osm:259190001,259190001,16.126536,-19.238574999999997,618403.8034990514,7872390.8295016335,3,1,False,,,,
osm:259190008,259190008,16.1307911,-19.238558100000006,618851.0907532895,7872389.796215346,4,1,False,,,,
osm:259190227,259190227,16.0587031,-19.2150997,611289.4222558299,7875033.541683548,3,1,False,,,,
osm:259190232,259190232,16.0549771,-19.212055399999993,610899.7569177287,7875372.817798894,3,1,False,,,,
osm:259190399,259190399,16.0771436,-19.156129700000005,613268.363979405,7881547.590165561,3,1,False,,,,
osm:259190433,259190433,16.1035854,-19.1103727,616081.1246714159,7886593.949431388,3,1,False,,,,
osm:259190434,259190434,16.1038826,-19.110123899999994,616112.562537287,7886621.285772639,3,1,False,,,,
osm:259190575,259190575,16.0149391,-19.162065699999996,606722.7965936582,7880929.887331121,3,1,False,,,,
osm:259190592,259190592,16.0477641,-19.2097077,610143.019103098,7875637.205212157,3,1,False,,,,
osm:259190763,259190763,15.976974000000002,-19.190100800000007,602713.0036084837,7877850.232031822,4,1,False,,,,
osm:259190788,259190788,15.9840849,-19.203030200000004,603452.5762024208,7876415.219259048,3,1,False,,,,
osm:259190813,259190813,15.9835702,-19.200067200000003,603400.3152882238,7876743.419605207,3,1,False,,,,
osm:259192279,259192279,16.0419116,-19.2533151,609498.830204908,7870815.084510214,3,1,False,,,,
osm:259192349,259192349,15.924355299999998,-19.17655089999999,597188.5589057816,7879379.858475754,3,1,False,,,,
osm:259192471,259192471,15.9892241,-19.262531,603955.42815155,7869827.586427415,3,1,False,,,,
osm:259406622,259406622,15.8255628,-19.0803444,586850.9866398397,7890078.028757565,3,1,False,,,,
osm:259407388,259407388,15.6392679,-19.08826359999999,567248.4269851514,7889283.640140941,3,1,False,,,,
osm:259474580,259474580,15.6350438,-19.124802599999995,566789.3849645617,7885242.053439058,3,1,False,,,,
osm:259474616,259474616,15.6281388,-19.1141368,566067.3812488333,7886424.89498956,3,1,False,,,,
osm:259475155,259475155,15.513442500000002,-19.2416619,553961.8462501985,7872353.16015622,3,1,False,,,,
osm:259481825,259481825,16.9492696,-18.827553799999997,705402.4169938208,7917125.262809726,3,1,False,,,,
osm:259483264,259483264,17.0090682,-18.726619899999992,711831.8305836373,7928228.295020966,3,1,False,,,,
osm:259483369,259483369,16.9138243,-18.7973322,701702.332584568,7920511.299692124,3,1,False,,,,
osm:259483463,259483463,16.9103095,-18.7922521,701337.8329642355,7921077.624468885,3,1,False,,,,
osm:259483464,259483464,16.9099967,-18.79202649999999,701305.1238102608,7921102.951419566,3,1,False,,,,
osm:259483521,259483521,16.9095083,-18.7855227,701261.3641231828,7921823.438251728,3,1,False,,,,
osm:259483538,259483538,16.8990131,-18.7810219,700160.1691960141,7922333.495769736,3,1,False,,,,
osm:259485757,259485757,16.8103111,-18.560165999999995,691055.5869320278,7946877.1138396915,3,1,False,,,,
osm:259485760,259485760,16.8101414,-18.5607082,691037.0687245377,7946817.27960247,3,1,False,,,,
osm:259616689,259616689,15.513485300000001,-18.982879400000005,554050.37159922,7900988.117408795,3,1,False,,,,
osm:259616795,259616795,15.563765,-18.8842567,559377.8730815367,7911884.658171479,3,1,False,,,,
osm:259616868,259616868,15.521955,-18.7893448,555005.0746241965,7922400.117955534,4,1,False,,,,
osm:259637019,259637019,15.943933,-19.31422109999999,599164.4047340263,7864133.8937286055,4,1,False,,,,
osm:259637097,259637097,15.932609199999998,-19.288337899999988,597990.1173350788,7867004.64940742,4,1,False,,,,
osm:259637181,259637181,15.973934000000002,-19.296397499999994,602327.4652756029,7866088.875684221,3,1,False,,,,
osm:260103852,260103852,16.9620539,-18.839791799999997,706734.9867298724,7915755.696783088,3,1,False,,,,
osm:260103869,260103869,16.9625858,-18.838828699999993,706792.228416028,7915861.68938214,3,1,False,,,,
osm:260103877,260103877,16.9504246,-18.826961400000002,705524.8821713161,7917189.502031019,3,1,False,,,,
osm:260104216,260104216,16.6804862,-18.9688179,676924.054211664,7901779.220483698,3,1,False,,,,
osm:2704156676,2704156676,15.919773699999999,-19.1764079,596706.8910454354,7879398.2299044505,2,1,False,,,,
osm:2704156685,2704156685,15.919721600000003,-19.176457000000003,596701.3841211891,7879392.825330257,2,1,False,,,,
osm:2757884466,2757884466,16.0608852,-19.135754500000004,611572.230882135,7883812.871709442,1,1,False,,,,
osm:2757884481,2757884481,16.0613197,-19.133846400000003,611619.2132165763,7884023.753008002,3,1,False,,,,
osm:2757884519,2757884519,16.0610093,-19.133602800000006,611586.7290802981,7884050.9090717435,3,1,False,,,,
osm:2757884521,2757884521,16.0613398,-19.133340999999994,611621.6669519558,7884079.669959321,3,1,False,,,,
osm:2757909985,2757909985,15.9836991,-19.200493999999996,603413.6005706614,7876696.112088047,3,1,False,,,,
osm:2757910000,2757910000,16.0581482,-19.213439299999997,611232.2036305107,7875217.6449723225,3,1,False,,,,
osm:2757910030,2757910030,15.9773707,-19.1899147,602754.8288713029,7877870.592527361,3,1,False,,,,
osm:2757910033,2757910033,15.9774598,-19.190566899999997,602763.7922518105,7877798.3657230735,3,1,False,,,,
osm:2757910045,2757910045,15.977590899999997,-19.1902343,602777.7827609134,7877835.094856555,4,1,False,,,,
osm:2757910052,2757910052,15.9839737,-19.200270299999993,603442.6105882747,7876720.704366598,3,1,False,,,,
osm:2757910095,2757910095,16.0439016,-19.255185400000006,609706.7421340707,7870606.85165574,3,1,False,,,,
osm:2757910102,2757910102,16.0574435,-19.213567500000003,611158.0329748454,7875203.907852905,3,1,False,,,,
osm:2757910111,2757910111,15.978112400000002,-19.1868599,602834.7096580717,7878208.207719473,1,1,False,,,,
osm:2757910115,2757910115,16.0586181,-19.213925000000003,611281.2769408872,7875163.594518453,1,1,False,,,,
osm:2757910151,2757910151,16.0583603,-19.212877999999993,611254.8791515495,7875279.62582537,1,1,False,,,,
osm:2757910172,2757910172,16.0567987,-19.213584,611090.2347098828,7875202.493514397,3,1,False,,,,
osm:2757981263,2757981263,15.9157853,-19.178833100000006,596286.1050052055,7879132.0614479,1,1,False,,,,
osm:2757981316,2757981316,15.9173617,-19.181910399999996,596450.0681441899,7878790.652698539,2,1,False,,,,
osm:2757981330,2757981330,15.9201003,-19.1801419,596739.0527170503,7878984.839859763,3,1,False,,,,
osm:2757981352,2757981352,15.917100100000003,-19.18216749999999,596422.4124044273,7878762.346405614,3,1,False,,,,
osm:2757981375,2757981375,15.9167461,-19.18151960000001,596385.5678693487,7878834.239506379,3,1,False,,,,
osm:2757981392,2757981392,15.917152499999998,-19.1792859,596429.5992295296,7879081.198606549,1,1,False,,,,
osm:2757981430,2757981430,15.915526999999999,-19.1753477,596260.9700651736,7879517.902149901,3,1,False,,,,
osm:2757981432,2757981432,15.925959300000002,-19.18101859999999,597354.5931490826,7878884.562130455,3,1,False,,,,
osm:2757981439,2757981439,15.9200023,-19.179565799999995,596729.0846691085,7879048.646151911,5,1,False,,,,
osm:2757981446,2757981446,15.9177265,-19.1788627,596490.2002316844,7879127.712884468,3,1,False,,,,
osm:2757981464,2757981464,15.9173107,-19.1812517,596445.089188594,7878863.573421521,3,1,False,,,,
osm:2757981492,2757981492,15.9172142,-19.18155060000001,596434.7686060757,7878830.550175143,3,1,False,,,,
osm:2757981496,2757981496,15.9148804,-19.174166299999996,596193.6659494102,7879648.99383512,3,1,False,,,,
osm:2757981530,2757981530,15.917510199999999,-19.178942399999997,596467.4104095775,7879119.012863486,1,1,False,,,,
osm:2757981544,2757981544,15.9232312,-19.180948199999996,597067.7845966624,7878893.873683313,3,1,False,,,,
osm:2757981602,2757981602,15.917305400000002,-19.181695099999985,596444.2737858248,7878814.509192014,3,1,False,,,,
osm:2757981659,2757981659,15.9241103,-19.1822634,597159.4474460396,7878747.842263396,2,1,False,,,,
osm:2757981735,2757981735,15.915636399999999,-19.1753099,596272.4954071646,7879522.024753916,3,1,False,,,,
osm:2757981749,2757981749,15.916707199999998,-19.1792605,596382.7919180818,7879084.255589265,1,1,False,,,,
osm:2757981766,2757981766,15.924479400000001,-19.181711599999996,597198.580431529,7878808.699466667,3,1,False,,,,
osm:2757981770,2757981770,15.9183459,-19.180345699999997,596554.4644053831,7878963.259519055,3,1,False,,,,
osm:2757981806,2757981806,15.9191361,-19.1770802,596639.4558602081,7879324.185841529,3,1,False,,,,
osm:2757996408,2757996408,15.914293199999998,-19.1754858,596131.1562083343,7879503.300364364,3,1,False,,,,
osm:2757996428,2757996428,15.914419300000002,-19.175384500000007,596144.4743470077,7879514.44081753,3,1,False,,,,
osm:2757996432,2757996432,15.914627199999998,-19.1749196,596166.6047401193,7879565.772510122,3,1,False,,,,
osm:2758051119,2758051119,15.8847111,-19.17422019999999,593021.3294579358,7879659.393258346,3,1,False,,,,
osm:2758051368,2758051368,15.619038599999998,-19.106813600000002,565113.062743203,7887238.6494320985,4,1,False,,,,
osm:2758051408,2758051408,15.7422711,-19.15097550000001,578054.9501314508,7882301.431608025,1,1,False,,,,
osm:2758051737,2758051737,15.635480199999998,-19.124962399999998,566835.21963901,7885224.204086191,3,1,False,,,,
osm:2758051755,2758051755,15.7469603,-19.1460327,578550.4131139965,7882846.284519702,4,1,False,,,,
osm:2758051779,2758051779,15.8847285,-19.174836900000003,593022.8129227227,7879591.13976945,1,1,False,,,,
osm:2758051864,2758051864,15.634940900000002,-19.124522699999993,566778.6747797178,7885273.064976772,3,1,False,,,,
osm:2758087290,2758087290,15.243048,-18.972635999999994,525585.0153156404,7902182.66720891,3,1,False,,,,
osm:2758087363,2758087363,15.243077000000001,-18.973001900000003,525588.0122392317,7902142.1768002715,3,1,False,,,,
osm:2758087382,2758087382,15.2596638,-18.98709149999999,527331.7679175714,7900580.693725813,1,1,False,,,,
osm:2758087423,2758087423,15.2428745,-18.973373600000002,525566.6388662483,7902101.078231752,3,1,False,,,,
osm:2758091614,2758091614,14.8898796,-18.96669899999999,488407.5304444115,7902853.60298874,3,1,False,,,,
osm:2758091638,2758091638,14.8927202,-18.966918499999995,488706.5779196648,7902829.500240099,3,1,False,,,,
osm:2758091659,2758091659,14.8918781,-18.9680813,488618.00827666785,7902700.785094736,1,1,False,,,,
osm:2758091665,2758091665,14.8904202,-18.968568099999995,488464.5684899462,7902646.827082513,1,1,False,,,,
osm:2758194243,2758194243,14.5378513,-19.180894199999997,451411.28621307,7879092.424568624,3,1,False,,,,
osm:2758215597,2758215597,14.433425399999999,-19.071805499999996,440392.94048475695,7891131.096061164,3,1,False,,,,
osm:2758215831,2758215831,14.433206900000002,-19.071888800000007,440369.9821704967,7891121.804376971,3,1,False,,,,
osm:2758215873,2758215873,14.4363678,-19.0664683,440700.60848663864,7891722.670191041,1,1,False,,,,
osm:2758215916,2758215916,14.4333369,-19.072042100000004,440383.7141204548,7891104.885487447,3,1,False,,,,
osm:2758215949,2758215949,14.433446400000001,-19.0728086,440395.5085178257,7891020.1072337255,3,1,False,,,,
osm:2758216126,2758216126,14.438403000000001,-19.070051100000004,440916.00557727605,7891326.910143806,3,1,False,,,,
osm:2758250020,2758250020,14.8743188,-18.720522300000003,486750.13151166355,7930091.010264428,1,1,False,,,,
osm:2758252531,2758252531,14.945628099999999,-18.6866941,494266.7375920747,7933837.6995073,1,1,False,,,,
osm:2758252533,2758252533,14.9454007,-18.686408999999994,494242.7496894872,7933869.236838867,3,1,False,,,,
osm:2758941699,2758941699,15.919122799999998,-19.179553700000003,596636.6147899488,7879050.4727984015,3,1,False,,,,
osm:2758965837,2758965837,15.9204946,-19.1784074,596781.5252613762,7879176.562940004,3,1,False,,,,
osm:2763771335,2763771335,15.7435551,-19.068060400000004,578228.9602373316,7891475.949976964,3,1,False,,,,
osm:2763771336,2763771336,15.7440593,-19.068011200000004,578282.0322588006,7891481.169255169,3,1,False,,,,
osm:2768997986,2768997986,16.1311981,-19.239106399999997,618893.4778145499,7872328.83883654,3,1,False,,,,
osm:278851166,278851166,15.5044247,-18.977725899999996,553098.2499365266,7901561.1130831875,3,1,False,,,,
osm:278851168,278851168,15.5050303,-18.979390100000003,553161.4718294978,7901376.785141088,3,1,False,,,,
osm:278852441,278852441,16.4630959,-19.03070309999999,653975.6859910407,7895134.16737498,1,1,False,,,,
osm:278852492,278852492,16.4524161,-19.03663769999999,652846.1249641046,7894486.6753829215,2,1,False,,,,
osm:288501645,288501645,16.9332419,-18.815577599999994,703727.4373071626,7918469.45863791,1,1,False,,,,
osm:288502741,288502741,16.9293107,-18.8052587,703325.4442525387,7919616.222033791,3,1,False,,,,
osm:288502742,288502742,16.9289667,-18.805355899999995,703289.0631721674,7919605.856178087,1,1,False,,,,
osm:288502940,288502940,16.9335669,-18.815560199999997,703761.7175520746,7918471.011747691,3,1,False,,,,
osm:288508733,288508733,16.1072702,-19.1091472,616469.6082635003,7886727.121226743,3,1,False,,,,
osm:288508984,288508984,16.1107988,-19.1052286,616843.557582249,7887158.422723188,3,1,False,,,,
osm:288555374,288555374,16.2732206,-19.0361311,633986.1215347814,7894689.092508276,2,1,False,,,,
osm:288555377,288555377,16.2707468,-19.0353209,633726.4084695816,7894780.642755726,3,1,False,,,,
osm:288555418,288555418,16.2651732,-19.042655299999993,633133.9499222627,7893973.18204535,3,1,False,,,,
osm:288555423,288555423,16.2644051,-19.041138,633054.3216951236,7894141.683420625,3,1,False,,,,
osm:288555536,288555536,16.231167900000003,-19.0535171,629546.7045901021,7892796.5630655885,3,1,False,,,,
osm:288555604,288555604,16.2100415,-19.067166200000006,627313.0461453792,7891301.507670328,3,9,False,,,,
osm:288555613,288555613,16.212135,-19.068527500000002,627532.2958411904,7891149.333662033,3,9,False,,,,
osm:288555617,288555617,16.2123646,-19.0688252,627556.227801821,7891116.22070631,1,9,False,,,,
osm:288555768,288555768,16.1987141,-19.077900300000003,626112.9868343034,7890121.774108608,3,1,False,,,,
osm:288558024,288558024,16.2539744,-19.046194,631952.5551937249,7893590.011572129,3,1,False,,,,
osm:288558028,288558028,16.2531996,-19.043527799999993,631873.1209227282,7893885.660357399,3,1,False,,,,
osm:288560017,288560017,16.1984061,-19.0780238,626080.4859171683,7890108.328239344,1,1,False,,,,
osm:288560765,288560765,16.1987002,-19.0780687,626111.3968304206,7890103.147636874,1,1,False,,,,
osm:288562391,288562391,16.2255702,-19.054664399999997,628956.7418509037,7892673.716574826,3,1,False,,,,
osm:288565418,288565418,16.444793,-19.015148900000003,652063.32184723,7896871.587932484,3,1,False,,,,
osm:288565547,288565547,16.4612383,-19.0272576,653783.3308359038,7895517.131244592,3,1,False,,,,
osm:288785714,288785714,16.9405477,-18.809074900000002,704505.4306944185,7919180.882767807,2,1,False,,,,
osm:288788135,288788135,16.7327106,-18.843245799999995,682559.863865774,7915625.147755466,3,1,False,,,,
osm:288789350,288789350,16.7281745,-18.860484200000002,682063.2190077897,7913721.760511044,3,1,False,,,,
osm:288789351,288789351,16.7283226,-18.860695600000003,682078.5968730995,7913698.209221854,3,1,False,,,,
osm:288791228,288791228,16.6983715,-18.937789699999993,678840.5556038546,7905195.546387136,3,1,False,,,,
osm:288792104,288792104,16.5871638,-18.933727499999996,667131.8299046925,7905754.173358671,3,1,False,,,,
osm:288792168,288792168,16.5862409,-18.9333825,667034.9698717163,7905793.231871556,3,1,False,,,,
osm:288792175,288792175,16.5871288,-18.933505100000005,667128.3648814628,7905778.8218995165,2,1,False,gate,,yes,
osm:288792179,288792179,16.5866762,-18.933262999999997,667080.9361935803,7905806.046209396,3,1,False,,,,
osm:289526440,289526440,15.9412416,-19.314886299999998,598881.2410126608,7864061.819209577,4,1,False,,,,
osm:289878235,289878235,16.0572758,-19.2139988,611140.1129550104,7875156.285026494,3,1,False,,,,
osm:2975522854,2975522854,15.831920799999999,-18.9934937,587565.4185962371,7899685.5453371275,3,1,False,,,,
osm:2975522858,2975522858,15.7652871,-18.999386699999995,580548.5800572039,7899065.272129692,3,1,False,,,,
osm:2975522864,2975522864,15.7660032,-19.006621700000004,580620.4697053249,7898264.350389747,1,1,False,,,,
osm:2975522865,2975522865,15.7276605,-19.002799999999997,576586.5413665093,7898704.373169883,3,1,False,,,,
osm:2975522866,2975522866,15.7275296,-19.002178599999997,576573.0478136106,7898773.191098787,1,1,False,,,,
osm:2975522867,2975522867,15.717061800000002,-19.0059618,575469.5517227513,7898359.08494452,3,1,False,,,,
osm:2975522871,2975522871,15.7137954,-19.0045346,575126.3952062624,7898518.409399232,3,1,False,,,,
osm:2975522873,2975522873,15.7132817,-19.004105999999997,575072.5187491243,7898566.055264322,2,1,False,,,,
osm:2975522875,2975522875,15.7199742,-19.021311000000004,575769.1360121054,7896659.369007628,3,1,False,,,,
osm:2975522876,2975522876,15.7193542,-19.0221411,575703.5094161611,7896567.781450719,1,1,False,,,,
osm:2975522877,2975522877,15.7314148,-19.0389668,576965.0485320481,7894700.690546545,3,1,False,,,,
osm:2975522886,2975522886,15.734117099999999,-19.0365435,577250.5382528171,7894967.6554382425,1,1,False,,,,
osm:2975522889,2975522889,15.759093799999999,-19.076640500000003,579859.7414417906,7890519.503269989,1,1,False,,,,
osm:2975522892,2975522892,15.9468055,-19.170851400000004,599552.6087446563,7879997.912518753,3,1,False,,,,
osm:2975522904,2975522904,16.0073309,-19.1631905,605921.9959652292,7880810.048416883,3,1,False,,,,
osm:2975522909,2975522909,16.0081316,-19.166169499999995,606004.2929183106,7880479.89626544,1,1,False,,,,
osm:2975522917,2975522917,16.1807546,-19.0918593,624212.8995468144,7888589.794919243,1,16,False,,,,
osm:2975522922,2975522922,16.1814626,-19.092779299999997,624286.7011992984,7888487.478486523,3,16,False,,,,
osm:2975522927,2975522927,16.1809055,-19.0917778,624228.8365004415,7888598.707283734,1,5,False,,,,
osm:2975523245,2975523245,16.1730338,-19.083271699999997,623406.9611523336,7889545.618797271,3,5,False,,,,
osm:2975523314,2975523314,16.2340057,-19.0562097,629843.2462662049,7892496.478689877,1,13,False,,,,
osm:2975523322,2975523322,16.2354005,-19.0591183,629987.7598630317,7892173.554355216,1,13,False,,,,
osm:2975523323,2975523323,16.2570599,-19.0605816,632265.869720513,7891995.420201549,1,14,False,,,,
osm:2975523330,2975523330,16.2561715,-19.06258639999999,632170.792916507,7891774.219493817,1,14,False,,,,
osm:2975523331,2975523331,16.3197952,-19.041737899999998,638883.3654382532,7894032.394311358,3,1,False,,,,
osm:2975523335,2975523335,16.3209952,-19.0440891,639007.7025618074,7893771.23346976,1,1,False,,,,
osm:2975523336,2975523336,16.3223691,-19.041268700000003,639154.6486542446,7894082.283273444,1,12,False,,,,
osm:2975523343,2975523343,16.3218857,-19.044717799999997,639100.8987301924,7893700.948776168,1,12,False,,,,
osm:2975523344,2975523344,16.3488458,-19.017124599999992,641961.7450066756,7896733.173884133,1,11,False,,,,
osm:2975523352,2975523352,16.3496733,-19.020741399999995,642045.7761962869,7896332.225547668,1,11,False,,,,
osm:2975523360,2975523360,16.355595700000002,-19.014817799999996,642674.2239444377,7896983.00824287,1,15,False,,,,
osm:2975523370,2975523370,16.3828684,-18.9974006,645560.2231154088,7898888.272465135,3,10,False,,,,
osm:2975523376,2975523376,16.415719,-18.9896058,649025.5562011376,7899723.4582066545,3,1,False,,,,
osm:2975523378,2975523378,16.4163531,-18.988808,649093.0258499004,7899811.217331972,3,1,False,,,,
osm:2975523385,2975523385,16.4153776,-18.988079999999997,648990.9705803347,7899892.614310927,1,1,False,,,,
osm:2975523388,2975523388,16.4170513,-18.989088400000004,649166.2842770356,7899779.592665179,3,1,False,,,,
osm:2975523389,2975523389,16.4259975,-18.985108800000003,650111.7295114716,7900212.428928719,3,1,False,,,,
osm:2975523396,2975523396,16.4265562,-18.989234099999997,650166.853003734,7899755.385444717,1,1,False,,,,
osm:2975523399,2975523399,16.5067328,-18.993748600000007,658603.8922070691,7899185.4036924625,1,1,False,,,,
osm:2975523400,2975523400,16.5365366,-19.086628500000003,661651.7756761557,7888878.345151335,3,1,False,,,,
osm:2975523404,2975523404,16.5360332,-19.08420449999999,661601.1576516805,7889147.098736862,3,1,False,,,,
osm:2975523406,2975523406,16.5355933,-19.083656999999995,661555.3995282482,7889208.101961596,1,1,False,,,,
osm:2975523408,2975523408,16.5362907,-19.0836367,661628.8046158409,7889209.7054223735,1,1,False,,,,
osm:2975523409,2975523409,16.5851794,-18.932983299999993,666923.5654311872,7905838.419821029,3,1,False,,,,
osm:2975523421,2975523421,16.5875504,-18.932856600000004,667173.4148334475,7905850.199107878,2,1,False,,,,
osm:2975523422,2975523422,16.5878341,-18.9328906,667203.2614552693,7905846.1672384925,4,1,False,,,,
osm:2975523432,2975523432,16.589975,-18.9338502,667427.7934679639,7905737.928444948,3,1,False,,,,
osm:2975523533,2975523533,16.6115494,-18.945325499999996,669688.4992041856,7904447.216076579,3,1,False,,,,
osm:2975523536,2975523536,16.611524,-18.947228600000003,669683.9000499215,7904236.601722693,1,1,False,,,,
osm:2975523539,2975523539,16.7114228,-18.922128799999996,680231.9992585385,7906915.712958755,3,1,False,,,,
osm:2975523547,2975523547,16.7103924,-18.9265173,680118.7567515532,7906431.01836698,1,1,False,,,,
osm:309185323,309185323,16.8985759,-18.6912166,700219.9209863484,7932274.824926275,3,1,False,,,,
osm:309192401,309192401,16.731399,-18.841231300000004,682423.8158624246,7915849.475065358,1,1,False,,,,
osm:309201176,309201176,15.6339065,-19.0827345,566686.6242636545,7889897.50754556,3,1,False,,,,
osm:309201200,309201200,15.632547800000001,-19.085713800000004,566542.4951079249,7889568.352161525,3,1,False,,,,
osm:309203376,309203376,16.9418114,-18.805041499999998,704643.5270043963,7919625.909044718,3,1,False,,,,
osm:309203378,309203378,16.941285,-18.805800599999998,704587.1157240078,7919542.486000653,3,1,False,,,,
osm:309203387,309203387,16.9413678,-18.806018499999993,704595.580904346,7919518.269931868,3,1,False,,,,
osm:309203389,309203389,16.9418566,-18.805768,704647.4130406955,7919545.436194894,3,1,False,,,,
osm:309203403,309203403,16.9414546,-18.806202299999992,704604.5089860307,7919497.823987905,3,1,False,,,,
osm:309203437,309203437,16.9890153,-18.729107700000004,709713.7427097992,7927976.602004956,3,1,False,,,,
osm:309206685,309206685,16.6839993,-19.059360600000005,677198.0090675456,7891753.890923292,3,1,False,,,,
osm:309209803,309209803,16.9015692,-18.717798099999996,700504.3528803205,7929329.081055112,3,1,False,,,,
osm:309209807,309209807,16.9035662,-18.715393699999993,700717.8200149194,7929592.986624841,3,1,False,,,,
osm:309211051,309211051,16.9301784,-18.820307799999995,703398.8123817845,7917949.358684981,3,1,False,,,,
osm:309211055,309211055,16.9110398,-18.836446500000005,701362.1832899202,7916184.712332789,3,1,False,,,,
osm:309211100,309211100,16.9105978,-18.835809399999995,701316.3564945032,7916255.737857148,3,1,False,,,,
osm:309211188,309211188,16.9360456,-18.807560200000008,704032.6581339493,7919353.73242352,3,1,False,,,,
osm:309211189,309211189,16.9357384,-18.807694799999997,704000.111289844,7919339.185653271,3,1,False,,,,
osm:309211197,309211197,16.9352589,-18.807921899999997,703949.2894216015,7919314.5973397605,3,1,False,,,,
osm:309211208,309211208,16.8085124,-18.55774510000001,690868.3990532598,7947146.984930659,3,1,False,,,,
osm:309216156,309216156,16.4711339,-19.0365202,654816.3569206238,7894483.281805985,3,1,False,,,,
osm:309216158,309216158,16.471255,-19.036161599999993,654829.4357142238,7894522.863854639,4,1,False,,,,
osm:309216189,309216189,16.4708579,-19.039036999999993,654784.9736540655,7894204.972883938,1,1,False,,,,
osm:309216265,309216265,16.4712876,-19.0358644,654833.1425731458,7894555.728356804,4,1,False,,,,
osm:309216648,309216648,16.4642623,-19.035907700000006,654093.6568110143,7894557.115790788,1,1,False,,,,
osm:309216766,309216766,16.4660321,-19.035201099999995,654280.5891354776,7894633.76610947,3,1,False,,,,
osm:309216767,309216767,16.4658116,-19.0352604,654257.325623528,7894627.396678096,3,1,False,,,,
osm:309216769,309216769,16.4711021,-19.0347889,654814.6148245262,7894674.92516314,3,1,False,,,,
osm:309216770,309216770,16.4700971,-19.03455789999999,654709.047058964,7894701.377268866,3,1,False,,,,
osm:309217350,309217350,15.865785600000002,-18.993966499999996,591129.8767985038,7899616.036754286,3,1,False,,,,
osm:309217351,309217351,15.866475900000001,-18.994215000000004,591202.4046460941,7899588.180765426,1,1,False,,,,
osm:309217352,309217352,16.339522000000002,-19.037858399999998,640962.8090388307,7894446.024854789,3,7,False,,,,
osm:309217444,309217444,15.8654537,-18.993910800000002,591094.9702406724,7899622.372193411,4,1,False,,,,
osm:309222376,309222376,15.9173757,-19.180908399999993,596452.1235478653,7878901.527443472,3,1,False,,,,
osm:309224021,309224021,16.9383542,-18.812140199999998,704270.4945607733,7918844.090761142,3,1,False,,,,
osm:309230629,309230629,16.7269549,-18.913621499999998,681877.3002567921,7907841.434160499,3,1,False,,,,
osm:309230650,309230650,16.7476187,-18.9232712,684043.5122607612,7906751.929506755,1,1,False,,,,
osm:309238799,309238799,14.7215694,-19.0822606,470709.54848359746,7890047.286795057,3,1,False,,,,
osm:309258029,309258029,15.813499899999998,-19.0725002,585585.9037730307,7890951.983055842,3,1,False,,,,
osm:3208311208,3208311208,14.5122759,-18.9188654,448641.7696345294,7908078.998758644,3,1,False,,,,
osm:3252138876,3252138876,16.3838768,-19.001023899999993,645663.2295146451,7898486.435010336,1,10,False,,,,
osm:3252138877,3252138877,16.588001,-18.932916699999996,667220.8140731046,7905843.120358305,4,1,False,,,,
osm:3252143813,3252143813,16.354453,-19.012565199999994,642555.8592617044,7897233.236087268,1,15,False,,,,
osm:3252147982,3252147982,16.4913682,-18.941039599999993,657035.6360727652,7905032.8645579675,2,1,False,,,,
osm:3252158120,3252158120,16.9465218,-18.811125,705132.7197547627,7918947.053585922,4,1,False,,,,
osm:3252193254,3252193254,16.9328427,-18.806469500000002,703696.3277244032,7919478.144818734,3,1,False,,,,
osm:3507157369,3507157369,16.1034728,-19.110159499999995,616069.4284148023,7886617.617982786,3,1,False,,,,
osm:3507201728,3507201728,15.9146514,-19.178659899999996,596166.9787394188,7879151.853654016,1,1,False,,,,
osm:371166181,371166181,16.9420621,-18.806723499999997,704667.9206063467,7919439.429189321,3,1,False,,,,
osm:371166192,371166192,16.9431684,-18.806214999999998,704785.1614484551,7919494.443003264,2,1,False,,,,
osm:371166203,371166203,16.9410471,-18.8099009,704557.0771043274,7919088.87254463,3,1,False,,,,
osm:3794286320,3794286320,14.481409999999999,-19.040151499999997,445430.97275368497,7894649.29785322,3,1,False,,,,
osm:3794347801,3794347801,14.5201832,-19.248535300000004,449574.31873907644,7871602.6877056975,3,1,False,,,,
osm:3794347970,3794347970,14.536495799999999,-19.258892099999997,451291.7559727103,7870461.322154628,3,1,False,,,,
osm:3857089184,3857089184,16.6131986,-18.991109399999992,669815.7996629791,7899378.1638004035,1,1,False,,,,
osm:3857089222,3857089222,16.6475816,-18.999388,673427.3831199042,7898428.3226562375,3,1,False,,,,
osm:3857089226,3857089226,16.637332,-18.999607099999995,672348.0324563605,7898414.145649958,1,1,False,,,,
osm:3857089395,3857089395,16.6391909,-19.010187499999997,672532.8319311475,7897241.244614189,1,1,False,,,,
osm:3857089402,3857089402,16.4645671,-19.026084300000008,654134.8025008597,7895644.071006145,1,1,False,,,,
osm:3857089407,3857089407,16.5332165,-19.0263333,661360.7379693638,7895554.870379651,3,1,False,,,,
osm:3857089415,3857089415,16.5340796,-19.027326600000002,661450.6307871443,7895444.139379539,1,1,False,,,,
osm:3857089430,3857089430,16.4728153,-19.0432032,654987.1277422997,7893742.142455149,1,1,False,,,,
osm:3857089431,3857089431,16.738805,-19.0571801,682968.6851999213,7891938.968017002,1,1,False,,,,
osm:3857089687,3857089687,16.6968221,-19.0596627,678547.2698221791,7891707.446384524,3,1,False,,,,
osm:3857089872,3857089872,16.6834873,-19.0600768,677143.3609853422,7891675.134624636,3,1,False,,,,
osm:3857089914,3857089914,16.6989971,-19.0629616,678772.6490743262,7891340.084913884,1,1,False,,,,
osm:3859343882,3859343882,17.1271354,-19.1755245,723685.5543148535,7878386.671063328,1,1,False,,,,
osm:4024064294,4024064294,16.4448568,-19.0107597,652074.0296041539,7897357.311207462,1,1,False,,,,
osm:4024064318,4024064318,16.4469715,-19.012710799999994,652294.8665561238,7897139.541018569,1,1,False,,,,
osm:4024064328,4024064328,16.4455902,-19.013386199999992,652148.8446315798,7897065.986527365,3,1,False,,,,
osm:4024064531,4024064531,15.9180383,-19.192506999999996,596515.0340805373,7877617.645255297,3,1,False,,,,
osm:4024064718,4024064718,16.2095215,-19.076042699999995,627251.5515619724,7890319.5390945515,1,19,False,,,,
osm:4024064761,4024064761,15.9206052,-19.191325800000005,596785.6057252439,7877746.934786158,3,1,False,,,,
osm:4084909239,4084909239,16.0152608,-19.161839699999998,606756.7722434844,7880954.700515741,3,1,False,,,,
osm:4223931895,4223931895,16.2720321,-19.0619989,633840.2874860299,7891827.209724979,1,1,False,,,,
osm:4223931897,4223931897,16.271901,-19.0622938,633826.2549959497,7891794.673143593,3,1,False,,,,
osm:4350860500,4350860500,15.9401039,-19.331200899999995,598751.9095104338,7862257.039337628,3,1,False,,,,
osm:4350860501,4350860501,15.940291200000003,-19.330775200000005,598771.8415133008,7862304.041895932,3,1,False,,,,
osm:4350860502,4350860502,15.940139500000003,-19.330761599999995,598755.9134067049,7862305.633493299,3,1,False,,,,
osm:4350875026,4350875026,16.9422401,-18.807101400000004,704686.2278804041,7919397.391958822,3,1,False,,,,
osm:4549506870,4549506870,14.764459500000001,-18.960871600000004,475203.5435186749,7903485.449280778,3,1,False,,,,
osm:4549506872,4549506872,14.764369599999998,-18.961450099999997,475194.16481549444,7903421.426726283,3,1,False,,,,
osm:4616755797,4616755797,14.732063900000002,-19.075044099999996,471812.3389509157,7890847.5112071065,1,1,False,,,,
osm:4616755800,4616755800,14.7315337,-19.074722600000005,471756.5055640756,7890882.999740017,3,1,False,,,,
osm:4616772550,4616772550,14.861208300000001,-18.976235999999997,485390.1047583451,7901796.224895947,3,1,False,,,,
osm:4616775227,4616775227,14.8610051,-18.971493999999996,485368.3010419795,7902320.899617482,3,1,False,,,,
osm:4616775230,4616775230,14.8610355,-18.9726985,485371.6062799349,7902187.626963869,4,1,False,,,,
osm:4616784558,4616784558,14.8610189,-18.9723154,485369.82541378774,7902230.014728799,2,1,False,gate,,permissive,
osm:4616939221,4616939221,15.061318400000001,-18.978257399999993,506454.5937331191,7901577.192856239,3,1,False,,,,
osm:4616939222,4616939222,15.0611358,-18.979626099999994,506435.32004583545,7901425.756176869,3,1,False,,,,
osm:4616939228,4616939228,15.0612178,-18.978487399999995,506443.99537189037,7901551.747594183,3,1,False,,,,
osm:4616939229,4616939229,15.0610799,-18.978297299999994,506429.48683337093,7901572.786738362,3,1,False,,,,
osm:4624302919,4624302919,14.8610214,-18.9724431,485370.0997253819,7902215.885222222,2,1,False,cattle_grid,,,
osm:4626765166,4626765166,14.504254500000002,-19.2480861,447900.1399276843,7871647.695068747,3,1,False,,,,
osm:4626765170,4626765170,14.505999400000002,-19.2497949,448084.0594482069,7871459.131631225,1,1,False,,,,
osm:4626765176,4626765176,14.5041902,-19.248512399999992,447893.516825186,7871600.5039740745,3,1,False,,,,
osm:4626765180,4626765180,14.5037339,-19.248228799999993,447845.4720200782,7871631.7485905085,3,1,False,,,,
osm:4626805442,4626805442,14.547864100000002,-19.1643947,452459.2831294441,7880920.896565963,3,1,False,,,,
osm:4626815299,4626815299,14.582517799999998,-19.1433181,456097.4918281861,7883262.141449606,3,1,False,,,,
osm:4626815304,4626815304,14.5820379,-19.1433636,456047.0367893194,7883256.986130502,3,1,False,,,,
osm:4627030416,4627030416,15.713276800000001,-19.0065999,575070.8841687965,7898290.095700387,3,1,False,,,,
osm:4627853680,4627853680,15.667584500000002,-19.097019199999995,570223.6318821304,7888303.680190625,3,1,False,,,,
osm:4627949305,4627949305,16.9889561,-18.728618200000003,709708.1031217197,7928030.858238414,3,1,False,,,,
osm:4627949313,4627949313,16.9893742,-18.728636800000004,709752.177219949,7928028.307493666,3,1,False,,,,
osm:4660964767,4660964767,14.474000599999998,-19.003419500000003,444639.1339313033,7898711.439276255,1,1,False,,,,
osm:4723861578,4723861578,15.832397999999998,-18.9906613,587617.1319734743,7899998.7326678075,2,1,False,gate,,yes,
osm:4723861584,4723861584,15.8324863,-18.990514599999994,587626.5035947334,7900014.922094155,1,1,False,,,,
osm:4723880672,4723880672,15.308457,-18.976594199999997,532469.7270076065,7901733.9233594695,2,1,False,gate,,,
osm:4804133338,4804133338,15.515551000000002,-18.980844799999996,554268.4744149729,7901212.613015506,2,1,False,,,,
osm:4826748660,4826748660,17.0308507,-18.7643555,714081.6918449885,7924024.937027477,3,1,False,,,,
osm:4826748672,4826748672,17.0300061,-18.764386999999992,713992.5889984309,7924022.465667104,3,1,False,,,,
osm:4826748673,4826748673,17.0305131,-18.7642499,714046.2252350665,7924037.03304287,3,1,False,,,,
osm:4826748676,4826748676,17.0306635,-18.763961900000005,714062.4485564156,7924068.733902952,3,1,False,,,,
osm:4826748679,4826748679,17.0304272,-18.7634651,714038.1578282544,7924124.014082588,2,1,False,,,,
osm:4826851559,4826851559,15.924355299999998,-18.7228853,597451.5906282051,7929581.876182013,2,1,False,,,,
osm:4826851565,4826851565,15.9216624,-18.720558399999998,597168.997423987,7929840.829774169,3,1,False,,,,
osm:4826851665,4826851665,15.942111600000002,-18.501318,599452.3877257487,7954089.659617664,3,1,False,,,,
osm:4826851669,4826851669,15.943173700000001,-18.500820699999995,599564.8020925628,7954144.102391714,3,1,False,,,,
osm:4875401618,4875401618,14.8612108,-18.9705606,485389.8733498677,7902424.195250377,3,1,False,,,,
osm:4876738499,4876738499,16.9420829,-18.8071245,704669.6280804293,7919395.016041683,3,1,False,,,,
osm:4878678651,4878678651,14.8604856,-18.9650054,485313.0460493114,7903038.804910751,1,1,False,,,,
osm:5291218751,5291218751,15.061205299999997,-18.9788909,506442.6640682094,7901507.101749141,3,1,False,,,,
osm:5291218763,5291218763,15.0612187,-18.978511299999997,506444.0891900993,7901549.103083938,3,1,False,,,,
osm:5323186694,5323186694,16.8080266,-18.5588638,690815.870554024,7947023.674893369,1,1,False,,,,
osm:5323203994,5323203994,14.8728039,-18.966253599999998,486609.9190204934,7902901.675473265,3,1,False,,,,
osm:5323204002,5323204002,14.8726726,-18.965892999999998,486596.0680812589,7902941.565021649,3,1,False,,,,
osm:5323219805,5323219805,14.486732,-19.3146739,446080.3891829077,7864274.098215964,1,1,False,gate,,,
osm:5323226065,5323226065,16.4711558,-19.034368199999992,654820.6570458442,7894721.439686228,3,1,False,,,,
osm:5323234347,5323234347,15.710607400000002,-19.0063067,574790.0550331516,7898323.676677948,3,1,False,,,,
osm:5323240415,5323240415,16.1314454,-19.239634499999998,618919.0923558392,7872270.226084495,2,1,False,,,,
osm:5323240417,5323240417,16.1909788,-19.206260299999997,625202.2467409279,7875921.9279772015,3,1,False,,,,
osm:5324337206,5324337206,15.633157,-19.0824022,566607.9075723977,7889934.562963512,2,1,False,,,,
osm:5324964722,5324964722,16.8295843,-18.609445800000003,693034.651252869,7941401.846190779,3,1,False,,,,
osm:5324964723,5324964723,16.9091589,-18.7852693,701224.82772691,7921851.883642076,3,1,False,,,,
osm:5324964727,5324964727,16.9094461,-18.785063099999995,701255.3525175797,7921874.383751093,3,1,False,,,,
osm:5324988596,5324988596,16.486282600000003,-19.042873999999998,656404.8763294927,7893766.63217369,3,1,False,,,,
osm:5324988600,5324988600,16.486712,-19.042559699999998,656450.3656688238,7893801.035555025,3,1,False,,,,
osm:5325002321,5325002321,16.2124719,-19.068518799999996,627567.7529303485,7891150.051386787,1,9,False,,,,
osm:5325027625,5325027625,15.5045297,-18.979430599999993,553108.7627923164,7901372.454770971,3,1,False,,,,
osm:5325027632,5325027632,15.5047171,-18.97899719999999,553128.627044859,7901420.35438704,3,1,False,,,,
osm:5325761886,5325761886,14.505874,-19.3175077,448092.2209162962,7863966.3719723895,2,1,False,gate,unmaned gate,,
osm:5325761887,5325761887,14.505883400000002,-19.317553000000007,448093.22270321776,7863961.362124899,3,1,False,,,,
osm:5325761888,5325761888,14.5342168,-19.281430600000004,451058.94990260125,7867966.708144069,2,1,False,gate,unmaned gate,,
osm:5325764098,5325764098,14.5359521,-19.278195400000005,451240.32817212405,7868325.184575908,3,1,False,,,,
osm:5327261954,5327261954,16.9450341,-18.8122678,704974.5062392585,7918822.267741492,2,1,False,,,,
osm:5417840165,5417840165,16.0705764,-19.1237332,612599.6849252931,7885136.988466973,3,1,False,,,,
osm:5417840203,5417840203,16.1106199,-19.104704699999992,616825.105325315,7887216.519805644,3,1,False,,,,
osm:5417841422,5417841422,16.1937728,-19.051944799999998,625612.6198792098,7892997.755364322,3,1,False,,,,
osm:5417841618,5417841618,16.3406507,-19.036134899999993,641083.0595104757,7894635.861986351,3,7,False,,,,
osm:5417841619,5417841619,16.4910154,-18.942262800000005,656997.3370038348,7904897.798563797,3,1,False,,,,
osm:5417841632,5417841632,16.490938700000005,-18.942302899999998,656989.2218858838,7904893.428670597,3,1,False,,,,
osm:5417854026,5417854026,16.9292384,-18.8191212,703301.154281071,7918081.787157715,3,1,False,,,,
osm:5417921494,5417921494,15.5152174,-18.983687400000004,554232.4378759107,7900898.17884849,2,1,False,,,,
osm:5417921495,5417921495,15.515488400000002,-18.98384909999999,554260.9119237675,7900880.203088112,2,1,False,,,,
osm:5417921571,5417921571,15.5143415,-18.983212099999996,554140.3911445127,7900951.040812159,3,1,False,,,,
osm:5417921594,5417921594,15.514017,-18.983074999999992,554106.2773112608,7900966.310798733,3,1,False,,,,
osm:5418157935,5418157935,16.7442325,-18.500940999999997,684143.5000962784,7953501.235797731,1,1,False,gate,Nehale Iya Mpingana Gate,,
osm:5418197246,5418197246,15.9419526,-18.500851199999996,599435.8714400553,7954141.4004541,3,1,False,,,,
osm:5418213419,5418213419,14.5252316,-18.910246199999992,450003.49166907195,7909036.426927095,2,1,False,,,,
osm:5418530173,5418530173,15.664938399999999,-19.094415599999998,569946.3709290242,7888592.840162244,1,1,False,,,,
osm:5423483948,5423483948,15.8645693,-18.9909916,591003.4619021177,7899945.861625858,3,1,False,,,,
osm:5423484136,5423484136,15.8720012,-18.786889299999995,591897.0686247309,7922527.28392141,3,1,False,,,,
osm:5423484185,5423484185,15.868596499999999,-18.785851400000002,591538.7983132369,7922643.88862451,4,1,False,,,,
osm:5423484252,5423484252,15.744037599999999,-19.0677389,578279.8769491031,7891511.310569046,3,1,False,,,,
osm:5423484254,5423484254,15.814724300000002,-19.070172299999996,585715.9230625809,7891208.984503368,1,1,False,,,,
osm:5423484255,5423484255,15.8175171,-19.0704653,586009.613969037,7891175.194239657,3,1,False,,,,
osm:5423484266,5423484266,15.816991200000002,-19.068558400000004,585955.2650457537,7891386.464978273,3,1,False,,,,
osm:5423484286,5423484286,15.743812099999998,-19.00524499999999,578285.4344939602,7898426.712484829,3,1,False,,,,
osm:5423484287,5423484287,15.7444854,-19.004860400000005,578356.4818584854,7898468.970745346,3,1,False,,,,
osm:5423484299,5423484299,15.723065400000001,-19.009627000000002,576099.7799586258,7897950.926328502,3,1,False,,,,
osm:5423484300,5423484300,15.7140939,-19.006533100000002,575156.9157614673,7898297.1385339,3,1,False,,,,
osm:5423484349,5423484349,15.784710799999997,-19.038507600000003,582573.7560022468,7894727.296369195,3,1,False,,,,
osm:5423484354,5423484354,15.7906898,-19.042442799999996,583200.9867408432,7894289.018532878,3,1,False,,,,
osm:5423484357,5423484357,15.7343931,-19.04509059999999,577275.6276315487,7894021.750529729,4,1,False,,,,
osm:5423484358,5423484358,15.6026467,-19.0638788,563405.1831657224,7891995.559501654,3,1,False,,,,
osm:5423572264,5423572264,15.732160900000002,-19.102560999999998,577014.1792547764,7887663.296688888,3,1,False,,,,
osm:5423572271,5423572271,15.7316678,-19.099755399999996,576963.606479183,7887973.970421024,1,1,False,,,,
osm:5423572272,5423572272,15.690374800000003,-19.098170899999996,572620.5456776813,7888166.943018997,3,1,False,,,,
osm:5423572275,5423572275,15.6896271,-19.097044899999997,572542.3827767605,7888291.850822095,1,1,False,,,,
osm:5423572276,5423572276,15.6177706,-19.1073864,564979.4614101,7887175.737960553,1,1,False,,,,
osm:5423572285,5423572285,15.6243156,-19.12013749999999,565662.8763797157,7885762.330461534,4,1,False,,,,
osm:5423572293,5423572293,15.804603600000002,-19.1695464,584600.4993545306,7880217.376239199,1,1,False,,,,
osm:5423572297,5423572297,15.805908500000001,-19.168995999999993,584737.9922644844,7880277.6493919175,3,1,False,,,,
osm:5423572298,5423572298,15.8714533,-19.172436499999993,591628.2628826146,7879863.794997709,3,1,False,,,,
osm:5423572311,5423572311,15.8691981,-19.147406499999995,591404.9192868627,7882634.79208878,3,1,False,,,,
osm:5423572569,5423572569,15.7530455,-19.1469763,579189.9121632209,7882739.120872816,3,1,False,,,,
osm:5423572576,5423572576,15.7539313,-19.148645099999996,579282.2696450094,7882554.054410986,3,1,False,,,,
osm:5423572577,5423572577,15.9185024,-19.185082999999995,596568.1582279857,7878438.937500054,3,1,False,,,,
osm:5423572579,5423572579,15.922382599999999,-19.180552499999997,596978.789015164,7878938.134555482,3,1,False,,,,
osm:5423572592,5423572592,15.909364499999999,-19.182616699999997,595608.7906101067,7878716.897511768,3,1,False,,,,
osm:5423572594,5423572594,15.910506200000002,-19.1826749,595728.8010368551,7878709.830561082,1,1,False,,,,
osm:5423572603,5423572603,15.907492,-19.167172400000002,595420.7984953613,7880427.0026754625,3,1,False,,,,
osm:5423572618,5423572618,15.901079599999997,-19.1660849,594747.1260336947,7880550.840485067,1,1,False,,,,
osm:5423572619,5423572619,15.903358800000001,-19.16700609999999,594986.2683219484,7880447.6607509125,3,1,False,,,,
osm:5423572626,5423572626,15.9023288,-19.1683345,594877.1987438543,7880301.219548833,1,1,False,,,,
osm:5423572651,5423572651,15.901227000000002,-19.166141000000003,594762.5938635443,7880544.5523828305,3,1,False,,,,
osm:5423595099,5423595099,16.1415043,-19.234634300000003,619980.062557694,7872816.676198981,3,1,False,,,,
osm:5423595100,5423595100,16.1413813,-19.23487679999999,619966.9569045198,7872789.924096095,3,1,False,,,,
osm:5423595103,5423595103,16.1411275,-19.235537799999992,619939.7979719295,7872716.947692532,1,1,False,,,,
osm:5423595104,5423595104,16.1411628,-19.234691800000004,619944.1230252307,7872810.548401251,3,1,False,,,,
osm:5423595105,5423595105,16.165017,-19.221278599999998,622461.5760480547,7874278.340906732,3,1,False,,,,
osm:5423595108,5423595108,16.1659436,-19.220591799999998,622559.4961202077,7874353.695614188,3,1,False,,,,
osm:5423595248,5423595248,16.1434681,-19.107321699999996,620278.8434593682,7886904.65494483,1,4,False,,,,
osm:5423595257,5423595257,16.1582109,-19.098236700000005,621836.4237595329,7887899.865244949,1,4,False,,,,
osm:5423595258,5423595258,16.1517691,-19.1019682,621155.9982185635,7887491.383026735,1,18,False,,,,
osm:5423595262,5423595262,16.1530677,-19.103732199999996,621291.3282226744,7887295.26752242,1,18,False,,,,
osm:5423595296,5423595296,16.2353387,-19.050126599999995,629988.262059418,7893168.70101152,3,1,False,,,,
osm:5423608809,5423608809,16.5202259,-19.042733100000003,659977.598435163,7893751.636937218,1,1,False,,,,
osm:5423608810,5423608810,16.668761,-19.008175,675648.0348545063,7897434.717386348,3,1,False,,,,
osm:5423608812,5423608812,16.6620593,-19.009887399999997,674940.6883556496,7897251.8621995365,3,1,False,,,,
osm:5423608813,5423608813,16.6612674,-19.0103546,674856.8295485079,7897200.938053038,1,1,False,,,,
osm:5423608814,5423608814,16.6610203,-19.009312400000002,674831.9048540435,7897316.53949845,1,1,False,,,,
osm:5423609526,5423609526,16.7901935,-18.859097299999995,688600.1371444543,7913810.388557566,1,1,False,,,,
osm:5425906970,5425906970,14.9574373,-18.620914699999997,495510.23338397883,7941116.1141218,1,1,False,gate,Management Entrance Gate,forestry,
osm:5426321266,5426321266,14.5101686,-19.255737099999994,448524.07468580693,7870802.843602898,1,1,False,,,,
osm:5433773022,5433773022,15.940329399999998,-19.328857399999997,598777.007500966,7862516.250514945,3,1,False,,,,
osm:5433773036,5433773036,15.937859899999998,-19.32725449999999,598518.5414416484,7862695.040400083,3,1,False,,,,
osm:5433773039,5433773039,15.940338500000001,-19.3287651,598778.0189697306,7862526.459559545,2,1,False,cattle_grid,,,
osm:5433773065,5433773065,15.9379135,-19.326917599999998,598524.3743133598,7862732.292386729,3,1,False,,,,
osm:5904927563,5904927563,16.8856497,-18.856389200000002,698662.6301552238,7914005.81836653,3,1,False,,,,
osm:5904927564,5904927564,16.884952900000002,-18.857787699999996,698587.5510184641,7913851.794313667,1,1,False,,,,
osm:5933689829,5933689829,14.6395927,-18.8025127,462022.44514221215,7920985.351547556,3,1,False,,,,
osm:6153911368,6153911368,15.9379776,-19.327130899999997,598530.9803538366,7862708.651399138,3,1,False,,,,
osm:6153911587,6153911587,15.9390284,-19.325871,598642.1269741034,7862847.477732148,3,1,False,,,,
osm:6153911588,6153911588,15.9393007,-19.3256154,598670.8867635998,7862875.608106363,1,1,False,,,,
osm:6153911589,6153911589,15.937281100000002,-19.327510099999998,598457.5833268907,7862667.0841776095,3,1,False,,,,
osm:6153911599,6153911599,15.9358688,-19.327098600000003,598309.4627488949,7862713.424893443,3,1,False,,,,
osm:6153911600,6153911600,15.9355845,-19.327099900000004,598279.595248762,7862713.442477988,1,1,False,,,,
osm:6153911601,6153911601,15.9375739,-19.327091,598488.5941422179,7862713.296621676,3,1,False,,,,
osm:6226553781,6226553781,17.0427742,-18.80346769999999,715289.300595716,7919680.778963373,3,1,False,,,,
osm:6226725460,6226725460,16.337387,-19.0365199,640739.2308526979,7894595.872083703,1,7,False,,,,
osm:6226725461,6226725461,16.337562,-19.036214599999997,640757.9068618667,7894629.520020596,1,7,False,,,,
osm:6226725465,6226725465,16.337783,-19.0364033,640781.0080035613,7894608.459031011,3,7,False,,,,
osm:6226725467,6226725467,16.3205731,-19.0411778,638965.7023171856,7894093.765894507,1,3,False,,,,
osm:6226725468,6226725468,16.320296,-19.0411705,638936.5446912183,7894094.793108951,1,3,False,,,,
osm:6226727086,6226727086,16.3553706,-19.012214500000002,642652.7498928342,7897271.304667294,1,3,False,,,,
osm:6226727087,6226727087,16.3550115,-19.012344200000012,642614.8384195078,7897257.2417675555,1,3,False,,,,
osm:6226727088,6226727088,16.355010500000002,-19.012017300000004,642615.011937403,7897293.421413671,3,3,False,,,,
osm:6226745982,6226745982,16.2719241,-19.062185099999997,633828.7730696368,7891806.6853604615,2,1,False,yes,,,no
osm:6226746202,6226746202,16.074473,-19.126014599999998,613008.002974281,7884882.004235789,3,1,False,,,,
osm:6226746203,6226746203,16.0739876,-19.125853599999996,612957.0556003433,7884900.134927773,3,1,False,,,,
osm:6226746204,6226746204,16.0740395,-19.1263069,612962.2065657196,7884849.9370976435,3,1,False,,,,
osm:6228576300,6228576300,16.0494777,-19.142587699999993,610367.8671641588,7883063.925747691,3,1,False,,,,
osm:6228646126,6228646126,16.1107018,-19.108178499999994,616831.2815287723,7886832.0352624785,3,1,False,,,,
osm:6228646128,6228646128,16.1108797,-19.1083413,616849.8817707985,7886813.9001270365,3,1,False,,,,
osm:6231725072,6231725072,16.2257271,-19.054841699999997,628973.1160897448,7892653.979719981,1,1,False,,,,
osm:6231725073,6231725073,16.2253783,-19.0549924,628936.293852676,7892637.558341841,1,1,False,,,,
osm:6535575951,6535575951,15.9189293,-19.1795762,596616.2556928777,7879048.090146784,2,1,False,gate,,,
osm:6535582087,6535582087,14.474339700000002,-19.0098291,444676.9438290633,7898002.313656102,2,1,False,,,,
osm:666073260,666073260,16.6808968,-18.968889699999995,676967.2168226063,7901770.860885378,3,1,False,,,,
osm:6709578085,6709578085,16.7890925,-18.847253499999994,688497.3473663778,7915122.539023289,1,1,False,,,,
osm:6935423525,6935423525,16.3141246,-19.407467800000003,637980.8214032415,7853560.282648377,3,1,False,,,,
osm:6935423527,6935423527,16.3344865,-19.412061900000005,640115.1505892109,7853035.399369687,3,1,False,,,,
osm:6935423560,6935423560,16.3559547,-19.416899000000008,642365.3314739624,7852482.448145117,3,1,False,,,,
osm:6935444505,6935444505,16.3875834,-19.4179183,645685.7087241547,7852343.193781617,3,1,False,,,,
osm:6935444523,6935444523,16.4252258,-19.4221131,649634.6647863362,7851846.650766419,3,1,False,,,,
osm:6935444533,6935444533,16.4530641,-19.428310200000006,652552.1122789851,7851136.329642177,3,1,False,,,,
osm:6935584766,6935584766,16.5641318,-19.436186299999996,664206.9923657437,7850162.393154177,3,1,False,,,,
osm:6935608285,6935608285,16.5176158,-19.435756100000003,659323.121511403,7850253.729102426,3,1,False,,,,
osm:7680681007,7680681007,16.3744372,-18.5008511,645096.4204393628,7953848.484282118,2,1,False,,,,
osm:7685295709,7685295709,16.7287434,-18.657029399999992,682341.7386816536,7936240.602101274,3,1,False,,,,
osm:8041651595,8041651595,17.1365272,-18.618443499999998,725418.7047515123,7940047.8013811875,1,1,False,,,,
osm:8041651596,8041651596,17.1365269,-18.618563799999997,725418.5144614361,7940034.483951954,2,1,False,swing_gate,,,
osm:8042226451,8042226451,17.0424412,-18.801415500000004,715256.8049423522,7919908.364240252,3,1,False,,,,
osm:8042226456,8042226456,17.0428653,-18.803291199999997,715299.1295722148,7919700.207369034,2,1,False,gate,,,
osm:8042226457,8042226457,17.0426993,-18.8039878,715280.7422461973,7919623.2938617775,1,1,False,,,,
osm:8042226458,8042226458,17.042569,-18.801996700000004,715269.5390239607,7919843.8696409,1,1,False,,,,
osm:8042263896,8042263896,17.0397441,-18.800721999999997,714973.3377207255,7919988.401696583,3,1,False,,,,
osm:8042263898,8042263898,17.0401206,-18.800644699999996,715013.129541398,7919996.503265396,3,1,False,,,,
osm:89025354,89025354,16.297759,-19.038561400000006,636566.7552549848,7894401.226997884,2,1,False,,,,
osm:89025415,89025415,16.4042162,-18.9951842,647809.5963344485,7899115.77334358,2,1,False,,,,
osm:89025530,89025530,16.5570984,-18.997124300000007,663903.2622910426,7898765.625859775,3,1,False,,,,
osm:89025833,89025833,16.9414973,-18.810676599999997,704603.5973342337,7919002.486833714,4,1,False,,,,
osm:89025846,89025846,16.9454616,-18.817636899999993,705013.0604326562,7918227.433774936,3,1,False,,,,
osm:89025854,89025854,17.0432667,-18.803445900000003,715341.2507947932,7919682.595245294,1,1,False,gate,Von Lindequist Gate,customers,
osm:977754974,977754974,15.9166682,-19.178143899999995,596379.3406685182,7879207.841349863,3,1,False,,,,
osm:977755702,977755702,16.4912047,-18.942350000000005,657017.191478077,7904887.979080055,3,1,False,,,,
osm:977755983,977755983,16.2078204,-19.074663800000003,627073.6123989183,7890473.373647417,1,19,False,,,,
osm:977756062,977756062,16.5866589,-18.9326654,667079.7085465869,7905872.205385392,3,1,False,,,,
osm:977756935,977756935,16.129709,-19.2392335,618736.8600088941,7872315.790741224,2,1,False,gate,,,
osm:977757260,977757260,16.1296924,-19.238739899999995,618735.470047859,7872370.427615728,3,1,False,,,,
osm:9888495446,9888495446,14.6608589,-18.8194764,464266.9534644488,7919112.776780051,3,1,False,,,,
osm:9993439726,9993439726,14.5324316,-19.3751643,450899.3866396478,7857594.134641293,2,1,False,,,,
osm:9993439727,9993439727,14.5330261,-19.375872699999995,450962.0297262345,7857515.915411381,2,1,False,,,,
