edge_id,u,v,osm_way_id,length_m,name,ref,highway,surface,tracktype,smoothness,width,maxspeed,oneway,junction,access,vehicle,motor_vehicle,motorcar,bridge,tunnel,layer,seasonal,ford,construction,allow_forward_by_oneway,allow_backward_by_oneway,access_review,road_group,original_vertex_segments,component_id
park:1,clip:1098120030:599401.363:7954217.623,osm:10054825898,1098120030,76.09663835334769,,,track,,,,,,,,,,,,,,,,,,True,True,False,surface_unknown,1,1
park:2,clip:1459312962:587163.721:7954297.434,osm:13383535789,1459312962,261.846569495573,,,track,,,,,,,,,,,,,,,,,,True,True,False,surface_unknown,3,17
park:3,clip:224458954:446309.774:7863581.712,osm:2332816349,224458954,1823.7818065908177,,,track,dirt,grade3,,,,,,forestry,,,,,,,,,,True,True,True,earth_sand,3,1
park:4,clip:224458955:452636.393:7871967.209,osm:2332814659,224458955,4683.92921053757,,,track,dirt,grade3,,,,,,forestry,,,,,,,,,,True,True,True,earth_sand,65,1
park:5,clip:224458955:457082.741:7872497.475,osm:2332812688,224458955,5544.86559550486,,,track,dirt,grade3,,,,,,forestry,,,,,,,,,,True,True,True,earth_sand,91,1
park:6,clip:224482913:567241.474:7938644.258,osm:2333046661,224482913,3316.5050063570648,,,unclassified,ground,,,,,,,forestry,,,,,,,,,,True,True,True,earth_sand,5,1
park:7,clip:224482913:570050.165:7954272.957,osm:2333046476,224482913,24827.89280577785,,,unclassified,ground,,,,,,,forestry,,,,,,,,,,True,True,True,earth_sand,37,1
park:8,clip:225322570:684158.851:7953509.714,osm:2341116914,225322570,21.125991659230525,,,service,,,,,,,,,,,,,,,,,,True,True,False,surface_unknown,4,1
park:9,clip:314783375:448635.507:7908082.880,osm:3208311208,314783375,7.367587700864299,,,track,,,,,,,,,,,,,,,,,,True,True,False,surface_unknown,1,1
park:10,clip:319583772:598895.227:7862315.047,osm:2340324642,319583772,23.98258498234496,,,track,,grade2,,,,,,,,,,,,,,,,True,True,False,surface_unknown,2,1
park:11,clip:423619303:720095.296:7897507.173,clip:423619303:722508.112:7884639.664,423619303,13091.836000146306,,D3025,tertiary,unpaved,,,,100,,,,,,,,,,,,,True,True,False,other_unpaved,5,2
park:12,clip:562986388:443832.276:7858621.244,osm:2332976181,562986388,1336.7347244691757,,,unclassified,ground,,,,100,,,forestry,,,,,,,,,,True,True,True,earth_sand,52,1
park:13,clip:562986388:443837.752:7858625.128,osm:5325761887,562986388,8015.956936190782,,,unclassified,ground,,,,100,,,forestry,,,,,,,,,,True,True,True,earth_sand,97,1
park:14,clip:628519675:462019.858:7920979.927,osm:5933689829,628519675,6.010012223488959,,,track,,,,,,,,,,,,,,,,,,True,True,False,surface_unknown,1,1
park:15,clip:665243360:715340.595:7919690.009,osm:6226553781,665243360,52.141586936405005,,C38,primary,asphalt,,,,60,yes,,,,,,,,,,,,False,True,False,paved,3,1
park:16,clip:740776674:635401.896:7854190.807,osm:2340325624,740776674,3.8897568598278482,,,unclassified,,,,,,,,,,,,,,,,,,True,True,False,surface_unknown,1,1
park:17,clip:740776682:637979.723:7853557.059,osm:6935423525,740776682,3.405626369905774,,,unclassified,,,,,,,,,,,,,,,,,,True,True,False,surface_unknown,1,1
park:18,clip:740776684:640113.385:7853032.192,osm:6935423527,740776684,3.661187213775046,,,unclassified,,,,,,,,,,,,,,,,,,True,True,False,surface_unknown,1,1
park:19,clip:740776689:642363.852:7852478.282,osm:6935423560,740776689,4.420966236312791,,,unclassified,,,,,,,,,,,,,,,,,,True,True,False,surface_unknown,1,1
park:20,clip:740776699:645685.168:7852340.464,osm:6935444505,740776699,2.7832084379814477,,,unclassified,,,,,,,,,,,,,,,,,,True,True,False,surface_unknown,1,1
park:21,clip:740776705:652551.706:7851131.920,osm:6935444533,740776705,4.428166783786192,,,unclassified,,,,,,,,,,,,,,,,,,True,True,False,surface_unknown,1,1
park:22,clip:740776707:647984.385:7852243.632,osm:2332816857,740776707,3.2195662534280745,,,unclassified,,,,,,,,,,,,,,,,,,True,True,False,surface_unknown,1,1
park:23,clip:740776710:649635.460:7851841.929,osm:6935444523,740776710,4.78852100469618,,,unclassified,,,,,,,,,,,,,,,,,,True,True,False,surface_unknown,1,1
park:24,clip:740792105:664203.348:7850155.245,osm:6935584766,740792105,8.023773734699528,,,unclassified,,,,,,,,,,,,,,,,,,True,True,False,surface_unknown,1,1
park:25,clip:740792110:659319.933:7850246.567,osm:6935608285,740792110,7.840008085930704,,,unclassified,,,,,,,,,,,,,,,,,,True,True,False,surface_unknown,1,1
park:26,clip:740792116:655940.848:7850308.983,osm:2340325872,740792116,3.8945466491474603,,,unclassified,,,,,,,,,,,,,,,,,,True,True,False,surface_unknown,1,1
park:27,osm:10054825898,osm:2333046348,224482896,3517.010779293474,,,unclassified,ground,,,,,,,forestry,,,,,,,,,,True,True,True,earth_sand,1,1
park:28,osm:10054825898,osm:5418197246,224482896,38.08005325542846,,,unclassified,ground,,,,,,,forestry,,,,,,,,,,True,True,True,earth_sand,1,1
park:29,osm:1027299970,osm:2332810902,26337762,2905.9424564160704,,C38,tertiary,gravel,grade2,very_bad,,60,,,,,,,,,,,,,True,True,False,gravel,15,1
park:30,osm:1027299970,osm:2332810756,26337762,1526.255942537152,,C38,tertiary,gravel,grade2,very_bad,,60,,,,,,,,,,,,,True,True,False,gravel,13,1
park:31,osm:1027299970,osm:1027300124,88450570,353.4775145232446,,,track,gravel,grade2,,,60,no,,private,,,,,,,,,,True,True,True,gravel,9,1
park:32,osm:1083452562,osm:259483464,23939509,185.16991061236448,,,track,gravel,grade2,,,,,,,,yes,,,,,,,,True,True,False,gravel,8,1
park:33,osm:1083452562,osm:1083452562,23939509,208.18265917225207,,,track,gravel,grade2,,,,,,,,yes,,,,,,,,True,True,False,gravel,15,1
park:34,osm:1083452573,osm:288788135,28157365,31.602662399694772,,,track,gravel,grade2,,,,,,,,yes,,,,,,,,True,True,False,gravel,3,1
park:35,osm:1083452573,osm:309192401,28157365,254.3638358781708,,,track,gravel,grade2,,,,,,,,yes,,,,,,,,True,True,False,gravel,17,1
park:36,osm:1083452573,osm:2339698110,225158148,35.50262732796008,,,track,gravel,grade2,,,,,,,,yes,,,,,,,,True,True,False,gravel,4,1
park:37,osm:1083452602,osm:259145778,93458956,61.95309372954618,,,service,gravel,,,,,,,,,,,,,,,,,True,True,False,gravel,4,1
park:38,osm:1083452602,osm:1083452602,225322569,157.88441151100184,,,service,gravel,,,,,,,,,,,,,,,,,True,True,False,gravel,16,1
park:39,osm:1083452602,osm:2341117067,225322569,50.6950816599806,,,service,gravel,,,,,,,,,,,,,,,,,True,True,False,gravel,5,1
park:40,osm:10998445540,osm:2397679935,231378847,54.682143959358854,,,track,,grade2,,,,,,,,,,,,,,,,True,True,False,surface_unknown,2,1
park:41,osm:10998445540,osm:2397679755,231378847,45.21367626116662,,,track,,grade2,,,,,,,,,,,,,,,,True,True,False,surface_unknown,1,1
park:42,osm:10998445540,osm:10998445565,1184322573,43.794320853042564,,,track,,grade2,,,,,,,,,,,,,,,,True,True,False,surface_unknown,3,1
park:43,osm:10998445552,osm:1846866003,270859533,7.737710364170817,,,residential,,grade3,,,,,,,,,,,,,,,,True,True,False,surface_unknown,1,1
park:44,osm:10998445552,osm:1846866005,270859533,20.96016124904641,,,residential,,grade3,,,,,,,,,,,,,,,,True,True,False,surface_unknown,1,1
park:45,osm:10998445552,osm:10998445559,1184322575,19.87673663224143,,,residential,,,,,,,,,,,,,,,,,,True,True,False,surface_unknown,2,1
park:46,osm:10998445559,osm:5327261954,551641990,16.864980888074818,,,residential,,grade2,,,,,,,,,,,,,,,,True,True,False,surface_unknown,2,1
park:47,osm:10998445559,osm:1846866005,551641990,21.078090717983315,,,residential,,grade2,,,,,,,,,,,,,,,,True,True,False,surface_unknown,2,1
park:48,osm:10998445563,osm:1846865965,173940124,72.77709645974103,,,residential,,grade3,,,,,,,,,,,,,,,,True,True,False,surface_unknown,5,1
park:49,osm:10998445563,osm:1846865874,173940124,37.70420521169344,,,residential,,grade3,,,,,,,,,,,,,,,,True,True,False,surface_unknown,2,1
park:50,osm:10998445563,osm:1846865929,1184322574,32.0074331605217,,,residential,ground,grade3,,,,,,,,,,,,,,,,True,True,False,earth_sand,3,1
park:51,osm:10998445565,osm:3252158120,551641992,18.60471641885737,,,residential,,grade3,,,,,,,,,,,,,,,,True,True,False,surface_unknown,3,1
park:52,osm:10998445565,osm:2397679755,551641992,72.78313994880412,,,residential,,grade3,,,,,,,,,,,,,,,,True,True,False,surface_unknown,6,1
park:53,osm:10998445622,osm:10998445640,1184322577,34.264009829898875,,,track,,,,,,,,,,,,,,,,,,True,True,False,surface_unknown,3,1
park:54,osm:10998445622,osm:10998445627,1184322578,61.787008241472634,,,track,,,,,,,,,,,,,,,,,,True,True,False,surface_unknown,1,1
park:55,osm:10998445622,osm:10998445635,1184322578,40.52717179028116,,,track,,,,,,,,,,,,,,,,,,True,True,False,surface_unknown,3,1
park:56,osm:10998445627,osm:309211188,551304677,200.56794744319484,,D3646,secondary,gravel,grade3,,,60,,,,,,,,,,,,,True,True,False,gravel,4,1
park:57,osm:10998445627,osm:309224021,551304677,457.88664943046535,,D3646,secondary,gravel,grade3,,,60,,,,,,,,,,,,,True,True,False,gravel,20,1
park:58,osm:10998445629,osm:10998445663,1184322579,136.76996980178876,,,track,,,,,,,,,,,,,,,,,,True,True,False,surface_unknown,14,1
park:59,osm:10998445629,osm:10998445640,1184322579,110.57042991972008,,,track,,,,,,,,,,,,,,,,,,True,True,False,surface_unknown,10,1
park:60,osm:10998445629,osm:10998445635,1184322579,51.49451695504328,,,track,,,,,,,,,,,,,,,,,,True,True,False,surface_unknown,6,1
park:61,osm:10998445635,osm:10998445640,1184322579,33.6463260157335,,,track,,,,,,,,,,,,,,,,,,True,True,False,surface_unknown,5,1
park:62,osm:10998445663,osm:1846614097,28157254,45.37233137949529,,6025,track,gravel,grade3,,,,,,,,,,,,,,,,True,True,False,gravel,4,1
park:63,osm:10998445663,osm:1846614097,28157254,70.65215228626312,,6025,track,gravel,grade3,,,,,,,,,,,,,,,,True,True,False,gravel,9,1
park:64,osm:10998445671,osm:259146107,551304677,19.321799497612346,,D3646,secondary,gravel,grade3,,,60,,,,,,,,,,,,,True,True,False,gravel,1,1
park:65,osm:10998445671,osm:10998445693,551304677,6.85055687811276,,D3646,secondary,gravel,grade3,,,60,,,,,,,,,,,,,True,True,False,gravel,1,1
park:66,osm:10998445671,osm:10998445676,1184322580,23.609632790095613,,6025,track,gravel,grade3,,,,,,,,,,,,,,,,True,True,False,gravel,5,1
park:67,osm:10998445676,osm:1846614097,28157254,109.9600982511619,,6025,track,gravel,grade3,,,,,,,,,,,,,,,,True,True,False,gravel,5,1
park:68,osm:10998445676,osm:259146107,28157254,22.720838793144228,,6025,track,gravel,grade3,,,,,,,,,,,,,,,,True,True,False,gravel,1,1
park:69,osm:10998445677,osm:1846614139,551373735,143.21485729554837,,,unclassified,,grade3,,,,,,,,,,,,,,,,True,True,False,surface_unknown,8,1
park:70,osm:10998445677,osm:10998445677,551373735,86.66170246930986,,,unclassified,,grade3,,,,,,,,,,,,,,,,True,True,False,surface_unknown,13,1
park:71,osm:10998445693,osm:309211188,551304677,34.514082232612324,,D3646,secondary,gravel,grade3,,,60,,,,,,,,,,,,,True,True,False,gravel,1,1
park:72,osm:10998445693,osm:309211189,1184322581,27.23079625080741,,6025,residential,dirt,grade3,,,,,,forestry,,,,,,,,,,True,True,True,earth_sand,4,1
park:73,osm:10998445719,osm:1846864772,173940132,269.0820566667361,,,track,,,,,,,,,,,,,,,,,,True,True,False,surface_unknown,26,1
park:74,osm:10998445719,osm:309203378,173940132,224.534412514976,,,track,,,,,,,,,,,,,,,,,,True,True,False,surface_unknown,22,1
park:75,osm:10998445719,osm:1846864197,1184322582,77.87651834911954,,,track,,,,,,,,,,,,,,,,,,True,True,False,surface_unknown,12,1
park:76,osm:10998445808,osm:4875401618,1184322583,150.50080996928068,,,track,,,,,,,,,,,,,,,,,,True,True,False,surface_unknown,10,1
park:77,osm:10998445823,osm:2332807639,224458843,118.81776007121297,,,track,,,,,,,,forestry,,,,,,,,,,True,True,True,surface_unknown,4,1
park:78,osm:10998445823,osm:10998445827,224458843,28.874880592833428,,,track,,,,,,,,forestry,,,,,,,,,,True,True,True,surface_unknown,3,1
park:79,osm:10998445823,osm:10998445831,1184322584,27.19357521628458,,,track,,,,,,,,,,,,,,,,,,True,True,False,surface_unknown,4,1
park:80,osm:10998445827,osm:2332807603,224458843,19.45194135447772,,,track,,,,,,,,forestry,,,,,,,,,,True,True,True,surface_unknown,3,1
park:81,osm:10998445827,osm:10998445831,1184322585,27.81365824375792,,,track,,,,,,,,,,,,,,,,,,True,True,False,surface_unknown,4,1
park:82,osm:10998445831,osm:10998445839,1184322585,145.6791481432476,,,track,,,,,,,,,,,,,,,,,,True,True,False,surface_unknown,8,1
park:83,osm:10998445839,osm:4616775230,224458873,17.074977435975466,,,tertiary,gravel,,,,60,,,yes,,,,,,,,,,True,True,False,gravel,1,1
park:84,osm:10998445839,osm:4624302919,224458873,11.252937933130509,,,tertiary,gravel,,,,60,,,yes,,,,,,,,,,True,True,False,gravel,1,1
park:85,osm:10998445840,osm:10998445849,1184322587,57.503342910592195,,,track,,,,,,,,,,,,,,,,,,True,True,False,surface_unknown,4,1
park:86,osm:10998445849,osm:10998445855,551188260,55.872320933277024,,,unclassified,fine_gravel,,,,,,,permissive,,,,,,,,,,True,True,False,gravel,2,1
park:87,osm:10998445849,osm:4616775227,551188260,5.46636357580186,,,unclassified,fine_gravel,,,,,,,permissive,,,,,,,,,,True,True,False,gravel,1,1
park:88,osm:10998445850,osm:4616784558,551188260,7.127239291600148,,,unclassified,fine_gravel,,,,,,,permissive,,,,,,,,,,True,True,False,gravel,1,1
park:89,osm:10998445850,osm:10998445855,551188260,22.437191303979223,,,unclassified,fine_gravel,,,,,,,permissive,,,,,,,,,,True,True,False,gravel,1,1
park:90,osm:10998445850,osm:10998445860,1184322588,122.37766894694212,,,track,,,,,,,,,,,,,,,,,,True,True,False,surface_unknown,8,1
park:91,osm:10998445855,osm:10998445860,1184322589,95.33477709901004,,,track,,,,,,,,,,,,,,,,,,True,True,False,surface_unknown,4,1
park:92,osm:10998445860,osm:11360510668,1184322589,219.5046585108297,,,track,,,,,,,,,,,,,,,,,,True,True,False,surface_unknown,19,1
park:93,osm:11003409414,osm:2244855917,224458829,2109.9563437311235,,,tertiary,gravel,,,,60,,,,,,,,,,,,,True,True,False,gravel,8,1
park:94,osm:11003409414,osm:2244852626,224458829,21.935612305485808,,,tertiary,gravel,,,,60,,,,,,,,,,,,,True,True,False,gravel,1,1
park:95,osm:11003409414,osm:2333161259,1184669989,18.38966886996809,,,service,,,,,,,,,,,,,,,,,,True,True,False,surface_unknown,4,1
park:96,osm:11003432394,osm:2334299301,224626728,626.5159934234122,,,track,,,,,,,,forestry,,,,,,,,,,True,True,True,surface_unknown,43,1
park:97,osm:11003432394,osm:2334299200,224626728,46.7569082417929,,,track,,,,,,,,forestry,,,,,,,,,,True,True,True,surface_unknown,4,1
park:98,osm:11003432394,osm:11003432394,1184672823,443.6641202374894,,,track,,,,,,,,,,,,,,,,,,True,True,False,surface_unknown,34,1
park:99,osm:11003434448,osm:2334246568,1184672826,85.02305782030294,,,service,gravel,,,,,no,,,,yes,,,,,,,,True,True,False,gravel,4,1
park:100,osm:11235648221,osm:11235657962,1212728061,43.53063150929558,,,service,unpaved,,,,,,,private,,,,,,,,,,True,True,True,other_unpaved,2,1
park:101,osm:11235648221,osm:11235657991,1212728069,78.29153079502805,,,service,unpaved,,,,,,,private,,,,,,,,,,True,True,True,other_unpaved,6,1
park:102,osm:11235648221,osm:11235657957,1212728071,165.4464666909142,,,service,unpaved,,,,,,,private,,,,,,,,,,True,True,True,other_unpaved,4,1
park:103,osm:11235657860,osm:6228576300,224458811,3179.425356000931,,,unclassified,gravel,grade2,,,60,no,,,,,,,,,,,,True,True,False,gravel,39,1
park:104,osm:11235657860,osm:6228576300,224458811,7716.337632968914,,,unclassified,gravel,grade2,,,60,no,,,,,,,,,,,,True,True,False,gravel,90,1
park:105,osm:11235657860,osm:11356718544,1224578781,216.15882991725684,,,track,,grade3,,,,,,,,,,,,,,,,True,True,False,surface_unknown,11,1
park:106,osm:11235657904,osm:2757981439,1212728064,100.2522374508395,,,track,gravel,,,,,,,,,,,,,,,,,True,True,False,gravel,4,1
park:107,osm:11235657904,osm:11235657909,1212728065,148.63650508170957,,,track,gravel,,,,,,,,,,,,,,,,,True,True,False,gravel,5,1
park:108,osm:11235657904,osm:2483484376,1212728065,119.7114620750966,,,track,gravel,,,,,,,,,,,,,,,,,True,True,False,gravel,4,1
park:109,osm:11235657909,osm:2332811638,240628434,18.770689165815146,,C38,primary,gravel,,,,60,no,,,,,,,,,,,,True,True,False,gravel,2,1
park:110,osm:11235657909,osm:2483484400,240628434,30.561725193202683,,C38,primary,gravel,,,,60,no,,,,,,,,,,,,True,True,False,gravel,2,1
park:111,osm:11235657910,osm:2483484370,224458723,38.77234319891448,,C38,primary,asphalt,,,,60,no,,yes,,,,,,,,,,True,True,False,paved,1,1
park:112,osm:11235657910,osm:2758941699,224458723,44.63840411544195,,C38,primary,asphalt,,,,60,no,,yes,,,,,,,,,,True,True,False,paved,1,1
park:113,osm:11235657910,osm:11235657914,1212728066,46.747256891676535,,,track,gravel,,,,,,,,,,,,,,,,,True,True,False,gravel,4,1
park:114,osm:11235657914,osm:2757981439,1212728063,70.47015996973465,,,track,,,,,,,,,,,,,,,,,,True,True,False,surface_unknown,1,1
park:115,osm:11235657914,osm:11235657916,1212728067,17.2971249454318,,,track,gravel,,,,,,,,,,,,,,,,,True,True,False,gravel,1,1
park:116,osm:11235657914,osm:11235657915,1212728067,77.29879390150717,,,track,gravel,,,,,,,,,,,,,,,,,True,True,False,gravel,1,1
park:117,osm:11235657915,osm:2483484370,240628431,30.152571234600252,,,residential,gravel,,,,,,,private,,,,,,,,,,True,True,True,gravel,1,1
park:118,osm:11235657915,osm:2483484373,240628431,173.0196175488622,,,residential,gravel,,,,,,,private,,,,,,,,,,True,True,True,gravel,4,1
park:119,osm:11235657916,osm:11235658190,240628434,21.097047196760478,,C38,primary,gravel,,,,60,no,,,,,,,,,,,,True,True,False,gravel,2,1
park:120,osm:11235657916,osm:2483484396,240628434,20.107965845366543,,C38,primary,gravel,,,,60,no,,,,,,,,,,,,True,True,False,gravel,1,1
park:121,osm:11235657936,osm:2757981544,270822372,155.8469761459956,,,residential,unpaved,,,,,,,private,,,,,,,,,,True,True,True,other_unpaved,6,1
park:122,osm:11235657936,osm:2757981766,270822372,67.63659471872235,,,residential,unpaved,,,,,,,private,,,,,,,,,,True,True,True,other_unpaved,6,1
park:123,osm:11235657936,osm:11235657967,1289201823,82.55629069307426,,,service,unpaved,,,,,,,private,,,,,,,,,,True,True,True,other_unpaved,3,1
park:124,osm:11235657957,osm:2757981432,1212728070,142.6479599147404,,,service,unpaved,,,,,,,private,,,,,,,,,,True,True,True,other_unpaved,13,1
park:125,osm:11235657957,osm:2757981432,1212728071,47.89805638438503,,,service,unpaved,,,,,,,private,,,,,,,,,,True,True,True,other_unpaved,4,1
park:126,osm:11235657961,osm:11235657962,1212728072,22.252076660346543,,,service,unpaved,,,,,,,private,,,,,,,,,,True,True,True,other_unpaved,1,1
park:127,osm:11235657961,osm:11235657995,1289201822,11.282272403455831,,,service,unpaved,,,,,,,private,,,,,,,,,,True,True,True,other_unpaved,1,1
park:128,osm:11235657961,osm:11235657991,1289201822,48.26361934943936,,,service,unpaved,,,,,,,private,,,,,,,,,,True,True,True,other_unpaved,4,1
park:129,osm:11235657962,osm:11235657966,1212728072,166.5183707272041,,,service,unpaved,,,,,,,private,,,,,,,,,,True,True,True,other_unpaved,4,1
park:130,osm:11235657966,osm:11235657967,1289201823,36.875450396821535,,,service,unpaved,,,,,,,private,,,,,,,,,,True,True,True,other_unpaved,1,1
park:131,osm:11235657966,osm:2757981432,1289201823,17.501092652260347,,,service,unpaved,,,,,,,private,,,,,,,,,,True,True,True,other_unpaved,2,1
park:132,osm:11235657967,osm:11235657995,1212728073,151.74481767157747,,,service,unpaved,,,,,,,private,,,,,,,,,,True,True,True,other_unpaved,4,1
park:133,osm:11235657971,osm:11235657980,1212728074,29.00486933584555,,,service,unpaved,,,,,,,private,,,,,,,,,,True,True,True,other_unpaved,1,1
park:134,osm:11235657971,osm:11235657972,1289201822,96.2205224379485,,,service,unpaved,,,,,,,private,,,,,,,,,,True,True,True,other_unpaved,5,1
park:135,osm:11235657971,osm:11235657985,1289201822,28.9580055549639,,,service,unpaved,,,,,,,private,,,,,,,,,,True,True,True,other_unpaved,1,1
park:136,osm:11235657972,osm:11235657980,1212728075,73.30689631750363,,,service,unpaved,,,,,,,private,,,,,,,,,,True,True,True,other_unpaved,8,1
park:137,osm:11235657972,osm:11235657991,1289201822,48.95424211948564,,,service,unpaved,,,,,,,private,,,,,,,,,,True,True,True,other_unpaved,2,1
park:138,osm:11235657980,osm:11235657997,1212728075,96.0706215285393,,,service,unpaved,,,,,,,private,,,,,,,,,,True,True,True,other_unpaved,5,1
park:139,osm:11235657995,osm:11235657997,1289201822,100.22519316485946,,,service,unpaved,,,,,,,private,,,,,,,,,,True,True,True,other_unpaved,2,1
park:140,osm:11235657997,osm:2757981659,1289201822,66.72090282959462,,,service,unpaved,,,,,,,private,,,,,,,,,,True,True,True,other_unpaved,5,1
park:141,osm:11235658067,osm:11235658090,270822385,46.223525779931826,,,service,,,,,,,,,,,,,,,,,,True,True,False,surface_unknown,1,1
park:142,osm:11235658067,osm:2332811416,270822385,129.16768878298652,,,service,,,,,,,,,,,,,,,,,,True,True,False,surface_unknown,1,1
park:143,osm:11235658067,osm:11235658071,1212728076,110.1927321166626,,,track,,,,,,,,,,,,,,,,,,True,True,False,surface_unknown,4,1
park:144,osm:11235658084,osm:11235658092,1212728077,65.14494857820853,,,track,,,,,,,,,,,,,,,,,,True,True,False,surface_unknown,6,1
park:145,osm:11235658084,osm:11235658084,1212728077,106.54956168556502,,,track,,,,,,,,,,,,,,,,,,True,True,False,surface_unknown,13,1
park:146,osm:11235658090,osm:2332811357,270822385,99.87352391945966,,,service,,,,,,,,,,,,,,,,,,True,True,False,surface_unknown,1,1
park:147,osm:11235658090,osm:11235658092,1212728078,81.11239015676463,,,service,,,,,,,,,,,,,,,,,,True,True,False,surface_unknown,2,1
park:148,osm:11235658092,osm:11235658178,1212728078,44.550220647882824,,,service,,,,,,,,,,,,,,,,,,True,True,False,surface_unknown,3,1
park:149,osm:11235658099,osm:1253853903,109553742,243.85268881029282,,,service,,,,,,,,,,,,,,,,,,True,True,False,surface_unknown,9,1
park:150,osm:11235658099,osm:1253853976,109553742,19.587991484849034,,,service,,,,,,,,,,,,,,,,,,True,True,False,surface_unknown,2,1
park:151,osm:11235658099,osm:11235658100,1212728079,29.59534159112906,,,service,,,,,,,,,,,,,,,,,,True,True,False,surface_unknown,1,1
park:152,osm:11235658100,osm:1253853931,270822377,42.94298506108391,,,service,,,,,,,,,,,,,,,,,,True,True,False,surface_unknown,3,1
park:153,osm:11235658100,osm:1253853976,270822377,19.39816562709086,,,service,,,,,,,,,,,,,,,,,,True,True,False,surface_unknown,1,1
park:154,osm:11235658130,osm:1253853909,109553712,14.098408742074351,,,service,,,,,,,,,,,,,,,,,,True,True,False,surface_unknown,3,1
park:155,osm:11235658130,osm:1253853964,109553712,94.90660740730272,,,service,,,,,,,,,,,,,,,,,,True,True,False,surface_unknown,6,1
park:156,osm:11235658130,osm:11235658138,1212728080,24.88533134147172,,,track,,,,,,,,,,,,,,,,,,True,True,False,surface_unknown,4,1
park:157,osm:11235658134,osm:11235658138,1212728081,25.312544682414902,,,track,,,,,,,,,,,,,,,,,,True,True,False,surface_unknown,4,1
park:158,osm:11235658138,osm:11235658166,1212728081,12.938204678105244,,,track,,,,,,,,,,,,,,,,,,True,True,False,surface_unknown,1,1
park:159,osm:11235658139,osm:11235658139,562604578,59.512528981598834,,,track,,,,,,,,,,,,,,,,,,True,True,False,surface_unknown,14,1
park:160,osm:11235658139,osm:11235658166,562604578,140.58150619554556,,,track,,,,,,,,,,,,,,,,,,True,True,False,surface_unknown,15,1
park:161,osm:11235658166,osm:1253853909,562604578,11.262663098215807,,,track,,,,,,,,,,,,,,,,,,True,True,False,surface_unknown,1,1
park:162,osm:11235658178,osm:2757981735,270822385,75.7823704345203,,,service,,,,,,,,,,,,,,,,,,True,True,False,surface_unknown,5,1
park:163,osm:11235658178,osm:2332811357,270822385,40.03174924700137,,,service,,,,,,,,,,,,,,,,,,True,True,False,surface_unknown,3,1
park:164,osm:11235658190,osm:2483484400,240628434,44.02227453527071,,C38,primary,gravel,,,,60,no,,,,,,,,,,,,True,True,False,gravel,5,1
park:165,osm:11235658190,osm:2757981439,1212728064,52.945627659688995,,,track,gravel,,,,,,,,,,,,,,,,,True,True,False,gravel,3,1
park:166,osm:11343196543,osm:11343196543,28156807,116.14598282654293,,5951,service,gravel,grade2,,,,,,,,yes,,,,,,,,True,True,False,gravel,15,1
park:167,osm:11343196543,osm:4627949313,28156807,1257.712158682563,,5951,service,gravel,grade2,,,,,,,,yes,,,,,,,,True,True,False,gravel,54,1
park:168,osm:11343218763,osm:2341738686,1222926771,375.6595302962643,,,track,,,,,,,,,,,,,,,,,,True,True,False,surface_unknown,28,1
park:169,osm:11343218798,osm:11343218835,1222926770,26.31931454553331,,,track,,,,,,,,private,,,,,,,,,,True,True,True,surface_unknown,2,1
park:170,osm:11343218798,osm:11343218803,1222926772,38.29642060262677,,,track,,,,,,,,private,,,,,,,,,,True,True,True,surface_unknown,6,1
park:171,osm:11343218798,osm:11343218803,1222926772,33.4497330104184,,,track,,,,,,,,private,,,,,,,,,,True,True,True,surface_unknown,6,1
park:172,osm:11343218803,osm:11343218835,1222926772,383.7061522335174,,,track,,,,,,,,private,,,,,,,,,,True,True,True,surface_unknown,32,1
park:173,osm:11343218835,osm:2341738723,1222926772,28.309216788246854,,,track,,,,,,,,private,,,,,,,,,,True,True,True,surface_unknown,1,1
park:174,osm:11343218867,osm:2341738815,225393764,20.4317601449117,,,residential,,grade2,,,,,,private,,,,,,,,,,True,True,True,surface_unknown,7,1
park:175,osm:11346997310,osm:2338986681,31256703,136.5154632910081,,,service,compacted,,,,,,,,,,,,,,,,,True,True,False,other_unpaved,10,1
park:176,osm:11346997310,osm:309216189,31256703,223.39635544605565,,,service,compacted,,,,,,,,,,,,,,,,,True,True,False,other_unpaved,16,1
park:177,osm:11346997310,osm:2338986784,1223284075,10.081687844808295,,,service,compacted,,,,,,,,,,,,,,,,,True,True,False,other_unpaved,1,1
park:178,osm:11346997321,osm:2338986734,1223284076,55.458049842560065,,,service,compacted,,,,,,,,,,,,,,,,,True,True,False,other_unpaved,3,1
park:179,osm:11346997552,osm:11346997561,23908661,40.51862684249959,,,tertiary,gravel,grade2,,,60,,,,,yes,,,,,,,,True,True,False,gravel,1,1
park:180,osm:11346997552,osm:11741559451,23908661,5002.237979375951,,,tertiary,gravel,grade2,,,60,,,,,yes,,,,,,,,True,True,False,gravel,132,1
park:181,osm:11346997552,osm:11346997561,1223284078,48.260127803806974,,,track,,,,,,,,,,,,,,,,,,True,True,False,surface_unknown,9,1
park:182,osm:11346997561,osm:2339698110,23908661,1853.3316526965893,,,tertiary,gravel,grade2,,,60,,,,,yes,,,,,,,,True,True,False,gravel,43,1
park:183,osm:11356715398,osm:11356715465,562604581,30.343578305678392,,,track,,,,,,,,,,,,,,,,,,True,True,False,surface_unknown,3,1
park:184,osm:11356715398,osm:5423572626,562604581,3.0496898113604023,,,track,,,,,,,,,,,,,,,,,,True,True,False,surface_unknown,1,1
park:185,osm:11356715398,osm:11356715412,1224578771,284.01713150739437,,,track,,,,,,,,,,,,,,,,,,True,True,False,surface_unknown,10,1
park:186,osm:11356715412,osm:11356715431,1224578772,66.85812373465066,,,track,,,,,,,,,,,,,,,,,,True,True,False,surface_unknown,1,1
park:187,osm:11356715412,osm:11356715466,1224578772,134.78935974542438,,,track,,,,,,,,,,,,,,,,,,True,True,False,surface_unknown,5,1
park:188,osm:11356715431,osm:5423572651,562604585,518.2597210975338,,,track,,,,,,,,,,,,,,,,,,True,True,False,surface_unknown,35,1
park:189,osm:11356715431,osm:11356718188,562604585,81.15781863877082,,,track,,,,,,,,,,,,,,,,,,True,True,False,surface_unknown,5,1
park:190,osm:11356715465,osm:11356715466,562604581,22.446216365112914,,,track,,,,,,,,,,,,,,,,,,True,True,False,surface_unknown,1,1
park:191,osm:11356715465,osm:5423572603,1224578773,550.791646899702,,,track,,,,,,,,,,,,,,,,,,True,True,False,surface_unknown,29,1
park:192,osm:11356715466,osm:11356718173,562604581,128.47069046632092,,,track,,,,,,,,,,,,,,,,,,True,True,False,surface_unknown,10,1
park:193,osm:11356718169,osm:5423572619,562604580,34.038084991003224,,,track,,,,,,,,,,,,,,,,,,True,True,False,surface_unknown,2,1
park:194,osm:11356718169,osm:11356718188,562604580,141.32303251558744,,,track,,,,,,,,,,,,,,,,,,True,True,False,surface_unknown,8,1
park:195,osm:11356718169,osm:11356718173,1224578774,14.537918693663306,,,track,,,,,,,,,,,,,,,,,,True,True,False,surface_unknown,1,1
park:196,osm:11356718173,osm:5423572619,562604581,22.80313219469455,,,track,,,,,,,,,,,,,,,,,,True,True,False,surface_unknown,2,1
park:197,osm:11356718188,osm:5423572651,562604580,108.74361769553623,,,track,,,,,,,,,,,,,,,,,,True,True,False,surface_unknown,7,1
park:198,osm:11356718223,osm:2332808162,224458846,3289.8157913989426,,6305,tertiary,gravel,grade2,,,60,no,,,,yes,,,,,,,,True,True,False,gravel,24,1
park:199,osm:11356718223,osm:309217444,224458846,31.314922412258433,,6305,tertiary,gravel,grade2,,,60,no,,,,yes,,,,,,,,True,True,False,gravel,3,1
park:200,osm:11356718223,osm:309217350,1224578776,24.682799928880396,,,service,ground,,,,,,,,,,,,,,,,,True,True,False,earth_sand,5,1
park:201,osm:11356718347,osm:11356718349,224458961,84.95369813386382,,,service,gravel,grade2,,,60,no,,,,yes,,,,,,,,True,True,False,gravel,16,1
park:202,osm:11356718347,osm:11356718349,224458961,24.25513971020239,,,service,gravel,grade2,,,60,no,,,,yes,,,,,,,,True,True,False,gravel,1,1
park:203,osm:11356718347,osm:11356718348,1224578779,28.458640215139322,,,service,gravel,grade2,,,60,no,,,,yes,,,,,,,,True,True,False,gravel,1,1
park:204,osm:11356718348,osm:5323240417,26451337,152.15785646329923,,,tertiary,gravel,grade2,,,60,no,,,,,,,,,,,,True,True,False,gravel,8,1
park:205,osm:11356718348,osm:2332813150,26451337,42.01406691686707,,,tertiary,gravel,grade2,,,60,no,,,,,,,,,,,,True,True,False,gravel,5,1
park:206,osm:11356718349,osm:2332813150,224458961,15.698333895449368,,,service,gravel,grade2,,,60,no,,,,yes,,,,,,,,True,True,False,gravel,1,1
park:207,osm:11356718541,osm:259190232,23912842,8243.829450702022,,,unclassified,gravel,grade2,,,60,no,,,,,,,,,,,,True,True,False,gravel,107,1
park:208,osm:11356718541,osm:259190399,23912842,40.71691743171198,,,unclassified,gravel,grade2,,,60,no,,,,,,,,,,,,True,True,False,gravel,2,1
park:209,osm:11356718541,osm:11356718544,1224578781,34.933809377150595,,,track,,grade3,,,,,,,,,,,,,,,,True,True,False,surface_unknown,3,1
park:210,osm:11356718544,osm:259190399,1224578780,27.855452308663484,,,track,,grade3,,,,,,,,,,,,,,,,True,True,False,surface_unknown,3,1
park:211,osm:11356718590,osm:288555374,26338806,22.19652216281471,,,unclassified,gravel,grade2,very_bad,,60,no,,,,,,,,,,,,True,True,False,gravel,1,1
park:212,osm:11356718590,osm:288555423,26338806,1078.8585293724996,,,unclassified,gravel,grade2,very_bad,,60,no,,,,,,,,,,,,True,True,False,gravel,23,1
park:213,osm:11356718590,osm:11356718600,1224578782,35.80348319000843,,,service,gravel,grade2,,,60,,,,,,,,,,,,,True,True,False,gravel,5,1
park:214,osm:11356718595,osm:11356718600,26338796,43.82834173482995,,,service,gravel,grade2,,,60,,,,,,,,,,,,,True,True,False,gravel,5,1
park:215,osm:11356718595,osm:89025354,26338827,2670.9984417129376,,,unclassified,gravel,grade2,very_bad,,60,,,,,,,,,,,,,True,True,False,gravel,23,1
park:216,osm:11356718595,osm:288555374,26338827,21.14043945500437,,,unclassified,gravel,grade2,very_bad,,60,,,,,,,,,,,,,True,True,False,gravel,1,1
park:217,osm:11356718600,osm:288555377,26338796,243.68323802957474,,,service,gravel,grade2,,,60,,,,,,,,,,,,,True,True,False,gravel,3,1
park:218,osm:11356718801,osm:259163209,23910266,17.880779149005193,Halali Road,,tertiary,gravel,grade2,,,60,no,,,,,,,,,,,,True,True,False,gravel,1,1
park:219,osm:11356718801,osm:259162805,23910266,664.238161304981,Halali Road,,tertiary,gravel,grade2,,,60,no,,,,,,,,,,,,True,True,False,gravel,19,1
park:220,osm:11356718801,osm:2338986044,1224578783,561.1369469806373,,,track,,grade5,,,,,,forestry,,,,,,,,,,True,True,True,surface_unknown,24,1
park:221,osm:11360510647,osm:11360510667,1225040893,244.97540155258162,,,track,,,,,,,,,,,,,,,,,,True,True,False,surface_unknown,20,1
park:222,osm:11360510647,osm:11360510647,1225040893,352.86461813536135,,,track,,,,,,,,,,,,,,,,,,True,True,False,surface_unknown,31,1
park:223,osm:11360510667,osm:2332807454,224458938,3416.301490266427,,,tertiary,gravel,grade2,,,60,,,,,,,,,,,,,True,True,False,gravel,96,1
park:224,osm:11360510667,osm:4616775230,224458938,16.548855606094865,,,tertiary,gravel,grade2,,,60,,,,,,,,,,,,,True,True,False,gravel,1,1
park:225,osm:11360510668,osm:4616775227,551188260,37.29009453743542,,,unclassified,fine_gravel,,,,,,,permissive,,,,,,,,,,True,True,False,gravel,6,1
park:226,osm:11360510668,osm:4616775227,551188260,87.2929418196515,,,unclassified,fine_gravel,,,,,,,permissive,,,,,,,,,,True,True,False,gravel,14,1
park:227,osm:11360534080,osm:2332976249,1225040878,126.3582840470347,,,service,,,,,,,,,,,,,,,,,,True,True,False,surface_unknown,13,1
park:228,osm:11360534239,osm:11360534240,1225040884,18.367352993713954,,,tertiary,gravel,,,,60,no,,yes,,,,yes,,1,,,,True,True,False,gravel,1,1
park:229,osm:11360534239,osm:2332975218,1225040885,1491.693724728153,,,tertiary,gravel,,,,60,no,,yes,,,,,,,,,,True,True,False,gravel,47,1
park:230,osm:11360534240,osm:2332814835,224482902,1701.2909043309025,,,tertiary,gravel,,,,60,no,,yes,,,,,,,,,,True,True,False,gravel,35,1
park:231,osm:11360534738,osm:2758087290,224621786,38.48638503724843,,,tertiary,gravel,grade2,,,60,,,,,,,,,,,,,True,True,False,gravel,1,1
park:232,osm:11360534738,osm:2332807769,224621786,2335.042982047624,,,tertiary,gravel,grade2,,,60,,,,,,,,,,,,,True,True,False,gravel,15,1
park:233,osm:11360534738,osm:2758087363,1225040895,45.78508285432277,,,service,gravel,,,,,,,,,yes,,,,,,,,True,True,False,gravel,4,1
park:234,osm:11360534771,osm:2332807854,224621762,453.2231249633905,,,track,dirt,grade3,,,,,,forestry,,,,,,,,,,True,True,True,earth_sand,18,1
park:235,osm:11360534771,osm:11360534771,224621762,163.35259698989657,,,track,dirt,grade3,,,,,,forestry,,,,,,,,,,True,True,True,earth_sand,11,1
park:236,osm:11360534875,osm:2332809095,224458846,26.543600577895166,,6305,tertiary,gravel,grade2,,,60,no,,,,yes,,,,,,,,True,True,False,gravel,1,1
park:237,osm:11360534875,osm:2332809269,224458846,2096.6929768193336,,6305,tertiary,gravel,grade2,,,60,no,,,,yes,,,,,,,,True,True,False,gravel,14,1
park:238,osm:11360534875,osm:11360534879,1225040896,31.403346812161196,,,track,,,,,,,,,,,,,,,,,,True,True,False,surface_unknown,4,1
park:239,osm:11360534879,osm:2332809095,271423996,33.59761904778202,,,track,,,,,,,,,,yes,,,,,,,,True,True,False,surface_unknown,1,1
park:240,osm:11360534879,osm:2763771335,271423996,274.4322375711078,,,track,,,,,,,,,,yes,,,,,,,,True,True,False,surface_unknown,2,1
park:241,osm:11741146846,osm:11741146859,1263727560,367.6597201889038,,,track,,,,,,,,,,,,,,,,,,True,True,False,surface_unknown,13,1
park:242,osm:11741146859,osm:6226746202,26337762,787.2105487474229,,C38,tertiary,gravel,grade2,very_bad,,60,,,,,,,,,,,,,True,True,False,gravel,4,1
park:243,osm:11741146859,osm:3507157369,26337762,2769.8084203855424,,C38,tertiary,gravel,grade2,very_bad,,60,,,,,,,,,,,,,True,True,False,gravel,19,1
park:244,osm:11741203414,osm:11741203503,26337762,56.02868119278858,,C38,tertiary,gravel,grade2,very_bad,,60,,,,,,,,,,,,,True,True,False,gravel,1,1
park:245,osm:11741203414,osm:2332810449,26337762,2504.923457218709,,C38,tertiary,gravel,grade2,very_bad,,60,,,,,,,,,,,,,True,True,False,gravel,19,1
park:246,osm:11741203414,osm:11741203498,1263732010,50.324982256144764,,,track,,grade2,very_bad,,,,,,,,,,,,,,,True,True,False,surface_unknown,7,1
park:247,osm:11741203488,osm:11741203498,1263732012,316.01805521785644,,,track,,grade2,very_bad,,,,,,,,,,,,,,,True,True,False,surface_unknown,10,1
park:248,osm:11741203498,osm:11741203503,1263732012,32.86349249500123,,,track,,grade2,very_bad,,,,,,,,,,,,,,,True,True,False,surface_unknown,5,1
park:249,osm:11741203503,osm:4084909239,26337762,1664.4127185472548,,C38,tertiary,gravel,grade2,very_bad,,60,,,,,,,,,,,,,True,True,False,gravel,2,1
park:250,osm:11741230271,osm:259154900,1263736338,486.74998021680256,,,track,,grade2,very_bad,,,,,,,,,,,,,,,True,True,False,surface_unknown,13,1
park:251,osm:11741230330,osm:11741230331,1263736340,72.62322610160116,,,track,,grade2,very_bad,,,,,,,,,,,,,,,True,True,False,surface_unknown,1,1
park:252,osm:11741230331,osm:2975523409,551186510,5354.230619547576,,C38,primary,gravel,,,,60,,,,,,,,,,,,,True,True,False,gravel,51,1
park:253,osm:11741230331,osm:259154900,551186510,4591.629497368354,,C38,primary,gravel,,,,60,,,,,,,,,,,,,True,True,False,gravel,48,1
park:254,osm:11741557020,osm:288791228,225220011,411.4488602298204,,C38,primary,gravel,,,,60,,,,,,,,,,,,,True,True,False,gravel,3,1
park:255,osm:11741557020,osm:11741557029,225220011,209.5516516267554,,C38,primary,gravel,,,,60,,,,,,,,,,,,,True,True,False,gravel,1,1
park:256,osm:11741557020,osm:11741557029,1263784137,219.93949747497496,,,track,,grade2,very_bad,,,,,,,,,,,,,,,True,True,False,surface_unknown,9,1
park:257,osm:11741557029,osm:2339309096,225220011,1265.5555733195683,,C38,primary,gravel,,,,60,,,,,,,,,,,,,True,True,False,gravel,13,1
park:258,osm:11741559451,osm:2339698223,23908661,1842.7511627322456,,,tertiary,gravel,grade2,,,60,,,,,yes,,,,,,,,True,True,False,gravel,20,1
park:259,osm:11741559451,osm:6709578085,1263781442,46.38996907997155,,,service,,,,,,,,,,,,,,,,,,True,True,False,surface_unknown,1,1
park:260,osm:11971853918,osm:2333162055,224458896,4383.563565395319,,,tertiary,gravel,grade2,,,100,,,,,,,,,,,,,True,True,False,gravel,36,1
park:261,osm:11971853918,osm:2332809215,224458896,7.782321987017916,,,tertiary,gravel,grade2,,,100,,,,,,,,,,,,,True,True,False,gravel,1,1
park:262,osm:12042208908,osm:12042208939,1300078711,684.6401899517223,,,unclassified,gravel,,,,,,,,,,,,,,,,,True,True,False,gravel,31,1
park:263,osm:12042208939,osm:2332810806,224458906,3279.364946962991,,,unclassified,gravel,grade2,,,60,no,,,,,,,,,,,,True,True,False,gravel,17,1
park:264,osm:12042208939,osm:13960711223,224458906,3127.382525019006,,,unclassified,gravel,grade2,,,60,no,,,,,,,,,,,,True,True,False,gravel,26,1
park:265,osm:1253846903,osm:1253846905,109553716,22.032925972465705,,,service,,,,,,,,,,,,,,,,,,True,True,False,surface_unknown,2,1
park:266,osm:1253846903,osm:2757981806,109553746,168.60171068828043,,,service,,,,,,,,,,,,,,,,,,True,True,False,surface_unknown,18,1
park:267,osm:1253846905,osm:1253853947,109553709,123.00057917247084,,,service,,,,,,,,,,,,,,,,,,True,True,False,surface_unknown,1,1
park:268,osm:1253846905,osm:1253853903,109553716,48.878165347339966,,,service,,,,,,,,,,,,,,,,,,True,True,False,surface_unknown,1,1
park:269,osm:1253853866,osm:977754974,109553716,22.719067580594487,,,service,,,,,,,,,,,,,,,,,,True,True,False,surface_unknown,3,1
park:270,osm:1253853866,osm:1253853903,109553716,52.9122483685885,,,service,,,,,,,,,,,,,,,,,,True,True,False,surface_unknown,1,1
park:271,osm:1253853866,osm:2483466193,109553722,91.60175331664007,,,service,,,,,,,,,,,,,,,,,,True,True,False,surface_unknown,7,1
park:272,osm:1253853866,osm:1253853870,109553739,28.887425653927078,,,service,,,,,,,,,,,,,,,,,,True,True,False,surface_unknown,3,1
park:273,osm:1253853870,osm:1253853923,109553740,19.7741048823565,,,service,,,,,,,,,,,,,,,,,,True,True,False,surface_unknown,1,1
park:274,osm:1253853870,osm:1253853975,109553740,138.35713804999094,,,service,,,,,,,,,,,,,,,,,,True,True,False,surface_unknown,5,1
park:275,osm:1253853873,osm:977754974,109553716,14.403716019425202,,,service,,,,,,,,,,,,,,,,,,True,True,False,surface_unknown,1,1
park:276,osm:1253853873,osm:2332811626,224458847,43.35158945444998,,,service,,,,,,,,,,,,,,,,,,True,True,False,surface_unknown,4,1
park:277,osm:1253853877,osm:1253853975,109553740,112.6010185387286,,,service,,,,,,,,,,,,,,,,,,True,True,False,surface_unknown,4,1
park:278,osm:1253853877,osm:1253853963,109553740,167.97942207687848,,,service,,,,,,,,,,,,,,,,,,True,True,False,surface_unknown,2,1
park:279,osm:1253853877,osm:3507201728,343937366,28.057133465120128,,,service,,,,,,,,,,,,,,,,,,True,True,False,surface_unknown,4,1
park:280,osm:1253853878,osm:1253853900,109553746,38.6287047614283,,,service,,,,,,,,,,,,,,,,,,True,True,False,surface_unknown,6,1
park:281,osm:1253853878,osm:1253853890,109553746,75.7654650438133,,,service,,,,,,,,,,,,,,,,,,True,True,False,surface_unknown,5,1
park:282,osm:1253853878,osm:2332811438,551187106,32.806000263062,,,service,,,,,,,,,,,,,,,,,,True,True,False,surface_unknown,1,1
park:283,osm:1253853890,osm:13960711194,224458849,128.9264148959832,,,service,,,,,,,,private,,,,,,,,,,True,True,True,surface_unknown,3,1
park:284,osm:1253853897,osm:2332811423,109553712,79.31512618462698,,,service,,,,,,,,,,,,,,,,,,True,True,False,surface_unknown,2,1
park:285,osm:1253853897,osm:1253853931,109553722,35.93308042950288,,,service,,,,,,,,,,,,,,,,,,True,True,False,surface_unknown,3,1
park:286,osm:1253853897,osm:1253853975,109553722,218.24063781905684,,,service,,,,,,,,,,,,,,,,,,True,True,False,surface_unknown,12,1
park:287,osm:1253853899,osm:1253853906,109553712,164.13837973632013,,,service,,,,,,,,,,,,,,,,,,True,True,False,surface_unknown,16,1
park:288,osm:1253853899,osm:2757981496,270822374,44.45260922147301,,,service,,,,,,no,,,,,,,,,,,,True,True,False,surface_unknown,5,1
park:289,osm:1253853899,osm:1253853906,270822374,254.3899327205091,,,service,,,,,,no,,,,,,,,,,,,True,True,False,surface_unknown,18,1
park:290,osm:1253853900,osm:2757981806,109553746,22.051002131400317,,,service,,,,,,,,,,,,,,,,,,True,True,False,surface_unknown,2,1
park:291,osm:1253853900,osm:2757981806,270822357,313.74093257112946,,,service,asphalt,,,,,,,,,,,,,,,,,True,True,False,paved,21,1
park:292,osm:1253853904,osm:1253853906,109553712,68.38706497595211,,,service,,,,,,,,,,,,,,,,,,True,True,False,surface_unknown,4,1
park:293,osm:1253853904,osm:1253853909,109553712,29.930400154031787,,,service,,,,,,,,,,,,,,,,,,True,True,False,surface_unknown,4,1
park:294,osm:1253853904,osm:2757996408,270825302,29.229156791880534,,,service,dirt,,,,,,,,,,,,,,,,,True,True,False,earth_sand,2,1
park:295,osm:1253853923,osm:977754974,109553740,9.228211966240485,,,service,,,,,,,,,,,,,,,,,,True,True,False,surface_unknown,1,1
park:296,osm:1253853923,osm:1253853963,109553740,59.43048162019455,,,service,,,,,,,,,,,,,,,,,,True,True,False,surface_unknown,5,1
park:297,osm:1253853931,osm:2483466193,109553722,84.29322504576484,,,service,,,,,,,,,,,,,,,,,,True,True,False,surface_unknown,7,1
park:298,osm:1253853963,osm:2757981263,270822370,82.66427536281005,,,service,,,,,,,,,,,,,,,,,,True,True,False,surface_unknown,10,1
park:299,osm:1253853964,osm:2332811423,109553712,38.77107108564759,,,service,,,,,,,,,,,,,,,,,,True,True,False,surface_unknown,5,1
park:300,osm:1253853964,osm:2757981430,270822374,40.770888171417454,,,service,,,,,,no,,,,,,,,,,,,True,True,False,surface_unknown,4,1
park:301,osm:1253853976,osm:2483466193,270822377,96.63043219072203,,,service,,,,,,,,,,,,,,,,,,True,True,False,surface_unknown,10,1
park:302,osm:13844196882,osm:309203403,1516148687,123.83715810934517,,,residential,,,,,,,,,,,,,,,,,,True,True,False,surface_unknown,8,1
park:303,osm:13960711166,osm:288555536,26338659,16.160314567388525,,,unclassified,gravel,grade2,very_bad,,60,,,,,,,,,,,,,True,True,False,gravel,1,1
park:304,osm:13960711166,osm:288562391,26338659,754.2504919129788,,,unclassified,gravel,grade2,very_bad,,60,,,,,,,,,,,,,True,True,False,gravel,15,1
park:305,osm:13960711194,osm:2758965837,224458835,79.15615153687455,,6305,tertiary,gravel,,bad,,60,,,,,,,,,,,,,True,True,False,gravel,4,1
park:306,osm:13960711194,osm:2332811638,224458835,13.67486714474888,,6305,tertiary,gravel,,bad,,60,,,,,,,,,,,,,True,True,False,gravel,3,1
park:307,osm:13960711223,osm:259190592,224458906,26.81224250291022,,,unclassified,gravel,grade2,,,60,no,,,,,,,,,,,,True,True,False,gravel,1,1
park:308,osm:13960711295,osm:2332813150,26451337,13568.641262661267,,,tertiary,gravel,grade2,,,60,no,,,,,,,,,,,,True,True,False,gravel,129,1
park:309,osm:13960711295,osm:6228646128,26451337,1021.2923783529238,,,tertiary,gravel,grade2,,,60,no,,,,,,,,,,,,True,True,False,gravel,9,1
park:310,osm:13960711295,osm:288555536,1531733159,16271.429694481105,Halali detour,,track,,grade2,,,,,,,,,,,,,,,,True,True,False,surface_unknown,226,1
park:311,osm:14006851006,osm:288791228,28156942,11.864851188949459,,,service,gravel,grade2,,,,,,,,yes,,,,,,,,True,True,False,gravel,1,1
park:312,osm:14006851006,osm:2339309108,28156942,1773.5648442925688,,,service,gravel,grade2,,,,,,,,yes,,,,,,,,True,True,False,gravel,34,1
park:313,osm:14128035830,osm:2332809613,293976571,85.05213161291647,,,track,,grade3,,,,,,private,,,,,,,,,,True,True,True,surface_unknown,4,20
park:314,osm:1493177657,osm:2332811283,136067498,907.3886889613068,,,track,dirt,grade4,,,,,,forestry,,,,,,,,,,True,True,True,earth_sand,34,1
park:315,osm:1493177657,osm:1493177659,136067498,208.6876263616979,,,track,dirt,grade4,,,,,,forestry,,,,,,,,,,True,True,True,earth_sand,5,1
park:316,osm:1493177657,osm:5423572603,562604580,601.603267389139,,,track,,,,,,,,,,,,,,,,,,True,True,False,surface_unknown,15,1
park:317,osm:1493335577,osm:2334246536,488055004,211.90253604271328,,,service,dirt,,,,,,,,,yes,,,,,,,,True,True,False,earth_sand,9,1
park:318,osm:1493335577,osm:1493335577,551567054,119.17651900298443,,,service,dirt,,,,,yes,,,,yes,,,,,,,,True,False,False,earth_sand,15,1
park:319,osm:1493335592,osm:2332807665,224621786,285.20149812569656,,,tertiary,gravel,grade2,,,60,,,,,,,,,,,,,True,True,False,gravel,6,1
park:320,osm:1493335592,osm:2334246544,224621786,44.98113637892657,,,tertiary,gravel,grade2,,,60,,,,,,,,,,,,,True,True,False,gravel,1,1
park:321,osm:1493335592,osm:2334246536,488055004,45.31603101994349,,,service,dirt,,,,,,,,,yes,,,,,,,,True,True,False,earth_sand,4,1
park:322,osm:1825568462,osm:2333046657,224626726,18.33364498341929,,,track,,,,,,,,,,,,,,,,,,True,True,False,surface_unknown,1,1
park:323,osm:1825569046,osm:1867772264,176232288,66.58422279288969,,,unclassified,,,,,,,,,,,,,,,,,,True,True,False,surface_unknown,6,1
park:324,osm:1825569046,osm:1867772288,224458723,57.2765900808731,,C38,primary,asphalt,,,,60,no,,yes,,,,,,,,,,True,True,False,paved,1,1
park:325,osm:1825569046,osm:5433773022,224458723,78.08107159221139,,C38,primary,asphalt,,,,60,no,,yes,,,,,,,,,,True,True,False,paved,1,1
park:326,osm:1825569049,osm:4350860502,224458723,39.98762934436275,,C38,primary,asphalt,,,,60,no,,yes,,,,,,,,,,True,True,False,paved,1,1
park:327,osm:1825569049,osm:1867772295,224458723,27.295030201158163,,C38,primary,asphalt,,,,60,no,,yes,,,,,,,,,,True,True,False,paved,1,1
park:328,osm:1825569049,osm:4350860501,437267539,45.1732094275379,,,service,paving_stones,,good,,,,,,,,,,,,,,,True,True,False,paved,2,1
park:329,osm:1843142577,osm:1843142578,173518553,75.76123475205948,,,unclassified,ground,grade4,,,,,,forestry,,,,,,,,,,True,True,True,earth_sand,1,1
park:330,osm:1843142577,osm:2334245321,173518553,19894.115689203554,,,unclassified,ground,grade4,,,,,,forestry,,,,,,,,,,True,True,True,earth_sand,3,1
park:331,osm:1843142577,osm:2333046631,224482895,56.95016836549631,,,track,ground,grade4,,,,,,forestry,,,,,,,,,,True,True,True,earth_sand,4,1
park:332,osm:1843142578,osm:5933689829,173518553,40782.34614427544,,,unclassified,ground,grade4,,,,,,forestry,,,,,,,,,,True,True,True,earth_sand,22,1
park:333,osm:1843142578,osm:2333046624,224482895,6.038382503901769,,,track,ground,grade4,,,,,,forestry,,,,,,,,,,True,True,True,earth_sand,1,1
park:334,osm:1845073405,osm:2333046379,224482901,1259.3193722377412,,,unclassified,,,,,,,,forestry,,,,,,,,yes,,True,True,True,surface_unknown,1,1
park:335,osm:1845073405,osm:2333046351,224482905,1790.8575593554858,,,unclassified,ground,,,,,,,,,,,,,,,,,True,True,False,earth_sand,2,1
park:336,osm:1846614139,osm:309211197,173914361,62.6864817743954,,,residential,dirt,grade3,,,,,,forestry,,,,,,,,,,True,True,True,earth_sand,3,1
park:337,osm:1846614222,osm:89025833,26358476,15.31829227073842,,,unclassified,asphalt,,,,,,,,,,,,,,,,,True,True,False,paved,1,1
park:338,osm:1846614222,osm:371166203,551123509,82.89016394421162,,,unclassified,asphalt,,,,20,,,,,,,,,,,,,True,True,False,paved,2,1
park:339,osm:1846614253,osm:5417854026,28157364,50.52855816338052,,,service,gravel,grade3,,,,yes,,,,yes,,,,,,,,True,False,False,gravel,6,1
park:340,osm:1846614253,osm:2340321770,28157364,33.91434765385552,,,service,gravel,grade3,,,,yes,,,,yes,,,,,,,,False,True,False,gravel,4,1
park:341,osm:1846614253,osm:2340321808,665260072,102.49581971339639,,,service,gravel,grade3,,,,,,,,yes,,,,,,,,True,True,False,gravel,2,1
park:342,osm:1846614260,osm:2339698223,225158147,24.509704210805996,,,tertiary,unpaved,grade3,,,60,,,,,,,,,,,,,True,True,False,other_unpaved,6,1
park:343,osm:1846614260,osm:259148193,225220011,46.30717049534331,,C38,primary,gravel,,,,60,,,,,,,,,,,,,True,True,False,gravel,3,1
park:344,osm:1846614260,osm:1846614261,225220011,19.595278848050828,,C38,primary,gravel,,,,60,,,,,,,,,,,,,True,True,False,gravel,1,1
park:345,osm:1846614261,osm:2339698239,225220011,30.409204451055984,,C38,primary,gravel,,,,60,,,,,,,,,,,,,True,True,False,gravel,1,1
park:346,osm:1846614261,osm:1846614262,665260070,31.247284671699717,,,unclassified,gravel,grade2,,,60,,,,,yes,,,,,,,,True,True,False,gravel,3,1
park:347,osm:1846614262,osm:259146690,173914351,1330.9072311369762,,,unclassified,gravel,grade2,,,60,,,,,yes,,,,,,,,True,True,False,gravel,33,1
park:348,osm:1846614262,osm:2339698239,225158149,31.10480429754919,,,unclassified,unpaved,grade3,,,60,,,,,,,,,,,,,True,True,False,other_unpaved,4,1
park:349,osm:1846614264,osm:259146249,23908612,1349.9585718229612,,,service,unpaved,grade3,,,,,,,,yes,,,,,,,,True,True,False,other_unpaved,25,1
park:350,osm:1846614264,osm:1846614264,561938109,264.5056695864823,,,service,unpaved,grade3,,,,yes,,,,yes,,,,,,,,True,False,False,other_unpaved,17,1
park:351,osm:1846614288,osm:259146730,173914351,76.69206372923618,,,unclassified,gravel,grade2,,,60,,,,,yes,,,,,,,,True,True,False,gravel,3,1
park:352,osm:1846614288,osm:259146690,173914351,11033.443943755996,,,unclassified,gravel,grade2,,,60,,,,,yes,,,,,,,,True,True,False,gravel,191,1
park:353,osm:1846614288,osm:259146730,173914360,117.11112921170879,,,track,,grade2,,,,,,,,,,,,,,,,True,True,False,surface_unknown,17,1
park:354,osm:1846864141,osm:2341739330,173982458,70.23298373961794,,,track,,,,,,,,,,,,,,,,,,True,True,False,surface_unknown,6,1
park:355,osm:1846864141,osm:8042226456,225393733,28.26704225897855,,,track,,,,,,,,,,,,,,,,,,True,True,False,surface_unknown,2,1
park:356,osm:1846864141,osm:6226553781,551124886,9.136933066822971,,C38,primary,asphalt,,,,60,,,,,,,,,,,,,True,True,False,paved,1,1
park:357,osm:1846864141,osm:2341739366,551124886,7.946346220138435,,C38,primary,asphalt,,,,60,,,,,,,,,,,,,True,True,False,paved,1,1
park:358,osm:1846865198,osm:1846865254,173940129,21.442428932506335,,,unclassified,,,,,,,,,,,,,,,,,,True,True,False,surface_unknown,2,1
park:359,osm:1846865215,osm:1846865254,173940146,19.730162995882523,,,unclassified,,,,,,,,,,,,,,,,,,True,True,False,surface_unknown,2,1
park:360,osm:1846865222,osm:1846865769,173940126,454.67456280139413,,,residential,,,,,,,,,,,,,,,,,,True,True,False,surface_unknown,34,1
park:361,osm:1846865222,osm:1846865769,173940141,193.49941457068272,,,residential,,,,,,,,,,,,,,,,,,True,True,False,surface_unknown,11,1
park:362,osm:1846865254,osm:1846865483,173940146,51.215073054310125,,,unclassified,,,,,,,,,,,,,,,,,,True,True,False,surface_unknown,5,1
park:363,osm:1846865384,osm:1846865483,173940110,54.64695877212514,,,unclassified,,,,,,,,,,,,,,,,,,True,True,False,surface_unknown,5,1
park:364,osm:1846865384,osm:1846865413,173940110,19.47234001823069,,,unclassified,,,,,,,,,,,,,,,,,,True,True,False,surface_unknown,1,1
park:365,osm:1846865384,osm:1846865543,173940139,50.32609688756145,,,unclassified,,,,,,,,,,,,,,,,,,True,True,False,surface_unknown,4,1
park:366,osm:1846865483,osm:1846865622,173940110,40.37659158659516,,,unclassified,,,,,,,,,,,,,,,,,,True,True,False,surface_unknown,3,1
park:367,osm:1846865616,osm:2340321511,225220162,29.99106850275082,,,unclassified,,,,,20,,,,,,,,,,,,,True,True,False,surface_unknown,4,1
park:368,osm:1846865616,osm:1846865704,551123509,37.74459846138278,,,unclassified,asphalt,,,,20,,,,,,,,,,,,,True,True,False,paved,1,1
park:369,osm:1846865616,osm:288785714,551123509,36.61852609680304,,,unclassified,asphalt,,,,20,,,,,,,,,,,,,True,True,False,paved,1,1
park:370,osm:1846865622,osm:371166192,32955711,471.5380030159021,,,unclassified,,,,,20,,,,,,,,,,,,,True,True,False,surface_unknown,25,1
park:371,osm:1846865622,osm:1846865693,32955711,40.605058395403596,,,unclassified,,,,,20,,,,,,,,,,,,,True,True,False,surface_unknown,2,1
park:372,osm:1846865680,osm:1846865704,173940121,20.299997743771645,,,unclassified,,,,,20,,,,,,,,,,,,,True,True,False,surface_unknown,1,1
park:373,osm:1846865680,osm:1846865693,173940143,21.26933676221837,,,unclassified,,,,,20,,,,,,,,,,,,,True,True,False,surface_unknown,2,1
park:374,osm:1846865680,osm:2340321514,173940143,9.451742790914905,,,unclassified,,,,,20,,,,,,,,,,,,,True,True,False,surface_unknown,1,1
park:375,osm:1846865693,osm:371166203,32955711,39.70171205073676,,,unclassified,,,,,20,,,,,,,,,,,,,True,True,False,surface_unknown,5,1
park:376,osm:1846865704,osm:1846865743,551123509,24.70029803694842,,,unclassified,asphalt,,,,20,,,,,,,,,,,,,True,True,False,paved,1,1
park:377,osm:1846865723,osm:1846865867,173940113,207.4695760762404,,,residential,,grade2,,,,,,,,,,,,,,,,True,True,False,surface_unknown,3,1
park:378,osm:1846865723,osm:89025833,494007248,143.2862525958688,,,track,unpaved,grade3,,,60,,,,,,,,,,,,,True,True,False,other_unpaved,2,1
park:379,osm:1846865723,osm:4826748660,494007248,11817.04702105606,,,track,unpaved,grade3,,,60,,,,,,,,,,,,,True,True,False,other_unpaved,108,1
park:380,osm:1846865743,osm:1846865769,173940126,47.95045019969623,,,residential,,,,,,,,,,,,,,,,,,True,True,False,surface_unknown,1,1
park:381,osm:1846865743,osm:371166203,551123509,6.594519187991021,,,unclassified,asphalt,,,,20,,,,,,,,,,,,,True,True,False,paved,1,1
park:382,osm:1846865867,osm:5327261954,173940113,209.77644801512145,,,residential,,grade2,,,,,,,,,,,,,,,,True,True,False,surface_unknown,7,1
park:383,osm:1846865867,osm:2397679755,551641991,258.2145128787277,,,residential,,grade2,,,,,,,,,,,,,,,,True,True,False,surface_unknown,13,1
park:384,osm:1846865874,osm:1846865929,173940124,92.77420047722126,,,residential,,grade3,,,,,,,,,,,,,,,,True,True,False,surface_unknown,11,1
park:385,osm:1846865874,osm:2397679936,231379090,5.2090298627331295,,,unclassified,,grade3,,,,,,,,,,,,,,,,True,True,False,surface_unknown,1,1
park:386,osm:1846865929,osm:1846865965,173940124,53.33336253958966,,,residential,,grade3,,,,,,,,,,,,,,,,True,True,False,surface_unknown,6,1
park:387,osm:1846865965,osm:1846866003,173940124,68.61081360598894,,,residential,,grade3,,,,,,,,,,,,,,,,True,True,False,surface_unknown,6,1
park:388,osm:1846866003,osm:1846866005,270859533,172.43990727349643,,,residential,,grade3,,,,,,,,,,,,,,,,True,True,False,surface_unknown,20,1
park:389,osm:1847238760,osm:1847238782,173982457,36.719710550092344,,,track,,,,,,,,,,,,,,,,,,True,True,False,surface_unknown,3,1
park:390,osm:1847238776,osm:2341739201,173982454,51.23681397665302,,,track,,,,,,,,,,,,,,,,,,True,True,False,surface_unknown,3,1
park:391,osm:1847238782,osm:1847238940,173982457,61.21338099887947,,,track,,,,,,,,,,,,,,,,,,True,True,False,surface_unknown,4,1
park:392,osm:1847238782,osm:2341739125,225393732,134.25288801349086,,,track,,,,,,,,,,,,,,,,,,True,True,False,surface_unknown,11,1
park:393,osm:1847238940,osm:1847239141,173982456,64.40608384652587,,,track,,,,,,,,,,,,,,,,,,True,True,False,surface_unknown,1,1
park:394,osm:1847238940,osm:2341739201,173982456,98.77851753295548,,,track,,,,,,,,,,,,,,,,,,True,True,False,surface_unknown,8,1
park:395,osm:1847239087,osm:1847239228,225393733,45.33725743947637,,,track,,,,,,,,,,,,,,,,,,True,True,False,surface_unknown,1,1
park:396,osm:1847239141,osm:1847239168,173982455,18.15653093478858,,,track,,,,,,,,,,,,,,,,,,True,True,False,surface_unknown,1,1
park:397,osm:1847239141,osm:1847239146,173982455,106.91587010564524,,,track,,,,,,,,,,,,,,,,,,True,True,False,surface_unknown,5,1
park:398,osm:1847239146,osm:2341739201,173982454,85.65802677755121,,,track,,,,,,,,,,,,,,,,,,True,True,False,surface_unknown,5,1
park:399,osm:1847239146,osm:1847239148,173982455,4.547289213746917,,,track,,,,,,,,,,,,,,,,,,True,True,False,surface_unknown,1,1
park:400,osm:1847239155,osm:1847239235,173982453,30.77512620299167,,,track,,,,,,,,,,,,,,,,,,True,True,False,surface_unknown,1,1
park:401,osm:1847239168,osm:1847239235,173982455,39.47011278306668,,,track,,,,,,,,,,,,,,,,,,True,True,False,surface_unknown,3,1
park:402,osm:1847239168,osm:8042226451,863310574,79.64678240900551,,,track,,,,,,,,,,,,,,,,,,True,True,False,surface_unknown,3,1
park:403,osm:1847239228,osm:8042226451,173982453,12.886348440454803,,,track,,,,,,,,,,,,,,,,,,True,True,False,surface_unknown,1,1
park:404,osm:1847239228,osm:8042226456,225393733,234.73031629305177,,,track,,,,,,,,,,,,,,,,,,True,True,False,surface_unknown,10,1
park:405,osm:1847239235,osm:8042226451,173982453,17.966974209741885,,,track,,,,,,,,,,,,,,,,,,True,True,False,surface_unknown,2,1
park:406,osm:1867772228,osm:1867772288,176232287,216.01229654102534,,,unclassified,,,,,,,,,,,,,,,,,,True,True,False,surface_unknown,9,1
park:407,osm:1867772288,osm:1867772295,224458723,9.043761607732922,,C38,primary,asphalt,,,,60,no,,yes,,,,,,,,,,True,True,False,paved,1,1
park:408,osm:1867772295,osm:2340324630,176232289,53.38971608846927,,,unclassified,,,,,,,,,,,,,,,,,,True,True,False,surface_unknown,3,1
park:409,osm:1867772329,osm:2340324633,225220120,20.151664439904383,,,service,,,,,,,,,,,,,,,,,,True,True,False,surface_unknown,1,1
park:410,osm:2027069844,osm:5423484185,23950014,160.355055811782,,,unclassified,ground,grade4,,,,,,forestry,,,,,,,,,,True,True,True,earth_sand,4,1
park:411,osm:2027069844,osm:5423484136,562592437,232.99457296404958,,,track,,,,,,,,,,,,,,,,,,True,True,False,surface_unknown,2,1
park:412,osm:2244852625,osm:2244852625,215064876,281.8421422018294,,,service,,,,,,yes,,,,,,,,,,,,True,False,False,surface_unknown,25,1
park:413,osm:2244852625,osm:2333161259,215064877,391.02306027883907,,,service,,,,,,,,,,,,,,,,,,True,True,False,surface_unknown,14,1
park:414,osm:2244852626,osm:2333161259,215064877,22.082560473726325,,,service,,,,,,,,,,,,,,,,,,True,True,False,surface_unknown,2,1
park:415,osm:2244852626,osm:2332807779,224458829,3060.6453646748523,,,tertiary,gravel,,,,60,,,,,,,,,,,,,True,True,False,gravel,6,1
park:416,osm:2244855906,osm:2244855917,215065183,564.8170163236241,,,service,dirt,,,,,,,,,,,,,,,,,True,True,False,earth_sand,23,1
park:417,osm:2244855906,osm:2244873747,215067203,169.5519561955268,,,service,,,,,,,,,private,,,,,,,,,True,True,False,surface_unknown,18,1
park:418,osm:2244855917,osm:2332808141,224458829,868.5073655208463,,,tertiary,gravel,,,,60,,,,,,,,,,,,,True,True,False,gravel,1,1
park:419,osm:2244873743,osm:6535582087,224495474,160.53603405867597,,,service,,,,,10,,,private,,,,,,,,,,True,True,True,surface_unknown,22,1
park:420,osm:2244873743,osm:2244873846,941880706,14.21417953266327,,,service,,,,,,yes,,,private,,,,,,,,,False,True,False,surface_unknown,4,1
park:421,osm:2244873743,osm:2244873752,941880706,16.6186926347531,,,service,,,,,,yes,,,private,,,,,,,,,True,False,False,surface_unknown,3,1
park:422,osm:2244873747,osm:2244873752,215067194,13.454166474682212,,,service,,,,,,yes,,,private,,,,,,,,,False,True,False,surface_unknown,2,1
park:423,osm:2244873747,osm:2244873846,215067194,22.733435621300135,,,service,,,,,,yes,,,private,,,,,,,,,True,False,False,surface_unknown,4,1
park:424,osm:2244873771,osm:6535582087,695999584,41.586907548261806,,,service,,,,,10,,,,private,,,,,,,,,True,True,False,surface_unknown,6,1
park:425,osm:2332806277,osm:4350860500,224458723,9.30121018721029,,C38,primary,asphalt,,,,60,no,,yes,,,,,,,,,,True,True,False,paved,1,1
park:426,osm:2332806282,osm:2332808507,224458912,32.01699573706088,,,unclassified,gravel,grade2,,,,yes,,,,yes,,,,,,,,False,True,False,gravel,4,1
park:427,osm:2332806282,osm:5417841422,561936250,35.22452042521201,,,unclassified,gravel,,,,,yes,,,,,,,,,,,,True,False,False,gravel,7,1
park:428,osm:2332806384,osm:2334246587,224621794,20183.655464228927,,,track,dirt,grade3,,,,,,forestry,,,,,,,,,,True,True,True,earth_sand,14,1
park:429,osm:2332806384,osm:2334298555,224621794,13050.20235934817,,,track,dirt,grade3,,,,,,forestry,,,,,,,,,,True,True,True,earth_sand,16,1
park:430,osm:2332806384,osm:2332806388,562931039,18291.405718591894,,,track,ground,grade5,,,,,,forestry,,,,,,,,,,True,True,True,earth_sand,3,1
park:431,osm:2332806384,osm:259616868,562931039,20020.494747924567,,,track,ground,grade5,,,,,,forestry,,,,,,,,,,True,True,True,earth_sand,2,1
park:432,osm:2332806388,osm:2334246694,224621785,19408.982123221333,,,track,dirt,grade3,,,,,,forestry,,,,,,,,,,True,True,True,earth_sand,13,1
park:433,osm:2332806388,osm:2334298840,224621785,11164.556870282957,,,track,dirt,grade3,,,,,,forestry,,,,,,,,,,True,True,True,earth_sand,11,1
park:434,osm:2332806388,osm:2332806403,562931039,20177.961577598362,,,track,ground,grade5,,,,,,forestry,,,,,,,,,,True,True,True,earth_sand,8,1
park:435,osm:2332806403,osm:2334246175,224621774,4053.7142682678564,,,track,dirt,grade3,,,,,,forestry,,,,,,,,,,True,True,True,earth_sand,2,1
park:436,osm:2332806403,osm:2334246618,224621774,18165.968324157126,,,track,dirt,grade3,,,,,,forestry,,,,,,,,,,True,True,True,earth_sand,18,1
park:437,osm:2332806403,osm:2334246280,562931039,24163.170291358485,,,track,ground,grade5,,,,,,forestry,,,,,,,,,,True,True,True,earth_sand,5,1
park:438,osm:2332806413,osm:2332806420,224458818,60.653578728506965,,,track,,,,,,,,forestry,,,,,,,,,,True,True,True,surface_unknown,2,1
park:439,osm:2332806413,osm:2332806418,562931039,1133.8934043303054,,,track,ground,grade5,,,,,,forestry,,,,,,,,,,True,True,True,earth_sand,6,1
park:440,osm:2332806413,osm:2334246291,562931039,3.2398761676038386,,,track,ground,grade5,,,,,,forestry,,,,,,,,,,True,True,True,earth_sand,1,1
park:441,osm:2332806418,osm:2332806438,224458930,93.83869486710512,,,track,,,,,,,,,,,,,,,,,,True,True,False,surface_unknown,4,1
park:442,osm:2332806418,osm:9888495446,562931039,1734.1771396632248,,,track,ground,grade5,,,,,,forestry,,,,,,,,,,True,True,True,earth_sand,7,1
park:443,osm:2332806420,osm:2332807344,224458818,17361.68705025745,,,track,,,,,,,,forestry,,,,,,,,,,True,True,True,surface_unknown,113,1
park:444,osm:2332806420,osm:2332806445,224621800,254.60436056295583,,,track,gravel,,,,,,,forestry,,,,,,,,,,True,True,True,gravel,4,1
park:445,osm:2332806420,osm:2334246293,224621800,88.6730131807528,,,track,gravel,,,,,,,forestry,,,,,,,,,,True,True,True,gravel,3,1
park:446,osm:2332806443,osm:2332806445,224458877,11.069304773186857,,,track,,,,,,,,,,,,,,,,,,True,True,False,surface_unknown,1,1
park:447,osm:2332806445,osm:2334246318,224621800,5881.896326497938,,,track,gravel,,,,,,,forestry,,,,,,,,,,True,True,True,gravel,13,1
park:448,osm:2332806580,osm:2334246383,224621788,25.544736884390375,,,service,,,,,,,,,,,,,,,,,,True,True,False,surface_unknown,4,1
park:449,osm:2332806580,osm:2334246381,224621800,27.314666780780698,,,track,gravel,,,,,,,forestry,,,,,,,,,,True,True,True,gravel,1,1
park:450,osm:2332806580,osm:2334246372,224621800,91.04442205383198,,,track,gravel,,,,,,,forestry,,,,,,,,,,True,True,True,gravel,1,1
park:451,osm:2332806684,osm:5418213419,561985196,4281.498092492801,,,unclassified,gravel,,,,,,,forestry,,,,,,,,,,True,True,True,gravel,88,1
park:452,osm:2332806684,osm:9888495446,562930239,14949.53691427148,,,unclassified,gravel,,,,,,,forestry,,,,,,,,,,True,True,True,gravel,8,1
park:453,osm:2332806823,osm:2332806831,224458936,49.537997059760414,,,track,,,,,,,,,,,,,,,,,,True,True,False,surface_unknown,4,1
park:454,osm:2332806823,osm:2332806828,224458946,52.016823584266774,,,unclassified,gravel,,,,,,,forestry,,,,,,,,,,True,True,True,gravel,1,1
park:455,osm:2332806823,osm:3208311208,224458946,4518.771247645491,,,unclassified,gravel,,,,,,,forestry,,,,,,,,,,True,True,True,gravel,2,1
park:456,osm:2332806828,osm:2332806831,224458880,60.17946510086941,,,track,,,,,,,,,,,,,,,,,,True,True,False,surface_unknown,3,1
park:457,osm:2332806828,osm:2332807983,224458946,10317.529843693785,,,unclassified,gravel,,,,,,,forestry,,,,,,,,,,True,True,True,gravel,3,1
park:458,osm:2332806831,osm:2332807779,224458822,4267.659876844956,,,track,,,,,,,,forestry,,,,,,,,,,True,True,True,surface_unknown,123,1
park:459,osm:2332806849,osm:2332806854,224458891,49.55451050235211,,,track,,grade2,,,,,,forestry,,,,,,,,,,True,True,True,surface_unknown,3,1
park:460,osm:2332806849,osm:2332806858,224621800,68.6839066307489,,,track,gravel,,,,,,,forestry,,,,,,,,,,True,True,True,gravel,1,1
park:461,osm:2332806849,osm:2334246381,224621800,10104.45505223665,,,track,gravel,,,,,,,forestry,,,,,,,,,,True,True,True,gravel,58,1
park:462,osm:2332806854,osm:2332806858,224458938,51.218208780896425,,,tertiary,gravel,grade2,,,60,,,,,,,,,,,,,True,True,False,gravel,3,1
park:463,osm:2332806854,osm:2332806929,224458938,890.3965931179706,,,tertiary,gravel,grade2,,,60,,,,,,,,,,,,,True,True,False,gravel,16,1
park:464,osm:2332806858,osm:2332806868,224458938,35.862261018892816,,,tertiary,gravel,grade2,,,60,,,,,,,,,,,,,True,True,False,gravel,1,1
park:465,osm:2332806868,osm:2332807089,224458829,3045.279664092734,,,tertiary,gravel,,,,60,,,,,,,,,,,,,True,True,False,gravel,19,1
park:466,osm:2332806929,osm:2332807344,224458938,13166.675624741221,,,tertiary,gravel,grade2,,,60,,,,,,,,,,,,,True,True,False,gravel,83,1
park:467,osm:2332806929,osm:2332807044,1184672827,194.26066799100894,,,service,,,,,,,,,,yes,,,,,,,,True,True,False,surface_unknown,6,1
park:468,osm:2332807018,osm:2332807089,224458837,81.14055471881898,,,service,,,,,,,,,,yes,,,,,,,,True,True,False,surface_unknown,2,1
park:469,osm:2332807018,osm:2332807018,561950847,260.5223125377082,,,service,,,,,,yes,,,,yes,,,,,,,,True,False,False,surface_unknown,22,1
park:470,osm:2332807044,osm:2332807044,224458842,280.0087872837856,,,service,,,,,,yes,,,,yes,,,,,,,,True,False,False,surface_unknown,21,1
park:471,osm:2332807089,osm:2332807779,224458829,10146.850696695805,,,tertiary,gravel,,,,60,,,,,,,,,,,,,True,True,False,gravel,92,1
park:472,osm:2332807279,osm:2332807326,224458938,529.6426779106964,,,tertiary,gravel,grade2,,,60,,,,,,,,,,,,,True,True,False,gravel,10,1
park:473,osm:2332807279,osm:2332807454,224458938,7729.987032887042,,,tertiary,gravel,grade2,,,60,,,,,,,,,,,,,True,True,False,gravel,52,1
park:474,osm:2332807279,osm:4549506870,459028973,105.39193313827792,,,track,,,,,,,,forestry,,,,,,,,,,True,True,True,surface_unknown,4,1
park:475,osm:2332807326,osm:2332807345,224458938,76.51539677675163,,,tertiary,gravel,grade2,,,60,,,,,,,,,,,,,True,True,False,gravel,1,1
park:476,osm:2332807326,osm:2332807350,224458948,67.69704913937353,,,service,,,,,,,,,,yes,,,,,,,,True,True,False,surface_unknown,7,1
park:477,osm:2332807344,osm:2332807345,224458938,2528.0201866983434,,,tertiary,gravel,grade2,,,60,,,,,,,,,,,,,True,True,False,gravel,22,1
park:478,osm:2332807345,osm:2332807350,561950849,61.414076599874555,,,service,gravel,,,,,,,,,yes,,,,,,,,True,True,False,gravel,5,1
park:479,osm:2332807350,osm:2332807396,561950849,279.3418080733955,,,service,gravel,,,,,,,,,yes,,,,,,,,True,True,False,gravel,3,1
park:480,osm:2332807396,osm:2332807435,224458862,183.22243641538472,,,service,gravel,,,,,yes,,,,yes,,,,,,,,True,False,False,gravel,10,1
park:481,osm:2332807396,osm:2332807435,224458862,179.96985774475147,,,service,gravel,,,,,yes,,,,yes,,,,,,,,False,True,False,gravel,8,1
park:482,osm:2332807435,osm:4549506872,1184669990,367.5330288958479,,,track,,,,,,,,,,,,,,,,,,True,True,False,surface_unknown,9,1
park:483,osm:2332807454,osm:2332807461,459028149,2200.5928676559624,,,track,gravel,grade2,,,60,,,forestry,,yes,,,,,,,,True,True,True,gravel,16,1
park:484,osm:2332807461,osm:2332807477,224458927,69.10969999379819,,,track,,,,,,,,,,yes,,,,,,,,True,True,False,surface_unknown,4,1
park:485,osm:2332807461,osm:2332807463,459028149,72.0658316643914,,,track,gravel,grade2,,,60,,,forestry,,yes,,,,,,,,True,True,True,gravel,1,1
park:486,osm:2332807463,osm:2332807477,224458856,45.68298908980175,,,track,,,,,,,,,,yes,,,,,,,,True,True,False,surface_unknown,5,1
park:487,osm:2332807463,osm:2332807468,459028149,155.9795998159601,,,track,gravel,grade2,,,60,,,forestry,,yes,,,,,,,,True,True,True,gravel,1,1
park:488,osm:2332807468,osm:4875401618,224458858,590.883906467178,,,track,,,,,,,,forestry,,,,,,,,,,True,True,True,surface_unknown,18,1
park:489,osm:2332807468,osm:4878678651,224458858,48.659114654367556,,,track,,,,,,,,forestry,,,,,,,,,,True,True,True,surface_unknown,3,1
park:490,osm:2332807468,osm:5323204002,459028149,1306.9295824909764,,,track,gravel,grade2,,,60,,,forestry,,yes,,,,,,,,True,True,True,gravel,4,1
park:491,osm:2332807477,osm:2332807485,224458856,44.57441866670014,,,track,,,,,,,,,,yes,,,,,,,,True,True,False,surface_unknown,1,1
park:492,osm:2332807481,osm:5323203994,224458938,114.97563266068326,,,tertiary,gravel,grade2,,,60,,,,,,,,,,,,,True,True,False,gravel,6,1
park:493,osm:2332807481,osm:2758091614,224621786,1692.2310097733196,,,tertiary,gravel,grade2,,,60,,,,,,,,,,,,,True,True,False,gravel,3,1
park:494,osm:2332807481,osm:5323204002,459028149,121.6434455881344,,,track,gravel,grade2,,,60,,,forestry,,yes,,,,,,,,True,True,True,gravel,1,1
park:495,osm:2332807485,osm:2332807485,224458856,145.82386622717075,,,track,,,,,,,,,,yes,,,,,,,,True,True,False,surface_unknown,17,1
park:496,osm:2332807578,osm:2332807639,224458938,436.1675539172864,,,tertiary,gravel,grade2,,,60,,,,,,,,,,,,,True,True,False,gravel,16,1
park:497,osm:2332807578,osm:5323203994,224458938,763.9456983079006,,,tertiary,gravel,grade2,,,60,,,,,,,,,,,,,True,True,False,gravel,11,1
park:498,osm:2332807578,osm:2332807680,466981339,303.74464189038366,,,track,,,,,,,,no,,,,,,,,,,True,True,True,surface_unknown,6,1
park:499,osm:2332807603,osm:4875401618,224458858,178.9921866324306,,,track,,,,,,,,forestry,,,,,,,,,,True,True,True,surface_unknown,10,1
park:500,osm:2332807639,osm:2332807672,224458843,204.78208472986418,,,track,,,,,,,,forestry,,,,,,,,,,True,True,True,surface_unknown,9,1
park:501,osm:2332807639,osm:4616775230,224458938,274.0144563028182,,,tertiary,gravel,grade2,,,60,,,,,,,,,,,,,True,True,False,gravel,7,1
park:502,osm:2332807665,osm:2332812654,224458955,24560.476328626508,,,track,dirt,grade3,,,,,,forestry,,,,,,,,,,True,True,True,earth_sand,36,1
park:503,osm:2332807665,osm:2334246587,224621786,275.5227996397902,,,tertiary,gravel,grade2,,,60,,,,,,,,,,,,,True,True,False,gravel,4,1
park:504,osm:2332807672,osm:2332807680,224458884,25.782620610372785,,,track,,,,,,,,forestry,,,,,,,,,,True,True,True,surface_unknown,4,1
park:505,osm:2332807672,osm:2332807686,224458887,22.8051574994777,,,track,,,,,,,,forestry,,,,,,,,,,True,True,True,surface_unknown,3,1
park:506,osm:2332807680,osm:2332807686,466981339,28.42136448212511,,,track,,,,,,,,no,,,,,,,,,,True,True,True,surface_unknown,1,1
park:507,osm:2332807686,osm:4616772550,466981339,561.1477184338273,,,track,,,,,,,,no,,,,,,,,,,True,True,True,surface_unknown,14,1
park:508,osm:2332807769,osm:2334246611,224621786,4472.354473008575,,,tertiary,gravel,grade2,,,60,,,,,,,,,,,,,True,True,False,gravel,27,1
park:509,osm:2332807769,osm:2334246842,224621792,625.4874464774696,,,track,dirt,grade3,,,,,,forestry,,,,,,,,,,True,True,True,earth_sand,12,1
park:510,osm:2332807773,osm:2334246544,224621786,8911.434668644464,,,tertiary,gravel,grade2,,,60,,,,,,,,,,,,,True,True,False,gravel,83,1
park:511,osm:2332807773,osm:2332807775,224621786,28.89255660226065,,,tertiary,gravel,grade2,,,60,,,,,,,,,,,,,True,True,False,gravel,1,1
park:512,osm:2332807773,osm:2334246686,224621789,26.95806032550513,,,service,gravel,,,,,,,,,yes,,,,,,,,True,True,False,gravel,5,1
park:513,osm:2332807775,osm:2334246686,224621769,31.791750367901784,,,service,gravel,,,,,,,,,yes,,,,,,,,True,True,False,gravel,5,1
park:514,osm:2332807775,osm:2332807854,224621786,3212.7462899607435,,,tertiary,gravel,grade2,,,60,,,,,,,,,,,,,True,True,False,gravel,25,1
park:515,osm:2332807832,osm:2334246781,224621777,39.493791491279715,,,service,,,,,,,,,,yes,,,,,,,,True,True,False,surface_unknown,4,1
park:516,osm:2332807832,osm:2334246797,224621786,50.060626071193894,,,tertiary,gravel,grade2,,,60,,,,,,,,,,,,,True,True,False,gravel,2,1
park:517,osm:2332807832,osm:2334246694,224621786,983.7950180868623,,,tertiary,gravel,grade2,,,60,,,,,,,,,,,,,True,True,False,gravel,11,1
park:518,osm:2332807854,osm:5325027625,224621786,6735.919929265611,,,tertiary,gravel,grade2,,,60,,,,,,,,,,,,,True,True,False,gravel,26,1
park:519,osm:2332807983,osm:2332809215,224458841,9553.946612088164,,,track,,,,,,,,forestry,,,,,,,,,,True,True,True,surface_unknown,54,1
park:520,osm:2332807983,osm:2333161989,224458946,9871.535760945988,,,unclassified,gravel,,,,,,,forestry,,,,,,,,,,True,True,True,gravel,49,1
park:521,osm:2332808057,osm:4627030416,224458846,40.95998845493131,,6305,tertiary,gravel,grade2,,,60,no,,,,yes,,,,,,,,True,True,False,gravel,1,1
park:522,osm:2332808057,osm:2332808059,224458846,22.591240750408552,,6305,tertiary,gravel,grade2,,,60,no,,,,yes,,,,,,,,True,True,False,gravel,1,1
park:523,osm:2332808057,osm:4627030416,468141780,115.431162153549,,,track,gravel,grade2,,,,,,,,yes,,,,,,,,True,True,False,gravel,12,1
park:524,osm:2332808059,osm:2975522875,224458846,1905.0305781847596,,6305,tertiary,gravel,grade2,,,60,no,,,,yes,,,,,,,,True,True,False,gravel,18,1
park:525,osm:2332808059,osm:5323234347,551191308,274.7243255225047,,,track,gravel,grade2,,,,,,,,yes,,,,,,,,True,True,False,gravel,23,1
park:526,osm:2332808141,osm:3794286320,224458829,2362.8652256027426,,,tertiary,gravel,,,,60,,,,,,,,,,,,,True,True,False,gravel,3,1
park:527,osm:2332808141,osm:2333161799,224495484,177.1359079352012,,,track,,,,,,,,,,yes,,,,,,,,True,True,False,surface_unknown,3,1
park:528,osm:2332808162,osm:2332808766,224458846,3904.6245713700664,,6305,tertiary,gravel,grade2,,,60,no,,,,yes,,,,,,,,True,True,False,gravel,13,1
park:529,osm:2332808162,osm:2332808502,551382193,3788.0326546252413,,,tertiary,gravel,grade2,,,60,,,,,yes,,,,,,,,True,True,False,gravel,10,1
park:530,osm:2332808311,osm:2332808412,224458829,365.1602867596871,,,tertiary,gravel,,,,60,,,,,,,,,,,,,True,True,False,gravel,1,1
park:531,osm:2332808311,osm:3794286320,224458829,162.78845821240768,,,tertiary,gravel,,,,60,,,,,,,,,,,,,True,True,False,gravel,1,1
park:532,osm:2332808311,osm:2333161951,224495475,450.8266631144682,,,track,dirt,,,,,,,,,,,,,,,,,True,True,False,earth_sand,21,1
park:533,osm:2332808412,osm:2332808555,224458829,1197.7481839135999,,,tertiary,gravel,,,,60,,,,,,,,,,,,,True,True,False,gravel,2,1
park:534,osm:2332808412,osm:2333161951,224495477,584.2306802933127,,,residential,dirt,,,,,,,,,,,,,,,,,True,True,False,earth_sand,24,1
park:535,osm:2332808447,osm:2332808772,224458830,1776.685137802523,,,service,gravel,grade2,,,,,,,,yes,,,,,,,,True,True,False,gravel,17,1
park:536,osm:2332808502,osm:2332808780,224458929,794.0505223945703,,,track,,grade4,,,,,,,,,,,,,,,,True,True,False,surface_unknown,4,1
park:537,osm:2332808502,osm:2332809073,551382193,3409.744364573289,,,tertiary,gravel,grade2,,,60,,,,,yes,,,,,,,,True,True,False,gravel,25,1
park:538,osm:2332808507,osm:288555768,561936247,3412.8261592516656,,,unclassified,gravel,grade2,,,100,,,,,,,,,,,,,True,True,False,gravel,112,1
park:539,osm:2332808507,osm:5417841422,561936250,44.72892622161428,,,unclassified,gravel,,,,,yes,,,,,,,,,,,,False,True,False,gravel,7,1
park:540,osm:2332808555,osm:2332809153,224458829,2073.174440735412,,,tertiary,gravel,,,,60,,,,,,,,,,,,,True,True,False,gravel,13,1
park:541,osm:2332808555,osm:2758216126,224458896,5690.87135285166,,,tertiary,gravel,grade2,,,100,,,,,,,,,,,,,True,True,False,gravel,41,1
park:542,osm:2332808667,osm:2332808916,224458866,382.6464205370838,,,service,,,,,,,,,,yes,,,,,,,,True,True,False,surface_unknown,20,1
park:543,osm:2332808667,osm:4616755800,224458873,3609.9268436428047,,,tertiary,gravel,,,,60,,,yes,,,,,,,,,,True,True,False,gravel,29,1
park:544,osm:2332808667,osm:4616772550,224458873,14461.93483370547,,,tertiary,gravel,,,,60,,,yes,,,,,,,,,,True,True,False,gravel,143,1
park:545,osm:2332808766,osm:2332808790,224458846,35.88409039289897,,6305,tertiary,gravel,grade2,,,60,no,,,,yes,,,,,,,,True,True,False,gravel,1,1
park:546,osm:2332808766,osm:2332808772,224458933,40.79572017230107,,,track,gravel,grade2,,,,,,,,yes,,,,,,,,True,True,False,gravel,4,1
park:547,osm:2332808772,osm:2332808790,224458830,40.11412921437349,,,service,gravel,grade2,,,,,,,,yes,,,,,,,,True,True,False,gravel,2,1
park:548,osm:2332808790,osm:2332810681,224458846,11474.20004183046,,6305,tertiary,gravel,grade2,,,60,no,,,,yes,,,,,,,,True,True,False,gravel,78,1
park:549,osm:2332808916,osm:2332808916,561947357,160.11496119904504,,,service,,,,,,yes,,,,yes,,,,,,,,True,False,False,surface_unknown,19,1
park:550,osm:2332809073,osm:2332809197,551382193,781.4760882627041,,,tertiary,gravel,grade2,,,60,,,,,yes,,,,,,,,True,True,False,gravel,24,1
park:551,osm:2332809073,osm:5423484266,562592442,355.1507204963852,,,track,gravel,,,,,,,,,,,,,,,,,True,True,False,gravel,1,1
park:552,osm:2332809095,osm:5423484357,224458846,2672.8647589013694,,6305,tertiary,gravel,grade2,,,60,no,,,,yes,,,,,,,,True,True,False,gravel,20,1
park:553,osm:2332809129,osm:2332809131,224458965,129.42352185126842,,,track,gravel,grade2,,,60,yes,,,,yes,,,,,,,,True,False,False,gravel,16,1
park:554,osm:2332809129,osm:2332809131,224458965,56.40623632861469,,,track,gravel,grade2,,,60,yes,,,,yes,,,,,,,,False,True,False,gravel,6,1
park:555,osm:2332809129,osm:5423484255,561936233,86.7081913968342,,,track,gravel,grade2,,,60,,,,,yes,,,,,,,,True,True,False,gravel,6,1
park:556,osm:2332809131,osm:2332809160,224458827,218.4149765079957,,,track,gravel,grade2,,,,,,,,yes,,,,,,,,True,True,False,gravel,13,1
park:557,osm:2332809153,osm:2332809295,224458970,1561.9099642644453,,,tertiary,gravel,,,,60,no,,,,,,,,,,,,True,True,False,gravel,11,1
park:558,osm:2332809160,osm:5423484255,561936233,31.132229354234877,,,track,gravel,grade2,,,60,,,,,yes,,,,,,,,True,True,False,gravel,1,1
park:559,osm:2332809160,osm:2332809204,561936233,290.02332293837856,,,track,gravel,grade2,,,60,,,,,yes,,,,,,,,True,True,False,gravel,6,1
park:560,osm:2332809197,osm:2332809204,224458879,21.5186503729551,,,track,gravel,grade2,,,,,,,,,,,,,,,,True,True,False,gravel,1,1
park:561,osm:2332809197,osm:2332809213,551382193,66.08825592709897,,,tertiary,gravel,grade2,,,60,,,,,yes,,,,,,,,True,True,False,gravel,2,1
park:562,osm:2332809204,osm:2332809208,224458879,31.45034273016886,,,track,gravel,grade2,,,,,,,,,,,,,,,,True,True,False,gravel,2,1
park:563,osm:2332809204,osm:2332809213,561936233,57.46933759327055,,,track,gravel,grade2,,,60,,,,,yes,,,,,,,,True,True,False,gravel,1,1
park:564,osm:2332809208,osm:309258029,224458956,568.7313501962701,,,tertiary,gravel,,,,60,,,,,,,,,,,,,True,True,False,gravel,6,1
park:565,osm:2332809208,osm:2332809213,224458956,62.26486253426647,,,tertiary,gravel,,,,60,,,,,,,,,,,,,True,True,False,gravel,2,1
park:566,osm:2332809212,osm:2332809369,224458956,5747.601999980425,,,tertiary,gravel,,,,60,,,,,,,,,,,,,True,True,False,gravel,15,1
park:567,osm:2332809212,osm:309258029,224458956,225.1896122129386,,,tertiary,gravel,,,,60,,,,,,,,,,,,,True,True,False,gravel,2,1
park:568,osm:2332809212,osm:5423484254,562592440,483.1592513504534,,,track,gravel,,,,,,,,,,,,,,,,,True,True,False,gravel,2,1
park:569,osm:2332809213,osm:259406622,551382188,1035.9755860281948,,,tertiary,gravel,,,,60,,,,,,,,,,,,,True,True,False,gravel,6,1
park:570,osm:2332809215,osm:2332813339,224458841,16775.7234826859,,,track,,,,,,,,forestry,,,,,,,,,,True,True,True,surface_unknown,129,1
park:571,osm:2332809215,osm:2758215831,224458896,323.4578411036177,,,tertiary,gravel,grade2,,,100,,,,,,,,,,,,,True,True,False,gravel,5,1
park:572,osm:2332809269,osm:2332809369,224458846,1968.2506455307118,,6305,tertiary,gravel,grade2,,,60,no,,,,yes,,,,,,,,True,True,False,gravel,10,1
park:573,osm:2332809269,osm:2975522889,293976566,295.0351883415726,,,track,,,,,,,,forestry,,,,,,,,,,True,True,True,surface_unknown,3,1
park:574,osm:2332809295,osm:2332809331,224458875,1959.665382299253,,,service,dirt,,,,,,,,,,,,,,,,,True,True,False,earth_sand,18,1
park:575,osm:2332809295,osm:2332809738,224458970,4777.526953592776,,,tertiary,gravel,,,,60,no,,,,,,,,,,,,True,True,False,gravel,11,1
park:576,osm:2332809331,osm:2332809331,224458875,351.4410637768354,,,service,dirt,,,,,,,,,,,,,,,,,True,True,False,earth_sand,16,1
park:577,osm:2332809340,osm:2334326251,224630374,62.02162951610704,,,service,gravel,,,,,,,,,,,,,,,,,True,True,False,gravel,4,1
park:578,osm:2332809340,osm:309201200,561946642,41.94001781350549,,,tertiary,gravel,grade2,,,60,,,,,,,,,,,,,True,True,False,gravel,1,1
park:579,osm:2332809340,osm:259407388,561946642,741.9521701437174,,,tertiary,gravel,grade2,,,60,,,,,,,,,,,,,True,True,False,gravel,10,1
park:580,osm:2332809369,osm:2334326261,224630369,702.5867333901634,,,track,,,,,,,,forestry,,,,,,,,,,True,True,True,surface_unknown,13,1
park:581,osm:2332809369,osm:5423572264,561946642,4426.362757241239,,,tertiary,gravel,grade2,,,60,,,,,,,,,,,,,True,True,False,gravel,25,1
park:582,osm:2332809646,osm:6228646126,26337762,23.13387781972006,,C38,tertiary,gravel,grade2,very_bad,,60,,,,,,,,,,,,,True,True,False,gravel,1,1
park:583,osm:2332809646,osm:6228646128,665473756,24.014390996322554,,,tertiary,gravel,grade2,,,60,no,,,,yes,,,,,,,,True,True,False,gravel,1,1
park:584,osm:2332809738,osm:2332810887,224458970,5675.2790101960145,,,tertiary,gravel,,,,60,no,,,,,,,,,,,,True,True,False,gravel,60,1
park:585,osm:2332809738,osm:2351160217,224458973,6403.184386954517,,,tertiary,gravel,,,,100,,,,,,,,,,,,,True,True,False,gravel,91,1
park:586,osm:2332809779,osm:2332809922,224458815,968.9284000929215,,,track,,grade2,,,,,,,,,,,,,,,,True,True,False,surface_unknown,10,1
park:587,osm:2332809779,osm:259406622,551382188,5500.515822849492,,,tertiary,gravel,,,,60,,,,,,,,,,,,,True,True,False,gravel,23,1
park:588,osm:2332809779,osm:2334326322,551382188,3933.477658468937,,,tertiary,gravel,,,,60,,,,,,,,,,,,,True,True,False,gravel,19,1
park:589,osm:2332810023,osm:2332810902,224458909,5571.985592398045,,,service,gravel,grade3,,,,,,,,yes,,,,,,,,True,True,False,gravel,45,1
park:590,osm:2332810023,osm:2332810023,561936235,83.951504570677,,,service,gravel,grade3,,,,yes,,,,yes,,,,,,,,True,False,False,gravel,15,1
park:591,osm:2332810090,osm:2332810772,224458896,5434.069131851431,,,tertiary,gravel,grade2,,,100,,,,,,,,,,,,,True,True,False,gravel,103,1
park:592,osm:2332810090,osm:2333162055,224458896,7090.742821274037,,,tertiary,gravel,grade2,,,100,,,,,,,,,,,,,True,True,False,gravel,106,1
park:593,osm:2332810090,osm:2351160024,226259402,105.6350636767666,,,service,,,,,,,,,,,,,,,,,,True,True,False,surface_unknown,2,1
park:594,osm:2332810448,osm:2332810449,26337762,32.683478238805726,,C38,tertiary,gravel,grade2,very_bad,,60,,,,,,,,,,,,,True,True,False,gravel,1,1
park:595,osm:2332810448,osm:2757884519,26337762,1578.7603197608591,,C38,tertiary,gravel,grade2,very_bad,,60,,,,,,,,,,,,,True,True,False,gravel,21,1
park:596,osm:2332810448,osm:2332810457,224458871,37.88597435254135,,,unclassified,gravel,grade2,,,60,no,,,,,,,,,,,,True,True,False,gravel,2,1
park:597,osm:2332810449,osm:2332810457,665464730,40.517706470556284,,,unclassified,gravel,grade2,,,60,no,,,,,,,,,,,,True,True,False,gravel,1,1
park:598,osm:2332810457,osm:6228576300,224458811,49.21685391586554,,,unclassified,gravel,grade2,,,60,no,,,,,,,,,,,,True,True,False,gravel,1,1
park:599,osm:2332810485,osm:4626805442,224458873,4546.454744720744,,,tertiary,gravel,,,,60,,,yes,,,,,,,,,,True,True,False,gravel,41,1
park:600,osm:2332810485,osm:4626815299,224458873,56.69599681990343,,,tertiary,gravel,,,,60,,,yes,,,,,,,,,,True,True,False,gravel,1,1
park:601,osm:2332810485,osm:4626815304,224458973,63.10035969395811,,,tertiary,gravel,,,,100,,,,,,,,,,,,,True,True,False,gravel,2,1
park:602,osm:2332810652,osm:2332810681,224458960,175.378152190047,Okaukuejo Airstrip Road,,service,gravel,,,,,,,,,,,,,,,,,True,True,False,gravel,6,1
park:603,osm:2332810681,osm:2332810718,224458846,290.27109637679,,6305,tertiary,gravel,grade2,,,60,no,,,,yes,,,,,,,,True,True,False,gravel,1,1
park:604,osm:2332810718,osm:2332811283,224458835,1838.9480097015023,,6305,tertiary,gravel,,bad,,60,,,,,,,,,,,,,True,True,False,gravel,4,1
park:605,osm:2332810718,osm:2334326322,551382188,3876.534707066474,,,tertiary,gravel,,,,60,,,,,,,,,,,,,True,True,False,gravel,25,1
park:606,osm:2332810756,osm:2975522904,26337762,1367.084499034177,,C38,tertiary,gravel,grade2,very_bad,,60,,,,,,,,,,,,,True,True,False,gravel,8,1
park:607,osm:2332810756,osm:2332810811,224458834,168.2901717618878,,,service,gravel,grade2,,,60,,,,,,,,,,,,,True,True,False,gravel,14,1
park:608,osm:2332810772,osm:2332810798,224458896,38.469684400141105,,,tertiary,gravel,grade2,,,100,,,,,,,,,,,,,True,True,False,gravel,2,1
park:609,osm:2332810772,osm:2333123276,224491101,41.24130651322693,,,track,,,,,,,,,,,,,,,,,,True,True,False,surface_unknown,3,1
park:610,osm:2332810798,osm:2333123341,224458896,1209.3029751687136,,,tertiary,gravel,grade2,,,100,,,,,,,,,,,,,True,True,False,gravel,47,1
park:611,osm:2332810798,osm:2333123276,561948929,39.184480538953345,,,service,,,,,,,,,,,,,,,,,,True,True,False,surface_unknown,3,1
park:612,osm:2332810806,osm:4084909239,406425322,35.56178152498195,,,unclassified,gravel,,,,100,no,,,,,,,,,,,,True,True,False,gravel,3,1
park:613,osm:2332810806,osm:259190575,665464729,43.586609190486655,,,unclassified,gravel,grade2,,,100,no,,,,,,,,,,,,True,True,False,gravel,2,1
park:614,osm:2332810811,osm:2332810811,561936237,207.44407895807174,,,service,gravel,grade2,,,60,yes,,,,,,,,,,,,True,False,False,gravel,31,1
park:615,osm:2332810887,osm:2332810900,224458970,94.74535859459104,,,tertiary,gravel,,,,60,no,,,,,,,,,,,,True,True,False,gravel,2,1
park:616,osm:2332810887,osm:4626805442,468123017,74.43510642961631,,,tertiary,gravel,,,,60,,,,,,,,,,,,,True,True,False,gravel,5,1
park:617,osm:2332810891,osm:2332810900,224458873,72.13183022434546,,,tertiary,gravel,,,,60,,,yes,,,,,,,,,,True,True,False,gravel,1,1
park:618,osm:2332810891,osm:4626805442,224458873,40.370314247130615,,,tertiary,gravel,,,,60,,,yes,,,,,,,,,,True,True,False,gravel,2,1
park:619,osm:2332810891,osm:2332812688,224458968,6036.052293809984,,,track,,,,,,,,forestry,,,,,,,,,,True,True,True,surface_unknown,7,1
park:620,osm:2332810900,osm:2332812239,224482902,1965.9362755104273,,,tertiary,gravel,,,,60,no,,yes,,,,,,,,,,True,True,False,gravel,12,1
park:621,osm:2332810902,osm:2332811033,26337762,931.760497794018,,C38,tertiary,gravel,grade2,very_bad,,60,,,,,,,,,,,,,True,True,False,gravel,3,1
park:622,osm:2332811033,osm:259192349,26337762,2368.366362018185,,C38,tertiary,gravel,grade2,very_bad,,60,,,,,,,,,,,,,True,True,False,gravel,14,1
park:623,osm:2332811033,osm:2975522892,293976568,205.62023328664242,,,track,,grade3,,,,,,forestry,,,,,,,,,,True,True,True,surface_unknown,5,1
park:624,osm:2332811283,osm:2758965837,224458835,810.4902335890564,,6305,tertiary,gravel,,bad,,60,,,,,,,,,,,,,True,True,False,gravel,15,1
park:625,osm:2332811343,osm:2332811343,224458814,159.94414198620086,,,service,gravel,grade2,,,,yes,,,,yes,,,,,,,,True,False,False,gravel,13,1
park:626,osm:2332811343,osm:2758194243,561948925,985.4938236220755,,,service,gravel,grade2,,,,,,,,yes,,,,,,,,True,True,False,gravel,28,1
park:627,osm:2332811357,osm:2757981496,270825303,156.4201619913032,,,service,,,,,,,,,,,,,,,,,,True,True,False,surface_unknown,3,1
park:628,osm:2332811412,osm:2332816144,224458946,22028.606466507175,,,unclassified,gravel,,,,,,,forestry,,,,,,,,,,True,True,True,gravel,425,1
park:629,osm:2332811412,osm:2333161989,224458946,12578.325628334791,,,unclassified,gravel,,,,,,,forestry,,,,,,,,,,True,True,True,gravel,47,1
park:630,osm:2332811412,osm:2333123341,224491102,3642.798194158626,,,track,,,,,,,,forestry,,,,,,,,,,True,True,True,surface_unknown,79,1
park:631,osm:2332811416,osm:2704156676,270822385,182.11540983845342,,,service,,,,,,,,,,,,,,,,,,True,True,False,surface_unknown,12,1
park:632,osm:2332811416,osm:2704156685,551187105,155.06528582727756,,,service,,,,,,,,,,,,,,,,,,True,True,False,surface_unknown,13,1
park:633,osm:2332811423,osm:2757981735,270822385,43.07881440659717,,,service,,,,,,,,,,,,,,,,,,True,True,False,surface_unknown,5,1
park:634,osm:2332811438,osm:2704156685,240628430,7.239815424617512,,,unclassified,,,,,,,,,,,,,,,,,,True,True,False,surface_unknown,1,1
park:635,osm:2332811438,osm:2704156676,551187106,13.880673074135098,,,service,,,,,,,,,,,,,,,,,,True,True,False,surface_unknown,1,1
park:636,osm:2332811555,osm:2332811618,224458869,198.7138644370648,,,unclassified,,,,,,,,,,,,,,,,,,True,True,False,surface_unknown,6,1
park:637,osm:2332811615,osm:2332811627,26337762,40.09083211361405,,C38,tertiary,gravel,grade2,very_bad,,60,,,,,,,,,,,,,True,True,False,gravel,2,1
park:638,osm:2332811615,osm:259192349,26337762,419.9108443242137,,C38,tertiary,gravel,grade2,very_bad,,60,,,,,,,,,,,,,True,True,False,gravel,4,1
park:639,osm:2332811615,osm:2483484383,224458828,247.67430095883338,,,residential,gravel,,,,,,,private,,,,,,,,,,True,True,True,gravel,12,1
park:640,osm:2332811618,osm:2332811629,224458935,126.5183695892633,,,unclassified,paving_stones,,,,,,,,,,,,,,,,,True,True,False,paved,2,1
park:641,osm:2332811618,osm:2332811647,224458935,25.600456462328918,,,unclassified,paving_stones,,,,,,,,,,,,,,,,,True,True,False,paved,5,1
park:642,osm:2332811626,osm:2332811673,224458959,14.108514043468869,,,unclassified,paving_stones,,,,,yes,roundabout,,,,,,,,,,,False,True,False,paved,3,1
park:643,osm:2332811626,osm:2332811644,224458959,14.334128784055833,,,unclassified,paving_stones,,,,,yes,roundabout,,,,,,,,,,,True,False,False,paved,4,1
park:644,osm:2332811627,osm:2332811638,26337762,91.73211222324585,,C38,tertiary,gravel,grade2,very_bad,,60,,,,,,,,,,,,,True,True,False,gravel,1,1
park:645,osm:2332811627,osm:2758965837,270938230,28.83244801015595,,,tertiary,gravel,,,,,,,,,,,,,,,,,True,True,False,gravel,4,1
park:646,osm:2332811629,osm:2332811644,224458935,82.31006320058235,,,unclassified,paving_stones,,,,,,,,,,,,,,,,,True,True,False,paved,1,1
park:647,osm:2332811629,osm:2757981446,224458969,24.052978416569587,,,service,,,,,,,,,,,,,,,,,,True,True,False,surface_unknown,1,1
park:648,osm:2332811638,osm:2332811639,224458721,13.83271749535026,,,unclassified,gravel,,,,60,no,,,,,,,,,,,,True,True,False,gravel,2,1
park:649,osm:2332811639,osm:2332811647,224458720,50.18012310203481,,,unclassified,asphalt,,,,10,,,,,,,,,,,,,True,True,False,paved,1,1
park:650,osm:2332811644,osm:2332811673,224458959,12.400860355698782,,,unclassified,paving_stones,,,,,yes,roundabout,,,,,,,,,,,True,False,False,paved,3,1
park:651,osm:2332811647,osm:2332811821,551187104,67.20039680191485,,,unclassified,asphalt,,,,10,no,,,,,,,,,,,,True,True,False,paved,1,1
park:652,osm:2332811673,osm:2332811826,224458838,59.64461426559219,,,service,gravel,,,,,,,,,,,,,,,,,True,True,False,gravel,3,1
park:653,osm:2332811821,osm:2483484396,551187103,20.35989753234407,,,unclassified,asphalt,,,,60,no,,,,,,,,,,,,True,True,False,paved,1,1
park:654,osm:2332811826,osm:2332811914,224458838,57.10304761316803,,,service,gravel,,,,,,,,,,,,,,,,,True,True,False,gravel,1,1
park:655,osm:2332811826,osm:2757981749,270822368,12.784303424273444,,,service,paving_stones,,,,,,,,,,,,,,,,,True,True,False,paved,1,1
park:656,osm:2332811826,osm:2757981392,270822368,35.00422952066563,,,service,paving_stones,,,,,,,,,,,,,,,,,True,True,False,paved,6,1
park:657,osm:2332811876,osm:2757981446,224458969,91.10093985456561,,,service,,,,,,,,,,,,,,,,,,True,True,False,surface_unknown,3,1
park:658,osm:2332811876,osm:2332811935,224458969,111.73813391611836,,,service,,,,,,,,,,,,,,,,,,True,True,False,surface_unknown,8,1
park:659,osm:2332811876,osm:2483484404,240628435,17.20394816570691,,,service,,,,,,,,,,,,,,,,,,True,True,False,surface_unknown,3,1
park:660,osm:2332811914,osm:2332811935,224458838,16.793489660680674,,,service,gravel,,,,,,,,,,,,,,,,,True,True,False,gravel,1,1
park:661,osm:2332811914,osm:2332811986,224458872,24.228821170401012,,,unclassified,paving_stones,,,,,,,,,,,,,,,,,True,True,False,paved,2,1
park:662,osm:2332811935,osm:2332812229,224458838,107.50431637282935,,,service,gravel,,,,,,,,,,,,,,,,,True,True,False,gravel,10,1
park:663,osm:2332812193,osm:2483484383,224458828,78.64553782739048,,,residential,gravel,,,,,,,private,,,,,,,,,,True,True,True,gravel,6,1
park:664,osm:2332812193,osm:2757981544,224458828,59.01278754239259,,,residential,gravel,,,,,,,private,,,,,,,,,,True,True,True,gravel,2,1
park:665,osm:2332812193,osm:5423572579,240628431,40.42824861663973,,,residential,gravel,,,,,,,private,,,,,,,,,,True,True,True,gravel,1,1
park:666,osm:2332812229,osm:309222376,224458838,41.07676691381559,,,service,gravel,,,,,,,,,,,,,,,,,True,True,False,gravel,6,1
park:667,osm:2332812229,osm:2757981375,270822364,75.56447704835533,,,service,paving_stones,,,,,,,,,,,,,,,,,True,True,False,paved,2,1
park:668,osm:2332812239,osm:2332812369,224482902,77.69492249771913,,,tertiary,gravel,,,,60,no,,yes,,,,,,,,,,True,True,False,gravel,1,1
park:669,osm:2332812239,osm:2758194243,270851540,64.29726977088062,,6176,track,gravel,grade2,,,,,,,,yes,,,,,,,,True,True,False,gravel,5,1
park:670,osm:2332812369,osm:2332813738,224482902,5050.875651749467,,,tertiary,gravel,,,,60,no,,yes,,,,,,,,,,True,True,False,gravel,40,1
park:671,osm:2332812369,osm:2758194243,561948925,68.62578141042087,,,service,gravel,grade2,,,,,,,,yes,,,,,,,,True,True,False,gravel,4,1
park:672,osm:2332812435,osm:5423572577,224458723,262.63439890284894,,C38,primary,asphalt,,,,60,no,,yes,,,,,,,,,,True,True,False,paved,2,1
park:673,osm:2332812435,osm:2483484370,224458723,273.3518887017132,,C38,primary,asphalt,,,,60,no,,yes,,,,,,,,,,True,True,False,paved,7,1
park:674,osm:2332812435,osm:5423572592,270834934,1094.982983817805,,,track,gravel,grade2,,,,,,forestry,,,,,,,,,,True,True,True,gravel,28,1
park:675,osm:2332812654,osm:259475155,23938504,28147.004525515353,,,unclassified,ground,,,,60,,,forestry,,,,,,,,,,True,True,True,earth_sand,100,1
park:676,osm:2332812654,osm:2332813751,224458955,15158.855530805424,,,track,dirt,grade3,,,,,,forestry,,,,,,,,,,True,True,True,earth_sand,16,1
park:677,osm:2332812688,osm:2332814294,224458955,14068.453631628427,,,track,dirt,grade3,,,,,,forestry,,,,,,,,,,True,True,True,earth_sand,323,1
park:678,osm:2332812762,osm:2332813234,224458894,3129.595474346083,,,track,gravel,grade3,,,,,,forestry,,yes,,,,,,,,True,True,True,gravel,39,1
park:679,osm:2332813081,osm:2333123442,224458839,1578.8500874180836,,,service,,,,,,,,,,yes,,,,,,,,True,True,False,surface_unknown,55,1
park:680,osm:2332813081,osm:2332813339,224458896,8204.526823482922,,,tertiary,gravel,grade2,,,100,,,,,,,,,,,,,True,True,False,gravel,208,1
park:681,osm:2332813081,osm:2333123341,224458896,4519.46125818399,,,tertiary,gravel,grade2,,,100,,,,,,,,,,,,,True,True,False,gravel,76,1
park:682,osm:2332813232,osm:2332813232,224458864,158.7513910704916,,,service,dirt,,,,,yes,,,,yes,,,,,,,,True,False,False,earth_sand,9,1
park:683,osm:2332813232,osm:2332813339,561948926,833.7826625898686,,,service,dirt,,,,,,,,,yes,,,,,,,,True,True,False,earth_sand,31,1
park:684,osm:2332813234,osm:5323240417,224458917,971.3494618715599,,,track,,grade3,,,,,,forestry,,yes,,,,,,,,True,True,True,surface_unknown,37,1
park:685,osm:2332813234,osm:2336874521,224458917,10561.901553895796,,,track,,grade3,,,,,,forestry,,yes,,,,,,,,True,True,True,surface_unknown,267,1
park:686,osm:2332813339,osm:2351160220,224458896,3060.608266800414,,,tertiary,gravel,grade2,,,100,,,,,,,,,,,,,True,True,False,gravel,22,1
park:687,osm:2332813653,osm:2332813751,224458955,19819.514927516742,,,track,dirt,grade3,,,,,,forestry,,,,,,,,,,True,True,True,earth_sand,66,1
park:688,osm:2332813653,osm:2332814358,224458955,26641.37307812929,,,track,dirt,grade3,,,,,,forestry,,,,,,,,,,True,True,True,earth_sand,13,1
park:689,osm:2332813653,osm:2334246618,224621796,27147.634432641673,not open for public,,track,dirt,grade3,,,,,,forestry,,,,,,,,,,True,True,True,earth_sand,72,1
park:690,osm:2332813738,osm:2332813741,224458882,22.909585331814178,,,track,,,,,,,,,,,,,,,,,,True,True,False,surface_unknown,3,1
park:691,osm:2332813738,osm:2332813755,224482902,30.08864323598975,,,tertiary,gravel,,,,60,no,,yes,,,,,,,,,,True,True,False,gravel,2,1
park:692,osm:2332813741,osm:2332813755,224458851,26.88803021559346,,,track,,,,,,,,forestry,,,,,,,,,,True,True,True,surface_unknown,2,1
park:693,osm:2332813741,osm:2332813780,224458851,388.1101637248146,,,track,,,,,,,,forestry,,,,,,,,,,True,True,True,surface_unknown,17,1
park:694,osm:2332813751,osm:2334246694,224621785,26976.852307221623,,,track,dirt,grade3,,,,,,forestry,,,,,,,,,,True,True,True,earth_sand,16,1
park:695,osm:2332813755,osm:2332814466,224482902,2377.257634024588,,,tertiary,gravel,,,,60,no,,yes,,,,,,,,,,True,True,False,gravel,24,1
park:696,osm:2332813932,osm:2332814332,224458874,1224.686831059339,,,track,,,,,,,,,,,,,,,,,,True,True,False,surface_unknown,33,6
park:697,osm:2332814262,osm:2332814294,224458928,3671.983967418207,,,track,,,,,,,,,,,,,,,,,,True,True,False,surface_unknown,5,1
park:698,osm:2332814294,osm:2332814358,224458955,6246.148643609526,,,track,dirt,grade3,,,,,,forestry,,,,,,,,,,True,True,True,earth_sand,3,1
park:699,osm:2332814358,osm:2351179301,551382199,10010.356497403827,,,track,dirt,grade4,,,,,,forestry,,,,,,,,,,True,True,True,earth_sand,111,1
park:700,osm:2332814466,osm:2332814468,224458870,57.885814224374286,,,track,,,,,,,,private,,,,,,,,,,True,True,True,surface_unknown,2,1
park:701,osm:2332814466,osm:2332814659,224482902,827.0913583536513,,,tertiary,gravel,,,,60,no,,yes,,,,,,,,,,True,True,False,gravel,10,1
park:702,osm:2332814606,osm:2332814704,224458821,378.0557031627842,,,track,,,,,,,,,,,,,,,,,,True,True,False,surface_unknown,11,1
park:703,osm:2332814659,osm:4626765166,224482902,473.46396288476615,,,tertiary,gravel,,,,60,no,,yes,,,,,,,,,,True,True,False,gravel,6,1
park:704,osm:2332814704,osm:2332814723,224482902,422.9214688787406,,,tertiary,gravel,,,,60,no,,yes,,,,,,,,,,True,True,False,gravel,7,1
park:705,osm:2332814704,osm:4626765180,224482902,141.10439958926273,,,tertiary,gravel,,,,60,no,,yes,,,,,,,,,,True,True,False,gravel,1,1
park:706,osm:2332814723,osm:2351160220,224458896,2051.7273685971845,,,tertiary,gravel,grade2,,,100,,,,,,,,,,,,,True,True,False,gravel,10,1
park:707,osm:2332814723,osm:2332814744,224482902,300.1590653939233,,,tertiary,gravel,,,,60,no,,yes,,,,,,,,,,True,True,False,gravel,2,1
park:708,osm:2332814744,osm:2351160459,224482902,167.42333393171785,,,tertiary,gravel,,,,60,no,,yes,,,,,,,,,,True,True,False,gravel,1,1
park:709,osm:2332814744,osm:2351160220,226259405,6146.738909165218,,,track,,grade4,,,,,,,,,,,,,,,,True,True,False,surface_unknown,343,1
park:710,osm:2332814835,osm:2351160469,224482902,1297.3777440491929,,,tertiary,gravel,,,,60,no,,yes,,,,,,,,,,True,True,False,gravel,16,1
park:711,osm:2332814835,osm:5325764098,493266776,3168.2932428773247,,,track,dirt,grade3,,,,,,forestry,,,,,,,,,,True,True,True,earth_sand,27,1
park:712,osm:2332815098,osm:5325764098,224458954,68.50485077273603,,,track,dirt,grade3,,,,,,forestry,,,,,,,,,,True,True,True,earth_sand,4,1
park:713,osm:2332815187,osm:5325764098,224458954,401.36368370341734,,,track,dirt,grade3,,,,,,forestry,,,,,,,,,,True,True,True,earth_sand,1,1
park:714,osm:2332815187,osm:2332816349,224458954,5046.276080928263,,,track,dirt,grade3,,,,,,forestry,,,,,,,,,,True,True,True,earth_sand,23,1
park:715,osm:2332815187,osm:5325761888,224474510,4.001187746363132,,,track,dirt,grade4,,,,,,forestry,,,,,,,,,,True,True,True,earth_sand,1,1
park:716,osm:2332815187,osm:2332975224,224474510,359.0942655154953,,,track,dirt,grade4,,,,,,forestry,,,,,,,,,,True,True,True,earth_sand,17,1
park:717,osm:2332815228,osm:2332975224,224474518,214.79485883937406,,,track,dirt,grade4,,,,,,forestry,,,,,,,,,,True,True,True,earth_sand,6,1
park:718,osm:2332815228,osm:2332816191,1225040885,4535.666768275285,,,tertiary,gravel,,,,60,no,,yes,,,,,,,,,,True,True,False,gravel,51,1
park:719,osm:2332815228,osm:2332975218,1225040885,197.6700036761324,,,tertiary,gravel,,,,60,no,,yes,,,,,,,,,,True,True,False,gravel,4,1
park:720,osm:2332816063,osm:2335247214,224458853,86.1636697771519,,,track,,grade3,,,,,,forestry,,,,,,,,,,True,True,True,surface_unknown,1,1
park:721,osm:2332816063,osm:2332816857,224458853,12051.421044260213,,,track,,grade3,,,,,,forestry,,,,,,,,,,True,True,True,surface_unknown,17,1
park:722,osm:2332816063,osm:2336874521,224458917,17788.165845002866,,,track,,grade3,,,,,,forestry,,yes,,,,,,,,True,True,True,surface_unknown,219,1
park:723,osm:2332816144,osm:5323219805,1225040885,16.794816429629726,,,tertiary,gravel,,,,60,no,,yes,,,,,,,,,,True,True,False,gravel,1,1
park:724,osm:2332816144,osm:2332816191,1225040885,2000.8101930923601,,,tertiary,gravel,,,,60,no,,yes,,,,,,,,,,True,True,False,gravel,33,1
park:725,osm:2332816191,osm:2332816349,224458832,247.729107119366,,,unclassified,,,,,,,,forestry,,,,,,,,,,True,True,True,surface_unknown,14,1
park:726,osm:2332816349,osm:5325761886,551467609,3.9744773400671853,,,unclassified,ground,,,,,,,forestry,,,,,,,,,,True,True,True,earth_sand,1,1
park:727,osm:2332816536,osm:6153911589,23938504,49.73044894336055,,,unclassified,ground,,,,60,,,forestry,,,,,,,,,,True,True,True,earth_sand,1,1
park:728,osm:2332816536,osm:5433773036,563906168,24.251831194188085,,,unclassified,unpaved,,,,,,roundabout,,,,,,,,,,,False,True,False,other_unpaved,4,1
park:729,osm:2332816536,osm:6153911601,563906168,16.411918097876427,,,unclassified,unpaved,,,,,,roundabout,,,,,,,,,,,True,False,False,other_unpaved,3,1
park:730,osm:2332816857,osm:6935444523,224834160,1697.2526467120113,,,unclassified,gravel,grade2,,,,,,forestry,,,,,,,,,,True,True,True,gravel,2,1
park:731,osm:2332816857,osm:6935444505,224834160,2301.585898583134,,,unclassified,gravel,grade2,,,,,,forestry,,,,,,,,,,True,True,True,gravel,2,1
park:732,osm:2332975159,osm:2332975184,224474521,164.70856126874386,,,unclassified,ground,grade5,,,,,,forestry,,,,,,,,,,True,True,True,earth_sand,2,1
park:733,osm:2332975159,osm:3794347970,376083354,2207.2156817007462,,,unclassified,ground,grade3,,,,,,,,,,,,,,,,True,True,False,earth_sand,12,1
park:734,osm:2332975159,osm:2332975204,562990336,538.4410271640994,,,track,ground,grade5,,,,,,forestry,,,,,,,,,,True,True,True,earth_sand,9,1
park:735,osm:2332975184,osm:2332975220,224474490,328.99837770012687,,,track,dirt,grade4,,,,,,forestry,,,,,,,,,,True,True,True,earth_sand,9,1
park:736,osm:2332975184,osm:2332975241,224474521,233.18839474976232,,,unclassified,ground,grade5,,,,,,forestry,,,,,,,,,,True,True,True,earth_sand,1,1
park:737,osm:2332975204,osm:2332975220,224474510,172.50530568732958,,,track,dirt,grade4,,,,,,forestry,,,,,,,,,,True,True,True,earth_sand,11,1
park:738,osm:2332975204,osm:5325761888,224474510,4.862369525238579,,,track,dirt,grade4,,,,,,forestry,,,,,,,,,,True,True,True,earth_sand,1,1
park:739,osm:2332975204,osm:2332975311,562990336,4471.303956448297,,,track,ground,grade5,,,,,,forestry,,,,,,,,,,True,True,True,earth_sand,44,1
park:740,osm:2332975218,osm:2332975224,224474510,82.71736432228475,,,track,dirt,grade4,,,,,,forestry,,,,,,,,,,True,True,True,earth_sand,5,1
park:741,osm:2332975220,osm:2332975241,224474490,292.17139423526373,,,track,dirt,grade4,,,,,,forestry,,,,,,,,,,True,True,True,earth_sand,7,1
park:742,osm:2332975220,osm:2332975228,224474510,31.90061320041833,,,track,dirt,grade4,,,,,,forestry,,,,,,,,,,True,True,True,earth_sand,2,1
park:743,osm:2332975241,osm:2332975292,224474521,2381.0067267882478,,,unclassified,ground,grade5,,,,,,forestry,,,,,,,,,,True,True,True,earth_sand,6,1
park:744,osm:2332975292,osm:2332975676,224474470,3300.226238798132,,,track,,,,,,,,,,,,,,,,,,True,True,False,surface_unknown,83,1
park:745,osm:2332975292,osm:2332975454,224474521,2579.7861073580207,,,unclassified,ground,grade5,,,,,,forestry,,,,,,,,,,True,True,True,earth_sand,34,1
park:746,osm:2332975311,osm:2332975700,224474493,2844.0485850534155,,,track,,,,,,,,forestry,,,,,,,,,,True,True,True,surface_unknown,72,1
park:747,osm:2332975311,osm:5325761887,562990336,640.5268899485848,,,track,ground,grade5,,,,,,forestry,,,,,,,,,,True,True,True,earth_sand,9,1
park:748,osm:2332975454,osm:2332975676,224474515,1299.4173421036094,,,track,,,,,,,,,,,,,,,,,,True,True,False,surface_unknown,44,1
park:749,osm:2332975454,osm:2332975757,224474521,7618.694953371566,,,unclassified,ground,grade5,,,,,,forestry,,,,,,,,,,True,True,True,earth_sand,125,1
park:750,osm:2332975676,osm:2332975701,224474470,265.28527539567085,,,track,,,,,,,,,,,,,,,,,,True,True,False,surface_unknown,19,1
park:751,osm:2332975700,osm:2332975710,224474477,37.2134027093979,,,service,,,,,,,,,,,,,,,,,,True,True,False,surface_unknown,2,1
park:752,osm:2332975700,osm:2332975702,224474493,17.560697293040896,,,track,,,,,,,,forestry,,,,,,,,,,True,True,True,surface_unknown,2,1
park:753,osm:2332975701,osm:2332975703,224474470,20.575609967748314,,,track,,,,,,,,,,,,,,,,,,True,True,False,surface_unknown,2,1
park:754,osm:2332975701,osm:2332975702,1225040880,20.176509992886892,,,track,,,,,,,,,,,,,,,,,,True,True,False,surface_unknown,3,1
park:755,osm:2332975702,osm:2332975703,224474493,17.945304550064293,,,track,,,,,,,,forestry,,,,,,,,,,True,True,True,surface_unknown,1,1
park:756,osm:2332975703,osm:2332976206,224474493,5214.552985786996,,,track,,,,,,,,forestry,,,,,,,,,,True,True,True,surface_unknown,102,1
park:757,osm:2332975710,osm:2332975710,224474477,165.0676810462966,,,service,,,,,,,,,,,,,,,,,,True,True,False,surface_unknown,18,1
park:758,osm:2332975757,osm:2332976328,224474481,8243.52082051755,,,track,dirt,grade4,,,,,,forestry,,,,,,,,,,True,True,True,earth_sand,167,1
park:759,osm:2332975757,osm:2332977080,224474521,19801.98998827136,,,unclassified,ground,grade5,,,,,,forestry,,,,,,,,,,True,True,True,earth_sand,111,1
park:760,osm:2332976181,osm:2332976192,224474474,26.43407652568242,,,unclassified,ground,,,,,,,,,,,,,,,,,True,True,False,earth_sand,3,1
park:761,osm:2332976181,osm:2332976185,562986389,25.699931357147133,,,track,ground,grade5,,,,,,forestry,,,,,,,,,,True,True,True,earth_sand,3,1
park:762,osm:2332976185,osm:2332976192,224474513,27.350188419218313,,,track,,,,,,,,,,,,,,,,,,True,True,False,surface_unknown,3,1
park:763,osm:2332976185,osm:2332976670,562986389,5515.271203132426,,,track,ground,grade5,,,,,,forestry,,,,,,,,,,True,True,True,earth_sand,217,1
park:764,osm:2332976192,osm:2332976318,224474474,559.3525177719154,,,unclassified,ground,,,,,,,,,,,,,,,,,True,True,False,earth_sand,11,1
park:765,osm:2332976206,osm:9993439726,224474493,48.85529333486857,,,track,,,,,,,,forestry,,,,,,,,,,True,True,True,surface_unknown,2,1
park:766,osm:2332976206,osm:2332976249,1225040879,87.52999921503026,,,service,ground,,,,,,,,,,,,,,,,,True,True,False,earth_sand,4,1
park:767,osm:2332976247,osm:9993439726,551563617,38.003453940977714,,,track,,,,,,,,forestry,,,,,,,,,,True,True,True,surface_unknown,1,1
park:768,osm:2332976247,osm:9993439727,551563617,62.2382100733504,,,track,,,,,,,,forestry,,,,,,,,,,True,True,True,surface_unknown,1,1
park:769,osm:2332976247,osm:2332976249,1225040878,54.18190656211826,,,service,,,,,,,,,,,,,,,,,,True,True,False,surface_unknown,1,1
park:770,osm:2332976328,osm:9993439727,551563616,384.76458763338644,,,track,,,,,,,,forestry,,,,,,,,,,True,True,True,surface_unknown,17,1
park:771,osm:2332976328,osm:2332977080,551563616,7619.177880107866,,,track,,,,,,,,forestry,,,,,,,,,,True,True,True,surface_unknown,151,1
park:772,osm:2332976582,osm:2332976670,224474521,579.9234632657812,,,unclassified,ground,grade5,,,,,,forestry,,,,,,,,,,True,True,True,earth_sand,4,1
park:773,osm:2332976670,osm:2332977080,224474521,6838.949730265378,,,unclassified,ground,grade5,,,,,,forestry,,,,,,,,,,True,True,True,earth_sand,116,1
park:774,osm:2333046336,osm:4826851669,224482899,513.5914776109718,,,unclassified,ground,,,,,,,forestry,,,,,,,,,,True,True,True,earth_sand,2,1
park:775,osm:2333046336,osm:2333046379,224482903,6996.869260535057,,,unclassified,ground,,,,,,,forestry,,,,,,,,,,True,True,True,earth_sand,2,1
park:776,osm:2333046340,osm:5418197246,224482896,70.3004302526522,,,unclassified,ground,,,,,,,forestry,,,,,,,,,,True,True,True,earth_sand,1,1
park:777,osm:2333046340,osm:4826851669,224482899,58.802368034771845,,,unclassified,ground,,,,,,,forestry,,,,,,,,,,True,True,True,earth_sand,1,1
park:778,osm:2333046347,osm:2333046350,224482897,846.4130717324502,,,unclassified,ground,,,,,,,forestry,,,,,,,,yes,,True,True,True,earth_sand,1,1
park:779,osm:2333046347,osm:2333046364,562932631,6698.546451142373,,,unclassified,ground,,,,,,,forestry,,,,,,,,,,True,True,True,earth_sand,2,1
park:780,osm:2333046348,osm:2333046476,224482914,1241.6156338602968,,,unclassified,ground,,,,,,,forestry,,,,,,,,yes,,True,True,True,earth_sand,7,1
park:781,osm:2333046350,osm:7680681007,224482898,20799.63384359062,,,unclassified,ground,,,,,,,forestry,,,,,,,,,,True,True,True,earth_sand,8,1
park:782,osm:2333046351,osm:2333046354,224482905,130.22754792027152,,,unclassified,ground,,,,,,,,,,,,,,,,,True,True,False,earth_sand,1,1
park:783,osm:2333046351,osm:2333046374,224482909,2819.01169810391,,,track,,,,,,,,,,,,,,,,,,True,True,False,surface_unknown,44,1
park:784,osm:2333046354,osm:2333046373,224482900,1742.604186022117,,,unclassified,ground,,,,,,,forestry,,,,,,,,,,True,True,True,earth_sand,1,1
park:785,osm:2333046364,osm:2333046368,562932630,403.23077050115967,,,track,ground,grade5,,,,,,forestry,,,,,,,,,,True,True,True,earth_sand,24,1
park:786,osm:2333046364,osm:2333046368,562932631,288.8177616127701,,,unclassified,ground,,,,,,,forestry,,,,,,,,,,True,True,True,earth_sand,1,1
park:787,osm:2333046368,osm:2333046376,224482904,406.17803303991565,,,unclassified,ground,,,,,,,forestry,,,,,,,,,,True,True,True,earth_sand,3,1
park:788,osm:2333046373,osm:2333046374,224482915,414.3232776295182,,,unclassified,ground,,,,,,,forestry,,,,,,,,,,True,True,True,earth_sand,1,1
park:789,osm:2333046374,osm:2333046415,224482915,3084.9740021373455,,,unclassified,ground,,,,,,,forestry,,,,,,,,,,True,True,True,earth_sand,6,1
park:790,osm:2333046376,osm:2333046401,224482912,273.14507762423415,,,unclassified,gravel,,,,,,,forestry,,,,,,,,yes,,True,True,True,gravel,4,1
park:791,osm:2333046401,osm:2333046426,224482911,258.64658271770827,,,unclassified,ground,,,,,,,forestry,,,,,,,,,,True,True,True,earth_sand,4,1
park:792,osm:2333046415,osm:2333046426,224482906,36.70802261118443,,,unclassified,ground,,,,,,,forestry,,,,,,,,yes,,True,True,True,earth_sand,3,1
park:793,osm:2333046613,osm:2333046616,173518553,1388.9643353377814,,,unclassified,ground,grade4,,,,,,forestry,,,,,,,,,,True,True,True,earth_sand,1,1
park:794,osm:2333046613,osm:2334245303,173518553,19091.26652588354,,,unclassified,ground,grade4,,,,,,forestry,,,,,,,,,,True,True,True,earth_sand,6,1
park:795,osm:2333046613,osm:2334245466,224621774,6298.234822279941,,,track,dirt,grade3,,,,,,forestry,,,,,,,,,,True,True,True,earth_sand,9,1
park:796,osm:2333046616,osm:2334245321,173518553,91.23983934499796,,,unclassified,ground,grade4,,,,,,forestry,,,,,,,,,,True,True,True,earth_sand,1,1
park:797,osm:2333046616,osm:2334245329,224621782,68.55457452835573,,,track,,,,,,,,,,,,,,,,,,True,True,False,surface_unknown,2,1
park:798,osm:2333046616,osm:5425906970,224621782,4.106620517691177,,,track,,,,,,,,,,,,,,,,,,True,True,False,surface_unknown,1,1
park:799,osm:2333046624,osm:2333046631,224482895,107.22071012801153,,,track,ground,grade4,,,,,,forestry,,,,,,,,,,True,True,True,earth_sand,11,1
park:800,osm:2333046624,osm:2333046631,224482910,48.90014761089151,,,track,ground,grade4,,,,,,forestry,,,,,,,,,,True,True,True,earth_sand,3,1
park:801,osm:2333046631,osm:2333046692,224482894,14228.33679878994,,,track,dirt,grade4,,,,,,forestry,,,,,,,,,,True,True,True,earth_sand,10,1
park:802,osm:2333046657,osm:2334298940,23950006,10487.834965746966,,,unclassified,unpaved,,,,,,,forestry,,,,,,,,,,True,True,True,other_unpaved,10,1
park:803,osm:2333046657,osm:2334245312,173518553,20856.97559806157,,,unclassified,ground,grade4,,,,,,forestry,,,,,,,,,,True,True,True,earth_sand,4,1
park:804,osm:2333046657,osm:2333046676,224482913,9892.624063647148,,,unclassified,ground,,,,,,,forestry,,,,,,,,,,True,True,True,earth_sand,11,1
park:805,osm:2333046661,osm:2333046676,224482908,476.0148275065505,,,unclassified,ground,,,,,,,forestry,,,,,,,,,,True,True,True,earth_sand,3,1
park:806,osm:2333046661,osm:2333046676,224482913,492.1971106256277,,,unclassified,ground,,,,,,,forestry,,,,,,,,,,True,True,True,earth_sand,13,1
park:807,osm:2333046692,osm:2334245826,224482894,397.0766525829143,,,track,dirt,grade4,,,,,,forestry,,,,,,,,,,True,True,True,earth_sand,3,1
park:808,osm:2333046692,osm:2334245511,224621764,8356.593443143229,,,track,dirt,grade4,,,,,,forestry,,,,,,,,,,True,True,True,earth_sand,130,1
park:809,osm:2333046692,osm:2758250020,270857376,82.35807091657536,,,track,dirt,,,,,,,,,,,,,,,,,True,True,False,earth_sand,1,1
park:810,osm:2333106533,osm:2340323775,224489032,12.542883900677715,,,track,gravel,grade3,,,,,,private,,,,,,,,,,True,True,True,gravel,1,1
park:811,osm:2333106533,osm:2340323822,225220108,59.680879582616804,,,service,gravel,,,,,,,,,,,,,,,,,True,True,False,gravel,5,1
park:812,osm:2333106533,osm:2340321346,225220157,8681.291582764345,,,track,,,,,,,,,,,,,,,,,,True,True,False,surface_unknown,17,1
park:813,osm:2333106533,osm:2340323937,225220157,177.33422668492432,,,track,,,,,,,,,,,,,,,,,,True,True,False,surface_unknown,2,1
park:814,osm:2333123276,osm:2333123290,561948929,628.1228575861919,,,service,,,,,,,,,,,,,,,,,,True,True,False,surface_unknown,36,1
park:815,osm:2333123290,osm:2333123290,224458824,105.47424640876153,,,service,,,,,,yes,,,,,,,,,,,,True,False,False,surface_unknown,11,1
park:816,osm:2333123442,osm:2333123442,561948927,67.33490786267215,,,service,,,,,,yes,,,,,,,,,,,,True,False,False,surface_unknown,12,1
park:817,osm:2333161799,osm:2333161799,224495484,55.46281486287469,,,track,,,,,,,,,,yes,,,,,,,,True,True,False,surface_unknown,13,1
park:818,osm:2333161928,osm:2333161951,224495477,68.6687317788618,,,residential,dirt,,,,,,,,,,,,,,,,,True,True,False,earth_sand,3,1
park:819,osm:2333161989,osm:2333162055,224495469,4305.491355109152,,,track,,,,,,,,forestry,,,,,,,,,,True,True,True,surface_unknown,121,1
park:820,osm:2334245303,osm:2334245312,173518553,21396.409954695755,,,unclassified,ground,grade4,,,,,,forestry,,,,,,,,,,True,True,True,earth_sand,9,1
park:821,osm:2334245303,osm:2334298840,224621785,9733.627163360272,,,track,dirt,grade3,,,,,,forestry,,,,,,,,,,True,True,True,earth_sand,2,1
park:822,osm:2334245312,osm:2334298555,224621794,6555.669913836755,,,track,dirt,grade3,,,,,,forestry,,,,,,,,,,True,True,True,earth_sand,32,1
park:823,osm:2334245321,osm:2334245329,224621799,105.6685786628072,,,track,,,,,,,,,,,,,,,,,,True,True,False,surface_unknown,7,1
park:824,osm:2334245329,osm:2334245491,224621782,6678.279707897985,,,track,,,,,,,,,,,,,,,,,,True,True,False,surface_unknown,55,1
park:825,osm:2334245466,osm:2334245482,224621774,74.70664522187845,,,track,dirt,grade3,,,,,,forestry,,,,,,,,,,True,True,True,earth_sand,1,1
park:826,osm:2334245466,osm:2334245475,224621776,86.78480895082726,,,track,,,,,,,,,,,,,,,,,,True,True,False,surface_unknown,3,1
park:827,osm:2334245475,osm:2334245482,224621782,87.17530257776913,,,track,,,,,,,,,,,,,,,,,,True,True,False,surface_unknown,8,1
park:828,osm:2334245475,osm:2758252533,224621782,2822.430490017188,,,track,,,,,,,,,,,,,,,,,,True,True,False,surface_unknown,49,1
park:829,osm:2334245482,osm:2334246175,224621774,10633.891918737827,,,track,dirt,grade3,,,,,,forestry,,,,,,,,,,True,True,True,earth_sand,5,1
park:830,osm:2334245491,osm:2334245511,224621768,187.2563023505298,,,track,,,,,,,,,,,,,,,,,,True,True,False,surface_unknown,1,1
park:831,osm:2334245491,osm:2334245517,224621782,205.17449684820548,,,track,,,,,,,,,,,,,,,,,,True,True,False,surface_unknown,10,1
park:832,osm:2334245511,osm:2334245517,224621764,125.12573370819891,,,track,dirt,grade4,,,,,,forestry,,,,,,,,,,True,True,True,earth_sand,6,1
park:833,osm:2334245517,osm:2758252533,224621782,1162.9349427381471,,,track,,,,,,,,,,,,,,,,,,True,True,False,surface_unknown,36,1
park:834,osm:2334245826,osm:2334245833,224482894,81.95179225572916,,,track,dirt,grade4,,,,,,forestry,,,,,,,,,,True,True,True,earth_sand,1,1
park:835,osm:2334245826,osm:2334245841,224621798,91.99059001614157,,,track,,,,,,,,,,,,,,,,,,True,True,False,surface_unknown,7,1
park:836,osm:2334245833,osm:2334245972,224482894,8678.229405062451,,,track,dirt,grade4,,,,,,forestry,,,,,,,,,,True,True,True,earth_sand,71,1
park:837,osm:2334245833,osm:2334245841,224621795,94.67533374534234,,,track,,,,,,,,,,,,,,,,,,True,True,False,surface_unknown,6,1
park:838,osm:2334245841,osm:2334246175,224621757,12280.742343605707,,,track,dirt,grade4,,,,,,forestry,,,,,,,,,,True,True,True,earth_sand,106,1
park:839,osm:2334245972,osm:2334246280,224482894,9138.716436436109,,,track,dirt,grade4,,,,,,forestry,,,,,,,,,,True,True,True,earth_sand,47,1
park:840,osm:2334245972,osm:2334246291,224621766,15885.65873289842,,,track,,,,,,,,,,,,,,,,,,True,True,False,surface_unknown,160,1
park:841,osm:2334246280,osm:2334246293,562931039,5203.834976081234,,,track,ground,grade5,,,,,,forestry,,,,,,,,,,True,True,True,earth_sand,10,1
park:842,osm:2334246291,osm:2334246293,562931039,82.49308049721566,,,track,ground,grade5,,,,,,forestry,,,,,,,,,,True,True,True,earth_sand,2,1
park:843,osm:2334246318,osm:2334246360,224621780,975.9556811818154,,,track,,,,,,,,,,,,,,,,,,True,True,False,surface_unknown,39,1
park:844,osm:2334246318,osm:2334246372,224621800,1328.4255038869042,,,track,gravel,,,,,,,forestry,,,,,,,,,,True,True,True,gravel,5,1
park:845,osm:2334246372,osm:2334246408,224621760,150.97949062478924,,,track,,,,,,,,,,,,,,,,,,True,True,False,surface_unknown,12,1
park:846,osm:2334246381,osm:2334246383,224621772,22.014734048097495,,,service,,,,,,,,,,,,,,,,,,True,True,False,surface_unknown,2,1
park:847,osm:2334246383,osm:2334246415,224621772,89.01531623098525,,,service,,,,,,,,,,,,,,,,,,True,True,False,surface_unknown,4,1
park:848,osm:2334246408,osm:2334246418,224621772,22.794064151783168,,,service,,,,,,,,,,,,,,,,,,True,True,False,surface_unknown,4,1
park:849,osm:2334246408,osm:2334246430,224621772,191.9636636480328,,,service,,,,,,,,,,,,,,,,,,True,True,False,surface_unknown,19,1
park:850,osm:2334246415,osm:2334246418,224621772,25.282859497045376,,,service,,,,,,,,,,,,,,,,,,True,True,False,surface_unknown,3,1
park:851,osm:2334246415,osm:2334246430,224621772,30.141114739720848,,,service,,,,,,,,,,,,,,,,,,True,True,False,surface_unknown,2,1
park:852,osm:2334246418,osm:2334246430,224621778,14.883140463364342,,,service,,,,,,,,,,,,,,,,,,True,True,False,surface_unknown,3,1
park:853,osm:2334246536,osm:2334246544,224621793,39.86667837215335,,,service,gravel,grade2,,,,,,,,yes,,,,,,,,True,True,False,gravel,5,1
park:854,osm:2334246568,osm:2334246592,224621765,61.020899789330706,,,service,,,,,,,,,,yes,,,,,,,,True,True,False,surface_unknown,5,1
park:855,osm:2334246568,osm:2334246592,224621765,81.6405288527256,,,service,,,,,,,,,,yes,,,,,,,,True,True,False,surface_unknown,10,1
park:856,osm:2334246587,osm:2334246611,224621786,1525.906750487647,,,tertiary,gravel,grade2,,,60,,,,,,,,,,,,,True,True,False,gravel,5,1
park:857,osm:2334246592,osm:2334246612,224621787,50.98148601293056,,,service,,,,,,no,,,,yes,,,,,,,,True,True,False,surface_unknown,6,1
park:858,osm:2334246592,osm:2334246613,224621790,54.09093378877474,,,service,,,,,,no,,,,yes,,,,,,,,True,True,False,surface_unknown,5,1
park:859,osm:2334246611,osm:4723880672,224621758,357.17142048633787,,,service,gravel,grade2,,,,,,,,yes,,,,,,,,True,True,False,gravel,9,1
park:860,osm:2334246612,osm:2758091638,224621786,6869.770242090239,,,tertiary,gravel,grade2,,,60,,,,,,,,,,,,,True,True,False,gravel,37,1
park:861,osm:2334246612,osm:2334246613,224621786,52.87917217496546,,,tertiary,gravel,grade2,,,60,,,,,,,,,,,,,True,True,False,gravel,1,1
park:862,osm:2334246613,osm:4616939229,224621786,11014.948756380729,,,tertiary,gravel,grade2,,,60,,,,,,,,,,,,,True,True,False,gravel,65,1
park:863,osm:2334246686,osm:2334246718,224621769,145.1750313138242,,,service,gravel,,,,,,,,,yes,,,,,,,,True,True,False,gravel,9,1
park:864,osm:2334246691,osm:4723880672,551314418,37.66006920649571,,,service,,,,,,,,,,,,,,,,,,True,True,False,surface_unknown,1,1
park:865,osm:2334246694,osm:2758087290,224621786,7995.700811588817,,,tertiary,gravel,grade2,,,60,,,,,,,,,,,,,True,True,False,gravel,57,1
park:866,osm:2334246718,osm:2334246725,551567055,26.2945537276366,,,service,gravel,,,,,yes,,,,yes,,,,,,,,True,False,False,gravel,3,1
park:867,osm:2334246718,osm:2334246744,551567055,29.51200095366326,,,service,gravel,,,,,yes,,,,yes,,,,,,,,False,True,False,gravel,4,1
park:868,osm:2334246725,osm:2334246744,224621771,300.79132282333563,,,track,,,,,,,,forestry,,,,,,,,,,True,True,True,surface_unknown,26,1
park:869,osm:2334246725,osm:2334246744,551567055,18.24127990656066,,,service,gravel,,,,,yes,,,,yes,,,,,,,,True,False,False,gravel,4,1
park:870,osm:2334246762,osm:2334246765,224621763,31.920829096045345,,,service,,,,,,,,,,yes,,,,,,,,True,True,False,surface_unknown,6,1
park:871,osm:2334246762,osm:2334246781,224621763,49.725970914789656,,,service,,,,,,,,,,yes,,,,,,,,True,True,False,surface_unknown,5,1
park:872,osm:2334246762,osm:2334246765,1225040894,436.3432530583363,,,track,,,,,,,,forestry,,,,,,,,,,True,True,True,surface_unknown,29,1
park:873,osm:2334246765,osm:2334246781,224621763,38.63228212368635,,,service,,,,,,,,,,yes,,,,,,,,True,True,False,surface_unknown,3,1
park:874,osm:2334246781,osm:2334246797,224621791,38.04514039200534,,,service,,,,,,,,,,yes,,,,,,,,True,True,False,surface_unknown,4,1
park:875,osm:2334246797,osm:4616939221,224621786,10431.81131827274,,,tertiary,gravel,grade2,,,60,,,,,,,,,,,,,True,True,False,gravel,103,1
park:876,osm:2334246842,osm:2334246889,224621781,594.6537750241127,,,track,dirt,grade3,,,,,,forestry,,,,,,,,,,True,True,True,earth_sand,28,1
park:877,osm:2334246842,osm:2758087382,224621792,1037.4473621954012,,,track,dirt,grade3,,,,,,forestry,,,,,,,,,,True,True,True,earth_sand,46,1
park:878,osm:2334246889,osm:2334246889,224621781,74.5985529434719,,,track,dirt,grade3,,,,,,forestry,,,,,,,,,,True,True,True,earth_sand,11,1
park:879,osm:2334298555,osm:2334298940,224626727,19964.116105838522,,,track,unpaved,,,,,,,,,,,,,,,,,True,True,False,other_unpaved,123,1
park:880,osm:2334298555,osm:2334298840,224626727,20325.932210101473,,,track,unpaved,,,,,,,,,,,,,,,,,True,True,False,other_unpaved,103,1
park:881,osm:2334298940,osm:259616868,23950006,5833.709997213833,,,unclassified,unpaved,,,,,,,forestry,,,,,,,,,,True,True,True,other_unpaved,6,1
park:882,osm:2334298941,osm:259616868,23950014,11868.849166585944,,,unclassified,ground,grade4,,,,,,forestry,,,,,,,,,,True,True,True,earth_sand,4,1
park:883,osm:2334298941,osm:5423484185,23950014,24666.558940873576,,,unclassified,ground,grade4,,,,,,forestry,,,,,,,,,,True,True,True,earth_sand,4,1
park:884,osm:2334298941,osm:2334298954,224626729,114.50432064720255,,,service,,,,,,,,,,,,,,,,,,True,True,False,surface_unknown,10,1
park:885,osm:2334298954,osm:2334298954,224626729,689.4368916717721,,,service,,,,,,,,,,,,,,,,,,True,True,False,surface_unknown,52,1
park:886,osm:2334299179,osm:259616795,224458836,4236.9673647956015,,,track,,,,,,,,forestry,,,,,,,,,,True,True,True,surface_unknown,30,1
park:887,osm:2334299301,osm:4804133338,23950006,2451.1123928393517,,,unclassified,unpaved,,,,,,,forestry,,,,,,,,,,True,True,True,other_unpaved,48,1
park:888,osm:2334299301,osm:259616795,23950006,10373.143648342275,,,unclassified,unpaved,,,,,,,forestry,,,,,,,,,,True,True,True,other_unpaved,56,1
park:889,osm:2334326121,osm:2334326153,224630371,374.6625057375298,,,track,,,,,,,,,,,,,,,,,,True,True,False,surface_unknown,17,1
park:890,osm:2334326153,osm:5423484358,561946642,505.7067285553859,,,tertiary,gravel,grade2,,,60,,,,,,,,,,,,,True,True,False,gravel,5,1
park:891,osm:2334326153,osm:309201200,561946642,3540.454843187292,,,tertiary,gravel,grade2,,,60,,,,,,,,,,,,,True,True,False,gravel,29,1
park:892,osm:2334326218,osm:309201176,224630367,75.67213278626588,,,service,gravel,,,,,yes,,,,,,,,,,,,True,False,False,gravel,11,1
park:893,osm:2334326218,osm:309201176,561931152,37.67535483989113,,,service,gravel,grade3,,,,yes,,,,yes,,,,,,,,False,True,False,gravel,4,1
park:894,osm:2334326218,osm:2334326224,561931152,81.52696940624293,,,service,gravel,grade3,,,,yes,,,,yes,,,,,,,,True,False,False,gravel,8,1
park:895,osm:2334326219,osm:5324337206,551314417,63.03053793053396,,,service,gravel,grade3,,,,no,,,,yes,,,,,,,,True,True,False,gravel,4,1
park:896,osm:2334326219,osm:309201176,551314417,37.71577849704366,,,service,gravel,grade3,,,,no,,,,yes,,,,,,,,True,True,False,gravel,3,1
park:897,osm:2334326219,osm:2334326224,561931157,21.008158521438425,,,service,gravel,grade3,,,,yes,,,,yes,,,,,,,,False,True,False,gravel,2,1
park:898,osm:2334326251,osm:309201200,28157047,48.6094418303963,,5930,service,gravel,grade3,,,,,,,,yes,,,,,,,,True,True,False,gravel,3,1
park:899,osm:2334326251,osm:5324337206,28157047,420.34453852267063,,5930,service,gravel,grade3,,,,,,,,yes,,,,,,,,True,True,False,gravel,17,1
park:900,osm:2334326322,osm:5423572311,562604575,933.8283044033757,,,track,,,,,,,,,,,,,,,,,,True,True,False,surface_unknown,4,1
park:901,osm:2334552081,osm:2975523331,23911053,49.49131810758801,,,unclassified,gravel,grade3,,,60,no,,,,yes,,,,,,,,True,True,False,gravel,1,1
park:902,osm:2334552081,osm:89025354,1531733158,2389.800737870079,Halali detour,,track,,grade2,,,,,,,,,,,,,,,,True,True,False,surface_unknown,6,1
park:903,osm:2334552243,osm:2336874428,224458853,1772.4396480614644,,,track,,grade3,,,,,,forestry,,,,,,,,,,True,True,True,surface_unknown,27,1
park:904,osm:2334552243,osm:2335247214,224458853,13399.711412909199,,,track,,grade3,,,,,,forestry,,,,,,,,,,True,True,True,surface_unknown,223,1
park:905,osm:2334552243,osm:2335246003,224732892,16325.436421853661,,,track,,,,,,,,forestry,,,,,,,,,,True,True,True,surface_unknown,87,1
park:906,osm:2335245848,osm:2335245940,224732892,19335.476910319005,,,track,,,,,,,,forestry,,,,,,,,,,True,True,True,surface_unknown,31,1
park:907,osm:2335245848,osm:2340324191,224732892,22865.421776899093,,,track,,,,,,,,forestry,,,,,,,,,,True,True,True,surface_unknown,4,1
park:908,osm:2335245848,osm:2339310396,224732895,13062.07067211252,,,track,unpaved,grade3,,,,,,,,,,,,,,,,True,True,False,other_unpaved,116,1
park:909,osm:2335245848,osm:2335246496,224732895,11973.746308977432,,,track,unpaved,grade3,,,,,,,,,,,,,,,,True,True,False,other_unpaved,22,1
park:910,osm:2335245940,osm:2335246003,224732892,5089.150196091269,,,track,,,,,,,,forestry,,,,,,,,,,True,True,True,surface_unknown,13,1
park:911,osm:2335245940,osm:2335247157,224732898,14150.600090821845,,,track,ground,grade4,,,,,,forestry,,,,,,,,,,True,True,True,earth_sand,5,1
park:912,osm:2335246003,osm:2339146901,224732897,10143.278999054943,,,track,dirt,grade3,,,,,,forestry,,,,,,,,,,True,True,True,earth_sand,114,1
park:913,osm:2335246496,osm:2335247157,224732893,22383.79971542977,,,unclassified,,,,,,,,,,,,,,,,,,True,True,False,surface_unknown,24,1
park:914,osm:2335246496,osm:2335246662,224732895,3077.3352919877852,,,track,unpaved,grade3,,,,,,,,,,,,,,,,True,True,False,other_unpaved,1,1
park:915,osm:2335246662,osm:2340324217,224732894,12856.170247200147,,,track,,grade4,,,,,,,,,,,,,,,,True,True,False,surface_unknown,26,1
park:916,osm:2335246662,osm:2340324664,224732895,9016.34414796191,,,track,unpaved,grade3,,,,,,,,,,,,,,,,True,True,False,other_unpaved,4,1
park:917,osm:2335247157,osm:2335247214,224732893,22115.79817079089,,,unclassified,,,,,,,,,,,,,,,,,,True,True,False,surface_unknown,117,1
park:918,osm:2335247157,osm:2340325956,224732898,21642.7986286687,,,track,ground,grade4,,,,,,forestry,,,,,,,,,,True,True,True,earth_sand,48,1
park:919,osm:2335247241,osm:2340324664,224732895,60.769334676037786,,,track,unpaved,grade3,,,,,,,,,,,,,,,,True,True,False,other_unpaved,2,1
park:920,osm:2335247241,osm:2335247453,224732896,4897.388466735119,,,track,,,,,,,,,,,,,,,,,,True,True,False,surface_unknown,47,1
park:921,osm:2335247241,osm:2340324736,224834160,8073.479845505729,,,unclassified,gravel,grade2,,,,,,forestry,,,,,,,,,,True,True,True,gravel,28,1
park:922,osm:2335247241,osm:2340324671,224834160,66.77015695050821,,,unclassified,gravel,grade2,,,,,,forestry,,,,,,,,,,True,True,True,gravel,4,1
park:923,osm:2335247453,osm:2340324736,225220126,5794.735778724494,,,track,,grade4,,,,,,,,,,,,,,,,True,True,False,surface_unknown,57,1
park:924,osm:2335247453,osm:2340325721,225220126,10759.354773585106,,,track,,grade4,,,,,,,,,,,,,,,,True,True,False,surface_unknown,177,1
park:925,osm:2336874181,osm:259187399,109557447,28.063142521074784,Rhino Drive,,unclassified,gravel,grade2,,,60,,,,,,,,,,,,,True,True,False,gravel,2,1
park:926,osm:2336874181,osm:2337091725,109557447,21753.30121407094,Rhino Drive,,unclassified,gravel,grade2,,,60,,,,,,,,,,,,,True,True,False,gravel,378,1
park:927,osm:2336874181,osm:259174868,224834156,34.255659723016606,Rhino Drive,,unclassified,gravel,,,,60,,,,,,,,,,,,,True,True,False,gravel,4,1
park:928,osm:2336874397,osm:259171822,109557447,654.3046075527442,Rhino Drive,,unclassified,gravel,grade2,,,60,,,,,,,,,,,,,True,True,False,gravel,12,1
park:929,osm:2336874397,osm:2339146891,109557447,247.24610773723154,Rhino Drive,,unclassified,gravel,grade2,,,60,,,,,,,,,,,,,True,True,False,gravel,4,1
park:930,osm:2336874397,osm:2336874428,224834158,17714.464232892013,,,track,dirt,grade5,,,,,,forestry,,,,,,,,,,True,True,True,earth_sand,19,1
park:931,osm:2336874397,osm:2339146877,224834158,662.9451078693598,,,track,dirt,grade5,,,,,,forestry,,,,,,,,,,True,True,True,earth_sand,30,1
park:932,osm:2336874408,osm:2339146877,224834158,527.6146812008021,,,track,dirt,grade5,,,,,,forestry,,,,,,,,,,True,True,True,earth_sand,27,1
park:933,osm:2336874428,osm:259174834,224458853,20278.679365432847,,,track,,grade3,,,,,,forestry,,,,,,,,,,True,True,True,surface_unknown,294,1
park:934,osm:2336874428,osm:2336874521,224834158,12430.853147760896,,,track,dirt,grade5,,,,,,forestry,,,,,,,,,,True,True,True,earth_sand,6,1
park:935,osm:2336874436,osm:259190001,26451337,382.91792982223984,,,tertiary,gravel,grade2,,,60,no,,,,,,,,,,,,True,True,False,gravel,6,1
park:936,osm:2336874436,osm:259189997,26451337,38.42327140156077,,,tertiary,gravel,grade2,,,60,no,,,,,,,,,,,,True,True,False,gravel,1,1
park:937,osm:2336874436,osm:2336874440,224834154,37.71084548886505,,,service,gravel,,,,,,,,,,,,,,,,,True,True,False,gravel,3,1
park:938,osm:2336874440,osm:259189997,23912798,34.35835394972883,,,service,gravel,grade2,,,60,no,,,,yes,,,,,,,,True,True,False,gravel,4,1
park:939,osm:2336874440,osm:259190008,23912798,175.63488574729004,,,service,gravel,grade2,,,60,no,,,,yes,,,,,,,,True,True,False,gravel,5,1
park:940,osm:2336874452,osm:977756935,551378543,3.895082456843608,,,service,unpaved,,,,,,,,,,,,,,,,,True,True,False,other_unpaved,1,1
park:941,osm:2336874452,osm:2336874452,551378543,79.43113895118671,,,service,unpaved,,,,,,,,,,,,,,,,,True,True,False,other_unpaved,17,1
park:942,osm:2336874521,osm:2336874671,224834158,14148.492738641791,,,track,dirt,grade5,,,,,,forestry,,,,,,,,,,True,True,True,earth_sand,5,1
park:943,osm:2336874671,osm:2336874698,224834158,6359.558641877661,,,track,dirt,grade5,,,,,,forestry,,,,,,,,,,True,True,True,earth_sand,3,1
park:944,osm:2336874671,osm:5323240415,551192157,10805.74006287383,,,track,,grade2,,,,,,forestry,,,,,,,,,,True,True,True,surface_unknown,170,1
park:945,osm:2336874671,osm:2336874710,551192157,4915.529668700876,,,track,,grade2,,,,,,forestry,,,,,,,,,,True,True,True,surface_unknown,32,1
park:946,osm:2336874697,osm:2336874698,224834155,48.59971258823043,,,track,,,,,,,,,,,,,,,,,,True,True,False,surface_unknown,3,1
park:947,osm:2336874697,osm:2340324752,224834160,88.86108501803959,,,unclassified,gravel,grade2,,,,,,forestry,,,,,,,,,,True,True,True,gravel,1,1
park:948,osm:2336874697,osm:2340324651,224834160,18384.7102667225,,,unclassified,gravel,grade2,,,,,,forestry,,,,,,,,,,True,True,True,gravel,6,1
park:949,osm:2336874698,osm:2340324752,224834155,43.51920915855757,,,track,,,,,,,,,,,,,,,,,,True,True,False,surface_unknown,3,1
park:950,osm:2336874710,osm:2340325624,224834160,12143.574914630686,,,unclassified,gravel,grade2,,,,,,forestry,,,,,,,,,,True,True,True,gravel,11,1
park:951,osm:2336874710,osm:2340324752,224834160,6887.781511545492,,,unclassified,gravel,grade2,,,,,,forestry,,,,,,,,,,True,True,True,gravel,5,1
park:952,osm:2337091149,osm:288565547,23910266,564.6761832751952,Halali Road,,tertiary,gravel,grade2,,,60,no,,,,,,,,,,,,True,True,False,gravel,5,1
park:953,osm:2337091149,osm:259163209,23910266,16.39530433608827,Halali Road,,tertiary,gravel,grade2,,,60,no,,,,,,,,,,,,True,True,False,gravel,1,1
park:954,osm:2337091149,osm:278852441,224860056,184.14991615916642,,,track,,,,,,,,forestry,,,,,,,,,,True,True,True,surface_unknown,10,1
park:955,osm:2337091158,osm:2337091163,1210847207,595.5531416072778,,,track,,grade2,,,,,,forestry,,,,,,,,,,True,True,True,surface_unknown,7,8
park:956,osm:2337091197,osm:259163180,418622194,236.95183395248102,,,track,,grade2,,,,,,forestry,,,,,,,,,,True,True,True,surface_unknown,3,1
park:957,osm:2337091197,osm:259162877,551190853,40.425335152232115,,,service,gravel,grade2,,,60,no,,,,,,,,,,,,True,True,False,gravel,1,1
park:958,osm:2337091197,osm:5323226065,551190853,148.7534437197522,,,service,gravel,grade2,,,60,no,,,,,,,,,,,,True,True,False,gravel,1,1
park:959,osm:2337091209,osm:259163209,224860043,314.9083476445947,,,service,,,,,,,,,,,,,,,,,,True,True,False,surface_unknown,16,1
park:960,osm:2337091209,osm:2337091253,224860053,66.36426034028048,,,service,,,,,,,,,,,,,,,,,,True,True,False,surface_unknown,4,1
park:961,osm:2337091253,osm:2337091260,224860048,100.52002806254077,,,service,,,,,,,,,private,,,,,,,,,True,True,False,surface_unknown,8,1
park:962,osm:2337091253,osm:2338986205,224860049,17.00394495738718,,,service,,,,,,,,,private,,,,,,,,,True,True,False,surface_unknown,1,1
park:963,osm:2337091257,osm:309216769,224860052,27.750189870334037,,,service,compacted,,,,,,,,,,,,,,,,,True,True,False,other_unpaved,1,1
park:964,osm:2337091257,osm:5323226065,551190853,19.185040874292877,,,service,gravel,grade2,,,60,no,,,,,,,,,,,,True,True,False,gravel,2,1
park:965,osm:2337091260,osm:2337091303,224860041,100.14431651433317,,,service,,,,,,,,,private,,,,,,,,,True,True,False,surface_unknown,11,1
park:966,osm:2337091260,osm:2337091353,224860048,158.03031902783192,,,service,,,,,,,,,private,,,,,,,,,True,True,False,surface_unknown,14,1
park:967,osm:2337091303,osm:2337091337,224860046,62.28799189414138,,,service,compacted,,,,,,,,private,,,,,,,,,True,True,False,other_unpaved,3,1
park:968,osm:2337091303,osm:309216767,224860046,37.88441077652409,,,service,compacted,,,,,,,,private,,,,,,,,,True,True,False,other_unpaved,1,1
park:969,osm:2337091303,osm:2338986205,225077550,108.32195059011741,,,track,,grade2,,,,,,,,,,,,,,,,True,True,False,surface_unknown,14,1
park:970,osm:2337091306,osm:2337091343,224860057,87.70676046628598,,,service,,,,,,,,,private,,,,,,,,,True,True,False,surface_unknown,11,1
park:971,osm:2337091337,osm:309216767,224860040,147.21877718197658,,,service,,,,,,,,,private,,,,,,,,,True,True,False,surface_unknown,11,1
park:972,osm:2337091337,osm:2337091343,224860046,5.608735650211914,,,service,compacted,,,,,,,,private,,,,,,,,,True,True,False,other_unpaved,1,1
park:973,osm:2337091343,osm:2337091353,224860046,18.434140541375097,,,service,compacted,,,,,,,,private,,,,,,,,,True,True,False,other_unpaved,1,1
park:974,osm:2337091353,osm:309216648,224860046,57.01980238958832,,,service,compacted,,,,,,,,private,,,,,,,,,True,True,False,other_unpaved,4,1
park:975,osm:2337091406,osm:259163196,23910299,804.9184294966549,,,track,,grade2,,,,,,forestry,,,,,,,,,,True,True,True,surface_unknown,20,1
park:976,osm:2337091406,osm:278852492,224860054,1755.564043770478,,,track,,grade3,,,,,,forestry,,,,,,,,,,True,True,True,surface_unknown,75,1
park:977,osm:2337091516,osm:259163681,23910337,97.52569814254362,,,track,,grade2,,,,,,forestry,,,,,,,,,,True,True,True,surface_unknown,1,1
park:978,osm:2337091516,osm:259163349,224860044,1120.3052132898458,,,track,gravel,grade2,,,,,,forestry,,,,,,,,,,True,True,True,gravel,14,1
park:979,osm:2337091516,osm:259163681,225077593,213.22585874505046,,,track,,grade3,,,,,,forestry,,,,,,,,,,True,True,True,surface_unknown,7,1
park:980,osm:2337091591,osm:259163319,23910307,625.5300194038399,,,unclassified,gravel,grade4,,,60,,,,,yes,,,,,,,,True,True,False,gravel,14,1
park:981,osm:2337091591,osm:259163339,23910307,122.48626890354146,,,unclassified,gravel,grade4,,,60,,,,,yes,,,,,,,,True,True,False,gravel,6,1
park:982,osm:2337091591,osm:2337091593,224860042,11.777657324662197,,,track,dirt,grade4,,,,,,forestry,,,,,,,,,,True,True,True,earth_sand,1,1
park:983,osm:2337091593,osm:2337091655,224860042,69.51404252373966,,,track,dirt,grade4,,,,,,forestry,,,,,,,,,,True,True,True,earth_sand,6,1
park:984,osm:2337091593,osm:2337091655,224860045,167.6966835811268,,,track,dirt,grade4,,,,,,forestry,,,,,,,,,,True,True,True,earth_sand,16,1
park:985,osm:2337091622,osm:278852492,224860055,1829.4644201011408,,,track,,grade5,,,,,,forestry,,,,,,,,,,True,True,True,surface_unknown,68,1
park:986,osm:2337091655,osm:259163339,224860042,66.33506447792294,,,track,dirt,grade4,,,,,,forestry,,,,,,,,,,True,True,True,earth_sand,6,1
park:987,osm:2337091724,osm:259163349,23910307,5276.858273658561,,,unclassified,gravel,grade4,,,60,,,,,yes,,,,,,,,True,True,False,gravel,20,1
park:988,osm:2337091724,osm:259171822,23910307,23.941589693289423,,,unclassified,gravel,grade4,,,60,,,,,yes,,,,,,,,True,True,False,gravel,2,1
park:989,osm:2337091724,osm:2337091725,224860051,19.999272162312703,,,unclassified,unpaved,,,,60,,,,,,,,,,,,,True,True,False,other_unpaved,4,1
park:990,osm:2337091725,osm:259171822,109557447,19.479772370522493,Rhino Drive,,unclassified,gravel,grade2,,,60,,,,,,,,,,,,,True,True,False,gravel,1,1
park:991,osm:2338985980,osm:2338986044,224860050,928.3493737297233,,,track,,grade5,,,,,,forestry,,,,,,,,,,True,True,True,surface_unknown,51,1
park:992,osm:2338986095,osm:2338986114,225077574,170.59804947766077,,,track,compacted,grade3,,,,,,,,,,,,,,,,True,True,False,other_unpaved,12,1
park:993,osm:2338986095,osm:2338986095,225077574,64.06404141728726,,,track,compacted,grade3,,,,,,,,,,,,,,,,True,True,False,other_unpaved,10,1
park:994,osm:2338986114,osm:2338986310,225077544,154.00676184198323,,,service,compacted,,,,,,,,private,,,,,,,,,True,True,False,other_unpaved,9,1
park:995,osm:2338986203,osm:2338986290,224860046,160.53078372040085,,,service,compacted,,,,,,,,private,,,,,,,,,True,True,False,other_unpaved,5,1
park:996,osm:2338986203,osm:309216770,224860046,31.10195407272808,,,service,compacted,,,,,,,,private,,,,,,,,,True,True,False,other_unpaved,3,1
park:997,osm:2338986203,osm:2338986282,225077595,31.504277166697474,,,service,compacted,,,,,,,,private,,,,,,,,,True,True,False,other_unpaved,4,1
park:998,osm:2338986205,osm:309216766,224860049,74.49571217885494,,,service,,,,,,,,,private,,,,,,,,,True,True,False,surface_unknown,2,1
park:999,osm:2338986244,osm:2338986277,225077567,16.179715464956942,,,service,sand,,,,,,,,,,,,,,,,,True,True,False,earth_sand,2,1
park:1000,osm:2338986244,osm:2338986244,225077567,60.16694151728032,,,service,sand,,,,,,,,,,,,,,,,,True,True,False,earth_sand,11,1
park:1001,osm:2338986277,osm:2338986301,225077567,134.38286659904514,,,service,sand,,,,,,,,,,,,,,,,,True,True,False,earth_sand,7,1
park:1002,osm:2338986277,osm:2338986388,225077587,59.396736869723625,,,service,compacted,grade2,,,,,,,,,,,,,,,,True,True,False,other_unpaved,5,1
park:1003,osm:2338986282,osm:309216770,225077582,30.542159701394482,,,service,compacted,,,,,,,,private,,,,,,,,,True,True,False,other_unpaved,3,1
park:1004,osm:2338986282,osm:2338986338,225077595,31.083670505176805,,,service,compacted,,,,,,,,private,,,,,,,,,True,True,False,other_unpaved,2,1
park:1005,osm:2338986290,osm:2338986310,224860046,37.84640719802305,,,service,compacted,,,,,,,,private,,,,,,,,,True,True,False,other_unpaved,2,1
park:1006,osm:2338986290,osm:2338986356,225077583,24.232349089337976,,,service,compacted,,,,,,,,private,,,,,,,,,True,True,False,other_unpaved,2,1
park:1007,osm:2338986301,osm:309216769,31256703,16.114855407890975,,,service,compacted,,,,,,,,,,,,,,,,,True,True,False,other_unpaved,1,1
park:1008,osm:2338986301,osm:2338986415,31256703,46.923592383427476,,,service,compacted,,,,,,,,,,,,,,,,,True,True,False,other_unpaved,2,1
park:1009,osm:2338986310,osm:2338986320,224860046,11.553227798400382,,,service,compacted,,,,,,,,private,,,,,,,,,True,True,False,other_unpaved,2,1
park:1010,osm:2338986320,osm:2338986348,224860046,86.68548224495085,,,service,compacted,,,,,,,,private,,,,,,,,,True,True,False,other_unpaved,3,1
park:1011,osm:2338986320,osm:2338986356,226245744,54.09691502814337,,,service,compacted,,,,,,,,private,,,,,,,,,True,True,False,other_unpaved,5,1
park:1012,osm:2338986338,osm:2338986476,225077545,76.71597720528274,,,service,compacted,,,,,,,,private,,,,,,,,,True,True,False,other_unpaved,6,1
park:1013,osm:2338986348,osm:309216766,224860046,109.20381061766483,,,service,compacted,,,,,,,,private,,,,,,,,,True,True,False,other_unpaved,7,1
park:1014,osm:2338986348,osm:2338986603,225077589,162.95692216590325,,,track,compacted,grade3,,,,,,,,,,,,,,,,True,True,False,other_unpaved,4,1
park:1015,osm:2338986356,osm:2338986459,226245744,75.61390499776745,,,service,compacted,,,,,,,,private,,,,,,,,,True,True,False,other_unpaved,5,1
park:1016,osm:2338986388,osm:2338986512,225077569,111.2601342117185,,,service,compacted,,,,,,,,,,,,,,,,,True,True,False,other_unpaved,11,1
park:1017,osm:2338986388,osm:2338986415,225077569,164.0052281709907,,,service,compacted,,,,,,,,,,,,,,,,,True,True,False,other_unpaved,9,1
park:1018,osm:2338986415,osm:309216265,31256703,60.741940985321556,,,service,compacted,,,,,,,,,,,,,,,,,True,True,False,other_unpaved,4,1
park:1019,osm:2338986459,osm:2338986689,225077562,176.3098457680512,,,service,compacted,,,,,,,,,,,,,,,,,True,True,False,other_unpaved,11,1
park:1020,osm:2338986459,osm:2338986485,225077581,109.41741360820518,,,service,compacted,,,,,,,,,,,,,,,,,True,True,False,other_unpaved,10,1
park:1021,osm:2338986476,osm:2338986507,225077581,46.56303504178197,,,service,compacted,,,,,,,,,,,,,,,,,True,True,False,other_unpaved,6,1
park:1022,osm:2338986476,osm:2338986485,225077581,49.03954701118457,,,service,compacted,,,,,,,,,,,,,,,,,True,True,False,other_unpaved,2,1
park:1023,osm:2338986476,osm:2338986530,226245748,37.52070647929457,,,service,compacted,,,,,,,,,,,,,,,,,True,True,False,other_unpaved,4,1
park:1024,osm:2338986485,osm:2338986689,225077565,111.75921490223384,,,service,compacted,,,,,,,,,,,,,,,,,True,True,False,other_unpaved,5,1
park:1025,osm:2338986507,osm:2338986530,225077560,15.317766655235916,,,service,compacted,,,,,,,,,,,,,,,,,True,True,False,other_unpaved,2,1
park:1026,osm:2338986507,osm:2338986646,225077581,66.89976003401584,,,service,compacted,,,,,,,,,,,,,,,,,True,True,False,other_unpaved,4,1
park:1027,osm:2338986512,osm:2338986574,370221716,66.91780560390124,,,service,compacted,,,,,,,,,,,,,,,,,True,True,False,other_unpaved,5,1
park:1028,osm:2338986512,osm:309216265,370221716,170.15605222343868,,,service,compacted,,,,,,,,,,,,,,,,,True,True,False,other_unpaved,6,1
park:1029,osm:2338986530,osm:2338986679,225077560,101.41068015928701,,,service,compacted,,,,,,,,,,,,,,,,,True,True,False,other_unpaved,6,1
park:1030,osm:2338986548,osm:309216158,225077546,12.405537626450357,,,service,compacted,,,,,,,,,,,,,,,,,True,True,False,other_unpaved,2,1
park:1031,osm:2338986548,osm:309216265,370221715,26.33841861560566,,,service,compacted,,,,,,,,,,,,,,,,,True,True,False,other_unpaved,2,1
park:1032,osm:2338986548,osm:2338986633,370221715,56.069278178926,,,service,compacted,,,,,,,,,,,,,,,,,True,True,False,other_unpaved,2,1
park:1033,osm:2338986574,osm:2338986643,225077594,32.669657340453504,,,service,compacted,,,,,,,,,,,,,,,,,True,True,False,other_unpaved,7,1
park:1034,osm:2338986574,osm:2338986591,370221716,10.815919153715566,,,service,compacted,,,,,,,,,,,,,,,,,True,True,False,other_unpaved,3,1
park:1035,osm:2338986591,osm:2338986643,225077549,28.783040584629042,,,service,compacted,,,,,,,,,,,,,,,,,True,True,False,other_unpaved,4,1
park:1036,osm:2338986591,osm:2338986665,370221716,36.069138076584515,,,service,compacted,,,,,,,,,,,,,,,,,True,True,False,other_unpaved,4,1
park:1037,osm:2338986633,osm:2338986648,225077549,175.8036626065824,,,service,compacted,,,,,,,,,,,,,,,,,True,True,False,other_unpaved,6,1
park:1038,osm:2338986633,osm:2338986734,370221715,110.05892620943044,,,service,compacted,,,,,,,,,,,,,,,,,True,True,False,other_unpaved,7,1
park:1039,osm:2338986643,osm:2338986648,225077549,4.079106629506457,,,service,compacted,,,,,,,,,,,,,,,,,True,True,False,other_unpaved,1,1
park:1040,osm:2338986645,osm:2338986681,225077546,21.253785435239646,,,service,compacted,,,,,,,,,,,,,,,,,True,True,False,other_unpaved,1,1
park:1041,osm:2338986645,osm:309216158,225077546,62.21669516939862,,,service,compacted,,,,,,,,,,,,,,,,,True,True,False,other_unpaved,6,1
park:1042,osm:2338986645,osm:309216156,225077592,17.43672914829336,,,service,compacted,,,,,,,,,,,,,,,,,True,True,False,other_unpaved,2,1
park:1043,osm:2338986645,osm:2338986646,225077592,58.55718663100553,,,service,compacted,,,,,,,,,,,,,,,,,True,True,False,other_unpaved,1,1
park:1044,osm:2338986646,osm:2338986678,225077581,9.984035778108563,,,service,compacted,,,,,,,,,,,,,,,,,True,True,False,other_unpaved,1,1
park:1045,osm:2338986648,osm:2338986665,225077590,26.62047574457467,,,service,compacted,,,,,,,,,,,,,,,,,True,True,False,other_unpaved,3,1
park:1046,osm:2338986665,osm:2338986812,370221716,114.52657210980404,,,service,compacted,,,,,,,,,,,,,,,,,True,True,False,other_unpaved,9,1
park:1047,osm:2338986678,osm:2338986679,225077562,61.001161002199424,,,service,compacted,,,,,,,,,,,,,,,,,True,True,False,other_unpaved,4,1
park:1048,osm:2338986678,osm:2338986746,225077581,57.41516138618364,,,service,compacted,,,,,,,,,,,,,,,,,True,True,False,other_unpaved,3,1
park:1049,osm:2338986679,osm:2338986733,225077560,47.30586947883589,,,service,compacted,,,,,,,,,,,,,,,,,True,True,False,other_unpaved,3,1
park:1050,osm:2338986679,osm:2338986689,225077562,31.356705277503774,,,service,compacted,,,,,,,,,,,,,,,,,True,True,False,other_unpaved,1,1
park:1051,osm:2338986681,osm:309216156,31256703,25.015034582684336,,,service,compacted,,,,,,,,,,,,,,,,,True,True,False,other_unpaved,1,1
park:1052,osm:2338986689,osm:2338986784,225077565,95.94478121021046,,,service,compacted,,,,,,,,,,,,,,,,,True,True,False,other_unpaved,7,1
park:1053,osm:2338986733,osm:2338986759,225077560,6.7053583037806685,,,service,compacted,,,,,,,,,,,,,,,,,True,True,False,other_unpaved,1,1
park:1054,osm:2338986733,osm:2338986784,225077588,22.621364985151526,,,service,compacted,,,,,,,,,,,,,,,,,True,True,False,other_unpaved,1,1
park:1055,osm:2338986734,osm:2338986812,370221715,87.52377604161269,,,service,compacted,,,,,,,,,,,,,,,,,True,True,False,other_unpaved,7,1
park:1056,osm:2338986812,osm:2338986834,370221717,68.44572849087025,,,service,compacted,,,,,,,,,,,,,,,,,True,True,False,other_unpaved,2,1
park:1057,osm:2338986834,osm:2338986845,225077591,39.57707289833955,,,service,compacted,,,,,,,,,,,,,,,,,True,True,False,other_unpaved,3,1
park:1058,osm:2338986834,osm:2338986845,225077591,70.67069200012524,,,service,compacted,,,,,,,,,,,,,,,,,True,True,False,other_unpaved,10,1
park:1059,osm:2338986839,osm:2338987001,23990301,319.150739769701,,,service,gravel,grade2,,,60,,,,,yes,,,,,,,,True,True,False,gravel,10,1
park:1060,osm:2338986839,osm:2338986839,561936273,76.78986492202837,,,service,gravel,grade2,,,60,yes,,,,yes,,,,,,,,True,False,False,gravel,13,1
park:1061,osm:2338986845,osm:2338986931,225077586,631.6767538822536,,,track,compacted,grade2,,,,,,,,,,,,,,,,True,True,False,other_unpaved,43,1
park:1062,osm:2338986949,osm:5324988600,225077579,343.07189017883036,,,service,gravel,grade2,,,,,,forestry,,,,,,,,,,True,True,True,gravel,10,1
park:1063,osm:2338986949,osm:2338986949,225077579,340.1575418241629,,,service,gravel,grade2,,,,,,forestry,,,,,,,,,,True,True,True,gravel,17,1
park:1064,osm:2338986987,osm:2338987001,225077572,288.68865470787273,,,track,,grade5,,,,,,forestry,,,,,,,,,,True,True,True,surface_unknown,23,1
park:1065,osm:2338987001,osm:259163241,23990301,351.08688667793797,,,service,gravel,grade2,,,60,,,,,yes,,,,,,,,True,True,False,gravel,13,1
park:1066,osm:2338987036,osm:259163680,23910337,23.966710264572924,,,track,,grade2,,,,,,forestry,,,,,,,,,,True,True,True,surface_unknown,3,1
park:1067,osm:2338987036,osm:259163681,23910337,117.80939965888612,,,track,,grade2,,,,,,forestry,,,,,,,,,,True,True,True,surface_unknown,3,1
park:1068,osm:2338987036,osm:259163190,225077585,14.9589644193515,,,track,,grade2,,,,,,,,,,,,,,,,True,True,False,surface_unknown,2,1
park:1069,osm:2339146295,osm:2339146303,225090857,42.737540729451396,,,unclassified,gravel,grade2,,,60,,,,,yes,,,,,,,,True,True,False,gravel,4,1
park:1070,osm:2339146295,osm:2339146296,551186510,8.31140168822642,,C38,primary,gravel,,,,60,,,,,,,,,,,,,True,True,False,gravel,1,1
park:1071,osm:2339146295,osm:2975523389,551186510,9028.30540846028,,C38,primary,gravel,,,,60,,,,,,,,,,,,,True,True,False,gravel,66,1
park:1072,osm:2339146296,osm:259154916,225090861,47.2981167385894,,,service,gravel,grade2,,,,,,,,yes,,,,,,,,True,True,False,gravel,5,1
park:1073,osm:2339146296,osm:259154319,551186510,28.542295470011922,,C38,primary,gravel,,,,60,,,,,,,,,,,,,True,True,False,gravel,1,1
park:1074,osm:2339146297,osm:259154916,23909419,34.32589094123509,,,service,gravel,grade2,,,60,,,,,yes,,,,,,,,True,True,False,gravel,3,1
park:1075,osm:2339146297,osm:259154900,551186510,595.4996926161916,,C38,primary,gravel,,,,60,,,,,,,,,,,,,True,True,False,gravel,4,1
park:1076,osm:2339146297,osm:259154319,551186510,8.528375555008024,,C38,primary,gravel,,,,60,,,,,,,,,,,,,True,True,False,gravel,1,1
park:1077,osm:2339146303,osm:2339146379,382506220,3707.3984631671165,,,unclassified,gravel,grade2,bad,,60,,,,,,,,,,,,,True,True,False,gravel,68,1
park:1078,osm:2339146303,osm:259154319,382506220,40.297094534849634,,,unclassified,gravel,grade2,bad,,60,,,,,,,,,,,,,True,True,False,gravel,3,1
park:1079,osm:2339146375,osm:259154356,225090854,48.10086744317905,,,service,compacted,grade2,,,,,,,,yes,,,,,,,,True,True,False,other_unpaved,1,1
park:1080,osm:2339146375,osm:259154278,225090854,937.8234323119232,,,service,compacted,grade2,,,,,,,,yes,,,,,,,,True,True,False,other_unpaved,19,1
park:1081,osm:2339146375,osm:2339146379,225090858,33.14330957199785,,,track,compacted,grade2,,,,,,,,yes,,,,,,,,True,True,False,other_unpaved,3,1
park:1082,osm:2339146379,osm:259154356,382506220,34.34191637550238,,,unclassified,gravel,grade2,bad,,60,,,,,,,,,,,,,True,True,False,gravel,3,1
park:1083,osm:2339146494,osm:259161921,23910177,199.7231434815975,,,service,gravel,grade2,,,,,,,,,,,,,,,,True,True,False,gravel,5,1
park:1084,osm:2339146494,osm:259161927,23910177,538.6660747934546,,,service,gravel,grade2,,,,,,,,,,,,,,,,True,True,False,gravel,30,1
park:1085,osm:2339146494,osm:259161921,225090852,240.45682664547255,,,service,gravel,grade2,,,,,,,,yes,,,,,,,,True,True,False,gravel,9,1
park:1086,osm:2339146527,osm:2339146555,23910266,614.5339933407264,Halali Road,,tertiary,gravel,grade2,,,60,no,,,,,,,,,,,,True,True,False,gravel,8,1
park:1087,osm:2339146527,osm:259172085,23910266,43.48093718310213,Halali Road,,tertiary,gravel,grade2,,,60,no,,,,,,,,,,,,True,True,False,gravel,1,1
park:1088,osm:2339146527,osm:2339146531,225090851,44.89099875782681,Eland Drive,5978,tertiary,gravel,grade3,,,60,,,,,,,,,,,,,True,True,False,gravel,3,1
park:1089,osm:2339146531,osm:259172100,23911018,1535.1996171405679,Eland Drive,5978,tertiary,gravel,grade3,,,60,,,,,,,,,,,,,True,True,False,gravel,39,1
park:1090,osm:2339146531,osm:259172085,665262089,31.29586591219163,Eland Drive,5978,tertiary,gravel,grade3,,,60,,,,,,,,,,,,,True,True,False,gravel,3,1
park:1091,osm:2339146538,osm:2339146555,225090862,328.3509924393706,,,track,,grade4,,,,,,forestry,,,,,,,,,,True,True,True,surface_unknown,8,1
park:1092,osm:2339146555,osm:2339146654,23910266,2475.230480326323,Halali Road,,tertiary,gravel,grade2,,,60,no,,,,,,,,,,,,True,True,False,gravel,42,1
park:1093,osm:2339146609,osm:259172100,23911018,32.92251317717638,Eland Drive,5978,tertiary,gravel,grade3,,,60,,,,,,,,,,,,,True,True,False,gravel,4,1
park:1094,osm:2339146609,osm:259172179,23911018,7934.438677015776,Eland Drive,5978,tertiary,gravel,grade3,,,60,,,,,,,,,,,,,True,True,False,gravel,229,1
park:1095,osm:2339146609,osm:259172100,225090853,155.46495511136683,,,service,gravel,grade2,,,,,,,,yes,,,,,,,,True,True,False,gravel,16,1
park:1096,osm:2339146654,osm:259153623,23910266,44.51329692500299,Halali Road,,tertiary,gravel,grade2,,,60,no,,,,,,,,,,,,True,True,False,gravel,2,1
park:1097,osm:2339146654,osm:2339146655,225090860,31.671559162731885,,,tertiary_link,,grade3,,,60,,,,,,,,,,,,,True,True,False,surface_unknown,5,1
park:1098,osm:2339146655,osm:259153623,23990219,47.596758289795304,,,unclassified,gravel,grade2,bad,,60,,,,,,,,,,,,,True,True,False,gravel,1,1
park:1099,osm:2339146655,osm:259154235,23990219,4042.5205419512554,,,unclassified,gravel,grade2,bad,,60,,,,,,,,,,,,,True,True,False,gravel,62,1
park:1100,osm:2339146744,osm:259163241,23910266,3639.52234235388,Halali Road,,tertiary,gravel,grade2,,,60,no,,,,,,,,,,,,True,True,False,gravel,65,1
park:1101,osm:2339146744,osm:3857089407,23910266,2360.2424130866907,Halali Road,,tertiary,gravel,grade2,,,60,no,,,,,,,,,,,,True,True,False,gravel,36,1
park:1102,osm:2339146744,osm:5423608809,562607727,80.40238808623684,,,track,,,,,,,,,,,,,,,,,,True,True,False,surface_unknown,1,1
park:1103,osm:2339146823,osm:259172179,23911018,38.06599663812756,Eland Drive,5978,tertiary,gravel,grade3,,,60,,,,,,,,,,,,,True,True,False,gravel,3,1
park:1104,osm:2339146823,osm:2339309818,23911018,11516.100033884168,Eland Drive,5978,tertiary,gravel,grade3,,,60,,,,,,,,,,,,,True,True,False,gravel,399,1
park:1105,osm:2339146823,osm:259171906,109557447,42.39773729151144,Rhino Drive,,unclassified,gravel,grade2,,,60,,,,,,,,,,,,,True,True,False,gravel,3,1
park:1106,osm:2339146877,osm:259171830,109557447,731.5420335896599,Rhino Drive,,unclassified,gravel,grade2,,,60,,,,,,,,,,,,,True,True,False,gravel,24,1
park:1107,osm:2339146877,osm:2975523400,109557447,2626.24088573719,Rhino Drive,,unclassified,gravel,grade2,,,60,,,,,,,,,,,,,True,True,False,gravel,47,1
park:1108,osm:2339146891,osm:259171830,109557447,32.083557125698555,Rhino Drive,,unclassified,gravel,grade2,,,60,,,,,,,,,,,,,True,True,False,gravel,1,1
park:1109,osm:2339146891,osm:2339146901,224732897,46.64990737406319,,,track,dirt,grade3,,,,,,forestry,,,,,,,,,,True,True,True,earth_sand,4,1
park:1110,osm:2339146901,osm:259171830,225090856,34.964938372037444,,,track,dirt,grade3,,,,,,forestry,,,,,,,,,,True,True,True,earth_sand,4,1
park:1111,osm:2339309017,osm:2339309019,225109436,20.106254483084705,,,tertiary,gravel,grade2,,,60,,,,,yes,,,,,,,,True,True,False,gravel,4,1
park:1112,osm:2339309017,osm:2975523539,225220011,1734.6066475991124,,C38,primary,gravel,,,,60,,,,,,,,,,,,,True,True,False,gravel,22,1
park:1113,osm:2339309017,osm:259148587,225220011,29.06259446962989,,C38,primary,gravel,,,,60,,,,,,,,,,,,,True,True,False,gravel,1,1
park:1114,osm:2339309019,osm:288789351,23908661,14372.109582331599,,,tertiary,gravel,grade2,,,60,,,,,yes,,,,,,,,True,True,False,gravel,374,1
park:1115,osm:2339309019,osm:259148587,665481831,31.980990786958138,,,tertiary,gravel,grade2,,,60,,,,,yes,,,,,,,,True,True,False,gravel,3,1
park:1116,osm:2339309032,osm:2339309045,225109428,98.35476836104039,,,track,,grade3,,,,,,,,,,,,,,,,True,True,False,surface_unknown,9,1
park:1117,osm:2339309032,osm:2975523422,225109428,22.809526824909064,,,track,,grade3,,,,,,,,,,,,,,,,True,True,False,surface_unknown,2,1
park:1118,osm:2339309032,osm:3252138877,225109428,37.77817957586698,,,track,,grade3,,,,,,,,,,,,,,,,True,True,False,surface_unknown,5,1
park:1119,osm:2339309039,osm:288792179,26359193,29.461088537171353,,,track,,grade3,,,,,,,,,,,,,,,,True,True,False,surface_unknown,3,1
park:1120,osm:2339309039,osm:288792168,26359193,19.137768862878975,,,track,,grade3,,,,,,,,,,,,,,,,True,True,False,surface_unknown,1,1
park:1121,osm:2339309045,osm:2975523432,551186510,293.35134449917086,,C38,primary,gravel,,,,60,,,,,,,,,,,,,True,True,False,gravel,7,1
park:1122,osm:2339309045,osm:288792104,551186510,8.424323164410975,,C38,primary,gravel,,,,60,,,,,,,,,,,,,True,True,False,gravel,1,1
park:1123,osm:2339309096,osm:2339309103,225109443,35.605331718398624,Halali Road,,tertiary,gravel,grade2,,,100,no,,,,yes,,,,,,,,True,True,False,gravel,3,1
park:1124,osm:2339309096,osm:259160411,551186510,29.1645409951242,,C38,primary,gravel,,,,60,,,,,,,,,,,,,True,True,False,gravel,2,1
park:1125,osm:2339309103,osm:259160471,23910266,312.0089130133657,Halali Road,,tertiary,gravel,grade2,,,60,no,,,,,,,,,,,,True,True,False,gravel,3,1
park:1126,osm:2339309103,osm:259160411,1343205945,26.574876391826145,Halali Road,,tertiary,gravel,grade2,,,100,no,,,,yes,,,,,,,,True,True,False,gravel,2,1
park:1127,osm:2339309108,osm:2339309108,561936279,205.5972083745013,,,service,gravel,grade2,,,,yes,,,,yes,,,,,,,,True,False,False,gravel,20,1
park:1128,osm:2339309125,osm:2339309133,551376479,28.529066972496167,,6019,unclassified,gravel,grade2,,,,,,,,yes,,,,,,,,True,True,False,gravel,8,1
park:1129,osm:2339309125,osm:2339309133,671418915,32.72102414754377,,6019,unclassified,gravel,grade2,,,,,,,,yes,,,,,,,,True,True,False,gravel,9,1
park:1130,osm:2339309133,osm:2339309137,671418916,34.22040410500293,,6019,unclassified,gravel,grade2,,,,,,,,yes,,,,,,,,True,True,False,gravel,5,1
park:1131,osm:2339309137,osm:259160471,28157312,323.1975138905181,,6019,unclassified,gravel,grade2,,,60,,,,,yes,,,,,,,,True,True,False,gravel,17,1
park:1132,osm:2339309320,osm:2339309469,225109450,1635.9298982733094,,,track,,grade3,,,,,,forestry,,,,,,,,,,True,True,True,surface_unknown,76,1
park:1133,osm:2339309469,osm:259162182,23910217,5480.744013049173,,,unclassified,gravel,grade4,,,,,,,,,,,,,,,,True,True,False,gravel,147,1
park:1134,osm:2339309469,osm:259160435,23910217,527.8511403482422,,,unclassified,gravel,grade4,,,,,,,,,,,,,,,,True,True,False,gravel,12,1
park:1135,osm:2339309528,osm:259161942,23910266,6062.5463097353695,Halali Road,,tertiary,gravel,grade2,,,60,no,,,,,,,,,,,,True,True,False,gravel,68,1
park:1136,osm:2339309528,osm:259160420,23910266,3140.768608292749,Halali Road,,tertiary,gravel,grade2,,,60,no,,,,,,,,,,,,True,True,False,gravel,42,1
park:1137,osm:2339309528,osm:3857089184,382506210,196.55793597416042,,,track,,grade4,,,,,,,,,,,,,,,,True,True,False,surface_unknown,1,1
park:1138,osm:2339309694,osm:2339309726,225109454,620.5173667306353,,,track,dirt,grade3,,,,,,forestry,,,,,,,,,,True,True,True,earth_sand,18,1
park:1139,osm:2339309694,osm:3857089222,225109454,2328.522800634822,,,track,dirt,grade3,,,,,,forestry,,,,,,,,,,True,True,True,earth_sand,49,1
park:1140,osm:2339309694,osm:5423608810,562607728,431.97342348103825,,,track,,,,,,,,,,,,,,,,,,True,True,False,surface_unknown,2,1
park:1141,osm:2339309694,osm:5423608812,562607728,298.82498200691373,,,track,,,,,,,,,,,,,,,,,,True,True,False,surface_unknown,1,1
park:1142,osm:2339309726,osm:2339310065,23911018,5505.529742303255,Eland Drive,5978,tertiary,gravel,grade3,,,60,,,,,,,,,,,,,True,True,False,gravel,158,1
park:1143,osm:2339309726,osm:5423608810,23911018,692.2807488558813,Eland Drive,5978,tertiary,gravel,grade3,,,60,,,,,,,,,,,,,True,True,False,gravel,14,1
park:1144,osm:2339309795,osm:2339309818,225109423,529.9151664217767,,,track,,grade4,,,,,,forestry,,,,,,,,,,True,True,True,surface_unknown,14,1
park:1145,osm:2339309818,osm:3857089872,23911018,6520.352580506603,Eland Drive,5978,tertiary,gravel,grade3,,,60,,,,,,,,,,,,,True,True,False,gravel,239,1
park:1146,osm:2339310065,osm:309206685,23911018,479.37517351787335,Eland Drive,5978,tertiary,gravel,grade3,,,60,,,,,,,,,,,,,True,True,False,gravel,12,1
park:1147,osm:2339310065,osm:3857089687,382506219,1743.2312315428364,,,track,,grade3,,,,,,,,,,,,,,,,True,True,False,surface_unknown,55,1
park:1148,osm:2339310156,osm:2339310329,225109432,1006.9938262531816,,,track,,grade4,,,,,,,,,,,,,,,,True,True,False,surface_unknown,36,1
park:1149,osm:2339310156,osm:309206685,225109437,29.703842950422228,,,track,,grade3,,,,,,,,,,,,,,,,True,True,False,surface_unknown,4,1
park:1150,osm:2339310156,osm:2339310158,225109442,31.196349901007267,,,track,,grade3,,,,,,,,,,,,,,,,True,True,False,surface_unknown,4,1
park:1151,osm:2339310158,osm:3857089872,23911018,55.66711012341314,Eland Drive,5978,tertiary,gravel,grade3,,,60,,,,,,,,,,,,,True,True,False,gravel,2,1
park:1152,osm:2339310158,osm:309206685,23911018,40.400721938064734,Eland Drive,5978,tertiary,gravel,grade3,,,60,,,,,,,,,,,,,True,True,False,gravel,1,1
park:1153,osm:2339310310,osm:3857089872,224732895,810.5108528141895,,,track,unpaved,grade3,,,,,,,,,,,,,,,,True,True,False,other_unpaved,2,1
park:1154,osm:2339310310,osm:2339310396,224732895,168.2144717624691,,,track,unpaved,grade3,,,,,,,,,,,,,,,,True,True,False,other_unpaved,2,1
park:1155,osm:2339310310,osm:2339310329,225109427,130.81719062804365,,,track,,grade3,,,,,,,,,,,,,,,,True,True,False,surface_unknown,6,1
park:1156,osm:2339310329,osm:2339310396,225109427,176.3835425265905,,,track,,grade3,,,,,,,,,,,,,,,,True,True,False,surface_unknown,11,1
park:1157,osm:2339310329,osm:2339310343,225109432,71.8165490141124,,,track,,grade4,,,,,,,,,,,,,,,,True,True,False,surface_unknown,6,1
park:1158,osm:2339698110,osm:288788135,23908661,34.41810389129797,,,tertiary,gravel,grade2,,,60,,,,,yes,,,,,,,,True,True,False,gravel,1,1
park:1159,osm:2339698223,osm:259148193,23908661,48.18088255721793,,,tertiary,gravel,grade2,,,60,,,,,yes,,,,,,,,True,True,False,gravel,4,1
park:1160,osm:2339698239,osm:2339698377,225220011,1764.5273245240915,,C38,primary,gravel,,,,60,,,,,,,,,,,,,True,True,False,gravel,14,1
park:1161,osm:2339698366,osm:288789350,26358876,914.7980662859563,,,service,gravel,grade2,,,,,,,,yes,,,,,,,,True,True,False,gravel,18,1
park:1162,osm:2339698366,osm:2339698366,26358876,333.11581419565096,,,service,gravel,grade2,,,,,,,,yes,,,,,,,,True,True,False,gravel,17,1
park:1163,osm:2339698377,osm:309230629,225220011,9828.267989124632,,C38,primary,gravel,,,,60,,,,,,,,,,,,,True,True,False,gravel,90,1
park:1164,osm:2339698377,osm:5423609526,562607732,330.35222761150135,,,track,,,,,,,,,,,,,,,,,,True,True,False,surface_unknown,4,1
park:1165,osm:2339698455,osm:288789351,23908661,38.330349408323386,,,tertiary,gravel,grade2,,,60,,,,,yes,,,,,,,,True,True,False,gravel,1,1
park:1166,osm:2339698455,osm:288788135,23908661,2802.1854951072255,,,tertiary,gravel,grade2,,,60,,,,,yes,,,,,,,,True,True,False,gravel,66,1
park:1167,osm:2339698455,osm:288789350,225158150,43.502283386207694,,,track,gravel,grade2,,,,,,,,yes,,,,,,,,True,True,False,gravel,4,1
park:1168,osm:2340321346,osm:2341739366,551124886,87.52163497930236,,C38,primary,asphalt,,,,60,,,,,,,,,,,,,True,True,False,paved,1,1
park:1169,osm:2340321346,osm:2340321353,551124886,58.67885987737997,,C38,primary,asphalt,,,,60,,,,,,,,,,,,,True,True,False,paved,1,1
park:1170,osm:2340321353,osm:89025846,551124886,10302.346967497586,,C38,primary,asphalt,,,,60,,,,,,,,,,,,,True,True,False,paved,18,1
park:1171,osm:2340321353,osm:2341739222,775034341,478.6582551871153,,,track,,,,,,,,forestry,,,,,,,,,,True,True,True,surface_unknown,10,1
park:1172,osm:2340321423,osm:288502741,551304677,198.40350015256405,,D3646,secondary,gravel,grade3,,,60,,,,,,,,,,,,,True,True,False,gravel,2,1
park:1173,osm:2340321423,osm:3252193254,551304677,197.41823143667654,,D3646,secondary,gravel,grade3,,,60,,,,,,,,,,,,,True,True,False,gravel,2,1
park:1174,osm:2340321423,osm:2340321481,1210830566,167.1035206986061,,,track,dirt,grade3,,,,,,forestry,,,,,,,,,,True,True,True,earth_sand,6,1
park:1175,osm:2340321511,osm:2340321514,225220123,10.363659977119235,,,service,,,,,20,,,,,,,,,,,,,True,True,False,surface_unknown,1,1
park:1176,osm:2340321525,osm:309224021,225220011,14.793268420525152,,C38,primary,gravel,,,,60,,,,,,,,,,,,,True,True,False,gravel,1,1
park:1177,osm:2340321525,osm:288502940,225220011,657.0063506165909,,C38,primary,gravel,,,,60,,,,,,,,,,,,,True,True,False,gravel,8,1
park:1178,osm:2340321525,osm:2340321899,225220156,1464.7722894990354,,,track,,grade4,,,,,,forestry,,,,,,,,,,True,True,True,surface_unknown,27,1
park:1179,osm:2340321770,osm:5417854026,28157364,28.232549129776558,,,service,gravel,grade3,,,,yes,,,,yes,,,,,,,,False,True,False,gravel,6,1
park:1180,osm:2340321770,osm:5417854026,561938111,101.99700288978505,,,service,gravel,,,,,yes,,,,,,,,,,,,False,True,False,gravel,21,1
park:1181,osm:2340321808,osm:2340321838,225220166,31.506322142696824,,,service,gravel,grade3,,,,,,,,yes,,,,,,,,True,True,False,gravel,4,1
park:1182,osm:2340321808,osm:309211051,561938110,26.981145361712812,,,service,gravel,grade3,,,,,,,,yes,,,,,,,,True,True,False,gravel,4,1
park:1183,osm:2340321838,osm:309211051,225220011,38.74878650647453,,C38,primary,gravel,,,,60,,,,,,,,,,,,,True,True,False,gravel,2,1
park:1184,osm:2340321838,osm:259146285,225220011,678.0168398517435,,C38,primary,gravel,,,,60,,,,,,,,,,,,,True,True,False,gravel,9,1
park:1185,osm:2340322041,osm:260103877,23939338,20.28342894333859,,,service,gravel,grade2,,,60,,,,,yes,,,,,,,,True,True,False,gravel,1,1
park:1186,osm:2340322079,osm:260103877,225220158,97.51655292744823,,,service,gravel,grade2,,,60,,,,,yes,,,,,,,,True,True,False,gravel,1,1
park:1187,osm:2340322079,osm:259481825,225220158,40.91814312314982,,,service,gravel,grade2,,,60,,,,,yes,,,,,,,,True,True,False,gravel,2,1
park:1188,osm:2340322079,osm:2340322161,225220167,34.30587183694997,,,service,gravel,grade2,,,60,,,,,yes,,,,,,,,True,True,False,gravel,5,1
park:1189,osm:2340322161,osm:260103869,23990205,2148.048649116945,,,service,gravel,grade3,,,60,,,,,yes,,,,,,,,True,True,False,gravel,38,1
park:1190,osm:2340322161,osm:259481825,23990205,36.424178263004,,,service,gravel,grade3,,,60,,,,,yes,,,,,,,,True,True,False,gravel,4,1
park:1191,osm:2340322164,osm:260103877,23939338,97.97756590876871,,,service,gravel,grade2,,,60,,,,,yes,,,,,,,,True,True,False,gravel,1,1
park:1192,osm:2340322809,osm:309211055,225220011,879.0358917559923,,C38,primary,gravel,,,,60,,,,,,,,,,,,,True,True,False,gravel,5,1
park:1193,osm:2340322809,osm:259146284,225220011,68.81128648388759,,C38,primary,gravel,,,,60,,,,,,,,,,,,,True,True,False,gravel,1,1
park:1194,osm:2340322809,osm:2340322862,225220161,43.678080572479985,,,track,gravel,grade2,,,,,,,,yes,,,,,,,,True,True,False,gravel,4,1
park:1195,osm:2340322862,osm:259146249,23908620,1834.2971539017224,,,track,gravel,grade2,,,,,,,,yes,,,,,,,,True,True,False,gravel,24,1
park:1196,osm:2340322862,osm:259146284,665481830,77.1015933080926,,,track,gravel,grade2,,,,,,,,yes,,,,,,,,True,True,False,gravel,3,1
park:1197,osm:2340323452,osm:5904927563,225220011,6698.233684437676,,C38,primary,gravel,,,,60,,,,,,,,,,,,,True,True,False,gravel,90,1
park:1198,osm:2340323452,osm:259159496,225220011,1848.7925033204408,,C38,primary,gravel,,,,60,,,,,,,,,,,,,True,True,False,gravel,31,1
park:1199,osm:2340323452,osm:2340323523,225220098,312.25755396710156,,,track,,,,,,,,no,,,,,,,,,,True,True,True,surface_unknown,13,1
park:1200,osm:2340323639,osm:259159496,225220011,38.714643890622604,,C38,primary,gravel,,,,60,,,,,,,,,,,,,True,True,False,gravel,1,1
park:1201,osm:2340323639,osm:259148193,225220011,3415.3325118093353,,C38,primary,gravel,,,,60,,,,,,,,,,,,,True,True,False,gravel,61,1
park:1202,osm:2340323639,osm:259159433,225220165,28.381731567648796,,,service,gravel,grade2,,,,,,,,yes,,,,,,,,True,True,False,gravel,5,1
park:1203,osm:2340323775,osm:260103869,224489032,11492.756606764231,,,track,gravel,grade3,,,,,,private,,,,,,,,,,True,True,True,gravel,66,1
park:1204,osm:2340323775,osm:2340323937,225220114,392.7309953854162,,,service,,,,,,,,,,,,,,,,,,True,True,False,surface_unknown,18,1
park:1205,osm:2340323822,osm:2340323838,225220108,35.58033864384423,,,service,gravel,,,,,,,,,,,,,,,,,True,True,False,gravel,2,1
park:1206,osm:2340323822,osm:2340323892,225220169,103.65875536890141,,,service,,,,,,,,,,,,,,,,,,True,True,False,surface_unknown,8,1
park:1207,osm:2340323838,osm:2340323892,225220108,22.091833947646272,,,service,gravel,,,,,,,,,,,,,,,,,True,True,False,gravel,3,1
park:1208,osm:2340323838,osm:2340323892,225220108,40.730592373027456,,,service,gravel,,,,,,,,,,,,,,,,,True,True,False,gravel,7,1
park:1209,osm:2340323937,osm:2340324100,225220157,2787.0262612226093,,,track,,,,,,,,,,,,,,,,,,True,True,False,surface_unknown,4,1
park:1210,osm:2340324042,osm:259159433,23909909,3336.9074047608115,,,service,gravel,grade4,,,,,,,,yes,,,,,,,,True,True,False,gravel,95,1
park:1211,osm:2340324042,osm:259159487,23909909,177.06420116098676,,,service,gravel,grade4,,,,,,,,yes,,,,,,,,True,True,False,gravel,5,1
park:1212,osm:2340324042,osm:2340324047,562607733,73.85869259467148,,,track,,,,,,,,private,,,,,,,,,,True,True,True,surface_unknown,4,1
park:1213,osm:2340324047,osm:2340324088,225220144,419.1238857051611,,,track,unpaved,grade3,,,,,,forestry,,,,,,,,,,True,True,True,other_unpaved,12,1
park:1214,osm:2340324047,osm:2340324191,225220144,22153.84356506189,,,track,unpaved,grade3,,,,,,forestry,,,,,,,,,,True,True,True,other_unpaved,60,1
park:1215,osm:2340324074,osm:259159487,225220087,102.3210820243097,,,service,unpaved,grade2,,,,yes,,,,yes,,,,,,,,False,True,False,other_unpaved,16,1
park:1216,osm:2340324074,osm:259159487,561938108,87.4510473970112,,,service,gravel,grade2,,,,yes,,,,yes,,,,,,,,False,True,False,gravel,11,1
park:1217,osm:2340324074,osm:259159487,561938108,28.934003078410697,,,service,gravel,grade2,,,,yes,,,,yes,,,,,,,,True,False,False,gravel,2,1
park:1218,osm:2340324100,osm:2340324191,224732892,20644.38508739076,,,track,,,,,,,,forestry,,,,,,,,,,True,True,True,surface_unknown,14,1
park:1219,osm:2340324100,osm:2340324195,225220157,19251.864118637273,,,track,,,,,,,,,,,,,,,,,,True,True,False,surface_unknown,5,1
park:1220,osm:2340324191,osm:2340324217,225220144,18078.712127291874,,,track,unpaved,grade3,,,,,,forestry,,,,,,,,,,True,True,True,other_unpaved,9,1
park:1221,osm:2340324195,osm:2340324217,224732894,22759.46588074766,,,track,,grade4,,,,,,,,,,,,,,,,True,True,False,surface_unknown,30,1
park:1222,osm:2340324195,osm:3859343882,225220157,11376.662395833464,,,track,,,,,,,,,,,,,,,,,,True,True,False,surface_unknown,3,1
park:1223,osm:2340324217,osm:2340324659,225220144,14817.297564648556,,,track,unpaved,grade3,,,,,,forestry,,,,,,,,,,True,True,True,other_unpaved,157,1
park:1224,osm:2340324451,osm:2340324659,224834160,3652.77639518133,,,unclassified,gravel,grade2,,,,,,forestry,,,,,,,,,,True,True,True,gravel,12,1
park:1225,osm:2340324539,osm:5433773039,224458723,17.511998825790393,,C38,primary,asphalt,,,,60,no,,yes,,,,,,,,,,True,True,False,paved,1,1
park:1226,osm:2340324539,osm:259637019,224458723,1682.0230155102397,,C38,primary,asphalt,,,,60,no,,yes,,,,,,,,,,True,True,False,paved,23,1
park:1227,osm:2340324539,osm:2340324642,224834160,295.938731509488,,,unclassified,gravel,grade2,,,,,,forestry,,,,,,,,,,True,True,True,gravel,12,1
park:1228,osm:2340324621,osm:2340324651,225220168,87.69836780765318,,,track,,,,,,,,,,,,,,,,,,True,True,False,surface_unknown,6,1
park:1229,osm:2340324630,osm:2340324633,176232289,61.658757126313716,,,unclassified,,,,,,,,,,,,,,,,,,True,True,False,surface_unknown,7,1
park:1230,osm:2340324630,osm:2340324633,176232289,37.32244608516173,,,unclassified,,,,,,,,,,,,,,,,,,True,True,False,surface_unknown,4,1
park:1231,osm:2340324642,osm:2340324651,224834160,93.8335793354338,,,unclassified,gravel,grade2,,,,,,forestry,,,,,,,,,,True,True,True,gravel,4,1
park:1232,osm:2340324659,osm:2340324736,224834160,4814.596529478159,,,unclassified,gravel,grade2,,,,,,forestry,,,,,,,,,,True,True,True,gravel,7,1
park:1233,osm:2340324664,osm:2340324671,225220164,64.77697550262599,,,unclassified,unpaved,,,,,,,,,,,,,,,,,True,True,False,other_unpaved,4,1
park:1234,osm:2340324671,osm:2340325721,224834160,12223.375715477114,,,unclassified,gravel,grade2,,,,,,forestry,,,,,,,,,,True,True,True,gravel,81,1
park:1235,osm:2340325624,osm:6935423525,224834160,2654.483932479201,,,unclassified,gravel,grade2,,,,,,forestry,,,,,,,,,,True,True,True,gravel,2,1
park:1236,osm:2340325721,osm:2340325956,224834160,16515.566766866283,,,unclassified,gravel,grade2,,,,,,forestry,,,,,,,,,,True,True,True,gravel,49,1
park:1237,osm:2340325828,osm:2340325894,225220103,210.94959762459678,,,track,,grade4,,,,,,,,,,,,,,,,True,True,False,surface_unknown,15,1
park:1238,osm:2340325872,osm:6935608285,224834160,3381.3572011074266,,,unclassified,gravel,grade2,,,,,,forestry,,,,,,,,,,True,True,True,gravel,2,1
park:1239,osm:2340325872,osm:6935444533,224834160,3488.8340180597424,,,unclassified,gravel,grade2,,,,,,forestry,,,,,,,,,,True,True,True,gravel,4,1
park:1240,osm:2340325894,osm:6935584766,224834160,3480.8621062694056,,,unclassified,gravel,grade2,,,,,,forestry,,,,,,,,,,True,True,True,gravel,48,1
park:1241,osm:2340325894,osm:6935608285,224834160,1622.4951828691205,,,unclassified,gravel,grade2,,,,,,forestry,,,,,,,,,,True,True,True,gravel,1,1
park:1242,osm:2340325956,osm:6935584766,224834160,15243.656961488228,,,unclassified,gravel,grade2,,,,,,forestry,,,,,,,,,,True,True,True,gravel,32,1
park:1243,osm:2341116856,osm:2341116863,225322559,1921.8424878600445,,,unclassified,ground,,,,,,,forestry,,,,,,,,yes,,True,True,True,earth_sand,1,1
park:1244,osm:2341116856,osm:7680681007,225322567,11760.223017447865,,,unclassified,ground,,,,,,,forestry,,,,,,,,,,True,True,True,earth_sand,5,1
park:1245,osm:2341116862,osm:2341116954,114786559,6373.492697203069,,,track,,,,,,,,forestry,,,,,,,,,,True,True,True,surface_unknown,12,1
park:1246,osm:2341116862,osm:2341736589,114786559,6756.581008981376,,,track,,,,,,,,forestry,,,,,,,,,,True,True,True,surface_unknown,3,1
park:1247,osm:2341116862,osm:2341736609,225322580,685.8093019165722,,,track,gravel,grade2,,,,,,forestry,,yes,,,,,,,,True,True,True,gravel,12,1
park:1248,osm:2341116863,osm:2341116867,225322554,2199.0507926361583,,,unclassified,ground,,,,,,,forestry,,,,,,,,,,True,True,True,earth_sand,1,1
park:1249,osm:2341116867,osm:2341116883,225322557,3522.96604086405,,,unclassified,ground,,,,,,,forestry,,,,,,,,yes,,True,True,True,earth_sand,1,1
park:1250,osm:2341116870,osm:2341116886,225322558,10021.935664570916,,,unclassified,ground,,,,,,,forestry,,,,,,,,yes,,True,True,True,earth_sand,1,1
park:1251,osm:2341116870,osm:2341116883,225322562,473.6127223198954,,,unclassified,ground,,,,,,,forestry,,,,,,,,,,True,True,True,earth_sand,1,1
park:1252,osm:2341116872,osm:2341116914,225322552,423.8162516683257,,,service,,,,,,,,,,,,,,,,,,True,True,False,surface_unknown,10,1
park:1253,osm:2341116872,osm:2341116962,225322552,110.8471153822298,,,service,,,,,,,,,,,,,,,,,,True,True,False,surface_unknown,8,1
park:1254,osm:2341116872,osm:2341116939,225322571,56.447788748283514,,,service,,,,,,,,,,,,,,,,,,True,True,False,surface_unknown,7,1
park:1255,osm:2341116881,osm:2341116887,225322560,1028.9671699371474,,,unclassified,ground,,,,,,,forestry,,,,,,,,yes,,True,True,True,earth_sand,1,1
park:1256,osm:2341116881,osm:2341116886,225322561,358.22619992890816,,,unclassified,ground,,,,,,,forestry,,,,,,,,,,True,True,True,earth_sand,1,1
park:1257,osm:2341116882,osm:2341116954,114786559,5274.956558011653,,,track,,,,,,,,forestry,,,,,,,,,,True,True,True,surface_unknown,20,1
park:1258,osm:2341116882,osm:2341116892,225322563,2263.927276549202,,,unclassified,ground,,,,,,,forestry,,,,,,,,yes,,True,True,True,earth_sand,1,1
park:1259,osm:2341116887,osm:2341116892,225322555,326.37145267894755,,,unclassified,ground,,,,,,,forestry,,,,,,,,,,True,True,True,earth_sand,1,1
park:1260,osm:2341116901,osm:2341116914,551304677,11.751171902161001,,D3646,secondary,gravel,grade3,,,60,,,,,,,,,,,,,True,True,False,gravel,1,1
park:1261,osm:2341116901,osm:5418157935,1053590799,6.441248128248525,,D3646,secondary,gravel,grade3,,,60,,,,,,,,,,,,,True,True,False,gravel,1,1
park:1262,osm:2341116914,osm:2341116944,551304677,48.57246332638586,,D3646,secondary,gravel,grade3,,,60,,,,,,,,,,,,,True,True,False,gravel,2,1
park:1263,osm:2341116944,osm:2341116954,551304677,18.75830894856006,,D3646,secondary,gravel,grade3,,,60,,,,,,,,,,,,,True,True,False,gravel,1,1
park:1264,osm:2341116954,osm:259145781,551304677,3860.5089094641535,,D3646,secondary,gravel,grade3,,,60,,,,,,,,,,,,,True,True,False,gravel,6,1
park:1265,osm:2341117067,osm:259145778,23908558,55.249751441956974,,,unclassified,gravel,grade2,,,60,,,,,yes,,,,,,,,True,True,False,gravel,3,1
park:1266,osm:2341117067,osm:2341117166,23908558,6673.023033568261,,,unclassified,gravel,grade2,,,60,,,,,yes,,,,,,,,True,True,False,gravel,109,1
park:1267,osm:2341117166,osm:259145915,23908558,70.17688989856566,,,unclassified,gravel,grade2,,,60,,,,,yes,,,,,,,,True,True,False,gravel,4,1
park:1268,osm:2341117166,osm:2341117176,225322568,107.29912959019143,,,unclassified,unpaved,,,,,,,,,,,,,,,,,True,True,False,other_unpaved,4,1
park:1269,osm:2341117176,osm:259145915,551304677,56.91189312690878,,D3646,secondary,gravel,grade3,,,60,,,,,,,,,,,,,True,True,False,gravel,1,1
park:1270,osm:2341117176,osm:309211208,551304677,262.8599126353291,,D3646,secondary,gravel,grade3,,,60,,,,,,,,,,,,,True,True,False,gravel,4,1
park:1271,osm:2341117204,osm:2341117207,225322565,22.809160803358004,,,service,gravel,grade2,,,,,,,,,,,,,,,,True,True,False,gravel,3,1
park:1272,osm:2341117204,osm:309211208,551304677,25.71168516415528,,D3646,secondary,gravel,grade3,,,60,,,,,,,,,,,,,True,True,False,gravel,1,1
park:1273,osm:2341117204,osm:2341117223,551304677,181.56516099471807,,D3646,secondary,gravel,grade3,,,60,,,,,,,,,,,,,True,True,False,gravel,1,1
park:1274,osm:2341117207,osm:309211208,28157161,32.61623764914693,,,service,gravel,grade2,,,,,,,,,,,,,,,,True,True,False,gravel,1,1
park:1275,osm:2341117207,osm:2341117213,28157161,80.64173613454311,,,service,gravel,grade2,,,,,,,,,,,,,,,,True,True,False,gravel,4,1
park:1276,osm:2341117213,osm:5323186694,551635400,34.46765833787876,,,unclassified,gravel,grade2,,,,,,,,,,,,,,,,True,True,False,gravel,3,1
park:1277,osm:2341117223,osm:259485760,225322545,177.48476872458127,,,track,gravel,grade2,,,,,,,,yes,,,,,,,,True,True,False,gravel,10,1
park:1278,osm:2341117223,osm:2341737024,551304677,14.845707367733237,,D3646,secondary,gravel,grade3,,,60,,,,,,,,,,,,,True,True,False,gravel,1,1
park:1279,osm:2341117249,osm:259145915,225322566,959.8443222023799,,,track,unpaved,,,,,,,,,,,,,,,,,True,True,False,other_unpaved,39,1
park:1280,osm:2341117338,osm:5324964722,551373730,41.634659617396494,,,unclassified,ground,,,,60,,,customers,,,,,,,,,,True,True,False,earth_sand,1,1
park:1281,osm:2341117338,osm:2341117345,551373731,58.69910141498572,,,unclassified,ground,grade3,very_bad,,60,,,,,,,,,,,,,True,True,False,earth_sand,2,1
park:1282,osm:2341117338,osm:2341737603,551373731,3954.7587078972283,,,unclassified,ground,grade3,very_bad,,60,,,,,,,,,,,,,True,True,False,earth_sand,105,1
park:1283,osm:2341117345,osm:5324964722,23939836,39.89820174042217,,,tertiary,gravel,grade2,,,60,,,,,yes,,,,,,,,True,True,False,gravel,1,1
park:1284,osm:2341117345,osm:2341737683,23939836,1700.2318534770047,,,tertiary,gravel,grade2,,,60,,,,,yes,,,,,,,,True,True,False,gravel,26,1
park:1285,osm:2341736587,osm:2341736589,114786559,33.658399964040925,,,track,,,,,,,,forestry,,,,,,,,,,True,True,True,surface_unknown,1,1
park:1286,osm:2341736587,osm:2341736665,114786559,21334.29618058856,,,track,,,,,,,,forestry,,,,,,,,,,True,True,True,surface_unknown,6,1
park:1287,osm:2341736587,osm:2341736599,225393773,25.93016579107033,,,track,ground,grade5,,,,,,,,,,,,,,,,True,True,False,earth_sand,4,1
park:1288,osm:2341736589,osm:2341736599,225393745,32.956564970936874,,,track,ground,grade5,,,,,,forestry,,,,,,,,,,True,True,True,earth_sand,3,1
park:1289,osm:2341736599,osm:2341736619,225393745,1007.1922779740319,,,track,ground,grade5,,,,,,forestry,,,,,,,,,,True,True,True,earth_sand,2,1
park:1290,osm:2341736609,osm:2341737024,225322580,5943.137602010773,,,track,gravel,grade2,,,,,,forestry,,yes,,,,,,,,True,True,True,gravel,69,1
park:1291,osm:2341736609,osm:2341736619,225393783,7449.074039197285,,,track,,grade4,,,,,,,,,,,,,,,,True,True,False,surface_unknown,9,1
park:1292,osm:2341736619,osm:2341737600,225393745,12813.55107331633,,,track,ground,grade5,,,,,,forestry,,,,,,,,,,True,True,True,earth_sand,10,1
park:1293,osm:2341736619,osm:2341736659,225393783,16852.149458593045,,,track,,grade4,,,,,,,,,,,,,,,,True,True,False,surface_unknown,16,1
park:1294,osm:2341736659,osm:2341736972,225393730,3899.429509253711,,,track,,grade4,,,,,,,,,,,,,,,,True,True,False,surface_unknown,100,1
park:1295,osm:2341736659,osm:2341736727,225393783,3692.038526990609,,,track,,grade4,,,,,,,,,,,,,,,,True,True,False,surface_unknown,59,1
park:1296,osm:2341736665,osm:2341736678,114786559,27.524192740961713,,,track,,,,,,,,forestry,,,,,,,,,,True,True,True,surface_unknown,1,1
park:1297,osm:2341736665,osm:2341736696,225393762,23.35448343058687,,,track,ground,grade5,,,,,,forestry,,,,,,,,,,True,True,True,earth_sand,3,1
park:1298,osm:2341736678,osm:2341737048,114786559,11181.312799526633,,,track,,,,,,,,forestry,,,,,,,,,,True,True,True,surface_unknown,13,1
park:1299,osm:2341736678,osm:2341736696,225393771,26.996489177025754,,,track,,,,,,,,forestry,,,,,,,,,,True,True,True,surface_unknown,3,1
park:1300,osm:2341736696,osm:2341736727,225393771,39.26954070652488,,,track,,,,,,,,forestry,,,,,,,,,,True,True,True,surface_unknown,2,1
park:1301,osm:2341736727,osm:2341736972,225393771,4295.895582556968,,,track,,,,,,,,forestry,,,,,,,,,,True,True,True,surface_unknown,17,1
park:1302,osm:2341736972,osm:2341737510,225393771,9006.751037770984,,,track,,,,,,,,forestry,,,,,,,,,,True,True,True,surface_unknown,16,1
park:1303,osm:2341737024,osm:259485757,551304677,106.32107800974964,,D3646,secondary,gravel,grade3,,,60,,,,,,,,,,,,,True,True,False,gravel,1,1
park:1304,osm:2341737048,osm:2341737559,114786559,6258.998701011672,,,track,,,,,,,,forestry,,,,,,,,,,True,True,True,surface_unknown,17,1
park:1305,osm:2341737048,osm:2341737340,225393734,3029.654120910501,,,track,,grade4,,,,,,,,,,,,,,,,True,True,False,surface_unknown,137,1
park:1306,osm:2341737184,osm:2341737340,225393744,339.4615873620925,,,track,,,,,,,,,,,,,,,,,,True,True,False,surface_unknown,7,1
park:1307,osm:2341737340,osm:2341737541,225393744,3909.598572598562,,,track,,,,,,,,,,,,,,,,,,True,True,False,surface_unknown,13,1
park:1308,osm:2341737510,osm:2341737519,225393758,20.035102527559154,,,unclassified,unpaved,,,,,,,,,,,,,,,,,True,True,False,other_unpaved,3,1
park:1309,osm:2341737510,osm:2341737518,225393771,23.02303176345823,,,track,,,,,,,,forestry,,,,,,,,,,True,True,True,surface_unknown,3,1
park:1310,osm:2341737518,osm:2341737519,114786559,22.69838478117729,,,track,,,,,,,,forestry,,,,,,,,,,True,True,True,surface_unknown,1,1
park:1311,osm:2341737518,osm:2341737521,114786559,4.9066565909495035,,,track,,,,,,,,forestry,,,,,,,,,,True,True,True,surface_unknown,1,1
park:1312,osm:2341737519,osm:2341737541,114786559,8270.717412914035,,,track,,,,,,,,forestry,,,,,,,,,,True,True,True,surface_unknown,2,1
park:1313,osm:2341737521,osm:2341737533,114786559,21.432387805516125,,,track,,,,,,,,forestry,,,,,,,,,,True,True,True,surface_unknown,2,1
park:1314,osm:2341737521,osm:2341737526,225393757,24.526660741026767,,,unclassified,unpaved,,,,,,,,,,,,,,,,,True,True,False,other_unpaved,3,1
park:1315,osm:2341737526,osm:2341737614,225393737,14361.314466870363,,,track,,,,,,,,forestry,,,,,,,,,,True,True,True,surface_unknown,6,1
park:1316,osm:2341737526,osm:2341737533,225393737,25.95324087678467,,,track,,,,,,,,forestry,,,,,,,,,,True,True,True,surface_unknown,4,1
park:1317,osm:2341737533,osm:2341739069,114786559,11494.509535444278,,,track,,,,,,,,forestry,,,,,,,,,,True,True,True,surface_unknown,4,1
park:1318,osm:2341737541,osm:2341737559,114786559,3229.4072546452458,,,track,,,,,,,,forestry,,,,,,,,,,True,True,True,surface_unknown,14,1
park:1319,osm:2341737559,osm:8041651596,225393736,239.17163114283173,,,track,,,,,,,,,,,,,,,,,,True,True,False,surface_unknown,18,1
park:1320,osm:2341737600,osm:2341737605,225393745,11.767158973724662,,,track,ground,grade5,,,,,,forestry,,,,,,,,,,True,True,True,earth_sand,1,1
park:1321,osm:2341737600,osm:2341737616,225393776,66.28430784540011,,,unclassified,unpaved,,,,,,,,,,,,,,,,,True,True,False,other_unpaved,4,1
park:1322,osm:2341737603,osm:2341737806,1223284079,2147.350543332041,,,unclassified,ground,grade3,very_bad,,60,,,,,,,,,,,,,True,True,False,earth_sand,40,1
park:1323,osm:2341737605,osm:2341737615,225393745,35.91358643573486,,,track,ground,grade5,,,,,,forestry,,,,,,,,,,True,True,True,earth_sand,1,1
park:1324,osm:2341737605,osm:2341737614,225393768,44.46034338816802,,,unclassified,unpaved,,,,,,,,,,,,,,,,,True,True,False,other_unpaved,3,1
park:1325,osm:2341737614,osm:2341737615,225393737,22.94705627539163,,,track,,,,,,,,forestry,,,,,,,,,,True,True,True,surface_unknown,1,1
park:1326,osm:2341737615,osm:2341737616,225393737,46.00504533704772,,,track,,,,,,,,forestry,,,,,,,,,,True,True,True,surface_unknown,1,1
park:1327,osm:2341737615,osm:259146025,225393745,5837.433815878901,,,track,ground,grade5,,,,,,forestry,,,,,,,,,,True,True,True,earth_sand,7,1
park:1328,osm:2341737616,osm:259146012,225393737,3477.4450019884416,,,track,,,,,,,,forestry,,,,,,,,,,True,True,True,surface_unknown,5,1
park:1329,osm:2341737681,osm:2341737706,225393735,87.18831640186946,,,track,,,,,,,,,,,,,,,,,,True,True,False,surface_unknown,5,1
park:1330,osm:2341737681,osm:2341737681,225393735,55.66200534658512,,,track,,,,,,,,,,,,,,,,,,True,True,False,surface_unknown,8,1
park:1331,osm:2341737683,osm:2341737691,23939836,29.239275063744707,,,tertiary,gravel,grade2,,,60,,,,,yes,,,,,,,,True,True,False,gravel,1,1
park:1332,osm:2341737683,osm:2341737695,225393766,40.525113513461704,,,track,,,,,,,,,,,,,,,,,,True,True,False,surface_unknown,3,1
park:1333,osm:2341737691,osm:309185323,23939836,10611.299063457695,,,tertiary,gravel,grade2,,,60,,,,,yes,,,,,,,,True,True,False,gravel,157,1
park:1334,osm:2341737691,osm:2341737695,225393777,35.707276284353966,,,track,,,,,,,,,,,,,,,,,,True,True,False,surface_unknown,4,1
park:1335,osm:2341737695,osm:2341737705,225393731,35.80876281616979,,,track,,,,,,,,,,,,,,,,,,True,True,False,surface_unknown,2,1
park:1336,osm:2341737705,osm:2341737706,225393731,54.62143314910699,,,track,,,,,,,,,,,,,,,,,,True,True,False,surface_unknown,8,1
park:1337,osm:2341737705,osm:2341737706,225393735,12.232895520633381,,,track,,,,,,,,,,,,,,,,,,True,True,False,surface_unknown,2,1
park:1338,osm:2341737806,osm:2341738301,1222926769,5232.208490804121,,,unclassified,ground,grade3,very_bad,,60,,,,,,,,,,,,,True,True,False,earth_sand,178,1
park:1339,osm:2341738301,osm:2341738327,225393782,479.0442224505465,,,track,ground,grade2,,,,,,,,yes,,,,,,,,True,True,False,earth_sand,10,1
park:1340,osm:2341738301,osm:7685295709,1222926769,1506.3543739476306,,,unclassified,ground,grade3,very_bad,,60,,,,,,,,,,,,,True,True,False,earth_sand,19,1
park:1341,osm:2341738327,osm:7685295709,225393774,1151.1121354456805,,,track,ground,grade2,,,,,,,,,,,,,,,,True,True,False,earth_sand,32,1
park:1342,osm:2341738327,osm:2341738361,225393782,1317.9404032649584,,,track,ground,grade2,,,,,,,,yes,,,,,,,,True,True,False,earth_sand,69,1
park:1343,osm:2341738605,osm:2341738687,551373733,90.45630406638823,,,track,,grade2,,,,,,private,,,,,,,,,,True,True,True,surface_unknown,10,1
park:1344,osm:2341738686,osm:2341738687,1222926769,13.018636199178436,,,unclassified,ground,grade3,very_bad,,60,,,,,,,,,,,,,True,True,False,earth_sand,4,1
park:1345,osm:2341738686,osm:2341738723,1222926769,30.8072725618874,,,unclassified,ground,grade3,very_bad,,60,,,,,,,,,,,,,True,True,False,earth_sand,8,1
park:1346,osm:2341738687,osm:2341738726,1222926769,29.586674909640216,,,unclassified,ground,grade3,very_bad,,60,,,,,,,,,,,,,True,True,False,earth_sand,5,1
park:1347,osm:2341738723,osm:2341738726,1222926769,15.277607104022465,,,unclassified,ground,grade3,very_bad,,60,,,,,,,,,,,,,True,True,False,earth_sand,1,1
park:1348,osm:2341738726,osm:2341738759,1222926769,47.99646985391482,,,unclassified,ground,grade3,very_bad,,60,,,,,,,,,,,,,True,True,False,earth_sand,6,1
park:1349,osm:2341738759,osm:2341738800,370203503,62.97439954594314,,,service,,grade2,,,,,,,,,,,,,,,,True,True,False,surface_unknown,6,1
park:1350,osm:2341738759,osm:7685295709,1222926769,431.3898759576606,,,unclassified,ground,grade3,very_bad,,60,,,,,,,,,,,,,True,True,False,earth_sand,9,1
park:1351,osm:2341738800,osm:2341738815,225393764,16.177812291826378,,,residential,,grade2,,,,,,private,,,,,,,,,,True,True,True,surface_unknown,2,1
park:1352,osm:2341738800,osm:2341738813,370203503,38.50798683982846,,,service,,grade2,,,,,,,,,,,,,,,,True,True,False,surface_unknown,5,1
park:1353,osm:2341738813,osm:2341738815,225393772,238.31918985012047,,,residential,,grade2,,,,,,private,,,,,,,,,,True,True,True,surface_unknown,34,1
park:1354,osm:2341739069,osm:2341739090,114786559,3226.2311420175083,,,track,,,,,,,,forestry,,,,,,,,,,True,True,True,surface_unknown,9,1
park:1355,osm:2341739069,osm:259483264,315069884,1993.3563194320984,,,track,,,,,,,,forestry,,,,,,,,,,True,True,True,surface_unknown,17,1
park:1356,osm:2341739090,osm:2341739092,775034342,937.4538977000127,,,track,,,,,,,,forestry,,,,,,,,,,True,True,True,surface_unknown,1,1
park:1357,osm:2341739092,osm:8042263898,775034341,4934.235902597597,,,track,,,,,,,,forestry,,,,,,,,,,True,True,True,surface_unknown,15,1
park:1358,osm:2341739222,osm:8042263896,225393784,40.7527415220694,,,track,,,,,,,,,,,,,,,,,,True,True,False,surface_unknown,4,1
park:1359,osm:2341739222,osm:8042263898,775034341,23.013509965252165,,,track,,,,,,,,forestry,,,,,,,,,,True,True,True,surface_unknown,1,1
park:1360,osm:2341739226,osm:8042263896,225393784,179.10848301634596,,,track,,,,,,,,,,,,,,,,,,True,True,False,surface_unknown,5,1
park:1361,osm:2341739243,osm:2341739256,225393779,18.694107121607495,,,track,,,,,,,,,,,,,,,,,,True,True,False,surface_unknown,1,1
park:1362,osm:2341739254,osm:2341739317,173982458,195.36159209804194,,,track,,,,,,,,,,,,,,,,,,True,True,False,surface_unknown,17,1
park:1363,osm:2341739256,osm:2341739300,225393779,47.80851728185769,,,track,,,,,,,,,,,,,,,,,,True,True,False,surface_unknown,3,1
park:1364,osm:2341739256,osm:8042226458,863310575,24.061768978312706,,,track,,,,,,,,,,,,,,,,,,True,True,False,surface_unknown,1,1
park:1365,osm:2341739259,osm:2341739313,225393780,66.47711819565055,,,track,,,,,,,,,,,,,,,,,,True,True,False,surface_unknown,5,1
park:1366,osm:2341739300,osm:2341739320,225393763,15.687396472918914,,,track,,,,,,,,,,,,,,,,,,True,True,False,surface_unknown,3,1
park:1367,osm:2341739300,osm:2341739330,225393779,27.700611201247785,,,track,,,,,,,,,,,,,,,,,,True,True,False,surface_unknown,1,1
park:1368,osm:2341739303,osm:2341739317,225393770,26.88161009565109,,,track,,,,,,,,,,,,,,,,,,True,True,False,surface_unknown,3,1
park:1369,osm:2341739313,osm:2341739317,173982458,45.514978991614434,,,track,,,,,,,,,,,,,,,,,,True,True,False,surface_unknown,4,1
park:1370,osm:2341739313,osm:2341739320,173982458,8.15985714432737,,,track,,,,,,,,,,,,,,,,,,True,True,False,surface_unknown,1,1
park:1371,osm:2341739320,osm:2341739330,173982458,20.03428341149022,,,track,,,,,,,,,,,,,,,,,,True,True,False,surface_unknown,2,1
park:1372,osm:2341739366,osm:8042226457,225393775,55.86881823521791,,,track,,,,,,,,,,,,,,,,,,True,True,False,surface_unknown,5,1
park:1373,osm:2343133846,osm:2343133852,225543998,25.333821874936433,,,service,unpaved,,,,,,,,,yes,,,,,,,,True,True,False,other_unpaved,4,1
park:1374,osm:2343133846,osm:309185323,551304677,2930.6110553945455,,D3646,secondary,gravel,grade3,,,60,,,,,,,,,,,,,True,True,False,gravel,2,1
park:1375,osm:2343133846,osm:309209803,551304677,28.83611562277697,,D3646,secondary,gravel,grade3,,,60,,,,,,,,,,,,,True,True,False,gravel,1,1
park:1376,osm:2343133852,osm:309209803,28156813,37.33327910472458,,,service,unpaved,,,,,,,,,yes,,,,,,,,True,True,False,other_unpaved,1,1
park:1377,osm:2343133852,osm:309209807,28156813,302.91126081253725,,,service,unpaved,,,,,,,,,yes,,,,,,,,True,True,False,other_unpaved,6,1
park:1378,osm:2343134099,osm:2343134108,225543999,28.917637159963174,,,unclassified,gravel,grade2,,,60,,,,,,,,,,,,,True,True,False,gravel,4,1
park:1379,osm:2343134099,osm:309209803,551304677,6638.056228612212,,D3646,secondary,gravel,grade3,,,60,,,,,,,,,,,,,True,True,False,gravel,9,1
park:1380,osm:2343134099,osm:259146055,551304677,43.50107172688323,,D3646,secondary,gravel,grade3,,,60,,,,,,,,,,,,,True,True,False,gravel,1,1
park:1381,osm:2343134108,osm:2343134704,173914359,8255.807657725356,,,unclassified,gravel,grade2,,,60,,,,,yes,,,,,,,,True,True,False,gravel,169,1
park:1382,osm:2343134108,osm:259146055,173914359,40.8137159028441,,,unclassified,gravel,grade2,,,60,,,,,yes,,,,,,,,True,True,False,gravel,1,1
park:1383,osm:2343134223,osm:2343134264,23939514,162.07445318302177,,,service,gravel,grade2,,,,,,,,yes,,,,,,,,True,True,False,gravel,18,1
park:1384,osm:2343134223,osm:259483538,23939514,73.89950370159788,,,service,gravel,grade2,,,,,,,,yes,,,,,,,,True,True,False,gravel,9,1
park:1385,osm:2343134223,osm:2343134264,225543997,28.667659678443197,,,service,gravel,grade2,,,,,,,,yes,,,,,,,,True,True,False,gravel,3,1
park:1386,osm:2343134264,osm:259483538,23939514,45.69565622310162,,,service,gravel,grade2,,,,,,,,yes,,,,,,,,True,True,False,gravel,5,1
park:1387,osm:2343134588,osm:259483464,225544001,38.77795958579564,,,track,,grade2,,,,,,,,,,,,,,,,True,True,False,surface_unknown,4,1
park:1388,osm:2343134588,osm:259483521,551304677,700.9030199337366,,D3646,secondary,gravel,grade3,,,60,,,,,,,,,,,,,True,True,False,gravel,2,1
park:1389,osm:2343134588,osm:259483463,551304677,48.832286288108,,D3646,secondary,gravel,grade3,,,60,,,,,,,,,,,,,True,True,False,gravel,1,1
park:1390,osm:2343134673,osm:2343134704,225544000,30.41725225584036,,,unclassified,gravel,grade3,,,60,,,,,,,,,,,,,True,True,False,gravel,4,1
park:1391,osm:2343134673,osm:259483463,551304677,588.8541398837816,,D3646,secondary,gravel,grade3,,,60,,,,,,,,,,,,,True,True,False,gravel,10,1
park:1392,osm:2343134673,osm:259146096,551304677,37.73822159949649,,D3646,secondary,gravel,grade3,,,60,,,,,,,,,,,,,True,True,False,gravel,1,1
park:1393,osm:2343134704,osm:259146096,173914359,35.2962027639709,,,unclassified,gravel,grade2,,,60,,,,,yes,,,,,,,,True,True,False,gravel,3,1
park:1394,osm:2351057877,osm:309216770,224860046,44.9820239448195,,,service,compacted,,,,,,,,private,,,,,,,,,True,True,False,other_unpaved,4,1
park:1395,osm:2351057877,osm:2351057882,226245746,62.8885081066282,,,service,compacted,,,,,,,,,,,,,,,,,True,True,False,other_unpaved,7,1
park:1396,osm:2351057877,osm:2351057882,226245746,60.32238882102895,,,service,compacted,,,,,,,,,,,,,,,,,True,True,False,other_unpaved,6,1
park:1397,osm:2351057882,osm:309216769,226245746,11.547919808637488,,,service,compacted,,,,,,,,,,,,,,,,,True,True,False,other_unpaved,1,1
park:1398,osm:2351159682,osm:2351160213,226259403,5940.18852077703,,,track,,grade4,,,,,,forestry,,,,,,,,,,True,True,True,surface_unknown,204,1
park:1399,osm:2351159921,osm:2351159927,224458873,47.48171402406648,,,tertiary,gravel,,,,60,,,yes,,,,,,,,,,True,True,False,gravel,1,1
park:1400,osm:2351159921,osm:309238799,224458873,9038.501186686184,,,tertiary,gravel,,,,60,,,yes,,,,,,,,,,True,True,False,gravel,44,1
park:1401,osm:2351159921,osm:2351159935,226259408,55.0967030934355,,,service,gravel,grade2,,,,,,,,yes,,,,,,,,True,True,False,gravel,5,1
park:1402,osm:2351159927,osm:2351160213,224458873,7053.1525305601035,,,tertiary,gravel,,,,60,,,yes,,,,,,,,,,True,True,False,gravel,79,1
park:1403,osm:2351159927,osm:2351159935,226259407,61.362662895890615,,,service,gravel,grade2,,,,,,,,yes,,,,,,,,True,True,False,gravel,5,1
park:1404,osm:2351159935,osm:2351160140,226259404,1654.8479939961728,,,service,gravel,grade2,,,,,,,,yes,,,,,,,,True,True,False,gravel,10,1
park:1405,osm:2351159960,osm:2351160217,226259400,2058.4092768901314,,,track,,grade4,,,,,,forestry,,,,,,,,,,True,True,True,surface_unknown,105,1
park:1406,osm:2351160024,osm:2351160024,561948932,83.11501377010744,,,service,gravel,,,,,yes,,,,,,,,,,,,True,False,False,gravel,23,1
park:1407,osm:2351160140,osm:2351160140,561947359,154.24255294952087,,,service,gravel,grade2,,,,yes,,,,yes,,,,,,,,True,False,False,gravel,15,1
park:1408,osm:2351160213,osm:4626815299,224458873,399.7994332865563,,,tertiary,gravel,,,,60,,,yes,,,,,,,,,,True,True,False,gravel,8,1
park:1409,osm:2351160217,osm:4626815304,224458973,393.73256778535733,,,tertiary,gravel,,,,100,,,,,,,,,,,,,True,True,False,gravel,8,1
park:1410,osm:2351160459,osm:2351160469,224482902,40.15745218202899,,,tertiary,gravel,,,,60,no,,yes,,,,,,,,,,True,True,False,gravel,1,1
park:1411,osm:2351160459,osm:2351160480,226259406,40.3555833123632,,,track,,,,,,,,,,,,,,,,,,True,True,False,surface_unknown,3,1
park:1412,osm:2351160469,osm:2351160480,226259401,29.942952146814243,,,track,,,,,,,,,,,,,,,,,,True,True,False,surface_unknown,3,1
park:1413,osm:2351160480,osm:2351160530,226259401,109.71841596316827,,,track,,,,,,,,,,,,,,,,,,True,True,False,surface_unknown,7,1
park:1414,osm:2351179301,osm:309238799,224458826,9908.425203658599,,,service,dirt,grade4,,,,,,,,yes,,,,,,,,True,True,False,earth_sand,28,1
park:1415,osm:2397679769,osm:2397679935,231378847,142.28662913832835,,,track,,grade2,,,,,,,,,,,,,,,,True,True,False,surface_unknown,11,1
park:1416,osm:2397679935,osm:2397680217,231379633,644.5143241602585,,,track,,grade4,,,,,,,,,,,,,,,,True,True,False,surface_unknown,41,1
park:1417,osm:2397679935,osm:3252158120,551641993,70.62745565795036,,,track,,grade3,,,,,,,,,,,,,,,,True,True,False,surface_unknown,1,1
park:1418,osm:2397679936,osm:3252158120,551641994,6.751495200048454,,,residential,,grade3,,,,,,,,,,,,,,,,True,True,False,surface_unknown,1,1
park:1419,osm:2397681484,osm:3252158120,231380323,419.07203971592793,,,track,,grade3,,,,,,,,,,,,,,,,True,True,False,surface_unknown,19,1
park:1420,osm:2397683073,osm:2397683075,231380424,38.249601057347185,,,unclassified,,,,,,,,,,,,,,,,,,True,True,False,surface_unknown,5,1
park:1421,osm:2397683073,osm:309203389,231380424,52.374008756374984,,,unclassified,,,,,,,,,,,,,,,,,,True,True,False,surface_unknown,2,1
park:1422,osm:2397683073,osm:309203376,231380426,44.86032883069724,,,unclassified,,,,,,,,,,,,,,,,,,True,True,False,surface_unknown,2,1
park:1423,osm:2397683075,osm:309203389,28156748,90.24919740591623,,,unclassified,,,,,20,,,,,,,,,,,,,True,True,False,surface_unknown,8,1
park:1424,osm:2397683075,osm:309203376,28156748,114.9729124525807,,,unclassified,,,,,20,,,,,,,,,,,,,True,True,False,surface_unknown,17,1
park:1425,osm:2397685316,osm:3252193254,231380653,787.598120538784,,,track,dirt,grade3,,,,,,forestry,,,,,,,,,,True,True,True,earth_sand,36,1
park:1426,osm:2483484373,osm:2483484376,240628431,79.49620900680425,,,residential,gravel,,,,,,,private,,,,,,,,,,True,True,True,gravel,5,1
park:1427,osm:2483484373,osm:2757981330,240628433,104.13811005752713,,,service,gravel,,,,,,,private,,,,,,,,,,True,True,True,gravel,8,1
park:1428,osm:2483484376,osm:5423572579,240628431,67.53108202301021,,,residential,gravel,,,,,,,private,,,,,,,,,,True,True,True,gravel,1,1
park:1429,osm:2483484376,osm:2483484383,240628432,75.84174644140387,,,residential,gravel,,,,,,,private,,,,,,,,,,True,True,True,gravel,6,1
park:1430,osm:2483484394,osm:2757981330,1537337102,37.47772734971219,,,service,gravel,,,,,,,private,,,,,,,,,,True,True,True,gravel,1,1
park:1431,osm:2483484396,osm:2758941699,224458723,9.297419531169968,,C38,primary,asphalt,,,,60,no,,yes,,,,,,,,,,True,True,False,paved,1,1
park:1432,osm:2483484400,osm:2757981439,240628433,57.36383222310186,,,service,gravel,,,,,,,private,,,,,,,,,,True,True,True,gravel,8,1
park:1433,osm:259145778,osm:259145781,23908558,333.2902943471447,,,unclassified,gravel,grade2,,,60,,,,,yes,,,,,,,,True,True,False,gravel,6,1
park:1434,osm:259145781,osm:259145915,551304677,4999.042937437164,,D3646,secondary,gravel,grade3,,,60,,,,,,,,,,,,,True,True,False,gravel,7,1
park:1435,osm:259146012,osm:259485757,551304677,8630.901716432652,,D3646,secondary,gravel,grade3,,,60,,,,,,,,,,,,,True,True,False,gravel,12,1
park:1436,osm:259146012,osm:259146025,551304677,6896.528991410054,,D3646,secondary,gravel,grade3,,,60,,,,,,,,,,,,,True,True,False,gravel,8,1
park:1437,osm:259146025,osm:309185323,551304677,1912.451617863111,,D3646,secondary,gravel,grade3,,,60,,,,,,,,,,,,,True,True,False,gravel,7,1
park:1438,osm:259146055,osm:5324964727,551304677,810.9410350806766,,D3646,secondary,gravel,grade3,,,60,,,,,,,,,,,,,True,True,False,gravel,4,1
park:1439,osm:259146096,osm:259483369,551304677,81.58630630959621,,D3646,secondary,gravel,grade3,,,60,,,,,,,,,,,,,True,True,False,gravel,1,1
park:1440,osm:259146106,osm:309211197,173914366,89.16156217023314,,6025,residential,dirt,grade3,,,,,,forestry,,,,,,,,,,True,True,True,earth_sand,8,1
park:1441,osm:259146106,osm:3252193254,551304677,239.72595283223615,,D3646,secondary,gravel,grade3,,,60,,,,,,,,,,,,,True,True,False,gravel,1,1
park:1442,osm:259146106,osm:259146107,551304677,58.22197684101049,,D3646,secondary,gravel,grade3,,,60,,,,,,,,,,,,,True,True,False,gravel,1,1
park:1443,osm:259146249,osm:259146285,23908612,2385.1481034631233,,,service,unpaved,grade3,,,,,,,,yes,,,,,,,,True,True,False,other_unpaved,26,1
park:1444,osm:259146284,osm:5904927563,225220011,2610.9429813144634,,C38,primary,gravel,,,,60,,,,,,,,,,,,,True,True,False,gravel,26,1
park:1445,osm:259146285,osm:309211055,225220011,2008.7609462292303,,C38,primary,gravel,,,,60,,,,,,,,,,,,,True,True,False,gravel,7,1
park:1446,osm:259146690,osm:259146730,173914351,5247.358803997862,,,unclassified,gravel,grade2,,,60,,,,,yes,,,,,,,,True,True,False,gravel,106,1
park:1447,osm:259148587,osm:288791228,225220011,734.5033007886093,,C38,primary,gravel,,,,60,,,,,,,,,,,,,True,True,False,gravel,20,1
park:1448,osm:259153623,osm:3857089407,23910266,1108.5067575770154,Halali Road,,tertiary,gravel,grade2,,,60,no,,,,,,,,,,,,True,True,False,gravel,12,1
park:1449,osm:259154235,osm:259154356,23990219,4032.1222631108462,,,unclassified,gravel,grade2,bad,,60,,,,,,,,,,,,,True,True,False,gravel,63,1
park:1450,osm:259154235,osm:2975523399,293976600,128.36186138485385,,,track,,grade4,,,,,,forestry,,,,,,,,,,True,True,True,surface_unknown,3,1
park:1451,osm:259154278,osm:259154278,561936270,274.9239131928048,,,service,compacted,grade2,,,,yes,,,,yes,,,,,,,,True,False,False,other_unpaved,20,1
park:1452,osm:259154916,osm:259159141,23909419,1967.2213154657848,,,service,gravel,grade2,,,60,,,,,yes,,,,,,,,True,True,False,gravel,67,1
park:1453,osm:259159141,osm:977755702,23909419,37.30012971269789,,,service,gravel,grade2,,,60,,,,,yes,,,,,,,,True,True,False,gravel,2,1
park:1454,osm:259159141,osm:5417841632,84042822,54.59259624136868,,,service,gravel,grade2,,,,,,,,yes,,,,,,,,True,True,False,gravel,5,1
park:1455,osm:259159433,osm:259159496,23909909,46.71206350342327,,,service,gravel,grade4,,,,,,,,yes,,,,,,,,True,True,False,gravel,1,1
park:1456,osm:259160411,osm:259162669,551186510,7132.329582701531,,C38,primary,gravel,,,,60,,,,,,,,,,,,,True,True,False,gravel,70,1
park:1457,osm:259160420,osm:259160424,23910266,745.1437660778527,Halali Road,,tertiary,gravel,grade2,,,60,no,,,,,,,,,,,,True,True,False,gravel,11,1
park:1458,osm:259160420,osm:3857089226,382506217,255.39248327141797,,,track,,grade4,,,,,,,,,,,,,,,,True,True,False,surface_unknown,4,1
park:1459,osm:259160424,osm:259160435,23910266,1301.7016158597105,Halali Road,,tertiary,gravel,grade2,,,60,no,,,,,,,,,,,,True,True,False,gravel,27,1
park:1460,osm:259160424,osm:3857089222,225109454,313.2385619321223,,,track,dirt,grade3,,,,,,forestry,,,,,,,,,,True,True,True,earth_sand,13,1
park:1461,osm:259160435,osm:260104216,23910266,3963.745551660749,Halali Road,,tertiary,gravel,grade2,,,60,no,,,,,,,,,,,,True,True,False,gravel,55,1
park:1462,osm:259160459,osm:260104216,23910266,39.065032168373925,Halali Road,,tertiary,gravel,grade2,,,60,no,,,,,,,,,,,,True,True,False,gravel,1,1
park:1463,osm:259160459,osm:259160471,23910266,2241.311110812426,Halali Road,,tertiary,gravel,grade2,,,60,no,,,,,,,,,,,,True,True,False,gravel,37,1
park:1464,osm:259160459,osm:666073260,225109422,34.155236334407995,Eland Drive,5978,tertiary,gravel,grade3,,,60,,,,,,,,,,,,,True,True,False,gravel,5,1
park:1465,osm:259161918,osm:259161921,23910177,388.7766394504311,,,service,gravel,grade2,,,,,,,,,,,,,,,,True,True,False,gravel,7,1
park:1466,osm:259161918,osm:89025530,225090859,56.532522095063364,,,service,gravel,grade2,,,,,,,,yes,,,,,,,,True,True,False,gravel,4,1
park:1467,osm:259161918,osm:259161942,665262088,46.78344938075626,,,service,gravel,grade2,,,,,,,,yes,,,,,,,,True,True,False,gravel,4,1
park:1468,osm:259161927,osm:259161927,561936275,444.68923707135457,,,service,gravel,grade2,,,,yes,,,,yes,,,,,,,,True,False,False,gravel,21,1
park:1469,osm:259161942,osm:89025530,23910266,55.753079339909554,Halali Road,,tertiary,gravel,grade2,,,60,no,,,,,,,,,,,,True,True,False,gravel,1,1
park:1470,osm:259162109,osm:259162182,52372870,39.678182699715535,,6049,unclassified,gravel,grade4,,,,,,,,,,,,,,,,True,True,False,gravel,3,1
park:1471,osm:259162109,osm:259162669,551186510,33.87884677121805,,C38,primary,gravel,,,,60,,,,,,,,,,,,,True,True,False,gravel,1,1
park:1472,osm:259162109,osm:2975523533,551186510,1651.9357536202108,,C38,primary,gravel,,,,60,,,,,,,,,,,,,True,True,False,gravel,16,1
park:1473,osm:259162182,osm:259162669,23910217,39.77528103452394,,,unclassified,gravel,grade4,,,,,,,,,,,,,,,,True,True,False,gravel,3,1
park:1474,osm:259162313,osm:3252147982,392275067,1165.3129989490878,,,service,dirt,grade2,,,,,,,,yes,,,,,,,,True,True,False,earth_sand,12,1
park:1475,osm:259162313,osm:259162313,392275067,232.67232014294376,,,service,dirt,grade2,,,,,,,,yes,,,,,,,,True,True,False,earth_sand,16,1
park:1476,osm:259162805,osm:259162806,23910266,79.47589007918975,Halali Road,,tertiary,gravel,grade2,,,60,no,,,,,,,,,,,,True,True,False,gravel,5,1
park:1477,osm:259162805,osm:259162877,665481835,70.72073982515366,,,service,gravel,grade2,,,60,no,,,,,,,,,,,,True,True,False,gravel,4,1
park:1478,osm:259162806,osm:259163450,23910266,1676.418779008181,Halali Road,,tertiary,gravel,grade2,,,60,no,,,,,,,,,,,,True,True,False,gravel,44,1
park:1479,osm:259162806,osm:259162877,23910273,75.36987642083595,,,service,gravel,grade2,,,60,no,,,,,,,,,,,,True,True,False,gravel,5,1
park:1480,osm:259162832,osm:5324988596,23910266,53.13554477356422,Halali Road,,tertiary,gravel,grade2,,,60,no,,,,,,,,,,,,True,True,False,gravel,2,1
park:1481,osm:259162832,osm:259163241,23910266,203.64850119554131,Halali Road,,tertiary,gravel,grade2,,,60,no,,,,,,,,,,,,True,True,False,gravel,6,1
park:1482,osm:259162832,osm:5324988600,665481834,46.97984771705159,,,service,gravel,grade2,,,,,,forestry,,,,,,,,,,True,True,True,gravel,4,1
park:1483,osm:259163180,osm:259163680,418622194,866.4865656564825,,,track,,grade2,,,,,,forestry,,,,,,,,,,True,True,True,surface_unknown,16,1
park:1484,osm:259163180,osm:5323226065,551190854,248.69218032648112,,,track,compacted,grade2,,,,,,forestry,,,,,,,,,,True,True,True,other_unpaved,16,1
park:1485,osm:259163190,osm:259163680,418622194,29.868861560725506,,,track,,grade2,,,,,,forestry,,,,,,,,,,True,True,True,surface_unknown,1,1
park:1486,osm:259163190,osm:259163192,418622194,140.0938082741987,,,track,,grade2,,,,,,forestry,,,,,,,,,,True,True,True,surface_unknown,5,1
park:1487,osm:259163192,osm:3857089430,382506221,178.89120431725956,,,track,,grade3,,,,,,forestry,,,,,,,,,,True,True,True,surface_unknown,7,1
park:1488,osm:259163192,osm:259163196,418622194,396.2627991219723,,,track,,grade2,,,,,,forestry,,,,,,,,,,True,True,True,surface_unknown,19,1
park:1489,osm:259163319,osm:259163450,23910307,67.4672785926385,,,unclassified,gravel,grade4,,,60,,,,,yes,,,,,,,,True,True,False,gravel,1,1
park:1490,osm:259163319,osm:259163465,23910313,51.09447804084681,,,unclassified,gravel,grade4,,,60,,,,,yes,,,,,,,,True,True,False,gravel,5,1
park:1491,osm:259163339,osm:259163349,23910307,365.84730811665275,,,unclassified,gravel,grade4,,,60,,,,,yes,,,,,,,,True,True,False,gravel,17,1
park:1492,osm:259163450,osm:259163465,23910266,64.06106822086291,Halali Road,,tertiary,gravel,grade2,,,60,no,,,,,,,,,,,,True,True,False,gravel,3,1
park:1493,osm:259163465,osm:5324988596,23910266,629.9911508897723,Halali Road,,tertiary,gravel,grade2,,,60,no,,,,,,,,,,,,True,True,False,gravel,14,1
park:1494,osm:259171906,osm:2975523400,109557447,3182.373715596161,Rhino Drive,,unclassified,gravel,grade2,,,60,,,,,,,,,,,,,True,True,False,gravel,46,1
park:1495,osm:259171906,osm:259172179,225090855,51.59984475857942,Rhino Drive,,unclassified,gravel,,,,60,,,,,yes,,,,,,,,True,True,False,gravel,4,1
park:1496,osm:259172085,osm:89025530,23910266,90.2751233618161,Halali Road,,tertiary,gravel,grade2,,,60,no,,,,,,,,,,,,True,True,False,gravel,2,1
park:1497,osm:259172428,osm:309217352,28156859,185.36896779188265,,6077,service,gravel,grade2,,,60,,,,,,,,,,,,,True,True,False,gravel,3,7
park:1498,osm:259172428,osm:5417841618,561936266,166.89539514456345,,,service,gravel,,,,,,,,,,,,,,,,,True,True,False,gravel,5,7
park:1499,osm:259172428,osm:6226725465,665260074,136.94156648356397,,,service,gravel,grade2,,,60,no,,,,,,,,,,,,True,True,False,gravel,3,7
park:1500,osm:259172561,osm:6226725468,665260077,45.457065764066826,,,unclassified,gravel,grade3,very_bad,,60,no,,,,yes,,,,,,,,True,True,False,gravel,1,3
park:1501,osm:259172561,osm:6226725467,665260078,40.506588643457036,,,unclassified,gravel,grade3,very_bad,,60,no,,,,yes,,,,,,,,True,True,False,gravel,1,3
park:1502,osm:259172561,osm:6226727088,665260079,8825.008591802998,,,unclassified,gravel,grade3,very_bad,,60,no,,,,yes,,,,,,,,True,True,False,gravel,140,3
park:1503,osm:259174824,osm:4223931897,665262079,38.61478471063558,,,unclassified,gravel,grade3,,,60,no,,,,yes,,,,,,,,True,True,False,gravel,1,1
park:1504,osm:259174834,osm:4223931897,23911053,1724.3511451368245,,,unclassified,gravel,grade3,,,60,no,,,,yes,,,,,,,,True,True,False,gravel,13,1
park:1505,osm:259174834,osm:259187399,23911053,4419.657229022992,,,unclassified,gravel,grade3,,,60,no,,,,yes,,,,,,,,True,True,False,gravel,52,1
park:1506,osm:259174868,osm:259187399,23911053,28.185151170036164,,,unclassified,gravel,grade3,,,60,no,,,,yes,,,,,,,,True,True,False,gravel,1,1
park:1507,osm:259174868,osm:2975523331,23911053,3791.892498561452,,,unclassified,gravel,grade3,,,60,no,,,,yes,,,,,,,,True,True,False,gravel,56,1
park:1508,osm:259188943,osm:288508984,270803597,799.9988121216529,,,unclassified,gravel,grade2,,,60,,,,,,,,,,,,,True,True,False,gravel,23,1
park:1509,osm:259189884,osm:259189888,23912786,290.671883549704,,,track,,,,,,,,forestry,,,,,,,,,,True,True,True,surface_unknown,7,1
park:1510,osm:259189884,osm:5423595108,26451337,2000.818812403537,,,tertiary,gravel,grade2,,,60,no,,,,,,,,,,,,True,True,False,gravel,34,1
park:1511,osm:259189884,osm:5323240417,26451337,1154.578878608133,,,tertiary,gravel,grade2,,,60,no,,,,,,,,,,,,True,True,False,gravel,19,1
park:1512,osm:259189997,osm:5423595104,26451337,1279.4434474159216,,,tertiary,gravel,grade2,,,60,no,,,,,,,,,,,,True,True,False,gravel,20,1
park:1513,osm:259190001,osm:977757260,23912806,333.90976367643054,,,service,gravel,grade2,,,60,no,,,,yes,,,,,,,,True,True,False,gravel,7,1
park:1514,osm:259190001,osm:259190227,26451337,7934.511943355714,,,tertiary,gravel,grade2,,,60,no,,,,,,,,,,,,True,True,False,gravel,105,1
park:1515,osm:259190008,osm:2768997986,23912798,76.33295519850482,,,service,gravel,grade2,,,60,no,,,,yes,,,,,,,,True,True,False,gravel,5,1
park:1516,osm:259190008,osm:977757260,23912806,117.97590780809537,,,service,gravel,grade2,,,60,no,,,,yes,,,,,,,,True,True,False,gravel,4,1
park:1517,osm:259190008,osm:2768997986,271963362,81.0690324317259,,,service,gravel,,,,60,no,,,,yes,,,,,,,,True,True,False,gravel,7,1
park:1518,osm:259190227,osm:259192279,23912887,4607.711456491631,,,tertiary,gravel,grade2,,,60,no,,,,yes,,,,,,,,True,True,False,gravel,21,1
park:1519,osm:259190227,osm:289878235,26451337,193.80827394405227,,,tertiary,gravel,grade2,,,60,no,,,,,,,,,,,,True,True,False,gravel,3,1
park:1520,osm:259190232,osm:259190592,26451337,827.6945243493243,,,tertiary,gravel,grade2,,,60,no,,,,,,,,,,,,True,True,False,gravel,10,1
park:1521,osm:259190232,osm:2757910172,26451337,255.65636266600794,,,tertiary,gravel,grade2,,,60,no,,,,,,,,,,,,True,True,False,gravel,2,1
park:1522,osm:259190399,osm:259190433,23912842,6026.38037950286,,,unclassified,gravel,grade2,,,60,no,,,,,,,,,,,,True,True,False,gravel,34,1
park:1523,osm:259190433,osm:3507157369,343931776,26.40080953439951,,,unclassified,gravel,,,,60,,,,,yes,,,,,,,,True,True,False,gravel,1,1
park:1524,osm:259190433,osm:259190434,665262082,41.66071247057089,,,unclassified,gravel,grade2,,,60,no,,,,,,,,,,,,True,True,False,gravel,1,1
park:1525,osm:259190434,osm:3507157369,26337762,43.28978176121112,,C38,tertiary,gravel,grade2,very_bad,,60,,,,,,,,,,,,,True,True,False,gravel,1,1
park:1526,osm:259190434,osm:288508733,26337762,372.51536570012945,,C38,tertiary,gravel,grade2,very_bad,,60,,,,,,,,,,,,,True,True,False,gravel,3,1
park:1527,osm:259190575,osm:2975522904,26337762,866.7780209150471,,C38,tertiary,gravel,grade2,very_bad,,60,,,,,,,,,,,,,True,True,False,gravel,9,1
park:1528,osm:259190575,osm:4084909239,26337762,42.071830386789905,,C38,tertiary,gravel,grade2,very_bad,,60,,,,,,,,,,,,,True,True,False,gravel,1,1
park:1529,osm:259190592,osm:2757910045,26451337,7796.889209231487,,,tertiary,gravel,grade2,,,60,no,,,,,,,,,,,,True,True,False,gravel,42,1
park:1530,osm:259190763,osm:2757910030,23912885,47.823151570597425,,,track,gravel,grade2,,,,,,,,yes,,,,,,,,True,True,False,gravel,4,1
park:1531,osm:259190763,osm:259192349,26451337,5803.146066759341,,,tertiary,gravel,grade2,,,60,no,,,,,,,,,,,,True,True,False,gravel,41,1
park:1532,osm:259190763,osm:2757910045,26451337,66.52422614797084,,,tertiary,gravel,grade2,,,60,no,,,,,,,,,,,,True,True,False,gravel,1,1
park:1533,osm:259190763,osm:2757910033,270806719,72.59201246830848,,,tertiary,gravel,grade2,,,60,no,,,,yes,,,,,,,,True,True,False,gravel,1,1
park:1534,osm:259190788,osm:2757909985,551378545,289.7679779505627,,,service,gravel,grade2,,,60,no,,,,yes,,,,,,,,True,True,False,gravel,8,1
park:1535,osm:259190788,osm:259190788,551378545,286.59391079567297,,,service,gravel,grade2,,,60,no,,,,yes,,,,,,,,True,True,False,gravel,18,1
park:1536,osm:259190813,osm:2757910052,23912887,48.765907242693416,,,tertiary,gravel,grade2,,,60,no,,,,yes,,,,,,,,True,True,False,gravel,5,1
park:1537,osm:259190813,osm:2757910033,270806719,1258.9897599672372,,,tertiary,gravel,grade2,,,60,no,,,,yes,,,,,,,,True,True,False,gravel,7,1
park:1538,osm:259190813,osm:2757909985,551378545,49.137561083800826,,,service,gravel,grade2,,,60,no,,,,yes,,,,,,,,True,True,False,gravel,1,1
park:1539,osm:259192279,osm:259192471,23912887,13996.843984488403,,,tertiary,gravel,grade2,,,60,no,,,,yes,,,,,,,,True,True,False,gravel,114,1
park:1540,osm:259192279,osm:2757910095,270806720,295.43340536143154,,,service,ground,grade4,,,,,,,,yes,,,,,,,,True,True,False,earth_sand,12,1
park:1541,osm:259192471,osm:2757910052,23912887,7702.448369057311,,,tertiary,gravel,grade2,,,60,no,,,,yes,,,,,,,,True,True,False,gravel,57,1
park:1542,osm:259192471,osm:259637181,23950590,4193.05302516328,,,tertiary,gravel,grade2,,,60,no,,,,yes,,,,,,,,True,True,False,gravel,43,1
park:1543,osm:259406622,osm:309258029,28156970,1726.5597951446355,,,track,gravel,grade2,,,60,,,,,yes,,,,,,,,True,True,False,gravel,18,1
park:1544,osm:259407388,osm:4627853680,561946642,3160.542304979582,,,tertiary,gravel,grade2,,,60,,,,,,,,,,,,,True,True,False,gravel,9,1
park:1545,osm:259407388,osm:2758051368,562021937,3483.9472118109693,,,track,gravel,grade2,,,,,,,,yes,,,,,,,,True,True,False,gravel,21,1
park:1546,osm:259474580,osm:2758051864,270834940,32.808894080297556,,,track,gravel,grade2,,,,yes,,,,yes,,,,,,,,False,True,False,gravel,1,1
park:1547,osm:259474580,osm:2758051737,270834940,130.48761495920982,,,track,gravel,grade2,,,,yes,,,,yes,,,,,,,,True,False,False,gravel,12,1
park:1548,osm:259474580,osm:5423572285,562604572,1265.6440210747548,,,track,,,,,,,,,,,,,,,,,,True,True,False,surface_unknown,8,1
park:1549,osm:259474616,osm:5423572285,270834901,849.7937586021447,,,track,dirt,grade3,,,,,,forestry,,,,,,,,,,True,True,True,earth_sand,9,1
park:1550,osm:259474616,osm:2758051864,562021937,1383.7931874870978,,,track,gravel,grade2,,,,,,,,yes,,,,,,,,True,True,False,gravel,20,1
park:1551,osm:259474616,osm:2758051368,562021937,1261.5449333071601,,,track,gravel,grade2,,,,,,,,yes,,,,,,,,True,True,False,gravel,7,1
park:1552,osm:259475155,osm:6153911589,23938504,50192.879767583065,,,unclassified,ground,,,,60,,,forestry,,,,,,,,,,True,True,True,earth_sand,207,1
park:1553,osm:259475155,osm:5423572285,270834901,17985.41255877172,,,track,dirt,grade3,,,,,,forestry,,,,,,,,,,True,True,True,earth_sand,56,1
park:1554,osm:259481825,osm:89025846,551601415,1267.8799346742805,,,service,gravel,grade3,very_bad,,60,,,,,yes,,,,,,,,True,True,False,gravel,40,1
park:1555,osm:259483264,osm:4826748679,23939358,4693.522303849297,,,track,gravel,grade3,,,60,,,,,yes,,,,,,,,True,True,False,gravel,15,1
park:1556,osm:259483264,osm:309203437,23939358,2366.811226718562,,,track,gravel,grade3,,,60,,,,,yes,,,,,,,,True,True,False,gravel,40,1
park:1557,osm:259483369,osm:4627949305,23939358,14178.144308281151,,,track,gravel,grade3,,,60,,,,,yes,,,,,,,,True,True,False,gravel,206,1
park:1558,osm:259483369,osm:288502741,551304677,1857.6479378833674,,D3646,secondary,gravel,grade3,,,60,,,,,,,,,,,,,True,True,False,gravel,3,1
park:1559,osm:259483463,osm:259483464,23939509,42.09032692959496,,,track,gravel,grade2,,,,,,,,yes,,,,,,,,True,True,False,gravel,3,1
park:1560,osm:259483521,osm:5324964723,23939514,46.87938376335549,,,service,gravel,grade2,,,,,,,,yes,,,,,,,,True,True,False,gravel,3,1
park:1561,osm:259483521,osm:5324964727,551304677,51.298960101539166,,D3646,secondary,gravel,grade3,,,60,,,,,,,,,,,,,True,True,False,gravel,1,1
park:1562,osm:259483538,osm:5324964723,23939514,1325.943325055371,,,service,gravel,grade2,,,,,,,,yes,,,,,,,,True,True,False,gravel,46,1
park:1563,osm:259485757,osm:259485760,23939836,62.9848364464831,,,tertiary,gravel,grade2,,,60,,,,,yes,,,,,,,,True,True,False,gravel,3,1
park:1564,osm:259485760,osm:5324964722,23939836,5895.769911421255,,,tertiary,gravel,grade2,,,60,,,,,yes,,,,,,,,True,True,False,gravel,72,1
park:1565,osm:259616689,osm:278851168,224621786,971.2655940595494,,,tertiary,gravel,grade2,,,60,,,,,,,,,,,,,True,True,False,gravel,6,1
park:1566,osm:259616689,osm:5417921594,224621786,60.00814012465927,,,tertiary,gravel,grade2,,,60,,,,,,,,,,,,,True,True,False,gravel,1,1
park:1567,osm:259616689,osm:4804133338,488047468,317.95359992314127,,,unclassified,unpaved,,,,,,,,,,,,,,,,,True,True,False,other_unpaved,7,1
park:1568,osm:259616795,osm:259616868,23950006,11394.114585697702,,,unclassified,unpaved,,,,,,,forestry,,,,,,,,,,True,True,True,other_unpaved,13,1
park:1569,osm:259637019,osm:259637181,23950588,4355.690733813601,,,tertiary,gravel,grade2,,,60,no,,,,yes,,,,,,,,True,True,False,gravel,50,1
park:1570,osm:259637019,osm:289526440,23950590,315.2578165184614,,,tertiary,gravel,grade2,,,60,no,,,,yes,,,,,,,,True,True,False,gravel,9,1
park:1571,osm:259637019,osm:259637097,224458723,3101.6572805706346,,C38,primary,asphalt,,,,60,no,,yes,,,,,,,,,,True,True,False,paved,7,1
park:1572,osm:259637097,osm:289526440,23950590,6159.44048054194,,,tertiary,gravel,grade2,,,60,no,,,,yes,,,,,,,,True,True,False,gravel,77,1
park:1573,osm:259637097,osm:259637181,23950590,5355.3951997244285,,,tertiary,gravel,grade2,,,60,no,,,,yes,,,,,,,,True,True,False,gravel,83,1
park:1574,osm:259637097,osm:4024064531,224458723,10927.606920469263,,C38,primary,asphalt,,,,60,no,,yes,,,,,,,,,,True,True,False,paved,62,1
park:1575,osm:260103852,osm:260103852,23990204,5210.257202964782,Dik-Dik drive / Bloubokdraai,,service,gravel,grade2,,,60,yes,,,,yes,,,,,,,,True,False,False,gravel,201,1
park:1576,osm:260103852,osm:260103869,1419313339,124.8022789190088,Dik-Dik drive / Bloubokdraai,,service,gravel,grade2,,,60,,,,,yes,,,,,,,,True,True,False,gravel,8,1
park:1577,osm:260104216,osm:666073260,665481832,44.361352005317755,Eland Drive,5978,tertiary,gravel,grade3,,,60,,,,,,,,,,,,,True,True,False,gravel,4,1
park:1578,osm:2757884466,osm:2757884481,270804883,217.17069090421592,,,track,dirt,grade3,,,,,,forestry,,,,,,,,,,True,True,True,earth_sand,7,1
park:1579,osm:2757884481,osm:2757884519,270804883,47.0010399998315,,,track,dirt,grade3,,,,,,forestry,,,,,,,,,,True,True,True,earth_sand,6,1
park:1580,osm:2757884481,osm:2757884521,270804889,56.907249350698564,,,track,dirt,grade3,,,,,,forestry,,,,,,,,,,True,True,True,earth_sand,3,1
park:1581,osm:2757884519,osm:2757884521,26337762,45.316915151322256,,C38,tertiary,gravel,grade2,very_bad,,60,,,,,,,,,,,,,True,True,False,gravel,2,1
park:1582,osm:2757884521,osm:6226746204,26337762,1557.1882332793537,,C38,tertiary,gravel,grade2,very_bad,,60,,,,,,,,,,,,,True,True,False,gravel,16,1
park:1583,osm:2757909985,osm:2757910052,270806722,38.6809066519051,,,service,gravel,grade3,,,60,no,,,,yes,,,,,,,,True,True,False,gravel,4,1
park:1584,osm:2757910000,osm:2757910115,270806711,74.02110059253746,,,service,dirt,grade2,,,,,,,,,,,,,,,,True,True,False,earth_sand,5,1
park:1585,osm:2757910000,osm:2757910151,270806711,66.4138706571509,,,service,dirt,grade2,,,,,,,,,,,,,,,,True,True,False,earth_sand,4,1
park:1586,osm:2757910000,osm:2757910102,270806714,75.67000679855042,,,service,gravel,grade2,,,,,,,,,,,,,,,,True,True,False,gravel,4,1
park:1587,osm:2757910030,osm:2757910111,23912885,350.2472250683389,,,track,gravel,grade2,,,,,,,,yes,,,,,,,,True,True,False,gravel,10,1
park:1588,osm:2757910030,osm:2757910045,270806717,45.02006086586248,,,track,gravel,grade2,,,,,,,,yes,,,,,,,,True,True,False,gravel,5,1
park:1589,osm:2757910033,osm:2757910045,270806713,41.758944355341804,,,track,gravel,grade2,,,,,,,,yes,,,,,,,,True,True,False,gravel,5,1
park:1590,osm:2757910095,osm:2757910095,270806720,123.3840130992018,,,service,ground,grade4,,,,,,,,yes,,,,,,,,True,True,False,earth_sand,12,1
park:1591,osm:2757910102,osm:2757910172,270806714,69.78080190652264,,,service,gravel,grade2,,,,,,,,,,,,,,,,True,True,False,gravel,2,1
park:1592,osm:2757910102,osm:289878235,1212728062,59.22685886234397,,,service,gravel,grade2,,,,,,,,,,,,,,,,True,True,False,gravel,6,1
park:1593,osm:2757910172,osm:289878235,26451337,67.99311502844401,,,tertiary,gravel,grade2,,,60,no,,,,,,,,,,,,True,True,False,gravel,1,1
park:1594,osm:2757981316,osm:2757981602,270822350,24.60232491818398,,,service,paving_stones,,,,,,,,,,,,,,,,,True,True,False,paved,3,1
park:1595,osm:2757981316,osm:2757981352,270822381,83.41580245131814,,,service,,,,,,,,,,,,,,,,,,True,True,False,surface_unknown,12,1
park:1596,osm:2757981330,osm:2757981439,240628433,65.47067417314649,,,service,gravel,,,,,,,private,,,,,,,,,,True,True,True,gravel,8,1
park:1597,osm:2757981352,osm:2757981375,270822364,167.43167967876184,,,service,paving_stones,,,,,,,,,,,,,,,,,True,True,False,paved,21,1
park:1598,osm:2757981352,osm:2757981602,270822381,58.00646576856909,,,service,,,,,,,,,,,,,,,,,,True,True,False,surface_unknown,8,1
park:1599,osm:2757981375,osm:2757981492,270822383,52.11293331389696,,,service,,,,,,,,,,,,,,,,,,True,True,False,surface_unknown,7,1
park:1600,osm:2757981430,osm:2757981735,270822354,12.240480867842278,,,residential,,,,,,,,,,,,,,,,,,True,True,False,surface_unknown,1,1
park:1601,osm:2757981430,osm:2757981496,270822374,150.8612841205508,,,service,,,,,,no,,,,,,,,,,,,True,True,False,surface_unknown,12,1
park:1602,osm:2757981446,osm:2757981530,270822379,24.393981978091436,,,service,,,,,,,,,,,,,,,,,,True,True,False,surface_unknown,1,1
park:1603,osm:2757981464,osm:309222376,270822350,39.79717418188255,,,service,paving_stones,,,,,,,,,,,,,,,,,True,True,False,paved,5,1
park:1604,osm:2757981464,osm:2757981492,270822350,36.72181395282663,,,service,paving_stones,,,,,,,,,,,,,,,,,True,True,False,paved,6,1
park:1605,osm:2757981464,osm:2757981770,467003647,165.3600276897364,,,service,,,,,,,,,,,,,,,,,,True,True,False,surface_unknown,14,1
park:1606,osm:2757981492,osm:2757981602,270822350,18.690113834079618,,,service,paving_stones,,,,,,,,,,,,,,,,,True,True,False,paved,3,1
park:1607,osm:2757981544,osm:2757981766,224458828,159.57692014363064,,,residential,gravel,,,,,,,private,,,,,,,,,,True,True,True,gravel,5,1
park:1608,osm:2757981659,osm:2757981766,224458828,73.9226859308978,,,residential,gravel,,,,,,,private,,,,,,,,,,True,True,True,gravel,6,1
park:1609,osm:2757981770,osm:6535575951,224458838,112.26100886986684,,,service,gravel,,,,,,,,,,,,,,,,,True,True,False,gravel,9,1
park:1610,osm:2757981770,osm:309222376,224458838,122.60691713476842,,,service,gravel,,,,,,,,,,,,,,,,,True,True,False,gravel,8,1
park:1611,osm:2757996408,osm:2757996432,270825302,134.99501915483464,,,service,dirt,,,,,,,,,,,,,,,,,True,True,False,earth_sand,19,1
park:1612,osm:2757996408,osm:2757996428,270825302,17.378582571076393,,,service,dirt,,,,,,,,,,,,,,,,,True,True,False,earth_sand,2,1
park:1613,osm:2757996428,osm:2757996432,270825301,68.91605138826829,,,service,dirt,,,,,,,,,,,,,,,,,True,True,False,earth_sand,8,1
park:1614,osm:2757996428,osm:2757996432,270825302,57.936558429542856,,,service,dirt,,,,,,,,,,,,,,,,,True,True,False,earth_sand,12,1
park:1615,osm:2758051119,osm:5423572298,270834904,1419.9475866711166,,,track,dirt,grade3,,,,,,forestry,,,,,,,,,,True,True,True,earth_sand,22,1
park:1616,osm:2758051119,osm:5423572592,270834934,2930.437971464746,,,track,gravel,grade2,,,,,,forestry,,,,,,,,,,True,True,True,gravel,52,1
park:1617,osm:2758051119,osm:2758051779,270834934,72.1327154710759,,,track,gravel,grade2,,,,,,forestry,,,,,,,,,,True,True,True,gravel,6,1
park:1618,osm:2758051368,osm:5423572276,562604571,149.84058029642514,,,track,,,,,,,,,,,,,,,,,,True,True,False,surface_unknown,3,1
park:1619,osm:2758051368,osm:5423572285,562604572,1582.2431400023063,,,track,,,,,,,,,,,,,,,,,,True,True,False,surface_unknown,7,1
park:1620,osm:2758051408,osm:2758051755,270834922,736.9587628353624,,,track,dirt,,,,,,,,,,,,,,,,,True,True,False,earth_sand,8,1
park:1621,osm:2758051737,osm:2758051755,270834904,12527.921605533022,,,track,dirt,grade3,,,,,,forestry,,,,,,,,,,True,True,True,earth_sand,181,1
park:1622,osm:2758051737,osm:2758051864,270834940,75.5488727389676,,,track,gravel,grade2,,,,yes,,,,yes,,,,,,,,True,False,False,gravel,4,1
park:1623,osm:2758051755,osm:5423572576,270834904,788.6886948519043,,,track,dirt,grade3,,,,,,forestry,,,,,,,,,,True,True,True,earth_sand,2,1
park:1624,osm:2758051755,osm:5423572569,562604575,648.7567919537496,,,track,,,,,,,,,,,,,,,,,,True,True,False,surface_unknown,3,1
park:1625,osm:2758087290,osm:2758087363,270842786,40.731494802146166,,,service,gravel,,,,,,,,,yes,,,,,,,,True,True,False,gravel,4,1
park:1626,osm:2758087363,osm:2758087423,270842786,46.34687510932237,,,service,gravel,,,,,,,,,yes,,,,,,,,True,True,False,gravel,3,1
park:1627,osm:2758087423,osm:2758087423,551567052,135.03966041931574,,,service,gravel,,,,,yes,,,,yes,,,,,,,,True,False,False,gravel,16,1
park:1628,osm:2758091614,osm:2758091638,224621786,300.0172244179561,,,tertiary,gravel,grade2,,,60,,,,,,,,,,,,,True,True,False,gravel,1,1
park:1629,osm:2758091614,osm:2758091665,270843287,219.37309828230119,,,track,dirt,,,,,,,forestry,,,,,,,,,,True,True,True,earth_sand,8,1
park:1630,osm:2758091638,osm:2758091659,270843285,156.24483849163045,,,track,dirt,,,,,,,forestry,,,,,,,,,,True,True,True,earth_sand,2,1
park:1631,osm:2758215597,osm:2758215831,224458896,24.769341786961174,,,tertiary,gravel,grade2,,,100,,,,,,,,,,,,,True,True,False,gravel,2,1
park:1632,osm:2758215597,osm:2758216126,224458896,559.5998237732664,,,tertiary,gravel,grade2,,,100,,,,,,,,,,,,,True,True,False,gravel,4,1
park:1633,osm:2758215597,osm:2758215916,270852746,28.561955806774353,,,service,dirt,,,,,,,,,,,,,,,,,True,True,False,earth_sand,3,1
park:1634,osm:2758215831,osm:2758215916,270852735,22.298287578296218,,,service,dirt,,,,,,,,,,,,,,,,,True,True,False,earth_sand,3,1
park:1635,osm:2758215873,osm:2758216126,270852742,469.89362986400744,,,track,dirt,,,,,,,forestry,,,,,,,,,,True,True,True,earth_sand,9,1
park:1636,osm:2758215916,osm:2758215949,270852746,85.60193366149839,,,service,dirt,,,,,,,,,,,,,,,,,True,True,False,earth_sand,2,1
park:1637,osm:2758215949,osm:2758215949,561950845,89.54090690480415,,,service,dirt,,,,,yes,,,,,,,,,,,,True,False,False,earth_sand,12,1
park:1638,osm:2758252531,osm:2758252533,270857795,39.6738160775943,,,track,dirt,,,,,,,,,,,,,,,,,True,True,False,earth_sand,3,1
park:1639,osm:2758941699,osm:6535575951,224458838,20.49804532833275,,,service,gravel,,,,,,,,,,,,,,,,,True,True,False,gravel,1,1
park:1640,osm:2763771335,osm:2763771336,551567057,53.736727803972926,,,track,,,,,,yes,,,,yes,,,,,,,,True,False,False,surface_unknown,3,1
park:1641,osm:2763771335,osm:5423484252,551567057,64.52631726494135,,,track,,,,,,yes,,,,yes,,,,,,,,False,True,False,surface_unknown,5,1
park:1642,osm:2763771336,osm:5423484252,551567057,34.28689378595444,,,track,,,,,,yes,,,,yes,,,,,,,,True,False,False,surface_unknown,5,1
park:1643,osm:2763771336,osm:5423484252,562592439,193.36659895331172,,,track,,,,,,,,,,,,,,,,,,True,True,False,surface_unknown,13,1
park:1644,osm:2768997986,osm:5323240415,23912798,63.96529862119683,,,service,gravel,grade2,,,60,no,,,,yes,,,,,,,,True,True,False,gravel,1,1
park:1645,osm:278851166,osm:278851166,25582178,269.8745323832384,,,service,gravel,grade3,,,,yes,,,,yes,,,,,,,,True,False,False,gravel,20,1
park:1646,osm:278851166,osm:5325027632,551567056,144.10360432788588,,,service,gravel,grade3,,,,,,,,yes,,,,,,,,True,True,False,gravel,4,1
park:1647,osm:278851168,osm:5325027625,224621786,53.026571945010744,,,tertiary,gravel,grade2,,,60,,,,,,,,,,,,,True,True,False,gravel,3,1
park:1648,osm:278851168,osm:5325027632,551567056,54.92168042668528,,,service,gravel,grade3,,,,,,,,yes,,,,,,,,True,True,False,gravel,4,1
park:1649,osm:288501645,osm:288502940,93458954,34.31540967582369,,,track,,grade3,,,,,,,,,,,,,,,,True,True,False,surface_unknown,1,1
park:1650,osm:288502741,osm:288502742,93458953,37.829009681227895,,,track,,grade3,,,,,,,,,,,,,,,,True,True,False,surface_unknown,1,1
park:1651,osm:288502940,osm:309211051,225220011,635.5494307770074,,C38,primary,gravel,,,,60,,,,,,,,,,,,,True,True,False,gravel,2,1
park:1652,osm:288508733,osm:6228646126,26337762,376.61467820389174,,C38,tertiary,gravel,grade2,very_bad,,60,,,,,,,,,,,,,True,True,False,gravel,2,1
park:1653,osm:288508733,osm:288508984,270803597,592.9416786909817,,,unclassified,gravel,grade2,,,60,,,,,,,,,,,,,True,True,False,gravel,20,1
park:1654,osm:288508984,osm:5417840203,561936244,63.29011621549719,,,service,,grade2,,,,,,,,,,,,,,,,True,True,False,surface_unknown,4,1
park:1655,osm:288555377,osm:288555377,561936260,301.96753338591054,,,service,gravel,grade2,,,60,yes,,,,,,,,,,,,True,False,False,gravel,15,1
park:1656,osm:288555418,osm:288555418,26338743,121.25006970672273,,,service,gravel,grade2,,,60,yes,,,,yes,,,,,,,,True,False,False,gravel,15,1
park:1657,osm:288555418,osm:288555423,561936256,186.53037072290238,,,service,gravel,grade2,,,60,,,,,yes,,,,,,,,True,True,False,gravel,5,1
park:1658,osm:288555423,osm:288558024,26338735,1275.054775309811,,,unclassified,gravel,grade2,very_bad,,60,no,,,,,,,,,,,,True,True,False,gravel,17,1
park:1659,osm:288555536,osm:5423595296,26338659,613.5290491080228,,,unclassified,gravel,grade2,very_bad,,60,,,,,,,,,,,,,True,True,False,gravel,12,1
park:1660,osm:288555604,osm:288555604,26338069,209.66749183043368,,,service,,grade3,,,,,,,,yes,,,,,,,,True,True,False,surface_unknown,15,9
park:1661,osm:288555604,osm:288555613,26338069,296.51982276718053,,,service,,grade3,,,,,,,,yes,,,,,,,,True,True,False,surface_unknown,10,9
park:1662,osm:288555613,osm:5325002321,551378542,36.20317133847298,,,service,gravel,grade2,,,,,,,,yes,,,,,,,,True,True,False,gravel,4,9
park:1663,osm:288555613,osm:288555617,665262081,40.85592461729622,,,service,,grade3,,,,,,,,yes,,,,,,,,True,True,False,surface_unknown,1,9
park:1664,osm:288555768,osm:288560765,26338247,19.319783082953673,,,unclassified,gravel,grade2,,,100,,,,,yes,,,,,,,,True,True,False,gravel,4,1
park:1665,osm:288555768,osm:288560017,665262080,35.172446814068266,,,unclassified,gravel,grade2,,,100,,,,,yes,,,,,,,,True,True,False,gravel,1,1
park:1666,osm:288558024,osm:288558028,26338651,306.32911366234947,,,service,gravel,grade2,,,60,no,,,,yes,,,,,,,,True,True,False,gravel,4,1
park:1667,osm:288558024,osm:5423595296,26338659,2660.6412675858096,,,unclassified,gravel,grade2,very_bad,,60,,,,,,,,,,,,,True,True,False,gravel,58,1
park:1668,osm:288558028,osm:288558028,561936252,188.19537086428474,,,service,gravel,grade2,,,60,yes,,,,yes,,,,,,,,True,False,False,gravel,12,1
park:1669,osm:288562391,osm:6231725072,665760290,25.644865701044115,,,unclassified,gravel,grade2,very_bad,,60,,,,,,,,,,,,,True,True,False,gravel,1,1
park:1670,osm:288562391,osm:6231725073,665760291,41.53960091431924,,,unclassified,gravel,grade2,very_bad,,60,,,,,,,,,,,,,True,True,False,gravel,1,1
park:1671,osm:288565418,osm:89025415,23910266,4813.021228253884,Halali Road,,tertiary,gravel,grade2,,,60,no,,,,,,,,,,,,True,True,False,gravel,15,1
park:1672,osm:288565418,osm:288565547,23910266,2216.9563354602365,Halali Road,,tertiary,gravel,grade2,,,60,no,,,,,,,,,,,,True,True,False,gravel,18,1
park:1673,osm:288565418,osm:4024064328,399707854,214.94333392885272,,,track,,grade4,,,,,,,,,,,,,,,,True,True,False,surface_unknown,6,1
park:1674,osm:288565547,osm:3857089402,382506218,378.40534869740486,,,track,,grade4,,,,,,forestry,,,,,,,,,,True,True,True,surface_unknown,6,1
park:1675,osm:288785714,osm:4350875026,264769533,335.70926559907343,,,unclassified,paving_stones,,,,20,,,,,,,,,,,,,True,True,False,paved,24,1
park:1676,osm:288789350,osm:288789351,26358876,29.14039853408109,,,service,gravel,grade2,,,,,,,,yes,,,,,,,,True,True,False,gravel,3,1
park:1677,osm:288792104,osm:288792175,26359193,24.89090098363315,,,track,,grade3,,,,,,,,,,,,,,,,True,True,False,surface_unknown,1,1
park:1678,osm:288792104,osm:288792168,551186510,104.43865863205734,,C38,primary,gravel,,,,60,,,,,,,,,,,,,True,True,False,gravel,1,1
park:1679,osm:288792168,osm:2975523409,551186510,120.22021521856134,,C38,primary,gravel,,,,60,,,,,,,,,,,,,True,True,False,gravel,1,1
park:1680,osm:288792175,osm:288792179,26359193,58.61561675153965,,,track,,grade3,,,,,,,,,,,,,,,,True,True,False,surface_unknown,7,1
park:1681,osm:288792179,osm:977756062,84042815,68.36359170142185,,,track,,grade3,,,,,,,,,,,,,,,,True,True,False,surface_unknown,6,1
park:1682,osm:289526440,osm:289526440,26425201,108.04611791846514,,,service,gravel,,,,,,,,,,,,,,,,,True,True,False,gravel,13,1
park:1683,osm:2975522854,osm:309217444,224458846,3551.11754716021,,6305,tertiary,gravel,grade2,,,60,no,,,,yes,,,,,,,,True,True,False,gravel,39,1
park:1684,osm:2975522854,osm:2975522858,224458846,7072.680601334975,,6305,tertiary,gravel,grade2,,,60,no,,,,yes,,,,,,,,True,True,False,gravel,33,1
park:1685,osm:2975522854,osm:4723861578,293976558,321.00452655412886,,,service,gravel,grade3,,,,,,,,,,,,,,,,True,True,False,gravel,4,1
park:1686,osm:2975522858,osm:5423484287,224458846,2280.929499809644,,6305,tertiary,gravel,grade2,,,60,no,,,,yes,,,,,,,,True,True,False,gravel,8,1
park:1687,osm:2975522858,osm:2975522864,293976559,806.6917096007126,,,track,dirt,grade3,,,,,,forestry,,,,,,,,,,True,True,True,earth_sand,6,1
park:1688,osm:2975522865,osm:5423484287,224458846,1840.7518570246148,,6305,tertiary,gravel,grade2,,,60,no,,,,yes,,,,,,,,True,True,False,gravel,10,1
park:1689,osm:2975522865,osm:2975522867,224458846,1172.6843350144377,,6305,tertiary,gravel,grade2,,,60,no,,,,yes,,,,,,,,True,True,False,gravel,11,1
park:1690,osm:2975522865,osm:2975522866,293976560,70.12833456191622,,,track,,,,,,,,,,,,,,,,,,True,True,False,surface_unknown,1,1
park:1691,osm:2975522867,osm:5423484300,224458846,319.9611519686779,,6305,tertiary,gravel,grade2,,,60,no,,,,yes,,,,,,,,True,True,False,gravel,5,1
park:1692,osm:2975522867,osm:2975522871,293976561,386.47126537227683,,,track,gravel,grade2,,,,,,,,yes,,,,,,,,True,True,False,gravel,6,1
park:1693,osm:2975522871,osm:2975522873,293976561,81.72417008218034,,,track,gravel,grade2,,,,,,,,yes,,,,,,,,True,True,False,gravel,6,1
park:1694,osm:2975522871,osm:2975522873,697704579,77.22927350779555,,,track,gravel,grade2,,,,,,,,yes,,,,,,,,True,True,False,gravel,4,1
park:1695,osm:2975522875,osm:2975522877,224458846,2343.8637326881944,,6305,tertiary,gravel,grade2,,,60,no,,,,yes,,,,,,,,True,True,False,gravel,9,1
park:1696,osm:2975522875,osm:2975522876,293976562,112.67267049260191,,,track,,,,,,,,,,,,,,,,,,True,True,False,surface_unknown,1,1
park:1697,osm:2975522877,osm:5423484357,224458846,753.8695827576033,,6305,tertiary,gravel,grade2,,,60,no,,,,yes,,,,,,,,True,True,False,gravel,3,1
park:1698,osm:2975522877,osm:2975522886,293976563,482.9630935444771,,,track,,,,,,,,forestry,,,,,,,,,,True,True,True,surface_unknown,9,1
park:1699,osm:2975522892,osm:2975522892,293976568,196.69273967837833,,,track,,grade3,,,,,,forestry,,,,,,,,,,True,True,True,surface_unknown,13,1
park:1700,osm:2975522904,osm:2975522909,293976570,345.6783779928961,,,track,,grade2,,,,,,,,,,,,,,,,True,True,False,surface_unknown,6,1
park:1701,osm:2975522917,osm:2975522922,293976573,134.48639411802648,,,track,,grade4,,,,,,forestry,,,,,,,,,,True,True,True,surface_unknown,5,16
park:1702,osm:2975522922,osm:2975522922,293976573,144.03875433937765,,,track,,grade4,,,,,,forestry,,,,,,,,,,True,True,True,surface_unknown,6,16
park:1703,osm:2975522927,osm:2975523245,293976578,1287.8824966262698,,,track,,grade4,,,,,,forestry,,,,,,,,,,True,True,True,surface_unknown,19,5
park:1704,osm:2975523245,osm:2975523245,293976578,57.00693395431233,,,track,,grade4,,,,,,forestry,,,,,,,,,,True,True,True,surface_unknown,4,5
park:1705,osm:2975523314,osm:2975523322,293976589,365.1799370862601,,,track,,grade3,,,,,,forestry,,,,,,,,,,True,True,True,surface_unknown,8,13
park:1706,osm:2975523323,osm:2975523330,293976590,313.0073306173681,,,track,,grade3,,,,,,forestry,,,,,,,,,,True,True,True,surface_unknown,7,14
park:1707,osm:2975523331,osm:2975523335,293976591,295.22192838299895,,,track,,grade3,,,,,,,,,,,,,,,,True,True,False,surface_unknown,4,1
park:1708,osm:2975523336,osm:2975523343,293976592,401.8226137408196,,,track,,grade3,,,,,,,,,,,,,,,,True,True,False,surface_unknown,7,12
park:1709,osm:2975523344,osm:2975523352,293976593,429.4419868062976,,,track,,grade3,,,,,,,,,,,,,,,,True,True,False,surface_unknown,8,11
park:1710,osm:2975523360,osm:3252143813,293976594,302.3943975823803,,,track,,grade3,,,,,,,,,,,,,,,,True,True,False,surface_unknown,8,15
park:1711,osm:2975523370,osm:3252138876,293976595,437.87130608508886,,,track,,grade3,,,,,,,,,,,,,,,,True,True,False,surface_unknown,9,10
park:1712,osm:2975523370,osm:2975523370,293976595,141.18049121381927,,,track,,grade3,,,,,,,,,,,,,,,,True,True,False,surface_unknown,6,10
park:1713,osm:2975523376,osm:2975523378,293976596,110.74508543018149,,,track,,grade4,,,,,,,,,,,,,,,,True,True,False,surface_unknown,2,1
park:1714,osm:2975523376,osm:2975523388,551186510,151.51062938718792,,C38,primary,gravel,,,,60,,,,,,,,,,,,,True,True,False,gravel,2,1
park:1715,osm:2975523376,osm:89025415,551186510,1360.2139497988833,,C38,primary,gravel,,,,60,,,,,,,,,,,,,True,True,False,gravel,6,1
park:1716,osm:2975523378,osm:2975523385,293976596,207.30523937222827,,,track,,grade4,,,,,,,,,,,,,,,,True,True,False,surface_unknown,7,1
park:1717,osm:2975523378,osm:2975523388,293976597,86.69527409762708,,,track,,grade4,,,,,,,,,,,,,,,,True,True,False,surface_unknown,3,1
park:1718,osm:2975523388,osm:2975523389,551186510,1043.2320094707948,,C38,primary,gravel,,,,60,,,,,,,,,,,,,True,True,False,gravel,8,1
park:1719,osm:2975523389,osm:2975523396,293976599,471.2832521405937,,,track,,grade3,very_bad,,,,,,,,,,,,,,,True,True,False,surface_unknown,7,1
park:1720,osm:2975523400,osm:2975523404,293976601,274.1658736815474,,,track,dirt,grade4,,,,,,forestry,,,,,,,,,,True,True,True,earth_sand,4,1
park:1721,osm:2975523404,osm:2975523406,293976601,80.22581583157493,,,track,dirt,grade4,,,,,,forestry,,,,,,,,,,True,True,True,earth_sand,2,1
park:1722,osm:2975523404,osm:2975523408,293976602,68.45076732315185,,,track,dirt,grade4,,,,,,forestry,,,,,,,,,,True,True,True,earth_sand,2,1
park:1723,osm:2975523409,osm:977756062,293976603,167.43310663779513,,,track,,grade3,,,,,,,,,,,,,,,,True,True,False,surface_unknown,7,1
park:1724,osm:2975523421,osm:977756062,293976604,96.9871559535465,,,track,,grade3,,,,,,,,,,,,,,,,True,True,False,surface_unknown,4,1
park:1725,osm:2975523421,osm:2975523422,293976606,30.11771579837145,,,track,,grade3,,,,,,,,,,,,,,,,True,True,False,surface_unknown,1,1
park:1726,osm:2975523422,osm:3252138877,225109428,21.083239167580704,,,track,,grade3,,,,,,,,,,,,,,,,True,True,False,surface_unknown,5,1
park:1727,osm:2975523422,osm:3252138877,293976607,17.815102350267463,,,track,,grade5,,,,,,,,,,,,,,,,True,True,False,surface_unknown,1,1
park:1728,osm:2975523432,osm:3252138877,293976607,233.06118157049548,,,track,,grade5,,,,,,,,,,,,,,,,True,True,False,surface_unknown,9,1
park:1729,osm:2975523432,osm:2975523533,551186510,2659.3929388766273,,C38,primary,gravel,,,,60,,,,,,,,,,,,,True,True,False,gravel,36,1
park:1730,osm:2975523533,osm:2975523536,293976608,212.20292897720074,,,track,,grade5,,,,,,,,,,,,,,,,True,True,False,surface_unknown,3,1
park:1731,osm:2975523539,osm:309230629,225220011,2016.9631678189776,,C38,primary,gravel,,,,60,,,,,,,,,,,,,True,True,False,gravel,18,1
park:1732,osm:2975523539,osm:2975523547,293976609,547.6772494865219,,,track,dirt,grade5,,,,,,forestry,,,,,,,,,,True,True,True,earth_sand,9,1
park:1733,osm:309203376,osm:309203378,28156748,105.31966398625663,,,unclassified,,,,,20,,,,,,,,,,,,,True,True,False,surface_unknown,12,1
park:1734,osm:309203378,osm:309203387,28156748,25.73157169502739,,,unclassified,,,,,20,,,,,,,,,,,,,True,True,False,surface_unknown,2,1
park:1735,osm:309203387,osm:309203389,28156748,59.38303670476174,,,unclassified,,,,,20,,,,,,,,,,,,,True,True,False,surface_unknown,5,1
park:1736,osm:309203387,osm:309203403,28156748,22.548153664415242,,,unclassified,,,,,20,,,,,,,,,,,,,True,True,False,surface_unknown,4,1
park:1737,osm:309203403,osm:371166181,28156748,87.95254089510954,,,unclassified,,,,,20,,,,,,,,,,,,,True,True,False,surface_unknown,8,1
park:1738,osm:309203437,osm:4627949305,23939358,54.548545559885675,,,track,gravel,grade3,,,60,,,,,yes,,,,,,,,True,True,False,gravel,1,1
park:1739,osm:309203437,osm:4627949313,28156807,65.53898218889297,,5951,service,gravel,grade2,,,,,,,,yes,,,,,,,,True,True,False,gravel,4,1
park:1740,osm:309209807,osm:309209807,28156813,134.86445772427396,,,service,unpaved,,,,,,,,,yes,,,,,,,,True,True,False,other_unpaved,16,1
park:1741,osm:309211055,osm:309211100,28157426,84.52644727356301,Doringdraai,6021,track,,grade3,,,,,,,,,,,,,,,,True,True,False,surface_unknown,1,1
park:1742,osm:309211100,osm:309211100,28157426,3168.033538467878,Doringdraai,6021,track,,grade3,,,,,,,,,,,,,,,,True,True,False,surface_unknown,89,1
park:1743,osm:309211188,osm:309211189,173914366,36.04100703023614,,6025,residential,dirt,grade3,,,,,,forestry,,,,,,,,,,True,True,True,earth_sand,3,1
park:1744,osm:309211189,osm:309211197,173914366,58.84754954723371,,6025,residential,dirt,grade3,,,,,,forestry,,,,,,,,,,True,True,True,earth_sand,5,1
park:1745,osm:309216156,osm:309216158,31256703,41.80409667145842,,,service,compacted,,,,,,,,,,,,,,,,,True,True,False,other_unpaved,2,1
park:1746,osm:309216158,osm:309216265,31256703,33.072893819419036,,,service,compacted,,,,,,,,,,,,,,,,,True,True,False,other_unpaved,1,1
park:1747,osm:309216766,osm:309216767,224860046,24.153909757770972,,,service,compacted,,,,,,,,private,,,,,,,,,True,True,False,other_unpaved,2,1
park:1748,osm:309217350,osm:309217444,28156873,35.58107490983835,,,service,ground,,,,,,,,,,,,,,,,,True,True,False,earth_sand,2,1
park:1749,osm:309217350,osm:309217351,28156873,77.73762737712627,,,service,ground,,,,,,,,,,,,,,,,,True,True,False,earth_sand,3,1
park:1750,osm:309217352,osm:309217352,28156859,88.9099112060939,,6077,service,gravel,grade2,,,60,,,,,,,,,,,,,True,True,False,gravel,11,7
park:1751,osm:309217444,osm:5423483948,562592436,342.4819030636455,,,track,,,,,,,,,,,,,,,,,,True,True,False,surface_unknown,11,1
park:1752,osm:309224021,osm:89025833,225220011,371.6460339865526,,C38,primary,gravel,,,,60,,,,,,,,,,,,,True,True,False,gravel,8,1
park:1753,osm:309230629,osm:309230650,28157334,2457.612508290535,,,track,,grade3,,,,,,forestry,,,,,,,,,,True,True,True,surface_unknown,46,1
park:1754,osm:309238799,osm:4616755800,224458873,1363.0138449929207,,,tertiary,gravel,,,,60,,,yes,,,,,,,,,,True,True,False,gravel,12,1
park:1755,osm:3208311208,osm:5418213419,224458946,1779.4110395763726,,,unclassified,gravel,,,,,,,forestry,,,,,,,,,,True,True,True,gravel,43,1
park:1756,osm:3252147982,osm:977755702,23909419,146.07606521224454,,,service,gravel,grade2,,,60,,,,,yes,,,,,,,,True,True,False,gravel,3,1
park:1757,osm:371166181,osm:371166192,28156748,131.98131986851962,,,unclassified,,,,,20,,,,,,,,,,,,,True,True,False,surface_unknown,12,1
park:1758,osm:371166181,osm:4350875026,264769533,45.889852512653555,,,unclassified,paving_stones,,,,20,,,,,,,,,,,,,True,True,False,paved,2,1
park:1759,osm:3794286320,osm:4660964767,376076862,4447.112352181348,,,track,,grade3,,,,,,,,,,,,,,,,True,True,False,surface_unknown,93,1
park:1760,osm:3794347801,osm:3794347970,376083353,2260.5712644165433,,,track,,grade3,,,,,,,,,,,,,,,,True,True,False,surface_unknown,51,1
park:1761,osm:3794347801,osm:3794347970,376083354,3084.7850917478063,,,unclassified,ground,grade3,,,,,,,,,,,,,,,,True,True,False,earth_sand,66,1
park:1762,osm:3794347801,osm:5426321266,376083354,1671.6135204384036,,,unclassified,ground,grade3,,,,,,,,,,,,,,,,True,True,False,earth_sand,66,1
park:1763,osm:3857089222,osm:3857089395,382506216,1800.5074867210133,,,track,dirt,grade3,,,,,,forestry,,,,,,,,,,True,True,True,earth_sand,38,1
park:1764,osm:3857089407,osm:3857089415,382506215,143.3616959409388,,,track,,grade5,,,,,,,,,,,,,,,,True,True,False,surface_unknown,2,1
park:1765,osm:3857089431,osm:3857089687,225109445,4524.7705993860745,,,track,,grade5,,,,,,,,,,,,,,,,True,True,False,surface_unknown,97,1
park:1766,osm:3857089687,osm:3857089914,382506219,439.07826846446807,,,track,,grade3,,,,,,,,,,,,,,,,True,True,False,surface_unknown,6,1
park:1767,osm:4024064294,osm:4024064328,399707854,329.4423206265995,,,track,,grade4,,,,,,,,,,,,,,,,True,True,False,surface_unknown,13,1
park:1768,osm:4024064318,osm:4024064328,399707860,182.26118852990106,,,track,,grade4,,,,,,,,,,,,,,,,True,True,False,surface_unknown,3,1
park:1769,osm:4024064531,osm:5423572577,224458723,844.841738911502,,C38,primary,asphalt,,,,60,no,,yes,,,,,,,,,,True,True,False,paved,13,1
park:1770,osm:4024064531,osm:4024064761,399707832,307.45628545535874,,,track,,grade3,,,,,,,,,,,,,,,,True,True,False,surface_unknown,9,1
park:1771,osm:4024064718,osm:977755983,399707863,238.9039595846222,,,track,,grade4,,,,,,forestry,,,,,,,,,,True,True,True,surface_unknown,4,19
park:1772,osm:4024064761,osm:4024064761,399707832,95.5424558715775,,,track,,grade3,,,,,,,,,,,,,,,,True,True,False,surface_unknown,8,1
park:1773,osm:4223931895,osm:6226745982,422655885,23.597172058025393,,,unclassified,gravel,grade3,,,60,no,,,,yes,,,,,,,,True,True,False,gravel,2,1
park:1774,osm:4223931897,osm:6226745982,422655885,12.27330636776344,,,unclassified,gravel,grade3,,,60,no,,,,yes,,,,,,,,True,True,False,gravel,1,1
park:1775,osm:4350860500,osm:4350860502,224458723,48.75882638799348,,C38,primary,asphalt,,,,60,no,,yes,,,,,,,,,,True,True,False,paved,1,1
park:1776,osm:4350860500,osm:4350860501,437267539,54.21557426152964,,,service,paving_stones,,good,,,,,,,,,,,,,,,True,True,False,paved,3,1
park:1777,osm:4350860501,osm:4350860502,437267540,16.00742833526228,,,service,paving_stones,,good,,,,,,,,,,,,,,,True,True,False,paved,1,1
park:1778,osm:4350875026,osm:4876738499,437268809,16.768969600224498,,,service,,,,,,,,,,,,,,,,,,True,True,False,surface_unknown,1,1
park:1779,osm:4549506870,osm:4549506872,459028973,64.86605120514157,,,track,,,,,,,,forestry,,,,,,,,,,True,True,True,surface_unknown,3,1
park:1780,osm:4549506870,osm:4549506872,459028973,96.67764601889272,,,track,,,,,,,,forestry,,,,,,,,,,True,True,True,surface_unknown,11,1
park:1781,osm:4616755797,osm:4616755800,466978255,67.29083932549176,,,track,gravel,grade2,,,,,,,,yes,,,,,,,,True,True,False,gravel,3,1
park:1782,osm:4616772550,osm:4616775230,224458873,393.0345036306414,,,tertiary,gravel,,,,60,,,yes,,,,,,,,,,True,True,False,gravel,11,1
park:1783,osm:4616784558,osm:4624302919,551188260,14.132169082664246,,,unclassified,fine_gravel,,,,,,,permissive,,,,,,,,,,True,True,False,gravel,1,1
park:1784,osm:4616939221,osm:4616939229,224621786,25.490592180440665,,,tertiary,gravel,grade2,,,60,,,,,,,,,,,,,True,True,False,gravel,1,1
park:1785,osm:4616939221,osm:4616939228,467000355,27.564227212544566,,,service,gravel,,,,,no,,,,yes,,,,,,,,True,True,False,gravel,1,1
park:1786,osm:4616939222,osm:4616939222,551567051,58.24970351142008,,,service,gravel,grade2,,,,yes,,,,yes,,,,,,,,True,False,False,gravel,12,1
park:1787,osm:4616939222,osm:5291218751,561930278,81.86491850828546,,,service,gravel,grade2,,,,,,,,yes,,,,,,,,True,True,False,gravel,5,1
park:1788,osm:4616939228,osm:4616939229,467000356,25.556667970387053,,,service,gravel,grade2,,,,no,,,,yes,,,,,,,,True,True,False,gravel,1,1
park:1789,osm:4616939228,osm:5291218763,561930278,2.6461738967744335,,,service,gravel,grade2,,,,,,,,yes,,,,,,,,True,True,False,gravel,1,1
park:1790,osm:4626765166,osm:4626765180,224482902,56.94620523116116,,,tertiary,gravel,,,,60,no,,yes,,,,,,,,,,True,True,False,gravel,1,1
park:1791,osm:4626765166,osm:4626765176,468119788,50.14811957210314,,,track,,,,,,,,permissive,,,,,,,,,,True,True,False,surface_unknown,4,1
park:1792,osm:4626765170,osm:4626765176,468119789,244.41038495481317,,,track,,,,,,,,permissive,,,,,,,,,,True,True,False,surface_unknown,6,1
park:1793,osm:4626765176,osm:4626765180,468119789,58.15770706454494,,,track,,,,,,,,permissive,,,,,,,,,,True,True,False,surface_unknown,4,1
park:1794,osm:4626815299,osm:4626815304,468123594,54.83858523530032,,,unclassified,gravel,,,,100,,,,,,,,,,,,,True,True,False,gravel,5,1
park:1795,osm:4627030416,osm:5423484300,224458846,86.31938624298816,,6305,tertiary,gravel,grade2,,,60,no,,,,yes,,,,,,,,True,True,False,gravel,1,1
park:1796,osm:4627853680,osm:5418530173,468234722,461.95999069208176,,,track,,,,,,,,forestry,,,,,,,,,,True,True,True,surface_unknown,20,1
park:1797,osm:4627853680,osm:5423572272,561946642,2424.6314510889315,,,tertiary,gravel,grade2,,,60,,,,,,,,,,,,,True,True,False,gravel,6,1
park:1798,osm:4627949305,osm:4627949313,468246683,46.935017213055666,,5951,service,gravel,grade2,,,,,,,,yes,,,,,,,,True,True,False,gravel,6,1
park:1799,osm:4723861578,osm:4723861584,551382185,18.706277301738616,,,unclassified,,grade3,,,,,,,,,,,,,,,,True,True,False,surface_unknown,1,1
park:1800,osm:4826748660,osm:4826748673,490490679,38.93146039924817,,,service,unpaved,grade3,,,,,,,,,,,,,,,,True,True,False,other_unpaved,3,1
park:1801,osm:4826748660,osm:4826748676,494007248,47.83796041293428,,,track,unpaved,grade3,,,60,,,,,,,,,,,,,True,True,False,other_unpaved,1,1
park:1802,osm:4826748672,osm:4826748673,490490680,55.5792615742891,,,track,,,,,,,,,,yes,,,,,,,,True,True,False,surface_unknown,1,1
park:1803,osm:4826748672,osm:4826748672,490490680,149.80073720217217,,,track,,,,,,,,,,yes,,,,,,,,True,True,False,surface_unknown,10,1
park:1804,osm:4826748673,osm:4826748676,490490680,36.88018547233739,,,track,,,,,,,,,,yes,,,,,,,,True,True,False,surface_unknown,3,1
park:1805,osm:4826748676,osm:4826748679,494007248,60.381600966289646,,,track,unpaved,grade3,,,60,,,,,,,,,,,,,True,True,False,other_unpaved,1,1
park:1806,osm:4826851559,osm:4826851565,490502571,403.24108152820867,,,track,,,,,,,,,,,,,,,,,,True,True,False,surface_unknown,6,1
park:1807,osm:4826851559,osm:5423484136,562592436,9031.838125383798,,,track,,,,,,,,,,,,,,,,,,True,True,False,surface_unknown,25,1
park:1808,osm:4826851565,osm:4826851665,490502571,27203.641105835384,,,track,,,,,,,,,,,,,,,,,,True,True,False,surface_unknown,96,1
park:1809,osm:4826851565,osm:5423484185,562592438,9218.006553471647,,,track,,,,,,,,,,,,,,,,,,True,True,False,surface_unknown,27,1
park:1810,osm:4826851665,osm:5418197246,490502569,60.12878263230791,,,track,,,,,,,,,,,,,,,,,,True,True,False,surface_unknown,5,1
park:1811,osm:4826851665,osm:4826851669,490502571,130.01413344413373,,,track,,,,,,,,,,,,,,,,,,True,True,False,surface_unknown,4,1
park:1812,osm:4876738499,osm:4876738499,437268809,157.7349313951774,,,service,,,,,,,,,,,,,,,,,,True,True,False,surface_unknown,15,1
park:1813,osm:5291218751,osm:5291218763,547604912,91.5096621033616,,,track,,,,,,,,,,yes,,,,,,,,True,True,False,surface_unknown,13,1
park:1814,osm:5291218751,osm:5291218763,561930278,42.03869323994879,,,service,gravel,grade2,,,,,,,,yes,,,,,,,,True,True,False,gravel,2,1
park:1815,osm:5323203994,osm:5323204002,551188259,46.150204355558515,,,track,gravel,,,,60,,,forestry,,,,,,,,,,True,True,True,gravel,8,1
park:1816,osm:5323234347,osm:5323234347,551191308,95.97632163188153,,,track,gravel,grade2,,,,,,,,yes,,,,,,,,True,True,False,gravel,12,1
park:1817,osm:5324964723,osm:5324964727,551373734,38.3098984223051,,,service,gravel,grade2,,,,,,,,yes,,,,,,,,True,True,False,gravel,4,1
park:1818,osm:5324988596,osm:5324988600,551376483,57.239116121299624,,,service,gravel,grade2,,,,,,forestry,,,,,,,,,,True,True,True,gravel,4,1
park:1819,osm:5325027625,osm:5325027632,551382198,53.140909743130834,,,service,gravel,grade2,,,,,,,,yes,,,,,,,,True,True,False,gravel,6,1
park:1820,osm:5325761886,osm:5325761887,551467609,5.109026219396555,,,unclassified,ground,,,,,,,forestry,,,,,,,,,,True,True,True,earth_sand,1,1
park:1821,osm:5417840165,osm:6226746203,561936239,433.79106461611497,,,service,gravel,grade2,,,,,,,,yes,,,,,,,,True,True,False,gravel,9,1
park:1822,osm:5417840165,osm:5417840165,561936241,130.05340830022882,,,service,gravel,grade2,,,,yes,,,,yes,,,,,,,,True,False,False,gravel,28,1
park:1823,osm:5417840203,osm:5417840203,488042697,94.7430621512469,,,service,,grade2,,,,yes,,,,,,,,,,,,True,False,False,surface_unknown,15,1
park:1824,osm:5417841422,osm:5423595296,562606549,4585.596619032252,,,track,,,,,,,,,,,,,,,,,,True,True,False,surface_unknown,35,1
park:1825,osm:5417841618,osm:5417841618,561936267,312.68313106329555,,,service,gravel,,,,,yes,,,,,,,,,,,,True,False,False,gravel,30,7
park:1826,osm:5417841619,osm:5417841632,84042822,10.08895576436469,,,service,gravel,grade2,,,,,,,,yes,,,,,,,,True,True,False,gravel,3,1
park:1827,osm:5417841619,osm:977755702,84042822,22.91341886517884,,,service,gravel,grade2,,,,,,,,yes,,,,,,,,True,True,False,gravel,3,1
park:1828,osm:5417841619,osm:5417841632,561936269,44.71223370254881,,,service,,,,,,,,,,,,,,,,,,True,True,False,surface_unknown,14,1
park:1829,osm:5417921494,osm:5417921571,224621786,106.14606899917003,,,tertiary,gravel,grade2,,,60,,,,,,,,,,,,,True,True,False,gravel,1,1
park:1830,osm:5417921494,osm:5417921495,561946641,33.673422197938635,,,tertiary,gravel,grade2,,,60,,,,,,,yes,,1,,,,True,True,False,gravel,1,1
park:1831,osm:5417921495,osm:5423484358,561946642,13773.721823945443,,,tertiary,gravel,grade2,,,60,,,,,,,,,,,,,True,True,False,gravel,110,1
park:1832,osm:5417921571,osm:5417921594,224621786,37.40809591293844,,,tertiary,gravel,grade2,,,60,,,,,,,,,,,,,True,True,False,gravel,2,1
park:1833,osm:5417921571,osm:5417921594,561946647,166.54689923430578,,,service,gravel,,,,,,,,,,,,,,,,,True,True,False,gravel,24,1
park:1834,osm:5423483948,osm:5423484136,562592436,24111.955665801044,,,track,,,,,,,,,,,,,,,,,,True,True,False,surface_unknown,85,1
park:1835,osm:5423483948,osm:5423484185,562592438,24062.902748935925,,,track,,,,,,,,,,,,,,,,,,True,True,False,surface_unknown,61,1
park:1836,osm:5423484255,osm:5423484266,562592441,229.87593594357,,,track,,,,,,,,,,,,,,,,,,True,True,False,surface_unknown,13,1
park:1837,osm:5423484266,osm:5423484354,562592441,4087.6266644286347,,,track,,,,,,,,,,,,,,,,,,True,True,False,surface_unknown,23,1
park:1838,osm:5423484286,osm:5423484354,562592441,6487.13493589631,,,track,,,,,,,,,,,,,,,,,,True,True,False,surface_unknown,12,1
park:1839,osm:5423484286,osm:5423484287,562592443,82.66491751550569,,,track,,,,,,,,,,,,,,,,,,True,True,False,surface_unknown,1,1
park:1840,osm:5423484286,osm:5423484299,562592443,2265.194009054018,,,track,,,,,,,,,,,,,,,,,,True,True,False,surface_unknown,12,1
park:1841,osm:5423484299,osm:5423484300,562592444,1021.3607073239198,,,track,,,,,,,,,,,,,,,,,,True,True,False,surface_unknown,12,1
park:1842,osm:5423484299,osm:5423484349,562592444,7291.587480432017,,,track,,,,,,,,,,,,,,,,,,True,True,False,surface_unknown,38,1
park:1843,osm:5423484349,osm:5423484354,562592444,768.870416812672,,,track,,,,,,,,,,,,,,,,,,True,True,False,surface_unknown,5,1
park:1844,osm:5423484349,osm:5423484357,562592445,5344.914781549396,,,track,,,,,,,,,,,,,,,,,,True,True,False,surface_unknown,3,1
park:1845,osm:5423484357,osm:5423484358,562592446,14067.821259090982,,,track,,,,,,,,,,,,,,,,,,True,True,False,surface_unknown,12,1
park:1846,osm:5423572264,osm:5423572272,561946642,4463.426386598408,,,tertiary,gravel,grade2,,,60,,,,,,,,,,,,,True,True,False,gravel,19,1
park:1847,osm:5423572264,osm:5423572271,562604569,330.80886686252745,,,track,,,,,,,,,,,,,,,,,,True,True,False,surface_unknown,7,1
park:1848,osm:5423572272,osm:5423572275,562604570,198.55544092331507,,,track,,,,,,,,,,,,,,,,,,True,True,False,surface_unknown,3,1
park:1849,osm:5423572293,osm:5423572297,562604573,156.11366767532866,,,track,,,,,,,,,,,,,,,,,,True,True,False,surface_unknown,4,1
park:1850,osm:5423572297,osm:5423572298,270834904,6970.008182214804,,,track,dirt,grade3,,,,,,forestry,,,,,,,,,,True,True,True,earth_sand,21,1
park:1851,osm:5423572297,osm:5423572576,270834904,5974.7858725669785,,,track,dirt,grade3,,,,,,forestry,,,,,,,,,,True,True,True,earth_sand,15,1
park:1852,osm:5423572298,osm:5423572311,562604574,2851.8948538856107,,,track,,,,,,,,,,,,,,,,,,True,True,False,surface_unknown,13,1
park:1853,osm:5423572311,osm:5423572569,562604575,12410.594049993626,,,track,,,,,,,,,,,,,,,,,,True,True,False,surface_unknown,55,1
park:1854,osm:5423572569,osm:5423572576,562604576,213.05066136665863,,,track,,,,,,,,,,,,,,,,,,True,True,False,surface_unknown,5,1
park:1855,osm:5423572577,osm:5423572579,562604577,646.7271769184625,,,track,gravel,,,,,,,,,,,,,,,,,True,True,False,gravel,2,1
park:1856,osm:5423572592,osm:5423572594,562604579,122.91097131313205,,,track,,,,,,,,,,,,,,,,,,True,True,False,surface_unknown,2,1
park:1857,osm:5423572603,osm:5423572619,562604580,437.2047639435258,,,track,,,,,,,,,,,,,,,,,,True,True,False,surface_unknown,14,1
park:1858,osm:5423572618,osm:5423572651,562604580,16.697125201450582,,,track,,,,,,,,,,,,,,,,,,True,True,False,surface_unknown,1,1
park:1859,osm:5423595099,osm:5423595104,26451337,36.458193848487014,,,tertiary,gravel,grade2,,,60,no,,,,,,,,,,,,True,True,False,gravel,1,1
park:1860,osm:5423595099,osm:5423595105,26451337,3012.064860587022,,,tertiary,gravel,grade2,,,60,no,,,,,,,,,,,,True,True,False,gravel,59,1
park:1861,osm:5423595099,osm:5423595100,562606543,29.78981627861705,,,track,,,,,,,,,,,,,,,,,,True,True,False,surface_unknown,1,1
park:1862,osm:5423595100,osm:5423595103,562606543,87.46002341329456,,,track,,,,,,,,,,,,,,,,,,True,True,False,surface_unknown,3,1
park:1863,osm:5423595100,osm:5423595104,562606544,30.76927049118154,,,track,,,,,,,,,,,,,,,,,,True,True,False,surface_unknown,1,1
park:1864,osm:5423595105,osm:5423595108,26451337,124.31361564585457,,,tertiary,gravel,grade2,,,60,no,,,,,,,,,,,,True,True,False,gravel,5,1
park:1865,osm:5423595105,osm:5423595108,562606545,135.3719090598148,,,track,,,,,,,,,,,,,,,,,,True,True,False,surface_unknown,3,1
park:1866,osm:5423595248,osm:5423595257,562606547,1944.8694055675167,,,track,,,,,,,,,,,,,,,,,,True,True,False,surface_unknown,9,4
park:1867,osm:5423595258,osm:5423595262,562606548,240.81597343553918,,,track,,,,,,,,,,,,,,,,,,True,True,False,surface_unknown,4,18
park:1868,osm:5423608810,osm:666073260,23911018,7300.04403385024,Eland Drive,5978,tertiary,gravel,grade3,,,60,,,,,,,,,,,,,True,True,False,gravel,182,1
park:1869,osm:5423608812,osm:5423608813,562607728,98.10998028655507,,,track,,,,,,,,,,,,,,,,,,True,True,False,surface_unknown,1,1
park:1870,osm:5423608812,osm:5423608814,562607729,126.55829967431825,,,track,,,,,,,,,,,,,,,,,,True,True,False,surface_unknown,1,1
park:1871,osm:5433773022,osm:5433773039,224458723,10.259028253430179,,C38,primary,asphalt,,,,60,no,,yes,,,,,,,,,,True,True,False,paved,1,1
park:1872,osm:5433773022,osm:5433773036,563906161,356.9009528617496,,,unclassified,unpaved,,,,,,,,,,,,,,,,,True,True,False,other_unpaved,14,1
park:1873,osm:5433773036,osm:6153911368,563906168,19.080836224309735,,,unclassified,unpaved,,,,,,roundabout,,,,,,,,,,,False,True,False,other_unpaved,3,1
park:1874,osm:5433773065,osm:6153911601,563906168,51.5420283419379,,,unclassified,unpaved,,,,,,roundabout,,,,,,,,,,,False,True,False,other_unpaved,7,1
park:1875,osm:5433773065,osm:6153911368,563906168,26.163382455404065,,,unclassified,unpaved,,,,,,roundabout,,,,,,,,,,,True,False,False,other_unpaved,4,1
park:1876,osm:5433773065,osm:6153911587,657025820,164.7220474357363,,,residential,,,,,,,,,,,,,,,,,,True,True,False,surface_unknown,1,1
park:1877,osm:5904927563,osm:5904927564,625376485,171.34843342417088,,,track,gravel,grade2,very_bad,,,,,,,,,,,,,,,True,True,False,gravel,1,1
park:1878,osm:5933689829,osm:9888495446,173518553,2923.616805060725,,,unclassified,ground,grade4,,,,,,forestry,,,,,,,,,,True,True,True,earth_sand,3,1
park:1879,osm:6153911368,osm:6153911587,657025819,504.28213094086817,,,residential,,,,,,,,,,,,,,,,,,True,True,False,surface_unknown,20,1
park:1880,osm:6153911587,osm:6153911588,657025820,40.22988249215899,,,residential,,,,,,,,,,,,,,,,,,True,True,False,surface_unknown,1,1
park:1881,osm:6153911589,osm:6153911599,657025821,428.33736264074264,,,residential,,,,,,,,,,,,,,,,,,True,True,False,surface_unknown,21,1
park:1882,osm:6153911599,osm:6153911601,657025822,179.13143924914192,,,residential,,,,,,,,,,,,,,,,,,True,True,False,surface_unknown,1,1
park:1883,osm:6153911599,osm:6153911600,657025822,29.86750530934739,,,residential,,,,,,,,,,,,,,,,,,True,True,False,surface_unknown,1,1
park:1884,osm:6226553781,osm:89025854,665243363,52.00973474902703,,C38,primary,asphalt,,,,60,yes,,,,,,,,,,,,False,True,False,paved,3,1
park:1885,osm:6226725460,osm:6226725465,665260073,43.77171885786925,,,service,gravel,grade2,,,60,no,,,,,,,,,,,,True,True,False,gravel,4,7
park:1886,osm:6226725461,osm:6226725465,23911039,31.393007111463042,,,service,gravel,grade2,,,60,no,,,,,,,,,,,,True,True,False,gravel,5,7
park:1887,osm:6226727086,osm:6226727088,665260080,43.741327716956775,,,unclassified,gravel,grade3,,,60,no,,,,yes,,,,,,,,True,True,False,gravel,1,3
park:1888,osm:6226727087,osm:6226727088,665260081,36.18006221001909,,,unclassified,gravel,grade3,,,60,no,,,,yes,,,,,,,,True,True,False,gravel,1,3
park:1889,osm:6226746202,osm:6226746204,26337762,55.926902242357414,,C38,tertiary,gravel,grade2,very_bad,,60,,,,,,,,,,,,,True,True,False,gravel,2,1
park:1890,osm:6226746202,osm:6226746203,665262085,54.88107143262802,,,service,gravel,grade2,,,,,,,,yes,,,,,,,,True,True,False,gravel,4,1
park:1891,osm:6226746203,osm:6226746204,665262087,51.236701979232166,,,service,gravel,grade2,,,,,,,,yes,,,,,,,,True,True,False,gravel,4,1
park:1892,osm:6228646126,osm:6228646128,665473755,25.977916408590602,,,tertiary,gravel,grade2,,,60,no,,,,yes,,,,,,,,True,True,False,gravel,1,1
park:1893,osm:6935423525,osm:6935423527,224834160,2197.922548755889,,,unclassified,gravel,grade2,,,,,,forestry,,,,,,,,,,True,True,True,gravel,1,1
park:1894,osm:6935423527,osm:6935423560,224834160,2317.1598448814393,,,unclassified,gravel,grade2,,,,,,forestry,,,,,,,,,,True,True,True,gravel,2,1
park:1895,osm:6935423560,osm:6935444505,224834160,3323.343560727292,,,unclassified,gravel,grade2,,,,,,forestry,,,,,,,,,,True,True,True,gravel,2,1
park:1896,osm:6935444523,osm:6935444533,224834160,3002.674802889641,,,unclassified,gravel,grade2,,,,,,forestry,,,,,,,,,,True,True,True,gravel,1,1
park:1897,osm:8041651595,osm:8041651596,225393736,13.319487599717236,,,track,,,,,,,,,,,,,,,,,,True,True,False,surface_unknown,2,1
park:1898,osm:8042263896,osm:8042263898,863313474,40.673221366413514,,,track,,,,,,,,,,,,,,,,,,True,True,False,surface_unknown,2,1
park:1899,osm:89025833,osm:89025846,551124886,876.5669467642024,,C38,primary,asphalt,,,,60,,,,,,,,,,,,,True,True,False,paved,2,1
park:1900,osm:977756935,osm:977757260,84042769,54.73006384679741,,,service,gravel,,,,,,,,,yes,,,,,,,,True,True,False,gravel,2,1
