osm_way_id,name,ref,highway,surface,tracktype,smoothness,width,maxspeed,oneway,junction,access,vehicle,motor_vehicle,motorcar,bridge,tunnel,layer,seasonal,ford,construction,motor_candidate,road_group,length_km,source
23908558,,,unclassified,gravel,grade2,,,60,,,,,yes,,,,,,,,True,gravel,7.131739969255927,OpenStreetMap / Geofabrik 2026-10-03
23908612,,,service,unpaved,grade3,,,,,,,,yes,,,,,,,,True,other_unpaved,3.7351066752860853,OpenStreetMap / Geofabrik 2026-10-03
23908620,,,track,gravel,grade2,,,,,,,,yes,,,,,,,,True,gravel,1.834297153901722,OpenStreetMap / Geofabrik 2026-10-03
23908661,,,tertiary,gravel,grade2,,,60,,,,,yes,,,,,,,,True,gravel,26.03406383494294,OpenStreetMap / Geofabrik 2026-10-03
23909419,,,service,gravel,grade2,,,60,,,,,yes,,,,,,,,True,gravel,2.1849234013319627,OpenStreetMap / Geofabrik 2026-10-03
23909909,,,service,gravel,grade4,,,,,,,,yes,,,,,,,,True,gravel,3.560683669425223,OpenStreetMap / Geofabrik 2026-10-03
23910177,,,service,gravel,grade2,,,,,,,,,,,,,,,,True,gravel,1.127165857725484,OpenStreetMap / Geofabrik 2026-10-03
23910217,,,unclassified,gravel,grade4,,,,,,,,,,,,,,,,True,gravel,6.048370434431938,OpenStreetMap / Geofabrik 2026-10-03
23910266,Halali Road,,tertiary,gravel,grade2,,,60,no,,,,,,,,,,,,True,gravel,39.23824825706158,OpenStreetMap / Geofabrik 2026-10-03
23910273,,,service,gravel,grade2,,,60,no,,,,,,,,,,,,True,gravel,0.07536987642083594,OpenStreetMap / Geofabrik 2026-10-03
23910299,,,track,,grade2,,,,,,forestry,,,,,,,,,,True,surface_unknown,0.804918429496655,OpenStreetMap / Geofabrik 2026-10-03
23910307,,,unclassified,gravel,grade4,,,60,,,,,yes,,,,,,,,True,gravel,6.4821307383685225,OpenStreetMap / Geofabrik 2026-10-03
23910313,,,unclassified,gravel,grade4,,,60,,,,,yes,,,,,,,,True,gravel,0.05109447804084681,OpenStreetMap / Geofabrik 2026-10-03
23910337,,,track,,grade2,,,,,,forestry,,,,,,,,,,True,surface_unknown,0.23930180806600265,OpenStreetMap / Geofabrik 2026-10-03
23911018,Eland Drive,5978,tertiary,gravel,grade3,,,60,,,,,,,,,,,,,True,gravel,41.65037694895109,OpenStreetMap / Geofabrik 2026-10-03
23911039,,,service,gravel,grade2,,,60,no,,,,,,,,,,,,True,gravel,0.03139300711146304,OpenStreetMap / Geofabrik 2026-10-03
23911053,,,unclassified,gravel,grade3,,,60,no,,,,yes,,,,,,,,True,gravel,10.013577341998893,OpenStreetMap / Geofabrik 2026-10-03
23912786,,,track,,,,,,,,forestry,,,,,,,,,,True,surface_unknown,0.29067188354970397,OpenStreetMap / Geofabrik 2026-10-03
23912798,,,service,gravel,grade2,,,60,no,,,,yes,,,,,,,,True,gravel,0.3502914935167205,OpenStreetMap / Geofabrik 2026-10-03
23912806,,,service,gravel,grade2,,,60,no,,,,yes,,,,,,,,True,gravel,0.4518856714845259,OpenStreetMap / Geofabrik 2026-10-03
23912842,,,unclassified,gravel,grade2,,,60,no,,,,,,,,,,,,True,gravel,14.310926747636593,OpenStreetMap / Geofabrik 2026-10-03
23912885,,,track,gravel,grade2,,,,,,,,yes,,,,,,,,True,gravel,0.3980703766389363,OpenStreetMap / Geofabrik 2026-10-03
23912887,,,tertiary,gravel,grade2,,,60,no,,,,yes,,,,,,,,True,gravel,26.35576971728003,OpenStreetMap / Geofabrik 2026-10-03
23938504,,,unclassified,ground,,,,60,,,forestry,,,,,,,,,,True,earth_sand,78.38961474204186,OpenStreetMap / Geofabrik 2026-10-03
23939338,,,service,gravel,grade2,,,60,,,,,yes,,,,,,,,True,gravel,0.1182609948521073,OpenStreetMap / Geofabrik 2026-10-03
23939358,,,track,gravel,grade3,,,60,,,,,yes,,,,,,,,True,gravel,21.293026384408897,OpenStreetMap / Geofabrik 2026-10-03
23939509,,,track,gravel,grade2,,,,,,,,yes,,,,,,,,True,gravel,0.4354428967142115,OpenStreetMap / Geofabrik 2026-10-03
23939514,,,service,gravel,grade2,,,,,,,,yes,,,,,,,,True,gravel,1.6544923219264476,OpenStreetMap / Geofabrik 2026-10-03
23939836,,,tertiary,gravel,grade2,,,60,,,,,yes,,,,,,,,True,gravel,18.339423141606606,OpenStreetMap / Geofabrik 2026-10-03
23950006,,,unclassified,unpaved,,,,,,,forestry,,,,,,,,,,True,other_unpaved,40.539915589840135,OpenStreetMap / Geofabrik 2026-10-03
23950014,,,unclassified,ground,grade4,,,,,,forestry,,,,,,,,,,True,earth_sand,36.6957631632713,OpenStreetMap / Geofabrik 2026-10-03
23950588,,,tertiary,gravel,grade2,,,60,no,,,,yes,,,,,,,,True,gravel,4.3556907338136,OpenStreetMap / Geofabrik 2026-10-03
23950590,,,tertiary,gravel,grade2,,,60,no,,,,yes,,,,,,,,True,gravel,16.023146521948124,OpenStreetMap / Geofabrik 2026-10-03
23990204,Dik-Dik drive / Bloubokdraai,,service,gravel,grade2,,,60,yes,,,,yes,,,,,,,,True,gravel,5.210257202964781,OpenStreetMap / Geofabrik 2026-10-03
23990205,,,service,gravel,grade3,,,60,,,,,yes,,,,,,,,True,gravel,2.1844728273799485,OpenStreetMap / Geofabrik 2026-10-03
23990219,,,unclassified,gravel,grade2,bad,,60,,,,,,,,,,,,,True,gravel,8.122239563351897,OpenStreetMap / Geofabrik 2026-10-03
23990301,,,service,gravel,grade2,,,60,,,,,yes,,,,,,,,True,gravel,0.6702376264476392,OpenStreetMap / Geofabrik 2026-10-03
25582178,,,service,gravel,grade3,,,,yes,,,,yes,,,,,,,,True,gravel,0.2698745323832384,OpenStreetMap / Geofabrik 2026-10-03
26337762,,C38,tertiary,gravel,grade2,very_bad,,60,,,,,,,,,,,,,True,gravel,22.427806776011863,OpenStreetMap / Geofabrik 2026-10-03
26338069,,,service,,grade3,,,,,,,,yes,,,,,,,,True,surface_unknown,0.5061873145976142,OpenStreetMap / Geofabrik 2026-10-03
26338247,,,unclassified,gravel,grade2,,,100,,,,,yes,,,,,,,,True,gravel,0.019319783082953672,OpenStreetMap / Geofabrik 2026-10-03
26338651,,,service,gravel,grade2,,,60,no,,,,yes,,,,,,,,True,gravel,0.3063291136623495,OpenStreetMap / Geofabrik 2026-10-03
26338659,,,unclassified,gravel,grade2,very_bad,,60,,,,,,,,,,,,,True,gravel,4.0445811231742,OpenStreetMap / Geofabrik 2026-10-03
26338735,,,unclassified,gravel,grade2,very_bad,,60,no,,,,,,,,,,,,True,gravel,1.275054775309811,OpenStreetMap / Geofabrik 2026-10-03
26338743,,,service,gravel,grade2,,,60,yes,,,,yes,,,,,,,,True,gravel,0.12125006970672272,OpenStreetMap / Geofabrik 2026-10-03
26338796,,,service,gravel,grade2,,,60,,,,,,,,,,,,,True,gravel,0.2875115797644047,OpenStreetMap / Geofabrik 2026-10-03
26338806,,,unclassified,gravel,grade2,very_bad,,60,no,,,,,,,,,,,,True,gravel,1.1010550515353141,OpenStreetMap / Geofabrik 2026-10-03
26338827,,,unclassified,gravel,grade2,very_bad,,60,,,,,,,,,,,,,True,gravel,2.692138881167942,OpenStreetMap / Geofabrik 2026-10-03
26358476,,,unclassified,asphalt,,,,,,,,,,,,,,,,,True,paved,0.01531829227073842,OpenStreetMap / Geofabrik 2026-10-03
26358876,,,service,gravel,grade2,,,,,,,,yes,,,,,,,,True,gravel,1.2770542790156882,OpenStreetMap / Geofabrik 2026-10-03
26359193,,,track,,grade3,,,,,,,,,,,,,,,,True,surface_unknown,0.1321053751352231,OpenStreetMap / Geofabrik 2026-10-03
26425201,,,service,gravel,,,,,,,,,,,,,,,,,True,gravel,0.10804611791846515,OpenStreetMap / Geofabrik 2026-10-03
26451337,,,tertiary,gravel,grade2,,,60,no,,,,,,,,,,,,True,gravel,45.75934829560943,OpenStreetMap / Geofabrik 2026-10-03
28156748,,,unclassified,,,,,20,,,,,,,,,,,,,True,surface_unknown,0.6381383966725871,OpenStreetMap / Geofabrik 2026-10-03
28156807,,5951,service,gravel,grade2,,,,,,,,yes,,,,,,,,True,gravel,1.4393971236979988,OpenStreetMap / Geofabrik 2026-10-03
28156813,,,service,unpaved,,,,,,,,,yes,,,,,,,,True,other_unpaved,0.4751089976415358,OpenStreetMap / Geofabrik 2026-10-03
28156859,,6077,service,gravel,grade2,,,60,,,,,,,,,,,,,True,gravel,0.27427887899797654,OpenStreetMap / Geofabrik 2026-10-03
28156873,,,service,ground,,,,,,,,,,,,,,,,,True,earth_sand,0.11331870228696464,OpenStreetMap / Geofabrik 2026-10-03
28156942,,,service,gravel,grade2,,,,,,,,yes,,,,,,,,True,gravel,1.7854296954815183,OpenStreetMap / Geofabrik 2026-10-03
28156970,,,track,gravel,grade2,,,60,,,,,yes,,,,,,,,True,gravel,1.7265597951446354,OpenStreetMap / Geofabrik 2026-10-03
28157047,,5930,service,gravel,grade3,,,,,,,,yes,,,,,,,,True,gravel,0.4689539803530669,OpenStreetMap / Geofabrik 2026-10-03
28157161,,,service,gravel,grade2,,,,,,,,,,,,,,,,True,gravel,0.11325797378369003,OpenStreetMap / Geofabrik 2026-10-03
28157254,,6025,track,gravel,grade3,,,,,,,,,,,,,,,,True,gravel,0.24870542071006452,OpenStreetMap / Geofabrik 2026-10-03
28157312,,6019,unclassified,gravel,grade2,,,60,,,,,yes,,,,,,,,True,gravel,0.32319751389051804,OpenStreetMap / Geofabrik 2026-10-03
28157334,,,track,,grade3,,,,,,forestry,,,,,,,,,,True,surface_unknown,2.457612508290535,OpenStreetMap / Geofabrik 2026-10-03
28157364,,,service,gravel,grade3,,,,yes,,,,yes,,,,,,,,True,gravel,0.1126754549470126,OpenStreetMap / Geofabrik 2026-10-03
28157365,,,track,gravel,grade2,,,,,,,,yes,,,,,,,,True,gravel,0.2859664982778656,OpenStreetMap / Geofabrik 2026-10-03
28157426,Doringdraai,6021,track,,grade3,,,,,,,,,,,,,,,,True,surface_unknown,3.2525599857414407,OpenStreetMap / Geofabrik 2026-10-03
31256703,,,service,compacted,,,,,,,,,,,,,,,,,True,other_unpaved,0.5835842325872657,OpenStreetMap / Geofabrik 2026-10-03
32955711,,,unclassified,,,,,20,,,,,,,,,,,,,True,surface_unknown,0.5518447734620426,OpenStreetMap / Geofabrik 2026-10-03
32955712,,,path,,,,,,,,,,,,,,,,,,False,foot_or_nonmotor,0.2918657237278866,OpenStreetMap / Geofabrik 2026-10-03
52372870,,6049,unclassified,gravel,grade4,,,,,,,,,,,,,,,,True,gravel,0.039678182699715535,OpenStreetMap / Geofabrik 2026-10-03
84042769,,,service,gravel,,,,,,,,,yes,,,,,,,,True,gravel,0.054730063846797405,OpenStreetMap / Geofabrik 2026-10-03
84042784,,,path,,,,,,,,,,,,,,,,,,False,foot_or_nonmotor,0.09669397275168162,OpenStreetMap / Geofabrik 2026-10-03
84042815,,,track,,grade3,,,,,,,,,,,,,,,,True,surface_unknown,0.06836359170142185,OpenStreetMap / Geofabrik 2026-10-03
84042822,,,service,gravel,grade2,,,,,,,,yes,,,,,,,,True,gravel,0.08759497087091221,OpenStreetMap / Geofabrik 2026-10-03
88450570,,,track,gravel,grade2,,,60,no,,private,,,,,,,,,,True,gravel,0.3534775145232446,OpenStreetMap / Geofabrik 2026-10-03
93458953,,,track,,grade3,,,,,,,,,,,,,,,,True,surface_unknown,0.0378290096812279,OpenStreetMap / Geofabrik 2026-10-03
93458954,,,track,,grade3,,,,,,,,,,,,,,,,True,surface_unknown,0.03431540967582369,OpenStreetMap / Geofabrik 2026-10-03
93458956,,,service,gravel,,,,,,,,,,,,,,,,,True,gravel,0.06195309372954618,OpenStreetMap / Geofabrik 2026-10-03
109553709,,,service,,,,,,,,,,,,,,,,,,True,surface_unknown,0.12300057917247084,OpenStreetMap / Geofabrik 2026-10-03
109553712,,,service,,,,,,,,,,,,,,,,,,True,surface_unknown,0.4895470582859558,OpenStreetMap / Geofabrik 2026-10-03
109553716,,,service,,,,,,,,,,,,,,,,,,True,surface_unknown,0.16094612328841387,OpenStreetMap / Geofabrik 2026-10-03
109553722,,,service,,,,,,,,,,,,,,,,,,True,surface_unknown,0.4300686966109647,OpenStreetMap / Geofabrik 2026-10-03
109553739,,,service,,,,,,,,,,,,,,,,,,True,surface_unknown,0.028887425653927077,OpenStreetMap / Geofabrik 2026-10-03
109553740,,,service,,,,,,,,,,,,,,,,,,True,surface_unknown,0.5073703771343896,OpenStreetMap / Geofabrik 2026-10-03
109553742,,,service,,,,,,,,,,,,,,,,,,True,surface_unknown,0.2634406802951419,OpenStreetMap / Geofabrik 2026-10-03
109553746,,,service,,,,,,,,,,,,,,,,,,True,surface_unknown,0.3050468826249223,OpenStreetMap / Geofabrik 2026-10-03
109557447,Rhino Drive,,unclassified,gravel,grade2,,,60,,,,,,,,,,,,,True,gravel,29.31703277359274,OpenStreetMap / Geofabrik 2026-10-03
114786559,,,track,,,,,,,,forestry,,,,,,,,,,True,surface_unknown,83.51072331222666,OpenStreetMap / Geofabrik 2026-10-03
132015305,,,footway,concrete:plates,,,,,,,,,,,,,,,,,False,foot_or_nonmotor,0.15481842867695653,OpenStreetMap / Geofabrik 2026-10-03
136067498,,,track,dirt,grade4,,,,,,forestry,,,,,,,,,,True,earth_sand,1.1160763153230047,OpenStreetMap / Geofabrik 2026-10-03
173518553,,,unclassified,ground,grade4,,,,,,forestry,,,,,,,,,,True,earth_sand,126.50069612661547,OpenStreetMap / Geofabrik 2026-10-03
173914351,,,unclassified,gravel,grade2,,,60,,,,,yes,,,,,,,,True,gravel,17.688402042620076,OpenStreetMap / Geofabrik 2026-10-03
173914359,,,unclassified,gravel,grade2,,,60,,,,,yes,,,,,,,,True,gravel,8.331917576392172,OpenStreetMap / Geofabrik 2026-10-03
173914360,,,track,,grade2,,,,,,,,,,,,,,,,True,surface_unknown,0.11711112921170877,OpenStreetMap / Geofabrik 2026-10-03
173914361,,,residential,dirt,grade3,,,,,,forestry,,,,,,,,,,True,earth_sand,0.0626864817743954,OpenStreetMap / Geofabrik 2026-10-03
173914366,,6025,residential,dirt,grade3,,,,,,forestry,,,,,,,,,,True,earth_sand,0.18405011874770302,OpenStreetMap / Geofabrik 2026-10-03
173940110,,,unclassified,,,,,,,,,,,,,,,,,,True,surface_unknown,0.11449589037695097,OpenStreetMap / Geofabrik 2026-10-03
173940111,,,path,,,,,,,,,,,,,,,,,,False,foot_or_nonmotor,0.08189422830046336,OpenStreetMap / Geofabrik 2026-10-03
173940113,,,residential,,grade2,,,,,,,,,,,,,,,,True,surface_unknown,0.4172460240913618,OpenStreetMap / Geofabrik 2026-10-03
173940114,,,path,,,,,,,,,,,,,,,,,,False,foot_or_nonmotor,0.029286206079184217,OpenStreetMap / Geofabrik 2026-10-03
173940115,,,path,,,,,,,,,,,,,,,,,,False,foot_or_nonmotor,0.007093654310609423,OpenStreetMap / Geofabrik 2026-10-03
173940116,,,path,,,,,,,,,,,,,,,,,,False,foot_or_nonmotor,0.003575197474630602,OpenStreetMap / Geofabrik 2026-10-03
173940117,,,path,,,,,,,,,,,,,,,,,,False,foot_or_nonmotor,0.008072237801103393,OpenStreetMap / Geofabrik 2026-10-03
173940118,,,path,,,,,,,,,,,,,,,,,,False,foot_or_nonmotor,0.006404695544614062,OpenStreetMap / Geofabrik 2026-10-03
173940119,,,path,,,,,,,,,,,,,,,,,,False,foot_or_nonmotor,0.01989640788024807,OpenStreetMap / Geofabrik 2026-10-03
173940120,,,path,,,,,,,,,,,,,,,,,,False,foot_or_nonmotor,0.011402053080865183,OpenStreetMap / Geofabrik 2026-10-03
173940121,,,unclassified,,,,,20,,,,,,,,,,,,,True,surface_unknown,0.020299997743771645,OpenStreetMap / Geofabrik 2026-10-03
173940122,,,path,,,,,,,,,,,,,,,,,,False,foot_or_nonmotor,0.01211089452514502,OpenStreetMap / Geofabrik 2026-10-03
173940123,,,path,,,,,,,,,,,,,,,,,,False,foot_or_nonmotor,0.004618934662148525,OpenStreetMap / Geofabrik 2026-10-03
173940124,,,residential,,grade3,,,,,,,,,,,,,,,,True,surface_unknown,0.32519967829423435,OpenStreetMap / Geofabrik 2026-10-03
173940125,,,path,,,,,,,,,,,,,,,,,,False,foot_or_nonmotor,0.29677789764316026,OpenStreetMap / Geofabrik 2026-10-03
173940126,,,residential,,,,,,,,,,,,,,,,,,True,surface_unknown,0.5026250130010902,OpenStreetMap / Geofabrik 2026-10-03
173940127,,,path,,,,,,,,,,,,,,,,,,False,foot_or_nonmotor,0.1178896408204018,OpenStreetMap / Geofabrik 2026-10-03
173940128,,,path,,,,,,,,,,,,,,,,,,False,foot_or_nonmotor,0.023374709806296613,OpenStreetMap / Geofabrik 2026-10-03
173940129,,,unclassified,,,,,,,,,,,,,,,,,,True,surface_unknown,0.021442428932506336,OpenStreetMap / Geofabrik 2026-10-03
173940130,,,path,,,,,,,,,,,,,,,,,,False,foot_or_nonmotor,0.02905331882453152,OpenStreetMap / Geofabrik 2026-10-03
173940131,,,path,,,,,,,,,,,,,,,,,,False,foot_or_nonmotor,0.01375694547299947,OpenStreetMap / Geofabrik 2026-10-03
173940132,,,track,,,,,,,,,,,,,,,,,,True,surface_unknown,0.4936164691817121,OpenStreetMap / Geofabrik 2026-10-03
173940133,,,path,,,,,,,,,,,,,,,,,,False,foot_or_nonmotor,0.016843688170798274,OpenStreetMap / Geofabrik 2026-10-03
173940135,,,path,,,,,,,,,,,,,,,,,,False,foot_or_nonmotor,0.02652326738023437,OpenStreetMap / Geofabrik 2026-10-03
173940137,,,path,,,,,,,,,,,,,,,,,,False,foot_or_nonmotor,0.8832242439975012,OpenStreetMap / Geofabrik 2026-10-03
173940139,,,unclassified,,,,,,,,,,,,,,,,,,True,surface_unknown,0.05032609688756145,OpenStreetMap / Geofabrik 2026-10-03
173940141,,,residential,,,,,,,,,,,,,,,,,,True,surface_unknown,0.1934994145706827,OpenStreetMap / Geofabrik 2026-10-03
173940142,,,path,,,,,,,,,,,,,,,,,,False,foot_or_nonmotor,0.09304721868646935,OpenStreetMap / Geofabrik 2026-10-03
173940143,,,unclassified,,,,,20,,,,,,,,,,,,,True,surface_unknown,0.030721079553133274,OpenStreetMap / Geofabrik 2026-10-03
173940144,,,path,,,,,,,,,,,,,,,,,,False,foot_or_nonmotor,0.08062865095936234,OpenStreetMap / Geofabrik 2026-10-03
173940145,,,path,,,,,,,,,,,,,,,,,,False,foot_or_nonmotor,0.09589740323382487,OpenStreetMap / Geofabrik 2026-10-03
173940146,,,unclassified,,,,,,,,,,,,,,,,,,True,surface_unknown,0.07094523605019265,OpenStreetMap / Geofabrik 2026-10-03
173982453,,,track,,,,,,,,,,,,,,,,,,True,surface_unknown,0.06162844885318836,OpenStreetMap / Geofabrik 2026-10-03
173982454,,,track,,,,,,,,,,,,,,,,,,True,surface_unknown,0.13689484075420424,OpenStreetMap / Geofabrik 2026-10-03
173982455,,,track,,,,,,,,,,,,,,,,,,True,surface_unknown,0.16908980303724744,OpenStreetMap / Geofabrik 2026-10-03
173982456,,,track,,,,,,,,,,,,,,,,,,True,surface_unknown,0.16318460137948135,OpenStreetMap / Geofabrik 2026-10-03
173982457,,,track,,,,,,,,,,,,,,,,,,True,surface_unknown,0.09793309154897181,OpenStreetMap / Geofabrik 2026-10-03
173982458,,,track,,,,,,,,,,,,,,,,,,True,surface_unknown,0.3393036953850919,OpenStreetMap / Geofabrik 2026-10-03
176232287,,,unclassified,,,,,,,,,,,,,,,,,,True,surface_unknown,0.21601229654102533,OpenStreetMap / Geofabrik 2026-10-03
176232288,,,unclassified,,,,,,,,,,,,,,,,,,True,surface_unknown,0.0665842227928897,OpenStreetMap / Geofabrik 2026-10-03
176232289,,,unclassified,,,,,,,,,,,,,,,,,,True,surface_unknown,0.15237091929994473,OpenStreetMap / Geofabrik 2026-10-03
215064876,,,service,,,,,,yes,,,,,,,,,,,,True,surface_unknown,0.2818421422018294,OpenStreetMap / Geofabrik 2026-10-03
215064877,,,service,,,,,,,,,,,,,,,,,,True,surface_unknown,0.4131056207525653,OpenStreetMap / Geofabrik 2026-10-03
215065183,,,service,dirt,,,,,,,,,,,,,,,,,True,earth_sand,0.5648170163236241,OpenStreetMap / Geofabrik 2026-10-03
215067193,,,footway,,,,,,,,,,,,,,,,,,False,foot_or_nonmotor,0.07092372583608711,OpenStreetMap / Geofabrik 2026-10-03
215067194,,,service,,,,,,yes,,,private,,,,,,,,,True,surface_unknown,0.036187602095982346,OpenStreetMap / Geofabrik 2026-10-03
215067196,,,footway,,,,,,,,,,,,,,,,,,False,foot_or_nonmotor,0.015845926478512542,OpenStreetMap / Geofabrik 2026-10-03
215067201,,,footway,,,,,,,,,,,,,,,,,,False,foot_or_nonmotor,0.07221148890614511,OpenStreetMap / Geofabrik 2026-10-03
215067203,,,service,,,,,,,,,private,,,,,,,,,True,surface_unknown,0.1695519561955268,OpenStreetMap / Geofabrik 2026-10-03
224458720,,,unclassified,asphalt,,,,10,,,,,,,,,,,,,True,paved,0.05018012310203481,OpenStreetMap / Geofabrik 2026-10-03
224458721,,,unclassified,gravel,,,,60,no,,,,,,,,,,,,True,gravel,0.013832717495350259,OpenStreetMap / Geofabrik 2026-10-03
224458723,,C38,primary,asphalt,,,,60,no,,yes,,,,,,,,,,True,paved,17.48233855639249,OpenStreetMap / Geofabrik 2026-10-03
224458811,,,unclassified,gravel,grade2,,,60,no,,,,,,,,,,,,True,gravel,10.944979842885711,OpenStreetMap / Geofabrik 2026-10-03
224458814,,,service,gravel,grade2,,,,yes,,,,yes,,,,,,,,True,gravel,0.15994414198620086,OpenStreetMap / Geofabrik 2026-10-03
224458815,,,track,,grade2,,,,,,,,,,,,,,,,True,surface_unknown,0.9689284000929215,OpenStreetMap / Geofabrik 2026-10-03
224458818,,,track,,,,,,,,forestry,,,,,,,,,,True,surface_unknown,17.422340628985964,OpenStreetMap / Geofabrik 2026-10-03
224458821,,,track,,,,,,,,,,,,,,,,,,True,surface_unknown,0.3780557031627842,OpenStreetMap / Geofabrik 2026-10-03
224458822,,,track,,,,,,,,forestry,,,,,,,,,,True,surface_unknown,4.267659876844956,OpenStreetMap / Geofabrik 2026-10-03
224458824,,,service,,,,,,yes,,,,,,,,,,,,True,surface_unknown,0.10547424640876153,OpenStreetMap / Geofabrik 2026-10-03
224458826,,,service,dirt,grade4,,,,,,,,yes,,,,,,,,True,earth_sand,9.9084252036586,OpenStreetMap / Geofabrik 2026-10-03
224458827,,,track,gravel,grade2,,,,,,,,yes,,,,,,,,True,gravel,0.2184149765079957,OpenStreetMap / Geofabrik 2026-10-03
224458828,,,residential,gravel,,,,,,,private,,,,,,,,,,True,gravel,0.618832232403145,OpenStreetMap / Geofabrik 2026-10-03
224458829,,,tertiary,gravel,,,,60,,,,,,,,,,,,,True,gravel,25.414911642244682,OpenStreetMap / Geofabrik 2026-10-03
224458830,,,service,gravel,grade2,,,,,,,,yes,,,,,,,,True,gravel,1.8167992670168969,OpenStreetMap / Geofabrik 2026-10-03
224458832,,,unclassified,,,,,,,,forestry,,,,,,,,,,True,surface_unknown,0.247729107119366,OpenStreetMap / Geofabrik 2026-10-03
224458834,,,service,gravel,grade2,,,60,,,,,,,,,,,,,True,gravel,0.1682901717618878,OpenStreetMap / Geofabrik 2026-10-03
224458835,,6305,tertiary,gravel,,bad,,60,,,,,,,,,,,,,True,gravel,2.7422692619721825,OpenStreetMap / Geofabrik 2026-10-03
224458836,,,track,,,,,,,,forestry,,,,,,,,,,True,surface_unknown,4.2369673647956025,OpenStreetMap / Geofabrik 2026-10-03
224458837,,,service,,,,,,,,,,yes,,,,,,,,True,surface_unknown,0.08114055471881898,OpenStreetMap / Geofabrik 2026-10-03
224458838,,,service,gravel,,,,,,,,,,,,,,,,,True,gravel,0.5374882061590538,OpenStreetMap / Geofabrik 2026-10-03
224458839,,,service,,,,,,,,,,yes,,,,,,,,True,surface_unknown,1.578850087418084,OpenStreetMap / Geofabrik 2026-10-03
224458841,,,track,,,,,,,,forestry,,,,,,,,,,True,surface_unknown,26.32967009477406,OpenStreetMap / Geofabrik 2026-10-03
224458842,,,service,,,,,,yes,,,,yes,,,,,,,,True,surface_unknown,0.2800087872837856,OpenStreetMap / Geofabrik 2026-10-03
224458843,,,track,,,,,,,,forestry,,,,,,,,,,True,surface_unknown,0.37192666674838837,OpenStreetMap / Geofabrik 2026-10-03
224458846,,6305,tertiary,gravel,grade2,,,60,no,,,,yes,,,,,,,,True,gravel,47.18122199700216,OpenStreetMap / Geofabrik 2026-10-03
224458847,,,service,,,,,,,,,,,,,,,,,,True,surface_unknown,0.04335158945444998,OpenStreetMap / Geofabrik 2026-10-03
224458849,,,service,,,,,,,,private,,,,,,,,,,True,surface_unknown,0.12892641489598322,OpenStreetMap / Geofabrik 2026-10-03
224458851,,,track,,,,,,,,forestry,,,,,,,,,,True,surface_unknown,0.41499819394040804,OpenStreetMap / Geofabrik 2026-10-03
224458853,,,track,,grade3,,,,,,forestry,,,,,,,,,,True,surface_unknown,47.58841514044087,OpenStreetMap / Geofabrik 2026-10-03
224458856,,,track,,,,,,,,,,yes,,,,,,,,True,surface_unknown,0.23608127398367265,OpenStreetMap / Geofabrik 2026-10-03
224458858,,,track,,,,,,,,forestry,,,,,,,,,,True,surface_unknown,0.8185352077539759,OpenStreetMap / Geofabrik 2026-10-03
224458861,,,path,,,,,,,,,,,,,,,,,,False,foot_or_nonmotor,0.8793555038218623,OpenStreetMap / Geofabrik 2026-10-03
224458862,,,service,gravel,,,,,yes,,,,yes,,,,,,,,True,gravel,0.3631922941601362,OpenStreetMap / Geofabrik 2026-10-03
224458864,,,service,dirt,,,,,yes,,,,yes,,,,,,,,True,earth_sand,0.1587513910704916,OpenStreetMap / Geofabrik 2026-10-03
224458866,,,service,,,,,,,,,,yes,,,,,,,,True,surface_unknown,0.3826464205370838,OpenStreetMap / Geofabrik 2026-10-03
224458869,,,unclassified,,,,,,,,,,,,,,,,,,True,surface_unknown,0.19871386443706482,OpenStreetMap / Geofabrik 2026-10-03
224458870,,,track,,,,,,,,private,,,,,,,,,,True,surface_unknown,0.057885814224374284,OpenStreetMap / Geofabrik 2026-10-03
224458871,,,unclassified,gravel,grade2,,,60,no,,,,,,,,,,,,True,gravel,0.03788597435254135,OpenStreetMap / Geofabrik 2026-10-03
224458872,,,unclassified,paving_stones,,,,,,,,,,,,,,,,,True,paved,0.024228821170401014,OpenStreetMap / Geofabrik 2026-10-03
224458873,,,tertiary,gravel,,,,60,,,yes,,,,,,,,,,True,gravel,41.110825691909966,OpenStreetMap / Geofabrik 2026-10-03
224458874,,,track,,,,,,,,,,,,,,,,,,True,surface_unknown,1.224686831059339,OpenStreetMap / Geofabrik 2026-10-03
224458875,,,service,dirt,,,,,,,,,,,,,,,,,True,earth_sand,2.311106446076088,OpenStreetMap / Geofabrik 2026-10-03
224458877,,,track,,,,,,,,,,,,,,,,,,True,surface_unknown,0.011069304773186857,OpenStreetMap / Geofabrik 2026-10-03
224458878,,,footway,paving_stones,,,,,,,,,,,,,,,,,False,foot_or_nonmotor,0.08578189473955943,OpenStreetMap / Geofabrik 2026-10-03
224458879,,,track,gravel,grade2,,,,,,,,,,,,,,,,True,gravel,0.05296899310312397,OpenStreetMap / Geofabrik 2026-10-03
224458880,,,track,,,,,,,,,,,,,,,,,,True,surface_unknown,0.060179465100869405,OpenStreetMap / Geofabrik 2026-10-03
224458882,,,track,,,,,,,,,,,,,,,,,,True,surface_unknown,0.022909585331814177,OpenStreetMap / Geofabrik 2026-10-03
224458884,,,track,,,,,,,,forestry,,,,,,,,,,True,surface_unknown,0.025782620610372786,OpenStreetMap / Geofabrik 2026-10-03
224458887,,,track,,,,,,,,forestry,,,,,,,,,,True,surface_unknown,0.022805157499477702,OpenStreetMap / Geofabrik 2026-10-03
224458890,,,footway,grass_paver,,,,,,,,,,,,,,,,,False,foot_or_nonmotor,0.06773153291461063,OpenStreetMap / Geofabrik 2026-10-03
224458891,,,track,,grade2,,,,,,forestry,,,,,,,,,,True,surface_unknown,0.04955451050235211,OpenStreetMap / Geofabrik 2026-10-03
224458894,,,track,gravel,grade3,,,,,,forestry,,yes,,,,,,,,True,gravel,3.129595474346083,OpenStreetMap / Geofabrik 2026-10-03
224458896,,,tertiary,gravel,grade2,,,100,,,,,,,,,,,,,True,gravel,42.59895257665672,OpenStreetMap / Geofabrik 2026-10-03
224458906,,,unclassified,gravel,grade2,,,60,no,,,,,,,,,,,,True,gravel,6.433559714484909,OpenStreetMap / Geofabrik 2026-10-03
224458909,,,service,gravel,grade3,,,,,,,,yes,,,,,,,,True,gravel,5.571985592398047,OpenStreetMap / Geofabrik 2026-10-03
224458912,,,unclassified,gravel,grade2,,,,yes,,,,yes,,,,,,,,True,gravel,0.03201699573706088,OpenStreetMap / Geofabrik 2026-10-03
224458917,,,track,,grade3,,,,,,forestry,,yes,,,,,,,,True,surface_unknown,29.321416860770235,OpenStreetMap / Geofabrik 2026-10-03
224458927,,,track,,,,,,,,,,yes,,,,,,,,True,surface_unknown,0.0691096999937982,OpenStreetMap / Geofabrik 2026-10-03
224458928,,,track,,,,,,,,,,,,,,,,,,True,surface_unknown,3.671983967418207,OpenStreetMap / Geofabrik 2026-10-03
224458929,,,track,,grade4,,,,,,,,,,,,,,,,True,surface_unknown,0.7940505223945703,OpenStreetMap / Geofabrik 2026-10-03
224458930,,,track,,,,,,,,,,,,,,,,,,True,surface_unknown,0.09383869486710514,OpenStreetMap / Geofabrik 2026-10-03
224458933,,,track,gravel,grade2,,,,,,,,yes,,,,,,,,True,gravel,0.04079572017230108,OpenStreetMap / Geofabrik 2026-10-03
224458935,,,unclassified,paving_stones,,,,,,,,,,,,,,,,,True,paved,0.23442888925217456,OpenStreetMap / Geofabrik 2026-10-03
224458936,,,track,,,,,,,,,,,,,,,,,,True,surface_unknown,0.04953799705976041,OpenStreetMap / Geofabrik 2026-10-03
224458938,,,tertiary,gravel,grade2,,,60,,,,,,,,,,,,,True,gravel,30.03027166899299,OpenStreetMap / Geofabrik 2026-10-03
224458946,,,unclassified,gravel,,,,,,,forestry,,,,,,,,,,True,gravel,61.14619681028789,OpenStreetMap / Geofabrik 2026-10-03
224458947,,,footway,paving_stones,,,,,,,,,,,,,,,,,False,foot_or_nonmotor,0.07490280428360085,OpenStreetMap / Geofabrik 2026-10-03
224458948,,,service,,,,,,,,,,yes,,,,,,,,True,surface_unknown,0.06769704913937354,OpenStreetMap / Geofabrik 2026-10-03
224458949,,,footway,paving_stones,,,,,,,,,,,,,,,,,False,foot_or_nonmotor,0.06985506725210654,OpenStreetMap / Geofabrik 2026-10-03
224458951,,,footway,paving_stones,,,,,,,,,,,,,,,,,False,foot_or_nonmotor,0.06979639967526739,OpenStreetMap / Geofabrik 2026-10-03
224458954,,,track,dirt,grade3,,,,,,forestry,,,,,,,,,,True,earth_sand,7.339926421995234,OpenStreetMap / Geofabrik 2026-10-03
224458955,,,track,dirt,grade3,,,,,,forestry,,,,,,,,,,True,earth_sand,116.7236169463584,OpenStreetMap / Geofabrik 2026-10-03
224458956,,,tertiary,gravel,,,,60,,,,,,,,,,,,,True,gravel,6.6037878249238995,OpenStreetMap / Geofabrik 2026-10-03
224458959,,,unclassified,paving_stones,,,,,yes,roundabout,,,,,,,,,,,True,paved,0.04084350318322348,OpenStreetMap / Geofabrik 2026-10-03
224458960,Okaukuejo Airstrip Road,,service,gravel,,,,,,,,,,,,,,,,,True,gravel,0.175378152190047,OpenStreetMap / Geofabrik 2026-10-03
224458961,,,service,gravel,grade2,,,60,no,,,,yes,,,,,,,,True,gravel,0.12490717173951559,OpenStreetMap / Geofabrik 2026-10-03
224458963,,,footway,paving_stones,,,,,,,,,,,,,,,,,False,foot_or_nonmotor,0.10200287349709528,OpenStreetMap / Geofabrik 2026-10-03
224458965,,,track,gravel,grade2,,,60,yes,,,,yes,,,,,,,,True,gravel,0.18582975817988306,OpenStreetMap / Geofabrik 2026-10-03
224458968,,,track,,,,,,,,forestry,,,,,,,,,,True,surface_unknown,6.036052293809984,OpenStreetMap / Geofabrik 2026-10-03
224458969,,,service,,,,,,,,,,,,,,,,,,True,surface_unknown,0.22689205218725356,OpenStreetMap / Geofabrik 2026-10-03
224458970,,,tertiary,gravel,,,,60,no,,,,,,,,,,,,True,gravel,12.109461286647822,OpenStreetMap / Geofabrik 2026-10-03
224458972,,,footway,,,,,,,,,,,,,,,,,,False,foot_or_nonmotor,0.18848605765009357,OpenStreetMap / Geofabrik 2026-10-03
224458973,,,tertiary,gravel,,,,100,,,,,,,,,,,,,True,gravel,6.8600173144338354,OpenStreetMap / Geofabrik 2026-10-03
224474470,,,track,,,,,,,,,,,,,,,,,,True,surface_unknown,3.5860871241615513,OpenStreetMap / Geofabrik 2026-10-03
224474474,,,unclassified,ground,,,,,,,,,,,,,,,,,True,earth_sand,0.5857865942975977,OpenStreetMap / Geofabrik 2026-10-03
224474477,,,service,,,,,,,,,,,,,,,,,,True,surface_unknown,0.2022810837556945,OpenStreetMap / Geofabrik 2026-10-03
224474481,,,track,dirt,grade4,,,,,,forestry,,,,,,,,,,True,earth_sand,8.243520820517551,OpenStreetMap / Geofabrik 2026-10-03
224474490,,,track,dirt,grade4,,,,,,forestry,,,,,,,,,,True,earth_sand,0.6211697719353906,OpenStreetMap / Geofabrik 2026-10-03
224474493,,,track,,,,,,,,forestry,,,,,,,,,,True,surface_unknown,8.142962866018385,OpenStreetMap / Geofabrik 2026-10-03
224474510,,,track,dirt,grade4,,,,,,forestry,,,,,,,,,,True,earth_sand,0.6550811059971298,OpenStreetMap / Geofabrik 2026-10-03
224474513,,,track,,,,,,,,,,,,,,,,,,True,surface_unknown,0.027350188419218317,OpenStreetMap / Geofabrik 2026-10-03
224474515,,,track,,,,,,,,,,,,,,,,,,True,surface_unknown,1.2994173421036093,OpenStreetMap / Geofabrik 2026-10-03
224474518,,,track,dirt,grade4,,,,,,forestry,,,,,,,,,,True,earth_sand,0.21479485883937405,OpenStreetMap / Geofabrik 2026-10-03
224474521,,,unclassified,ground,grade5,,,,,,forestry,,,,,,,,,,True,earth_sand,40.198247925338826,OpenStreetMap / Geofabrik 2026-10-03
224474543,,,path,,,,,,,,,,,,,,,,,,False,foot_or_nonmotor,1.393502146110019,OpenStreetMap / Geofabrik 2026-10-03
224482894,,,track,dirt,grade4,,,,,,forestry,,,,,,,,,,True,earth_sand,32.524311085127145,OpenStreetMap / Geofabrik 2026-10-03
224482895,,,track,ground,grade4,,,,,,forestry,,,,,,,,,,True,earth_sand,0.17020926099740966,OpenStreetMap / Geofabrik 2026-10-03
224482896,,,unclassified,ground,,,,,,,forestry,,,,,,,,,,True,earth_sand,3.625391262801555,OpenStreetMap / Geofabrik 2026-10-03
224482897,,,unclassified,ground,,,,,,,forestry,,,,,,,,yes,,True,earth_sand,0.8464130717324503,OpenStreetMap / Geofabrik 2026-10-03
224482898,,,unclassified,ground,,,,,,,forestry,,,,,,,,,,True,earth_sand,20.79963384359062,OpenStreetMap / Geofabrik 2026-10-03
224482899,,,unclassified,ground,,,,,,,forestry,,,,,,,,,,True,earth_sand,0.5723938456457437,OpenStreetMap / Geofabrik 2026-10-03
224482900,,,unclassified,ground,,,,,,,forestry,,,,,,,,,,True,earth_sand,1.7426041860221169,OpenStreetMap / Geofabrik 2026-10-03
224482901,,,unclassified,,,,,,,,forestry,,,,,,,,yes,,True,surface_unknown,1.2593193722377412,OpenStreetMap / Geofabrik 2026-10-03
224482902,,,tertiary,gravel,,,,60,no,,yes,,,,,,,,,,True,gravel,14.929789021843538,OpenStreetMap / Geofabrik 2026-10-03
224482903,,,unclassified,ground,,,,,,,forestry,,,,,,,,,,True,earth_sand,6.996869260535057,OpenStreetMap / Geofabrik 2026-10-03
224482904,,,unclassified,ground,,,,,,,forestry,,,,,,,,,,True,earth_sand,0.4061780330399156,OpenStreetMap / Geofabrik 2026-10-03
224482905,,,unclassified,ground,,,,,,,,,,,,,,,,,True,earth_sand,1.9210851072757573,OpenStreetMap / Geofabrik 2026-10-03
224482906,,,unclassified,ground,,,,,,,forestry,,,,,,,,yes,,True,earth_sand,0.03670802261118443,OpenStreetMap / Geofabrik 2026-10-03
224482908,,,unclassified,ground,,,,,,,forestry,,,,,,,,,,True,earth_sand,0.4760148275065505,OpenStreetMap / Geofabrik 2026-10-03
224482909,,,track,,,,,,,,,,,,,,,,,,True,surface_unknown,2.81901169810391,OpenStreetMap / Geofabrik 2026-10-03
224482910,,,track,ground,grade4,,,,,,forestry,,,,,,,,,,True,earth_sand,0.04890014761089151,OpenStreetMap / Geofabrik 2026-10-03
224482911,,,unclassified,ground,,,,,,,forestry,,,,,,,,,,True,earth_sand,0.2586465827177083,OpenStreetMap / Geofabrik 2026-10-03
224482912,,,unclassified,gravel,,,,,,,forestry,,,,,,,,yes,,True,gravel,0.2731450776242341,OpenStreetMap / Geofabrik 2026-10-03
224482913,,,unclassified,ground,,,,,,,forestry,,,,,,,,,,True,earth_sand,38.52921898640769,OpenStreetMap / Geofabrik 2026-10-03
224482914,,,unclassified,ground,,,,,,,forestry,,,,,,,,yes,,True,earth_sand,1.2416156338602966,OpenStreetMap / Geofabrik 2026-10-03
224482915,,,unclassified,ground,,,,,,,forestry,,,,,,,,,,True,earth_sand,3.4992972797668633,OpenStreetMap / Geofabrik 2026-10-03
224489032,,,track,gravel,grade3,,,,,,private,,,,,,,,,,True,gravel,11.505299490664905,OpenStreetMap / Geofabrik 2026-10-03
224491101,,,track,,,,,,,,,,,,,,,,,,True,surface_unknown,0.041241306513226925,OpenStreetMap / Geofabrik 2026-10-03
224491102,,,track,,,,,,,,forestry,,,,,,,,,,True,surface_unknown,3.6427981941586283,OpenStreetMap / Geofabrik 2026-10-03
224495468,,,footway,,,,,,,,,,,,,,,,,,False,foot_or_nonmotor,0.06835509411303084,OpenStreetMap / Geofabrik 2026-10-03
224495469,,,track,,,,,,,,forestry,,,,,,,,,,True,surface_unknown,4.305491355109152,OpenStreetMap / Geofabrik 2026-10-03
224495472,,,footway,,,,,,,,,,,,,building_passage,,,,,False,foot_or_nonmotor,0.008327522263786307,OpenStreetMap / Geofabrik 2026-10-03
224495473,,,footway,,,,,,,,,,,,,,,,,,False,foot_or_nonmotor,0.014859871038699141,OpenStreetMap / Geofabrik 2026-10-03
224495474,,,service,,,,,10,,,private,,,,,,,,,,True,surface_unknown,0.16053603405867597,OpenStreetMap / Geofabrik 2026-10-03
224495475,,,track,dirt,,,,,,,,,,,,,,,,,True,earth_sand,0.45082666311446823,OpenStreetMap / Geofabrik 2026-10-03
224495477,,,residential,dirt,,,,,,,,,,,,,,,,,True,earth_sand,0.6528994120721745,OpenStreetMap / Geofabrik 2026-10-03
224495478,,,footway,,,,,,,,,,,,,,,,,,False,foot_or_nonmotor,0.015241618673478641,OpenStreetMap / Geofabrik 2026-10-03
224495479,,,footway,,,,,,,,,,,,,,,,,,False,foot_or_nonmotor,0.012673104304172542,OpenStreetMap / Geofabrik 2026-10-03
224495480,,,footway,,,,,,,,,,,,,,,,,,False,foot_or_nonmotor,0.013182277118956911,OpenStreetMap / Geofabrik 2026-10-03
224495481,,,footway,,,,,,,,,,,,,,,,,,False,foot_or_nonmotor,0.014851337430581786,OpenStreetMap / Geofabrik 2026-10-03
224495482,,,footway,,,,,,,,,,,,,,,,,,False,foot_or_nonmotor,0.02350460893261054,OpenStreetMap / Geofabrik 2026-10-03
224495483,,,footway,,,,,,,,,,,,,,,,,,False,foot_or_nonmotor,0.03403710415025869,OpenStreetMap / Geofabrik 2026-10-03
224495484,,,track,,,,,,,,,,yes,,,,,,,,True,surface_unknown,0.2325987227980759,OpenStreetMap / Geofabrik 2026-10-03
224495485,,,footway,,,,,,,,,private,,,,,,,,,False,foot_or_nonmotor,0.5157673753285663,OpenStreetMap / Geofabrik 2026-10-03
224495486,,,footway,,,,,,,,,,,,,,,,,,False,foot_or_nonmotor,0.03162265071702726,OpenStreetMap / Geofabrik 2026-10-03
224495488,,,footway,,,,,,,,,,,,,,,,,,False,foot_or_nonmotor,0.02132616278461724,OpenStreetMap / Geofabrik 2026-10-03
224495489,,,footway,,,,,,,,,,,,,,,,,,False,foot_or_nonmotor,0.07444180960458237,OpenStreetMap / Geofabrik 2026-10-03
224495490,,,footway,,,,,,,,,,,,,,,,,,False,foot_or_nonmotor,0.03954752814491601,OpenStreetMap / Geofabrik 2026-10-03
224495491,,,footway,,,,,,,,,,,,,,,,,,False,foot_or_nonmotor,0.05588867039078872,OpenStreetMap / Geofabrik 2026-10-03
224495493,,,footway,,,,,,,,,,,,,,,,,,False,foot_or_nonmotor,0.07978836043887431,OpenStreetMap / Geofabrik 2026-10-03
224621757,,,track,dirt,grade4,,,,,,forestry,,,,,,,,,,True,earth_sand,12.280742343605707,OpenStreetMap / Geofabrik 2026-10-03
224621758,,,service,gravel,grade2,,,,,,,,yes,,,,,,,,True,gravel,0.3571714204863379,OpenStreetMap / Geofabrik 2026-10-03
224621760,,,track,,,,,,,,,,,,,,,,,,True,surface_unknown,0.15097949062478924,OpenStreetMap / Geofabrik 2026-10-03
224621762,,,track,dirt,grade3,,,,,,forestry,,,,,,,,,,True,earth_sand,0.616575721953287,OpenStreetMap / Geofabrik 2026-10-03
224621763,,,service,,,,,,,,,,yes,,,,,,,,True,surface_unknown,0.12027908213452138,OpenStreetMap / Geofabrik 2026-10-03
224621764,,,track,dirt,grade4,,,,,,forestry,,,,,,,,,,True,earth_sand,8.48171917685143,OpenStreetMap / Geofabrik 2026-10-03
224621765,,,service,,,,,,,,,,yes,,,,,,,,True,surface_unknown,0.1426614286420563,OpenStreetMap / Geofabrik 2026-10-03
224621766,,,track,,,,,,,,,,,,,,,,,,True,surface_unknown,15.885658732898422,OpenStreetMap / Geofabrik 2026-10-03
224621768,,,track,,,,,,,,,,,,,,,,,,True,surface_unknown,0.1872563023505298,OpenStreetMap / Geofabrik 2026-10-03
224621769,,,service,gravel,,,,,,,,,yes,,,,,,,,True,gravel,0.176966781681726,OpenStreetMap / Geofabrik 2026-10-03
224621771,,,track,,,,,,,,forestry,,,,,,,,,,True,surface_unknown,0.3007913228233357,OpenStreetMap / Geofabrik 2026-10-03
224621772,,,service,,,,,,,,,,,,,,,,,,True,surface_unknown,0.3812117523156649,OpenStreetMap / Geofabrik 2026-10-03
224621774,,,track,dirt,grade3,,,,,,forestry,,,,,,,,,,True,earth_sand,39.22651597866463,OpenStreetMap / Geofabrik 2026-10-03
224621776,,,track,,,,,,,,,,,,,,,,,,True,surface_unknown,0.08678480895082726,OpenStreetMap / Geofabrik 2026-10-03
224621777,,,service,,,,,,,,,,yes,,,,,,,,True,surface_unknown,0.03949379149127972,OpenStreetMap / Geofabrik 2026-10-03
224621778,,,service,,,,,,,,,,,,,,,,,,True,surface_unknown,0.014883140463364341,OpenStreetMap / Geofabrik 2026-10-03
224621780,,,track,,,,,,,,,,,,,,,,,,True,surface_unknown,0.9759556811818154,OpenStreetMap / Geofabrik 2026-10-03
224621781,,,track,dirt,grade3,,,,,,forestry,,,,,,,,,,True,earth_sand,0.6692523279675846,OpenStreetMap / Geofabrik 2026-10-03
224621782,,,track,,,,,,,,,,,,,,,,,,True,surface_unknown,11.028656135125338,OpenStreetMap / Geofabrik 2026-10-03
224621785,,,track,dirt,grade3,,,,,,forestry,,,,,,,,,,True,earth_sand,67.28401846408619,OpenStreetMap / Geofabrik 2026-10-03
224621786,,,tertiary,gravel,grade2,,,60,,,,,,,,,,,,,True,gravel,68.51104871127718,OpenStreetMap / Geofabrik 2026-10-03
224621787,,,service,,,,,,no,,,,yes,,,,,,,,True,surface_unknown,0.05098148601293056,OpenStreetMap / Geofabrik 2026-10-03
224621788,,,service,,,,,,,,,,,,,,,,,,True,surface_unknown,0.025544736884390375,OpenStreetMap / Geofabrik 2026-10-03
224621789,,,service,gravel,,,,,,,,,yes,,,,,,,,True,gravel,0.02695806032550513,OpenStreetMap / Geofabrik 2026-10-03
224621790,,,service,,,,,,no,,,,yes,,,,,,,,True,surface_unknown,0.05409093378877474,OpenStreetMap / Geofabrik 2026-10-03
224621791,,,service,,,,,,,,,,yes,,,,,,,,True,surface_unknown,0.038045140392005336,OpenStreetMap / Geofabrik 2026-10-03
224621792,,,track,dirt,grade3,,,,,,forestry,,,,,,,,,,True,earth_sand,1.66293480867287,OpenStreetMap / Geofabrik 2026-10-03
224621793,,,service,gravel,grade2,,,,,,,,yes,,,,,,,,True,gravel,0.03986667837215335,OpenStreetMap / Geofabrik 2026-10-03
224621794,,,track,dirt,grade3,,,,,,forestry,,,,,,,,,,True,earth_sand,39.78952773741382,OpenStreetMap / Geofabrik 2026-10-03
224621795,,,track,,,,,,,,,,,,,,,,,,True,surface_unknown,0.09467533374534234,OpenStreetMap / Geofabrik 2026-10-03
224621796,not open for public,,track,dirt,grade3,,,,,,forestry,,,,,,,,,,True,earth_sand,27.147634432641674,OpenStreetMap / Geofabrik 2026-10-03
224621798,,,track,,,,,,,,,,,,,,,,,,True,surface_unknown,0.09199059001614157,OpenStreetMap / Geofabrik 2026-10-03
224621799,,,track,,,,,,,,,,,,,,,,,,True,surface_unknown,0.10566857866280721,OpenStreetMap / Geofabrik 2026-10-03
224621800,,,track,gravel,,,,,,,forestry,,,,,,,,,,True,gravel,17.845097251830556,OpenStreetMap / Geofabrik 2026-10-03
224626726,,,track,,,,,,,,,,,,,,,,,,True,surface_unknown,0.01833364498341929,OpenStreetMap / Geofabrik 2026-10-03
224626727,,,track,unpaved,,,,,,,,,,,,,,,,,True,other_unpaved,40.29004831594,OpenStreetMap / Geofabrik 2026-10-03
224626728,,,track,,,,,,,,forestry,,,,,,,,,,True,surface_unknown,0.673272901665205,OpenStreetMap / Geofabrik 2026-10-03
224626729,,,service,,,,,,,,,,,,,,,,,,True,surface_unknown,0.8039412123189746,OpenStreetMap / Geofabrik 2026-10-03
224630367,,,service,gravel,,,,,yes,,,,,,,,,,,,True,gravel,0.07567213278626587,OpenStreetMap / Geofabrik 2026-10-03
224630369,,,track,,,,,,,,forestry,,,,,,,,,,True,surface_unknown,0.7025867333901634,OpenStreetMap / Geofabrik 2026-10-03
224630371,,,track,,,,,,,,,,,,,,,,,,True,surface_unknown,0.37466250573752985,OpenStreetMap / Geofabrik 2026-10-03
224630374,,,service,gravel,,,,,,,,,,,,,,,,,True,gravel,0.06202162951610704,OpenStreetMap / Geofabrik 2026-10-03
224732892,,,track,,,,,,,,forestry,,,,,,,,,,True,surface_unknown,84.2598703925538,OpenStreetMap / Geofabrik 2026-10-03
224732893,,,unclassified,,,,,,,,,,,,,,,,,,True,surface_unknown,44.49959788622069,OpenStreetMap / Geofabrik 2026-10-03
224732894,,,track,,grade4,,,,,,,,,,,,,,,,True,surface_unknown,35.615636127947816,OpenStreetMap / Geofabrik 2026-10-03
224732895,,,track,unpaved,grade3,,,,,,,,,,,,,,,,True,other_unpaved,38.168991080292344,OpenStreetMap / Geofabrik 2026-10-03
224732896,,,track,,,,,,,,,,,,,,,,,,True,surface_unknown,4.897388466735119,OpenStreetMap / Geofabrik 2026-10-03
224732897,,,track,dirt,grade3,,,,,,forestry,,,,,,,,,,True,earth_sand,10.189928906429007,OpenStreetMap / Geofabrik 2026-10-03
224732898,,,track,ground,grade4,,,,,,forestry,,,,,,,,,,True,earth_sand,35.793398719490554,OpenStreetMap / Geofabrik 2026-10-03
224834153,,,path,unpaved,,,,,,,,,,,,,,,,,False,foot_or_nonmotor,0.13405379391188998,OpenStreetMap / Geofabrik 2026-10-03
224834154,,,service,gravel,,,,,,,,,,,,,,,,,True,gravel,0.037710845488865045,OpenStreetMap / Geofabrik 2026-10-03
224834155,,,track,,,,,,,,,,,,,,,,,,True,surface_unknown,0.092118921746788,OpenStreetMap / Geofabrik 2026-10-03
224834156,Rhino Drive,,unclassified,gravel,,,,60,,,,,,,,,,,,,True,gravel,0.034255659723016606,OpenStreetMap / Geofabrik 2026-10-03
224834157,,,path,,,,,,,,,,,,,,,,,,False,foot_or_nonmotor,0.09031488211891119,OpenStreetMap / Geofabrik 2026-10-03
224834158,,,track,dirt,grade5,,,,,,forestry,,,,,,,,,,True,earth_sand,51.84392855024251,OpenStreetMap / Geofabrik 2026-10-03
224834160,,,unclassified,gravel,grade2,,,,,,forestry,,,,,,,,,,True,gravel,127.95289420304329,OpenStreetMap / Geofabrik 2026-10-03
224860040,,,service,,,,,,,,,private,,,,,,,,,True,surface_unknown,0.14721877718197654,OpenStreetMap / Geofabrik 2026-10-03
224860041,,,service,,,,,,,,,private,,,,,,,,,True,surface_unknown,0.10014431651433317,OpenStreetMap / Geofabrik 2026-10-03
224860042,,,track,dirt,grade4,,,,,,forestry,,,,,,,,,,True,earth_sand,0.1476267643263248,OpenStreetMap / Geofabrik 2026-10-03
224860043,,,service,,,,,,,,,,,,,,,,,,True,surface_unknown,0.3149083476445947,OpenStreetMap / Geofabrik 2026-10-03
224860044,,,track,gravel,grade2,,,,,,forestry,,,,,,,,,,True,gravel,1.120305213289846,OpenStreetMap / Geofabrik 2026-10-03
224860045,,,track,dirt,grade4,,,,,,forestry,,,,,,,,,,True,earth_sand,0.1676966835811268,OpenStreetMap / Geofabrik 2026-10-03
224860046,,,service,compacted,,,,,,,,private,,,,,,,,,True,other_unpaved,0.6872926806065993,OpenStreetMap / Geofabrik 2026-10-03
224860048,,,service,,,,,,,,,private,,,,,,,,,True,surface_unknown,0.2585503470903727,OpenStreetMap / Geofabrik 2026-10-03
224860049,,,service,,,,,,,,,private,,,,,,,,,True,surface_unknown,0.09149965713624213,OpenStreetMap / Geofabrik 2026-10-03
224860050,,,track,,grade5,,,,,,forestry,,,,,,,,,,True,surface_unknown,0.9283493737297233,OpenStreetMap / Geofabrik 2026-10-03
224860051,,,unclassified,unpaved,,,,60,,,,,,,,,,,,,True,other_unpaved,0.019999272162312703,OpenStreetMap / Geofabrik 2026-10-03
224860052,,,service,compacted,,,,,,,,,,,,,,,,,True,other_unpaved,0.027750189870334036,OpenStreetMap / Geofabrik 2026-10-03
224860053,,,service,,,,,,,,,,,,,,,,,,True,surface_unknown,0.06636426034028046,OpenStreetMap / Geofabrik 2026-10-03
224860054,,,track,,grade3,,,,,,forestry,,,,,,,,,,True,surface_unknown,1.7555640437704774,OpenStreetMap / Geofabrik 2026-10-03
224860055,,,track,,grade5,,,,,,forestry,,,,,,,,,,True,surface_unknown,1.8294644201011399,OpenStreetMap / Geofabrik 2026-10-03
224860056,,,track,,,,,,,,forestry,,,,,,,,,,True,surface_unknown,0.18414991615916643,OpenStreetMap / Geofabrik 2026-10-03
224860057,,,service,,,,,,,,,private,,,,,,,,,True,surface_unknown,0.08770676046628599,OpenStreetMap / Geofabrik 2026-10-03
225077544,,,service,compacted,,,,,,,,private,,,,,,,,,True,other_unpaved,0.15400676184198323,OpenStreetMap / Geofabrik 2026-10-03
225077545,,,service,compacted,,,,,,,,private,,,,,,,,,True,other_unpaved,0.07671597720528274,OpenStreetMap / Geofabrik 2026-10-03
225077546,,,service,compacted,,,,,,,,,,,,,,,,,True,other_unpaved,0.09587601823108863,OpenStreetMap / Geofabrik 2026-10-03
225077547,,,path,,,,,,,,,,,,,,,,,,False,foot_or_nonmotor,0.14928979476502643,OpenStreetMap / Geofabrik 2026-10-03
225077549,,,service,compacted,,,,,,,,,,,,,,,,,True,other_unpaved,0.2086658098207179,OpenStreetMap / Geofabrik 2026-10-03
225077550,,,track,,grade2,,,,,,,,,,,,,,,,True,surface_unknown,0.10832195059011741,OpenStreetMap / Geofabrik 2026-10-03
225077560,,,service,compacted,,,,,,,,,,,,,,,,,True,other_unpaved,0.17073967459713943,OpenStreetMap / Geofabrik 2026-10-03
225077562,,,service,compacted,,,,,,,,,,,,,,,,,True,other_unpaved,0.26866771204775436,OpenStreetMap / Geofabrik 2026-10-03
225077565,,,service,compacted,,,,,,,,,,,,,,,,,True,other_unpaved,0.20770399611244428,OpenStreetMap / Geofabrik 2026-10-03
225077567,,,service,sand,,,,,,,,,,,,,,,,,True,earth_sand,0.2107295235812824,OpenStreetMap / Geofabrik 2026-10-03
225077569,,,service,compacted,,,,,,,,,,,,,,,,,True,other_unpaved,0.2752653623827092,OpenStreetMap / Geofabrik 2026-10-03
225077572,,,track,,grade5,,,,,,forestry,,,,,,,,,,True,surface_unknown,0.2886886547078727,OpenStreetMap / Geofabrik 2026-10-03
225077574,,,track,compacted,grade3,,,,,,,,,,,,,,,,True,other_unpaved,0.23466209089494802,OpenStreetMap / Geofabrik 2026-10-03
225077576,,,path,dirt,,,,,,,,,,,,,,,,,False,foot_or_nonmotor,0.2522089498440822,OpenStreetMap / Geofabrik 2026-10-03
225077579,,,service,gravel,grade2,,,,,,forestry,,,,,,,,,,True,gravel,0.6832294320029932,OpenStreetMap / Geofabrik 2026-10-03
225077581,,,service,compacted,,,,,,,,,,,,,,,,,True,other_unpaved,0.3393189528594798,OpenStreetMap / Geofabrik 2026-10-03
225077582,,,service,compacted,,,,,,,,private,,,,,,,,,True,other_unpaved,0.030542159701394487,OpenStreetMap / Geofabrik 2026-10-03
225077583,,,service,compacted,,,,,,,,private,,,,,,,,,True,other_unpaved,0.024232349089337975,OpenStreetMap / Geofabrik 2026-10-03
225077585,,,track,,grade2,,,,,,,,,,,,,,,,True,surface_unknown,0.0149589644193515,OpenStreetMap / Geofabrik 2026-10-03
225077586,,,track,compacted,grade2,,,,,,,,,,,,,,,,True,other_unpaved,0.6316767538822534,OpenStreetMap / Geofabrik 2026-10-03
225077587,,,service,compacted,grade2,,,,,,,,,,,,,,,,True,other_unpaved,0.05939673686972363,OpenStreetMap / Geofabrik 2026-10-03
225077588,,,service,compacted,,,,,,,,,,,,,,,,,True,other_unpaved,0.022621364985151528,OpenStreetMap / Geofabrik 2026-10-03
225077589,,,track,compacted,grade3,,,,,,,,,,,,,,,,True,other_unpaved,0.16295692216590324,OpenStreetMap / Geofabrik 2026-10-03
225077590,,,service,compacted,,,,,,,,,,,,,,,,,True,other_unpaved,0.02662047574457467,OpenStreetMap / Geofabrik 2026-10-03
225077591,,,service,compacted,,,,,,,,,,,,,,,,,True,other_unpaved,0.1102477648984648,OpenStreetMap / Geofabrik 2026-10-03
225077592,,,service,compacted,,,,,,,,,,,,,,,,,True,other_unpaved,0.07599391577929888,OpenStreetMap / Geofabrik 2026-10-03
225077593,,,track,,grade3,,,,,,forestry,,,,,,,,,,True,surface_unknown,0.21322585874505046,OpenStreetMap / Geofabrik 2026-10-03
225077594,,,service,compacted,,,,,,,,,,,,,,,,,True,other_unpaved,0.0326696573404535,OpenStreetMap / Geofabrik 2026-10-03
225077595,,,service,compacted,,,,,,,,private,,,,,,,,,True,other_unpaved,0.06258794767187427,OpenStreetMap / Geofabrik 2026-10-03
225090851,Eland Drive,5978,tertiary,gravel,grade3,,,60,,,,,,,,,,,,,True,gravel,0.04489099875782681,OpenStreetMap / Geofabrik 2026-10-03
225090852,,,service,gravel,grade2,,,,,,,,yes,,,,,,,,True,gravel,0.24045682664547255,OpenStreetMap / Geofabrik 2026-10-03
225090853,,,service,gravel,grade2,,,,,,,,yes,,,,,,,,True,gravel,0.15546495511136682,OpenStreetMap / Geofabrik 2026-10-03
225090854,,,service,compacted,grade2,,,,,,,,yes,,,,,,,,True,other_unpaved,0.9859242997551023,OpenStreetMap / Geofabrik 2026-10-03
225090855,Rhino Drive,,unclassified,gravel,,,,60,,,,,yes,,,,,,,,True,gravel,0.05159984475857942,OpenStreetMap / Geofabrik 2026-10-03
225090856,,,track,dirt,grade3,,,,,,forestry,,,,,,,,,,True,earth_sand,0.034964938372037443,OpenStreetMap / Geofabrik 2026-10-03
225090857,,,unclassified,gravel,grade2,,,60,,,,,yes,,,,,,,,True,gravel,0.042737540729451406,OpenStreetMap / Geofabrik 2026-10-03
225090858,,,track,compacted,grade2,,,,,,,,yes,,,,,,,,True,other_unpaved,0.03314330957199785,OpenStreetMap / Geofabrik 2026-10-03
225090859,,,service,gravel,grade2,,,,,,,,yes,,,,,,,,True,gravel,0.05653252209506336,OpenStreetMap / Geofabrik 2026-10-03
225090860,,,tertiary_link,,grade3,,,60,,,,,,,,,,,,,True,surface_unknown,0.031671559162731885,OpenStreetMap / Geofabrik 2026-10-03
225090861,,,service,gravel,grade2,,,,,,,,yes,,,,,,,,True,gravel,0.04729811673858939,OpenStreetMap / Geofabrik 2026-10-03
225090862,,,track,,grade4,,,,,,forestry,,,,,,,,,,True,surface_unknown,0.3283509924393706,OpenStreetMap / Geofabrik 2026-10-03
225109422,Eland Drive,5978,tertiary,gravel,grade3,,,60,,,,,,,,,,,,,True,gravel,0.03415523633440799,OpenStreetMap / Geofabrik 2026-10-03
225109423,,,track,,grade4,,,,,,forestry,,,,,,,,,,True,surface_unknown,0.5299151664217767,OpenStreetMap / Geofabrik 2026-10-03
225109427,,,track,,grade3,,,,,,,,,,,,,,,,True,surface_unknown,0.3072007331546341,OpenStreetMap / Geofabrik 2026-10-03
225109428,,,track,,grade3,,,,,,,,,,,,,,,,True,surface_unknown,0.18002571392939715,OpenStreetMap / Geofabrik 2026-10-03
225109429,,,path,,,,,,,,,,,,,,,,,,False,foot_or_nonmotor,1.0089775869864344,OpenStreetMap / Geofabrik 2026-10-03
225109432,,,track,,grade4,,,,,,,,,,,,,,,,True,surface_unknown,1.078810375267294,OpenStreetMap / Geofabrik 2026-10-03
225109436,,,tertiary,gravel,grade2,,,60,,,,,yes,,,,,,,,True,gravel,0.0201062544830847,OpenStreetMap / Geofabrik 2026-10-03
225109437,,,track,,grade3,,,,,,,,,,,,,,,,True,surface_unknown,0.029703842950422225,OpenStreetMap / Geofabrik 2026-10-03
225109442,,,track,,grade3,,,,,,,,,,,,,,,,True,surface_unknown,0.031196349901007267,OpenStreetMap / Geofabrik 2026-10-03
225109443,Halali Road,,tertiary,gravel,grade2,,,100,no,,,,yes,,,,,,,,True,gravel,0.03560533171839862,OpenStreetMap / Geofabrik 2026-10-03
225109445,,,track,,grade5,,,,,,,,,,,,,,,,True,surface_unknown,4.524770599386074,OpenStreetMap / Geofabrik 2026-10-03
225109450,,,track,,grade3,,,,,,forestry,,,,,,,,,,True,surface_unknown,1.635929898273309,OpenStreetMap / Geofabrik 2026-10-03
225109454,,,track,dirt,grade3,,,,,,forestry,,,,,,,,,,True,earth_sand,3.262278729297579,OpenStreetMap / Geofabrik 2026-10-03
225158147,,,tertiary,unpaved,grade3,,,60,,,,,,,,,,,,,True,other_unpaved,0.024509704210805994,OpenStreetMap / Geofabrik 2026-10-03
225158148,,,track,gravel,grade2,,,,,,,,yes,,,,,,,,True,gravel,0.03550262732796008,OpenStreetMap / Geofabrik 2026-10-03
225158149,,,unclassified,unpaved,grade3,,,60,,,,,,,,,,,,,True,other_unpaved,0.031104804297549186,OpenStreetMap / Geofabrik 2026-10-03
225158150,,,track,gravel,grade2,,,,,,,,yes,,,,,,,,True,gravel,0.043502283386207694,OpenStreetMap / Geofabrik 2026-10-03
225220011,,C38,primary,gravel,,,,60,,,,,,,,,,,,,True,gravel,38.05518392269619,OpenStreetMap / Geofabrik 2026-10-03
225220087,,,service,unpaved,grade2,,,,yes,,,,yes,,,,,,,,True,other_unpaved,0.1023210820243097,OpenStreetMap / Geofabrik 2026-10-03
225220098,,,track,,,,,,,,no,,,,,,,,,,True,surface_unknown,0.31225755396710153,OpenStreetMap / Geofabrik 2026-10-03
225220103,,,track,,grade4,,,,,,,,,,,,,,,,True,surface_unknown,0.21094959762459678,OpenStreetMap / Geofabrik 2026-10-03
225220108,,,service,gravel,,,,,,,,,,,,,,,,,True,gravel,0.15808364454713475,OpenStreetMap / Geofabrik 2026-10-03
225220114,,,service,,,,,,,,,,,,,,,,,,True,surface_unknown,0.39273099538541606,OpenStreetMap / Geofabrik 2026-10-03
225220120,,,service,,,,,,,,,,,,,,,,,,True,surface_unknown,0.020151664439904383,OpenStreetMap / Geofabrik 2026-10-03
225220123,,,service,,,,,20,,,,,,,,,,,,,True,surface_unknown,0.010363659977119235,OpenStreetMap / Geofabrik 2026-10-03
225220126,,,track,,grade4,,,,,,,,,,,,,,,,True,surface_unknown,16.554090552309596,OpenStreetMap / Geofabrik 2026-10-03
225220144,,,track,unpaved,grade3,,,,,,forestry,,,,,,,,,,True,other_unpaved,55.46897714270755,OpenStreetMap / Geofabrik 2026-10-03
225220156,,,track,,grade4,,,,,,forestry,,,,,,,,,,True,surface_unknown,1.464772289499035,OpenStreetMap / Geofabrik 2026-10-03
225220157,,,track,,,,,,,,,,,,,,,,,,True,surface_unknown,42.2741785851426,OpenStreetMap / Geofabrik 2026-10-03
225220158,,,service,gravel,grade2,,,60,,,,,yes,,,,,,,,True,gravel,0.13843469605059802,OpenStreetMap / Geofabrik 2026-10-03
225220161,,,track,gravel,grade2,,,,,,,,yes,,,,,,,,True,gravel,0.04367808057247999,OpenStreetMap / Geofabrik 2026-10-03
225220162,,,unclassified,,,,,20,,,,,,,,,,,,,True,surface_unknown,0.029991068502750816,OpenStreetMap / Geofabrik 2026-10-03
225220164,,,unclassified,unpaved,,,,,,,,,,,,,,,,,True,other_unpaved,0.06477697550262598,OpenStreetMap / Geofabrik 2026-10-03
225220165,,,service,gravel,grade2,,,,,,,,yes,,,,,,,,True,gravel,0.028381731567648796,OpenStreetMap / Geofabrik 2026-10-03
225220166,,,service,gravel,grade3,,,,,,,,yes,,,,,,,,True,gravel,0.03150632214269682,OpenStreetMap / Geofabrik 2026-10-03
225220167,,,service,gravel,grade2,,,60,,,,,yes,,,,,,,,True,gravel,0.03430587183694997,OpenStreetMap / Geofabrik 2026-10-03
225220168,,,track,,,,,,,,,,,,,,,,,,True,surface_unknown,0.08769836780765317,OpenStreetMap / Geofabrik 2026-10-03
225220169,,,service,,,,,,,,,,,,,,,,,,True,surface_unknown,0.10365875536890141,OpenStreetMap / Geofabrik 2026-10-03
225322545,,,track,gravel,grade2,,,,,,,,yes,,,,,,,,True,gravel,0.17748476872458127,OpenStreetMap / Geofabrik 2026-10-03
225322552,,,service,,,,,,,,,,,,,,,,,,True,surface_unknown,0.5346633670505554,OpenStreetMap / Geofabrik 2026-10-03
225322554,,,unclassified,ground,,,,,,,forestry,,,,,,,,,,True,earth_sand,2.199050792636158,OpenStreetMap / Geofabrik 2026-10-03
225322555,,,unclassified,ground,,,,,,,forestry,,,,,,,,,,True,earth_sand,0.32637145267894757,OpenStreetMap / Geofabrik 2026-10-03
225322557,,,unclassified,ground,,,,,,,forestry,,,,,,,,yes,,True,earth_sand,3.5229660408640497,OpenStreetMap / Geofabrik 2026-10-03
225322558,,,unclassified,ground,,,,,,,forestry,,,,,,,,yes,,True,earth_sand,10.021935664570917,OpenStreetMap / Geofabrik 2026-10-03
225322559,,,unclassified,ground,,,,,,,forestry,,,,,,,,yes,,True,earth_sand,1.9218424878600444,OpenStreetMap / Geofabrik 2026-10-03
225322560,,,unclassified,ground,,,,,,,forestry,,,,,,,,yes,,True,earth_sand,1.0289671699371474,OpenStreetMap / Geofabrik 2026-10-03
225322561,,,unclassified,ground,,,,,,,forestry,,,,,,,,,,True,earth_sand,0.35822619992890814,OpenStreetMap / Geofabrik 2026-10-03
225322562,,,unclassified,ground,,,,,,,forestry,,,,,,,,,,True,earth_sand,0.4736127223198954,OpenStreetMap / Geofabrik 2026-10-03
225322563,,,unclassified,ground,,,,,,,forestry,,,,,,,,yes,,True,earth_sand,2.263927276549202,OpenStreetMap / Geofabrik 2026-10-03
225322565,,,service,gravel,grade2,,,,,,,,,,,,,,,,True,gravel,0.022809160803358004,OpenStreetMap / Geofabrik 2026-10-03
225322566,,,track,unpaved,,,,,,,,,,,,,,,,,True,other_unpaved,0.9598443222023798,OpenStreetMap / Geofabrik 2026-10-03
225322567,,,unclassified,ground,,,,,,,forestry,,,,,,,,,,True,earth_sand,11.760223017447867,OpenStreetMap / Geofabrik 2026-10-03
225322568,,,unclassified,unpaved,,,,,,,,,,,,,,,,,True,other_unpaved,0.10729912959019143,OpenStreetMap / Geofabrik 2026-10-03
225322569,,,service,gravel,,,,,,,,,,,,,,,,,True,gravel,0.20857949317098246,OpenStreetMap / Geofabrik 2026-10-03
225322570,,,service,,,,,,,,,,,,,,,,,,True,surface_unknown,0.021125991659230525,OpenStreetMap / Geofabrik 2026-10-03
225322571,,,service,,,,,,,,,,,,,,,,,,True,surface_unknown,0.05644778874828352,OpenStreetMap / Geofabrik 2026-10-03
225322580,,,track,gravel,grade2,,,,,,forestry,,yes,,,,,,,,True,gravel,6.6289469039273445,OpenStreetMap / Geofabrik 2026-10-03
225393730,,,track,,grade4,,,,,,,,,,,,,,,,True,surface_unknown,3.8994295092537095,OpenStreetMap / Geofabrik 2026-10-03
225393731,,,track,,,,,,,,,,,,,,,,,,True,surface_unknown,0.09043019596527678,OpenStreetMap / Geofabrik 2026-10-03
225393732,,,track,,,,,,,,,,,,,,,,,,True,surface_unknown,0.13425288801349086,OpenStreetMap / Geofabrik 2026-10-03
225393733,,,track,,,,,,,,,,,,,,,,,,True,surface_unknown,0.30833461599150674,OpenStreetMap / Geofabrik 2026-10-03
225393734,,,track,,grade4,,,,,,,,,,,,,,,,True,surface_unknown,3.029654120910501,OpenStreetMap / Geofabrik 2026-10-03
225393735,,,track,,,,,,,,,,,,,,,,,,True,surface_unknown,0.15508321726908794,OpenStreetMap / Geofabrik 2026-10-03
225393736,,,track,,,,,,,,,,,,,,,,,,True,surface_unknown,0.252491118742549,OpenStreetMap / Geofabrik 2026-10-03
225393737,,,track,,,,,,,,forestry,,,,,,,,,,True,surface_unknown,17.933664811348027,OpenStreetMap / Geofabrik 2026-10-03
225393739,,,footway,,,,,,,,,,,,,,,,,,False,foot_or_nonmotor,0.00896056529928819,OpenStreetMap / Geofabrik 2026-10-03
225393741,,,footway,wood,,,,,,,,,,,,building_passage,,,,,False,foot_or_nonmotor,0.00896533951269998,OpenStreetMap / Geofabrik 2026-10-03
225393743,,,footway,wood,,,,,,,,,,,yes,,1,,,,False,foot_or_nonmotor,0.016354433708722575,OpenStreetMap / Geofabrik 2026-10-03
225393744,,,track,,,,,,,,,,,,,,,,,,True,surface_unknown,4.249060159960655,OpenStreetMap / Geofabrik 2026-10-03
225393745,,,track,ground,grade5,,,,,,forestry,,,,,,,,,,True,earth_sand,19.73881447754966,OpenStreetMap / Geofabrik 2026-10-03
225393746,,,footway,wood,,,,,,,,,,,,,,,,,False,foot_or_nonmotor,0.009906052892969674,OpenStreetMap / Geofabrik 2026-10-03
225393747,,,footway,wood,,,,,,,,,,,yes,,,,,,False,foot_or_nonmotor,0.004485439869499836,OpenStreetMap / Geofabrik 2026-10-03
225393748,,,footway,wood,,,,,,,,,,,yes,,,,,,False,foot_or_nonmotor,0.005770901245822141,OpenStreetMap / Geofabrik 2026-10-03
225393749,,,footway,wood,,,,,,,,,,,yes,,,,,,False,foot_or_nonmotor,0.00617629405216059,OpenStreetMap / Geofabrik 2026-10-03
225393750,,,footway,wood,,,,,,,,,,,yes,,,,,,False,foot_or_nonmotor,0.007972153310183937,OpenStreetMap / Geofabrik 2026-10-03
225393751,,,footway,wood,,,,,,,,,,,yes,,,,,,False,foot_or_nonmotor,0.0060696475705763805,OpenStreetMap / Geofabrik 2026-10-03
225393752,,,footway,wood,,,,,,,,,,,yes,,,,,,False,foot_or_nonmotor,0.007218840991503805,OpenStreetMap / Geofabrik 2026-10-03
225393753,,,footway,wood,,,,,,,,,,,yes,,,,,,False,foot_or_nonmotor,0.006082095637708542,OpenStreetMap / Geofabrik 2026-10-03
225393754,,,footway,wood,,,,,,,,,,,yes,,,,,,False,foot_or_nonmotor,0.006462427686705521,OpenStreetMap / Geofabrik 2026-10-03
225393755,,,footway,wood,,,,,,,,,,,yes,,,,,,False,foot_or_nonmotor,0.004954382197463453,OpenStreetMap / Geofabrik 2026-10-03
225393756,,,footway,wood,,,,,,,,,,,yes,,,,,,False,foot_or_nonmotor,0.005918304955006093,OpenStreetMap / Geofabrik 2026-10-03
225393757,,,unclassified,unpaved,,,,,,,,,,,,,,,,,True,other_unpaved,0.02452666074102677,OpenStreetMap / Geofabrik 2026-10-03
225393758,,,unclassified,unpaved,,,,,,,,,,,,,,,,,True,other_unpaved,0.020035102527559155,OpenStreetMap / Geofabrik 2026-10-03
225393759,,,footway,wood,,,,,,,,,,,yes,,,,,,False,foot_or_nonmotor,0.008099410148648357,OpenStreetMap / Geofabrik 2026-10-03
225393760,,,footway,wood,,,,,,,,,,,yes,,,,,,False,foot_or_nonmotor,0.008349082778745572,OpenStreetMap / Geofabrik 2026-10-03
225393761,,,footway,wood,,,,,,,,,,,yes,,1,,,,False,foot_or_nonmotor,0.05499928021089606,OpenStreetMap / Geofabrik 2026-10-03
225393762,,,track,ground,grade5,,,,,,forestry,,,,,,,,,,True,earth_sand,0.02335448343058687,OpenStreetMap / Geofabrik 2026-10-03
225393763,,,track,,,,,,,,,,,,,,,,,,True,surface_unknown,0.01568739647291891,OpenStreetMap / Geofabrik 2026-10-03
225393764,,,residential,,grade2,,,,,,private,,,,,,,,,,True,surface_unknown,0.03660957243673807,OpenStreetMap / Geofabrik 2026-10-03
225393766,,,track,,,,,,,,,,,,,,,,,,True,surface_unknown,0.040525113513461705,OpenStreetMap / Geofabrik 2026-10-03
225393768,,,unclassified,unpaved,,,,,,,,,,,,,,,,,True,other_unpaved,0.04446034338816802,OpenStreetMap / Geofabrik 2026-10-03
225393769,,,footway,wood,,,,,,,,,,,yes,,,,,,False,foot_or_nonmotor,0.008094891761857768,OpenStreetMap / Geofabrik 2026-10-03
225393770,,,track,,,,,,,,,,,,,,,,,,True,surface_unknown,0.026881610095651095,OpenStreetMap / Geofabrik 2026-10-03
225393771,,,track,,,,,,,,forestry,,,,,,,,,,True,surface_unknown,13.39193568197496,OpenStreetMap / Geofabrik 2026-10-03
225393772,,,residential,,grade2,,,,,,private,,,,,,,,,,True,surface_unknown,0.2383191898501204,OpenStreetMap / Geofabrik 2026-10-03
225393773,,,track,ground,grade5,,,,,,,,,,,,,,,,True,earth_sand,0.02593016579107033,OpenStreetMap / Geofabrik 2026-10-03
225393774,,,track,ground,grade2,,,,,,,,,,,,,,,,True,earth_sand,1.1511121354456804,OpenStreetMap / Geofabrik 2026-10-03
225393775,,,track,,,,,,,,,,,,,,,,,,True,surface_unknown,0.05586881823521791,OpenStreetMap / Geofabrik 2026-10-03
225393776,,,unclassified,unpaved,,,,,,,,,,,,,,,,,True,other_unpaved,0.06628430784540011,OpenStreetMap / Geofabrik 2026-10-03
225393777,,,track,,,,,,,,,,,,,,,,,,True,surface_unknown,0.03570727628435397,OpenStreetMap / Geofabrik 2026-10-03
225393778,,,footway,wood,,,,,,,,,,,yes,,1,,,,False,foot_or_nonmotor,0.3550912734266038,OpenStreetMap / Geofabrik 2026-10-03
225393779,,,track,,,,,,,,,,,,,,,,,,True,surface_unknown,0.09420323560471297,OpenStreetMap / Geofabrik 2026-10-03
225393780,,,track,,,,,,,,,,,,,,,,,,True,surface_unknown,0.06647711819565055,OpenStreetMap / Geofabrik 2026-10-03
225393782,,,track,ground,grade2,,,,,,,,yes,,,,,,,,True,earth_sand,1.7969846257155042,OpenStreetMap / Geofabrik 2026-10-03
225393783,,,track,,grade4,,,,,,,,,,,,,,,,True,surface_unknown,27.99326202478094,OpenStreetMap / Geofabrik 2026-10-03
225393784,,,track,,,,,,,,,,,,,,,,,,True,surface_unknown,0.2198612245384154,OpenStreetMap / Geofabrik 2026-10-03
225543997,,,service,gravel,grade2,,,,,,,,yes,,,,,,,,True,gravel,0.028667659678443196,OpenStreetMap / Geofabrik 2026-10-03
225543998,,,service,unpaved,,,,,,,,,yes,,,,,,,,True,other_unpaved,0.025333821874936432,OpenStreetMap / Geofabrik 2026-10-03
225543999,,,unclassified,gravel,grade2,,,60,,,,,,,,,,,,,True,gravel,0.028917637159963178,OpenStreetMap / Geofabrik 2026-10-03
225544000,,,unclassified,gravel,grade3,,,60,,,,,,,,,,,,,True,gravel,0.03041725225584035,OpenStreetMap / Geofabrik 2026-10-03
225544001,,,track,,grade2,,,,,,,,,,,,,,,,True,surface_unknown,0.03877795958579564,OpenStreetMap / Geofabrik 2026-10-03
226245744,,,service,compacted,,,,,,,,private,,,,,,,,,True,other_unpaved,0.12971082002591083,OpenStreetMap / Geofabrik 2026-10-03
226245746,,,service,compacted,,,,,,,,,,,,,,,,,True,other_unpaved,0.13475881673629464,OpenStreetMap / Geofabrik 2026-10-03
226245748,,,service,compacted,,,,,,,,,,,,,,,,,True,other_unpaved,0.03752070647929457,OpenStreetMap / Geofabrik 2026-10-03
226259400,,,track,,grade4,,,,,,forestry,,,,,,,,,,True,surface_unknown,2.0584092768901314,OpenStreetMap / Geofabrik 2026-10-03
226259401,,,track,,,,,,,,,,,,,,,,,,True,surface_unknown,0.1396613681099825,OpenStreetMap / Geofabrik 2026-10-03
226259402,,,service,,,,,,,,,,,,,,,,,,True,surface_unknown,0.1056350636767666,OpenStreetMap / Geofabrik 2026-10-03
226259403,,,track,,grade4,,,,,,forestry,,,,,,,,,,True,surface_unknown,5.940188520777031,OpenStreetMap / Geofabrik 2026-10-03
226259404,,,service,gravel,grade2,,,,,,,,yes,,,,,,,,True,gravel,1.6548479939961729,OpenStreetMap / Geofabrik 2026-10-03
226259405,,,track,,grade4,,,,,,,,,,,,,,,,True,surface_unknown,6.146738909165218,OpenStreetMap / Geofabrik 2026-10-03
226259406,,,track,,,,,,,,,,,,,,,,,,True,surface_unknown,0.0403555833123632,OpenStreetMap / Geofabrik 2026-10-03
226259407,,,service,gravel,grade2,,,,,,,,yes,,,,,,,,True,gravel,0.06136266289589061,OpenStreetMap / Geofabrik 2026-10-03
226259408,,,service,gravel,grade2,,,,,,,,yes,,,,,,,,True,gravel,0.0550967030934355,OpenStreetMap / Geofabrik 2026-10-03
231378847,,,track,,grade2,,,,,,,,,,,,,,,,True,surface_unknown,0.24218244935885383,OpenStreetMap / Geofabrik 2026-10-03
231379090,,,unclassified,,grade3,,,,,,,,,,,,,,,,True,surface_unknown,0.005209029862733129,OpenStreetMap / Geofabrik 2026-10-03
231379633,,,track,,grade4,,,,,,,,,,,,,,,,True,surface_unknown,0.6445143241602584,OpenStreetMap / Geofabrik 2026-10-03
231380323,,,track,,grade3,,,,,,,,,,,,,,,,True,surface_unknown,0.41907203971592794,OpenStreetMap / Geofabrik 2026-10-03
231380381,,,footway,,,,,,,,,,,,,,,,,,False,foot_or_nonmotor,0.07913150037788166,OpenStreetMap / Geofabrik 2026-10-03
231380385,,,footway,,,,,,,,,,,,,,,,,,False,foot_or_nonmotor,0.0925276790461692,OpenStreetMap / Geofabrik 2026-10-03
231380421,,,path,,,,,,,,,,,,,,,,,,False,foot_or_nonmotor,0.09865716960380093,OpenStreetMap / Geofabrik 2026-10-03
231380424,,,unclassified,,,,,,,,,,,,,,,,,,True,surface_unknown,0.09062360981372217,OpenStreetMap / Geofabrik 2026-10-03
231380426,,,unclassified,,,,,,,,,,,,,,,,,,True,surface_unknown,0.044860328830697245,OpenStreetMap / Geofabrik 2026-10-03
231380517,,,path,,,,,,,,,,,,,,,,,,False,foot_or_nonmotor,0.10003868243992249,OpenStreetMap / Geofabrik 2026-10-03
231380556,,,path,,,,,,,,,,,,,,,,,,False,foot_or_nonmotor,0.1459578247665181,OpenStreetMap / Geofabrik 2026-10-03
231380558,,,path,,,,,,,,,,,,,,,,,,False,foot_or_nonmotor,0.15018233667212122,OpenStreetMap / Geofabrik 2026-10-03
231380584,,,path,,,,,,,,,,,,,,,,,,False,foot_or_nonmotor,0.14355043488183397,OpenStreetMap / Geofabrik 2026-10-03
231380588,,,path,,,,,,,,,,,,,,,,,,False,foot_or_nonmotor,0.16588122881364187,OpenStreetMap / Geofabrik 2026-10-03
231380591,,,path,,,,,,,,,,,,,,,,,,False,foot_or_nonmotor,0.15990826237672867,OpenStreetMap / Geofabrik 2026-10-03
231380593,,,path,,,,,,,,,,,,,,,,,,False,foot_or_nonmotor,0.05882902604063314,OpenStreetMap / Geofabrik 2026-10-03
231380594,,,path,,,,,,,,,,,,,,,,,,False,foot_or_nonmotor,0.01640732970082827,OpenStreetMap / Geofabrik 2026-10-03
231380653,,,track,dirt,grade3,,,,,,forestry,,,,,,,,,,True,earth_sand,0.787598120538784,OpenStreetMap / Geofabrik 2026-10-03
240628430,,,unclassified,,,,,,,,,,,,,,,,,,True,surface_unknown,0.007239815424617512,OpenStreetMap / Geofabrik 2026-10-03
240628431,,,residential,gravel,,,,,,,private,,,,,,,,,,True,gravel,0.3906277284299166,OpenStreetMap / Geofabrik 2026-10-03
240628432,,,residential,gravel,,,,,,,private,,,,,,,,,,True,gravel,0.07584174644140387,OpenStreetMap / Geofabrik 2026-10-03
240628433,,,service,gravel,,,,,,,private,,,,,,,,,,True,gravel,0.22697261645377545,OpenStreetMap / Geofabrik 2026-10-03
240628434,,C38,primary,gravel,,,,60,no,,,,,,,,,,,,True,gravel,0.13455970193641556,OpenStreetMap / Geofabrik 2026-10-03
240628435,,,service,,,,,,,,,,,,,,,,,,True,surface_unknown,0.01720394816570691,OpenStreetMap / Geofabrik 2026-10-03
264769533,,,unclassified,paving_stones,,,,20,,,,,,,,,,,,,True,paved,0.381599118111727,OpenStreetMap / Geofabrik 2026-10-03
270803597,,,unclassified,gravel,grade2,,,60,,,,,,,,,,,,,True,gravel,1.3929404908126344,OpenStreetMap / Geofabrik 2026-10-03
270804883,,,track,dirt,grade3,,,,,,forestry,,,,,,,,,,True,earth_sand,0.2641717309040474,OpenStreetMap / Geofabrik 2026-10-03
270804889,,,track,dirt,grade3,,,,,,forestry,,,,,,,,,,True,earth_sand,0.05690724935069856,OpenStreetMap / Geofabrik 2026-10-03
270806711,,,service,dirt,grade2,,,,,,,,,,,,,,,,True,earth_sand,0.14043497124968835,OpenStreetMap / Geofabrik 2026-10-03
270806713,,,track,gravel,grade2,,,,,,,,yes,,,,,,,,True,gravel,0.041758944355341804,OpenStreetMap / Geofabrik 2026-10-03
270806714,,,service,gravel,grade2,,,,,,,,,,,,,,,,True,gravel,0.14545080870507307,OpenStreetMap / Geofabrik 2026-10-03
270806717,,,track,gravel,grade2,,,,,,,,yes,,,,,,,,True,gravel,0.04502006086586248,OpenStreetMap / Geofabrik 2026-10-03
270806719,,,tertiary,gravel,grade2,,,60,no,,,,yes,,,,,,,,True,gravel,1.3315817724355459,OpenStreetMap / Geofabrik 2026-10-03
270806720,,,service,ground,grade4,,,,,,,,yes,,,,,,,,True,earth_sand,0.41881741846063336,OpenStreetMap / Geofabrik 2026-10-03
270806722,,,service,gravel,grade3,,,60,no,,,,yes,,,,,,,,True,gravel,0.0386809066519051,OpenStreetMap / Geofabrik 2026-10-03
270822350,,,service,paving_stones,,,,,,,,,,,,,,,,,True,paved,0.11981142688697281,OpenStreetMap / Geofabrik 2026-10-03
270822354,,,residential,,,,,,,,,,,,,,,,,,True,surface_unknown,0.012240480867842279,OpenStreetMap / Geofabrik 2026-10-03
270822357,,,service,asphalt,,,,,,,,,,,,,,,,,True,paved,0.31374093257112945,OpenStreetMap / Geofabrik 2026-10-03
270822364,,,service,paving_stones,,,,,,,,,,,,,,,,,True,paved,0.2429961567271172,OpenStreetMap / Geofabrik 2026-10-03
270822368,,,service,paving_stones,,,,,,,,,,,,,,,,,True,paved,0.04778853294493908,OpenStreetMap / Geofabrik 2026-10-03
270822370,,,service,,,,,,,,,,,,,,,,,,True,surface_unknown,0.08266427536281004,OpenStreetMap / Geofabrik 2026-10-03
270822372,,,residential,unpaved,,,,,,,private,,,,,,,,,,True,other_unpaved,0.22348357086471793,OpenStreetMap / Geofabrik 2026-10-03
270822374,,,service,,,,,,no,,,,,,,,,,,,True,surface_unknown,0.4904747142339505,OpenStreetMap / Geofabrik 2026-10-03
270822377,,,service,,,,,,,,,,,,,,,,,,True,surface_unknown,0.15897158287889682,OpenStreetMap / Geofabrik 2026-10-03
270822379,,,service,,,,,,,,,,,,,,,,,,True,surface_unknown,0.024393981978091436,OpenStreetMap / Geofabrik 2026-10-03
270822381,,,service,,,,,,,,,,,,,,,,,,True,surface_unknown,0.1414222682198872,OpenStreetMap / Geofabrik 2026-10-03
270822383,,,service,,,,,,,,,,,,,,,,,,True,surface_unknown,0.05211293331389696,OpenStreetMap / Geofabrik 2026-10-03
270822385,,,service,,,,,,,,,,,,,,,,,,True,surface_unknown,0.6162730824089505,OpenStreetMap / Geofabrik 2026-10-03
270825301,,,service,dirt,,,,,,,,,,,,,,,,,True,earth_sand,0.06891605138826828,OpenStreetMap / Geofabrik 2026-10-03
270825302,,,service,dirt,,,,,,,,,,,,,,,,,True,earth_sand,0.23953931694733438,OpenStreetMap / Geofabrik 2026-10-03
270825303,,,service,,,,,,,,,,,,,,,,,,True,surface_unknown,0.15642016199130318,OpenStreetMap / Geofabrik 2026-10-03
270834901,,,track,dirt,grade3,,,,,,forestry,,,,,,,,,,True,earth_sand,18.835206317373864,OpenStreetMap / Geofabrik 2026-10-03
270834904,,,track,dirt,grade3,,,,,,forestry,,,,,,,,,,True,earth_sand,27.681351941837832,OpenStreetMap / Geofabrik 2026-10-03
270834922,,,track,dirt,,,,,,,,,,,,,,,,,True,earth_sand,0.7369587628353623,OpenStreetMap / Geofabrik 2026-10-03
270834926,,,track,,,,,,,,forestry,,no,,,,,,,,False,foot_or_nonmotor,16.895592383079034,OpenStreetMap / Geofabrik 2026-10-03
270834934,,,track,gravel,grade2,,,,,,forestry,,,,,,,,,,True,gravel,4.097553670753626,OpenStreetMap / Geofabrik 2026-10-03
270834940,,,track,gravel,grade2,,,,yes,,,,yes,,,,,,,,True,gravel,0.238845381778475,OpenStreetMap / Geofabrik 2026-10-03
270842786,,,service,gravel,,,,,,,,,yes,,,,,,,,True,gravel,0.08707836991146854,OpenStreetMap / Geofabrik 2026-10-03
270843285,,,track,dirt,,,,,,,forestry,,,,,,,,,,True,earth_sand,0.15624483849163046,OpenStreetMap / Geofabrik 2026-10-03
270843287,,,track,dirt,,,,,,,forestry,,,,,,,,,,True,earth_sand,0.2193730982823012,OpenStreetMap / Geofabrik 2026-10-03
270851540,,6176,track,gravel,grade2,,,,,,,,yes,,,,,,,,True,gravel,0.06429726977088061,OpenStreetMap / Geofabrik 2026-10-03
270852735,,,service,dirt,,,,,,,,,,,,,,,,,True,earth_sand,0.022298287578296213,OpenStreetMap / Geofabrik 2026-10-03
270852742,,,track,dirt,,,,,,,forestry,,,,,,,,,,True,earth_sand,0.46989362986400746,OpenStreetMap / Geofabrik 2026-10-03
270852746,,,service,dirt,,,,,,,,,,,,,,,,,True,earth_sand,0.11416388946827274,OpenStreetMap / Geofabrik 2026-10-03
270857376,,,track,dirt,,,,,,,,,,,,,,,,,True,earth_sand,0.08235807091657536,OpenStreetMap / Geofabrik 2026-10-03
270857795,,,track,dirt,,,,,,,,,,,,,,,,,True,earth_sand,0.0396738160775943,OpenStreetMap / Geofabrik 2026-10-03
270859533,,,residential,,grade3,,,,,,,,,,,,,,,,True,surface_unknown,0.20113777888671366,OpenStreetMap / Geofabrik 2026-10-03
270938222,,,footway,paving_stones,,,,,,,,,,,,,,,,,False,foot_or_nonmotor,0.03195214312817026,OpenStreetMap / Geofabrik 2026-10-03
270938230,,,tertiary,gravel,,,,,,,,,,,,,,,,,True,gravel,0.02883244801015595,OpenStreetMap / Geofabrik 2026-10-03
271423996,,,track,,,,,,,,,,yes,,,,,,,,True,surface_unknown,0.3080298566188898,OpenStreetMap / Geofabrik 2026-10-03
271963362,,,service,gravel,,,,60,no,,,,yes,,,,,,,,True,gravel,0.0810690324317259,OpenStreetMap / Geofabrik 2026-10-03
293976558,,,service,gravel,grade3,,,,,,,,,,,,,,,,True,gravel,0.32100452655412887,OpenStreetMap / Geofabrik 2026-10-03
293976559,,,track,dirt,grade3,,,,,,forestry,,,,,,,,,,True,earth_sand,0.8066917096007126,OpenStreetMap / Geofabrik 2026-10-03
293976560,,,track,,,,,,,,,,,,,,,,,,True,surface_unknown,0.07012833456191622,OpenStreetMap / Geofabrik 2026-10-03
293976561,,,track,gravel,grade2,,,,,,,,yes,,,,,,,,True,gravel,0.4681954354544572,OpenStreetMap / Geofabrik 2026-10-03
293976562,,,track,,,,,,,,,,,,,,,,,,True,surface_unknown,0.1126726704926019,OpenStreetMap / Geofabrik 2026-10-03
293976563,,,track,,,,,,,,forestry,,,,,,,,,,True,surface_unknown,0.4829630935444771,OpenStreetMap / Geofabrik 2026-10-03
293976566,,,track,,,,,,,,forestry,,,,,,,,,,True,surface_unknown,0.2950351883415726,OpenStreetMap / Geofabrik 2026-10-03
293976568,,,track,,grade3,,,,,,forestry,,,,,,,,,,True,surface_unknown,0.4023129729650208,OpenStreetMap / Geofabrik 2026-10-03
293976570,,,track,,grade2,,,,,,,,,,,,,,,,True,surface_unknown,0.34567837799289614,OpenStreetMap / Geofabrik 2026-10-03
293976571,,,track,,grade3,,,,,,private,,,,,,,,,,True,surface_unknown,0.08505213161291648,OpenStreetMap / Geofabrik 2026-10-03
293976573,,,track,,grade4,,,,,,forestry,,,,,,,,,,True,surface_unknown,0.27852514845740417,OpenStreetMap / Geofabrik 2026-10-03
293976578,,,track,,grade4,,,,,,forestry,,,,,,,,,,True,surface_unknown,1.344889430580582,OpenStreetMap / Geofabrik 2026-10-03
293976589,,,track,,grade3,,,,,,forestry,,,,,,,,,,True,surface_unknown,0.3651799370862601,OpenStreetMap / Geofabrik 2026-10-03
293976590,,,track,,grade3,,,,,,forestry,,,,,,,,,,True,surface_unknown,0.3130073306173681,OpenStreetMap / Geofabrik 2026-10-03
293976591,,,track,,grade3,,,,,,,,,,,,,,,,True,surface_unknown,0.29522192838299893,OpenStreetMap / Geofabrik 2026-10-03
293976592,,,track,,grade3,,,,,,,,,,,,,,,,True,surface_unknown,0.40182261374081957,OpenStreetMap / Geofabrik 2026-10-03
293976593,,,track,,grade3,,,,,,,,,,,,,,,,True,surface_unknown,0.42944198680629764,OpenStreetMap / Geofabrik 2026-10-03
293976594,,,track,,grade3,,,,,,,,,,,,,,,,True,surface_unknown,0.30239439758238035,OpenStreetMap / Geofabrik 2026-10-03
293976595,,,track,,grade3,,,,,,,,,,,,,,,,True,surface_unknown,0.579051797298908,OpenStreetMap / Geofabrik 2026-10-03
293976596,,,track,,grade4,,,,,,,,,,,,,,,,True,surface_unknown,0.3180503248024098,OpenStreetMap / Geofabrik 2026-10-03
293976597,,,track,,grade4,,,,,,,,,,,,,,,,True,surface_unknown,0.08669527409762708,OpenStreetMap / Geofabrik 2026-10-03
293976599,,,track,,grade3,very_bad,,,,,,,,,,,,,,,True,surface_unknown,0.4712832521405937,OpenStreetMap / Geofabrik 2026-10-03
293976600,,,track,,grade4,,,,,,forestry,,,,,,,,,,True,surface_unknown,0.12836186138485386,OpenStreetMap / Geofabrik 2026-10-03
293976601,,,track,dirt,grade4,,,,,,forestry,,,,,,,,,,True,earth_sand,0.35439168951312233,OpenStreetMap / Geofabrik 2026-10-03
293976602,,,track,dirt,grade4,,,,,,forestry,,,,,,,,,,True,earth_sand,0.06845076732315185,OpenStreetMap / Geofabrik 2026-10-03
293976603,,,track,,grade3,,,,,,,,,,,,,,,,True,surface_unknown,0.16743310663779515,OpenStreetMap / Geofabrik 2026-10-03
293976604,,,track,,grade3,,,,,,,,,,,,,,,,True,surface_unknown,0.09698715595354651,OpenStreetMap / Geofabrik 2026-10-03
293976606,,,track,,grade3,,,,,,,,,,,,,,,,True,surface_unknown,0.03011771579837145,OpenStreetMap / Geofabrik 2026-10-03
293976607,,,track,,grade5,,,,,,,,,,,,,,,,True,surface_unknown,0.2508762839207629,OpenStreetMap / Geofabrik 2026-10-03
293976608,,,track,,grade5,,,,,,,,,,,,,,,,True,surface_unknown,0.21220292897720075,OpenStreetMap / Geofabrik 2026-10-03
293976609,,,track,dirt,grade5,,,,,,forestry,,,,,,,,,,True,earth_sand,0.5476772494865219,OpenStreetMap / Geofabrik 2026-10-03
314783375,,,track,,,,,,,,,,,,,,,,,,True,surface_unknown,0.007367587700864299,OpenStreetMap / Geofabrik 2026-10-03
315069884,,,track,,,,,,,,forestry,,,,,,,,,,True,surface_unknown,1.9933563194320985,OpenStreetMap / Geofabrik 2026-10-03
319583772,,,track,,grade2,,,,,,,,,,,,,,,,True,surface_unknown,0.02398258498234496,OpenStreetMap / Geofabrik 2026-10-03
343931776,,,unclassified,gravel,,,,60,,,,,yes,,,,,,,,True,gravel,0.02640080953439951,OpenStreetMap / Geofabrik 2026-10-03
343937366,,,service,,,,,,,,,,,,,,,,,,True,surface_unknown,0.028057133465120128,OpenStreetMap / Geofabrik 2026-10-03
370203503,,,service,,grade2,,,,,,,,,,,,,,,,True,surface_unknown,0.1014823863857716,OpenStreetMap / Geofabrik 2026-10-03
370221715,,,service,compacted,,,,,,,,,,,,,,,,,True,other_unpaved,0.27999039904557477,OpenStreetMap / Geofabrik 2026-10-03
370221716,,,service,compacted,,,,,,,,,,,,,,,,,True,other_unpaved,0.39848548716744403,OpenStreetMap / Geofabrik 2026-10-03
370221717,,,service,compacted,,,,,,,,,,,,,,,,,True,other_unpaved,0.06844572849087026,OpenStreetMap / Geofabrik 2026-10-03
376076862,,,track,,grade3,,,,,,,,,,,,,,,,True,surface_unknown,4.44711235218135,OpenStreetMap / Geofabrik 2026-10-03
376083353,,,track,,grade3,,,,,,,,,,,,,,,,True,surface_unknown,2.2605712644165434,OpenStreetMap / Geofabrik 2026-10-03
376083354,,,unclassified,ground,grade3,,,,,,,,,,,,,,,,True,earth_sand,6.963614293886956,OpenStreetMap / Geofabrik 2026-10-03
382506210,,,track,,grade4,,,,,,,,,,,,,,,,True,surface_unknown,0.1965579359741604,OpenStreetMap / Geofabrik 2026-10-03
382506212,,,path,,,,,,,,,,,,,,,,,,False,foot_or_nonmotor,0.670097886650638,OpenStreetMap / Geofabrik 2026-10-03
382506214,,,path,,,,,,,,,,,,,,,,,,False,foot_or_nonmotor,0.05233062812649529,OpenStreetMap / Geofabrik 2026-10-03
382506215,,,track,,grade5,,,,,,,,,,,,,,,,True,surface_unknown,0.1433616959409388,OpenStreetMap / Geofabrik 2026-10-03
382506216,,,track,dirt,grade3,,,,,,forestry,,,,,,,,,,True,earth_sand,1.8005074867210134,OpenStreetMap / Geofabrik 2026-10-03
382506217,,,track,,grade4,,,,,,,,,,,,,,,,True,surface_unknown,0.25539248327141795,OpenStreetMap / Geofabrik 2026-10-03
382506218,,,track,,grade4,,,,,,forestry,,,,,,,,,,True,surface_unknown,0.3784053486974049,OpenStreetMap / Geofabrik 2026-10-03
382506219,,,track,,grade3,,,,,,,,,,,,,,,,True,surface_unknown,2.1823095000073045,OpenStreetMap / Geofabrik 2026-10-03
382506220,,,unclassified,gravel,grade2,bad,,60,,,,,,,,,,,,,True,gravel,3.7820374740774674,OpenStreetMap / Geofabrik 2026-10-03
382506221,,,track,,grade3,,,,,,forestry,,,,,,,,,,True,surface_unknown,0.17889120431725958,OpenStreetMap / Geofabrik 2026-10-03
392275067,,,service,dirt,grade2,,,,,,,,yes,,,,,,,,True,earth_sand,1.3979853190920317,OpenStreetMap / Geofabrik 2026-10-03
399707832,,,track,,grade3,,,,,,,,,,,,,,,,True,surface_unknown,0.40299874132693625,OpenStreetMap / Geofabrik 2026-10-03
399707854,,,track,,grade4,,,,,,,,,,,,,,,,True,surface_unknown,0.5443856545554523,OpenStreetMap / Geofabrik 2026-10-03
399707860,,,track,,grade4,,,,,,,,,,,,,,,,True,surface_unknown,0.18226118852990106,OpenStreetMap / Geofabrik 2026-10-03
399707863,,,track,,grade4,,,,,,forestry,,,,,,,,,,True,surface_unknown,0.2389039595846222,OpenStreetMap / Geofabrik 2026-10-03
406425322,,,unclassified,gravel,,,,100,no,,,,,,,,,,,,True,gravel,0.035561781524981954,OpenStreetMap / Geofabrik 2026-10-03
418622193,,,path,dirt,,,,,,,,,,,,,,,,,False,foot_or_nonmotor,0.3464664589352883,OpenStreetMap / Geofabrik 2026-10-03
418622194,,,track,,grade2,,,,,,forestry,,,,,,,,,,True,surface_unknown,1.66966386856586,OpenStreetMap / Geofabrik 2026-10-03
422655885,,,unclassified,gravel,grade3,,,60,no,,,,yes,,,,,,,,True,gravel,0.03587047842578883,OpenStreetMap / Geofabrik 2026-10-03
423619303,,D3025,tertiary,unpaved,,,,100,,,,,,,,,,,,,True,other_unpaved,13.091836000146307,OpenStreetMap / Geofabrik 2026-10-03
437267539,,,service,paving_stones,,good,,,,,,,,,,,,,,,True,paved,0.09938878368906753,OpenStreetMap / Geofabrik 2026-10-03
437267540,,,service,paving_stones,,good,,,,,,,,,,,,,,,True,paved,0.01600742833526228,OpenStreetMap / Geofabrik 2026-10-03
437268809,,,service,,,,,,,,,,,,,,,,,,True,surface_unknown,0.1745039009954019,OpenStreetMap / Geofabrik 2026-10-03
459028149,,,track,gravel,grade2,,,60,,,forestry,,yes,,,,,,,,True,gravel,3.857211327215425,OpenStreetMap / Geofabrik 2026-10-03
459028973,,,track,,,,,,,,forestry,,,,,,,,,,True,surface_unknown,0.2669356303623122,OpenStreetMap / Geofabrik 2026-10-03
466978255,,,track,gravel,grade2,,,,,,,,yes,,,,,,,,True,gravel,0.06729083932549176,OpenStreetMap / Geofabrik 2026-10-03
466981339,,,track,,,,,,,,no,,,,,,,,,,True,surface_unknown,0.8933137248063361,OpenStreetMap / Geofabrik 2026-10-03
466984544,,,path,,,,,,,,,,,,yes,,1,,,,False,foot_or_nonmotor,0.16799558917125945,OpenStreetMap / Geofabrik 2026-10-03
467000355,,,service,gravel,,,,,no,,,,yes,,,,,,,,True,gravel,0.027564227212544565,OpenStreetMap / Geofabrik 2026-10-03
467000356,,,service,gravel,grade2,,,,no,,,,yes,,,,,,,,True,gravel,0.025556667970387054,OpenStreetMap / Geofabrik 2026-10-03
467003647,,,service,,,,,,,,,,,,,,,,,,True,surface_unknown,0.16536002768973637,OpenStreetMap / Geofabrik 2026-10-03
467812352,,,path,,,,,,,,,,,,,,,,,,False,foot_or_nonmotor,0.05928954844583193,OpenStreetMap / Geofabrik 2026-10-03
468119788,,,track,,,,,,,,permissive,,,,,,,,,,True,surface_unknown,0.05014811957210315,OpenStreetMap / Geofabrik 2026-10-03
468119789,,,track,,,,,,,,permissive,,,,,,,,,,True,surface_unknown,0.3025680920193582,OpenStreetMap / Geofabrik 2026-10-03
468123017,,,tertiary,gravel,,,,60,,,,,,,,,,,,,True,gravel,0.07443510642961632,OpenStreetMap / Geofabrik 2026-10-03
468123594,,,unclassified,gravel,,,,100,,,,,,,,,,,,,True,gravel,0.05483858523530032,OpenStreetMap / Geofabrik 2026-10-03
468141780,,,track,gravel,grade2,,,,,,,,yes,,,,,,,,True,gravel,0.115431162153549,OpenStreetMap / Geofabrik 2026-10-03
468234722,,,track,,,,,,,,forestry,,,,,,,,,,True,surface_unknown,0.46195999069208177,OpenStreetMap / Geofabrik 2026-10-03
468246683,,5951,service,gravel,grade2,,,,,,,,yes,,,,,,,,True,gravel,0.046935017213055666,OpenStreetMap / Geofabrik 2026-10-03
488042697,,,service,,grade2,,,,yes,,,,,,,,,,,,True,surface_unknown,0.0947430621512469,OpenStreetMap / Geofabrik 2026-10-03
488047468,,,unclassified,unpaved,,,,,,,,,,,,,,,,,True,other_unpaved,0.31795359992314126,OpenStreetMap / Geofabrik 2026-10-03
488055004,,,service,dirt,,,,,,,,,yes,,,,,,,,True,earth_sand,0.2572185670626568,OpenStreetMap / Geofabrik 2026-10-03
490490679,,,service,unpaved,grade3,,,,,,,,,,,,,,,,True,other_unpaved,0.03893146039924816,OpenStreetMap / Geofabrik 2026-10-03
490490680,,,track,,,,,,,,,,yes,,,,,,,,True,surface_unknown,0.24226018424879864,OpenStreetMap / Geofabrik 2026-10-03
490502569,,,track,,,,,,,,,,,,,,,,,,True,surface_unknown,0.06012878263230792,OpenStreetMap / Geofabrik 2026-10-03
490502571,,,track,,,,,,,,,,,,,,,,,,True,surface_unknown,27.73689632080773,OpenStreetMap / Geofabrik 2026-10-03
493266776,,,track,dirt,grade3,,,,,,forestry,,,,,,,,,,True,earth_sand,3.1682932428773247,OpenStreetMap / Geofabrik 2026-10-03
494007248,,,track,unpaved,grade3,,,60,,,,,,,,,,,,,True,other_unpaved,12.068552835031152,OpenStreetMap / Geofabrik 2026-10-03
495962916,,,path,,,,,,,,,,,,,,,,,,False,foot_or_nonmotor,0.023967610106659664,OpenStreetMap / Geofabrik 2026-10-03
495963702,,,path,,,,,,,,,,,,,yes,-1,,,,False,foot_or_nonmotor,0.006290007243894398,OpenStreetMap / Geofabrik 2026-10-03
495963703,,,path,,,,,,,,,,,,,,,,,,False,foot_or_nonmotor,0.00929913999139084,OpenStreetMap / Geofabrik 2026-10-03
495963704,,,path,,,,,,,,,,,,,,,,,,False,foot_or_nonmotor,0.048884593265819114,OpenStreetMap / Geofabrik 2026-10-03
495963705,,,path,,,,,,,,,,,,,yes,-1,,,,False,foot_or_nonmotor,0.006718073594038331,OpenStreetMap / Geofabrik 2026-10-03
495964930,,,path,,,,,,,,,,,,,,,,,,False,foot_or_nonmotor,0.058598105770381055,OpenStreetMap / Geofabrik 2026-10-03
495966684,,,path,,,,,,,,,,,,,,,,,,False,foot_or_nonmotor,0.07357114079837108,OpenStreetMap / Geofabrik 2026-10-03
547604912,,,track,,,,,,,,,,yes,,,,,,,,True,surface_unknown,0.0915096621033616,OpenStreetMap / Geofabrik 2026-10-03
551123509,,,unclassified,asphalt,,,,20,,,,,,,,,,,,,True,paved,0.18854810572733688,OpenStreetMap / Geofabrik 2026-10-03
551124886,,C38,primary,asphalt,,,,60,,,,,,,,,,,,,True,paved,11.342197688405433,OpenStreetMap / Geofabrik 2026-10-03
551186510,,C38,primary,gravel,,,,60,,,,,,,,,,,,,True,gravel,34.203140083841426,OpenStreetMap / Geofabrik 2026-10-03
551187101,,C38,construction,gravel,grade2,bad,,60,,,,,,,,,,,,primary,False,construction,26.94987096959199,OpenStreetMap / Geofabrik 2026-10-03
551187103,,,unclassified,asphalt,,,,60,no,,,,,,,,,,,,True,paved,0.02035989753234407,OpenStreetMap / Geofabrik 2026-10-03
551187104,,,unclassified,asphalt,,,,10,no,,,,,,,,,,,,True,paved,0.06720039680191485,OpenStreetMap / Geofabrik 2026-10-03
551187105,,,service,,,,,,,,,,,,,,,,,,True,surface_unknown,0.1550652858272776,OpenStreetMap / Geofabrik 2026-10-03
551187106,,,service,,,,,,,,,,,,,,,,,,True,surface_unknown,0.0466866733371971,OpenStreetMap / Geofabrik 2026-10-03
551188259,,,track,gravel,,,,60,,,forestry,,,,,,,,,,True,gravel,0.04615020435555851,OpenStreetMap / Geofabrik 2026-10-03
551188260,,,unclassified,fine_gravel,,,,,,,permissive,,,,,,,,,,True,gravel,0.22961832054440942,OpenStreetMap / Geofabrik 2026-10-03
551190853,,,service,gravel,grade2,,,60,no,,,,,,,,,,,,True,gravel,0.2083638197462772,OpenStreetMap / Geofabrik 2026-10-03
551190854,,,track,compacted,grade2,,,,,,forestry,,,,,,,,,,True,other_unpaved,0.24869218032648105,OpenStreetMap / Geofabrik 2026-10-03
551191308,,,track,gravel,grade2,,,,,,,,yes,,,,,,,,True,gravel,0.3707006471543863,OpenStreetMap / Geofabrik 2026-10-03
551192157,,,track,,grade2,,,,,,forestry,,,,,,,,,,True,surface_unknown,15.7212697315747,OpenStreetMap / Geofabrik 2026-10-03
551304677,,D3646,secondary,gravel,grade3,,,60,,,,,,,,,,,,,True,gravel,42.25844862926404,OpenStreetMap / Geofabrik 2026-10-03
551314417,,,service,gravel,grade3,,,,no,,,,yes,,,,,,,,True,gravel,0.10074631642757763,OpenStreetMap / Geofabrik 2026-10-03
551314418,,,service,,,,,,,,,,,,,,,,,,True,surface_unknown,0.037660069206495714,OpenStreetMap / Geofabrik 2026-10-03
551373730,,,unclassified,ground,,,,60,,,customers,,,,,,,,,,True,earth_sand,0.04163465961739649,OpenStreetMap / Geofabrik 2026-10-03
551373731,,,unclassified,ground,grade3,very_bad,,60,,,,,,,,,,,,,True,earth_sand,4.013457809312214,OpenStreetMap / Geofabrik 2026-10-03
551373733,,,track,,grade2,,,,,,private,,,,,,,,,,True,surface_unknown,0.09045630406638823,OpenStreetMap / Geofabrik 2026-10-03
551373734,,,service,gravel,grade2,,,,,,,,yes,,,,,,,,True,gravel,0.0383098984223051,OpenStreetMap / Geofabrik 2026-10-03
551373735,,,unclassified,,grade3,,,,,,,,,,,,,,,,True,surface_unknown,0.22987655976485824,OpenStreetMap / Geofabrik 2026-10-03
551376479,,6019,unclassified,gravel,grade2,,,,,,,,yes,,,,,,,,True,gravel,0.028529066972496166,OpenStreetMap / Geofabrik 2026-10-03
551376483,,,service,gravel,grade2,,,,,,forestry,,,,,,,,,,True,gravel,0.05723911612129962,OpenStreetMap / Geofabrik 2026-10-03
551378542,,,service,gravel,grade2,,,,,,,,yes,,,,,,,,True,gravel,0.03620317133847298,OpenStreetMap / Geofabrik 2026-10-03
551378543,,,service,unpaved,,,,,,,,,,,,,,,,,True,other_unpaved,0.08332622140803032,OpenStreetMap / Geofabrik 2026-10-03
551378545,,,service,gravel,grade2,,,60,no,,,,yes,,,,,,,,True,gravel,0.6254994498300366,OpenStreetMap / Geofabrik 2026-10-03
551382185,,,unclassified,,grade3,,,,,,,,,,,,,,,,True,surface_unknown,0.018706277301738617,OpenStreetMap / Geofabrik 2026-10-03
551382188,,,tertiary,gravel,,,,60,,,,,,,,,,,,,True,gravel,14.3465037744131,OpenStreetMap / Geofabrik 2026-10-03
551382193,,,tertiary,gravel,grade2,,,60,,,,,yes,,,,,,,,True,gravel,8.045341363388333,OpenStreetMap / Geofabrik 2026-10-03
551382198,,,service,gravel,grade2,,,,,,,,yes,,,,,,,,True,gravel,0.053140909743130835,OpenStreetMap / Geofabrik 2026-10-03
551382199,,,track,dirt,grade4,,,,,,forestry,,,,,,,,,,True,earth_sand,10.010356497403835,OpenStreetMap / Geofabrik 2026-10-03
551467609,,,unclassified,ground,,,,,,,forestry,,,,,,,,,,True,earth_sand,0.009083503559463739,OpenStreetMap / Geofabrik 2026-10-03
551563616,,,track,,,,,,,,forestry,,,,,,,,,,True,surface_unknown,8.00394246774125,OpenStreetMap / Geofabrik 2026-10-03
551563617,,,track,,,,,,,,forestry,,,,,,,,,,True,surface_unknown,0.1002416640143281,OpenStreetMap / Geofabrik 2026-10-03
551567051,,,service,gravel,grade2,,,,yes,,,,yes,,,,,,,,True,gravel,0.05824970351142008,OpenStreetMap / Geofabrik 2026-10-03
551567052,,,service,gravel,,,,,yes,,,,yes,,,,,,,,True,gravel,0.13503966041931573,OpenStreetMap / Geofabrik 2026-10-03
551567054,,,service,dirt,,,,,yes,,,,yes,,,,,,,,True,earth_sand,0.11917651900298444,OpenStreetMap / Geofabrik 2026-10-03
551567055,,,service,gravel,,,,,yes,,,,yes,,,,,,,,True,gravel,0.07404783458786052,OpenStreetMap / Geofabrik 2026-10-03
551567056,,,service,gravel,grade3,,,,,,,,yes,,,,,,,,True,gravel,0.19902528475457118,OpenStreetMap / Geofabrik 2026-10-03
551567057,,,track,,,,,,yes,,,,yes,,,,,,,,True,surface_unknown,0.15254993885486873,OpenStreetMap / Geofabrik 2026-10-03
551601415,,,service,gravel,grade3,very_bad,,60,,,,,yes,,,,,,,,True,gravel,1.2678799346742806,OpenStreetMap / Geofabrik 2026-10-03
551635400,,,unclassified,gravel,grade2,,,,,,,,,,,,,,,,True,gravel,0.03446765833787876,OpenStreetMap / Geofabrik 2026-10-03
551641990,,,residential,,grade2,,,,,,,,,,,,,,,,True,surface_unknown,0.037943071606058136,OpenStreetMap / Geofabrik 2026-10-03
551641991,,,residential,,grade2,,,,,,,,,,,,,,,,True,surface_unknown,0.2582145128787278,OpenStreetMap / Geofabrik 2026-10-03
551641992,,,residential,,grade3,,,,,,,,,,,,,,,,True,surface_unknown,0.09138785636766149,OpenStreetMap / Geofabrik 2026-10-03
551641993,,,track,,grade3,,,,,,,,,,,,,,,,True,surface_unknown,0.07062745565795037,OpenStreetMap / Geofabrik 2026-10-03
551641994,,,residential,,grade3,,,,,,,,,,,,,,,,True,surface_unknown,0.006751495200048453,OpenStreetMap / Geofabrik 2026-10-03
558921098,,,path,,,,,,,,,,,,,,,,,,False,foot_or_nonmotor,0.25249352492642946,OpenStreetMap / Geofabrik 2026-10-03
561930278,,,service,gravel,grade2,,,,,,,,yes,,,,,,,,True,gravel,0.12654978564500866,OpenStreetMap / Geofabrik 2026-10-03
561931152,,,service,gravel,grade3,,,,yes,,,,yes,,,,,,,,True,gravel,0.11920232424613404,OpenStreetMap / Geofabrik 2026-10-03
561931157,,,service,gravel,grade3,,,,yes,,,,yes,,,,,,,,True,gravel,0.021008158521438426,OpenStreetMap / Geofabrik 2026-10-03
561936233,,,track,gravel,grade2,,,60,,,,,yes,,,,,,,,True,gravel,0.4653330812827181,OpenStreetMap / Geofabrik 2026-10-03
561936235,,,service,gravel,grade3,,,,yes,,,,yes,,,,,,,,True,gravel,0.083951504570677,OpenStreetMap / Geofabrik 2026-10-03
561936237,,,service,gravel,grade2,,,60,yes,,,,,,,,,,,,True,gravel,0.20744407895807174,OpenStreetMap / Geofabrik 2026-10-03
561936239,,,service,gravel,grade2,,,,,,,,yes,,,,,,,,True,gravel,0.43379106461611494,OpenStreetMap / Geofabrik 2026-10-03
561936241,,,service,gravel,grade2,,,,yes,,,,yes,,,,,,,,True,gravel,0.13005340830022882,OpenStreetMap / Geofabrik 2026-10-03
561936244,,,service,,grade2,,,,,,,,,,,,,,,,True,surface_unknown,0.0632901162154972,OpenStreetMap / Geofabrik 2026-10-03
561936247,,,unclassified,gravel,grade2,,,100,,,,,,,,,,,,,True,gravel,3.4128261592516655,OpenStreetMap / Geofabrik 2026-10-03
561936250,,,unclassified,gravel,,,,,yes,,,,,,,,,,,,True,gravel,0.0799534466468263,OpenStreetMap / Geofabrik 2026-10-03
561936252,,,service,gravel,grade2,,,60,yes,,,,yes,,,,,,,,True,gravel,0.18819537086428473,OpenStreetMap / Geofabrik 2026-10-03
561936256,,,service,gravel,grade2,,,60,,,,,yes,,,,,,,,True,gravel,0.18653037072290238,OpenStreetMap / Geofabrik 2026-10-03
561936260,,,service,gravel,grade2,,,60,yes,,,,,,,,,,,,True,gravel,0.30196753338591054,OpenStreetMap / Geofabrik 2026-10-03
561936266,,,service,gravel,,,,,,,,,,,,,,,,,True,gravel,0.16689539514456345,OpenStreetMap / Geofabrik 2026-10-03
561936267,,,service,gravel,,,,,yes,,,,,,,,,,,,True,gravel,0.31268313106329554,OpenStreetMap / Geofabrik 2026-10-03
561936269,,,service,,,,,,,,,,,,,,,,,,True,surface_unknown,0.04471223370254881,OpenStreetMap / Geofabrik 2026-10-03
561936270,,,service,compacted,grade2,,,,yes,,,,yes,,,,,,,,True,other_unpaved,0.2749239131928048,OpenStreetMap / Geofabrik 2026-10-03
561936273,,,service,gravel,grade2,,,60,yes,,,,yes,,,,,,,,True,gravel,0.07678986492202837,OpenStreetMap / Geofabrik 2026-10-03
561936275,,,service,gravel,grade2,,,,yes,,,,yes,,,,,,,,True,gravel,0.44468923707135455,OpenStreetMap / Geofabrik 2026-10-03
561936279,,,service,gravel,grade2,,,,yes,,,,yes,,,,,,,,True,gravel,0.2055972083745013,OpenStreetMap / Geofabrik 2026-10-03
561938108,,,service,gravel,grade2,,,,yes,,,,yes,,,,,,,,True,gravel,0.11638505047542189,OpenStreetMap / Geofabrik 2026-10-03
561938109,,,service,unpaved,grade3,,,,yes,,,,yes,,,,,,,,True,other_unpaved,0.2645056695864823,OpenStreetMap / Geofabrik 2026-10-03
561938110,,,service,gravel,grade3,,,,,,,,yes,,,,,,,,True,gravel,0.026981145361712814,OpenStreetMap / Geofabrik 2026-10-03
561938111,,,service,gravel,,,,,yes,,,,,,,,,,,,True,gravel,0.10199700288978508,OpenStreetMap / Geofabrik 2026-10-03
561946641,,,tertiary,gravel,grade2,,,60,,,,,,,yes,,1,,,,True,gravel,0.03367342219793863,OpenStreetMap / Geofabrik 2026-10-03
561946642,,,tertiary,gravel,grade2,,,60,,,,,,,,,,,,,True,gravel,33.0787384835535,OpenStreetMap / Geofabrik 2026-10-03
561946647,,,service,gravel,,,,,,,,,,,,,,,,,True,gravel,0.1665468992343058,OpenStreetMap / Geofabrik 2026-10-03
561947357,,,service,,,,,,yes,,,,yes,,,,,,,,True,surface_unknown,0.16011496119904503,OpenStreetMap / Geofabrik 2026-10-03
561947359,,,service,gravel,grade2,,,,yes,,,,yes,,,,,,,,True,gravel,0.15424255294952088,OpenStreetMap / Geofabrik 2026-10-03
561948925,,,service,gravel,grade2,,,,,,,,yes,,,,,,,,True,gravel,1.0541196050324964,OpenStreetMap / Geofabrik 2026-10-03
561948926,,,service,dirt,,,,,,,,,yes,,,,,,,,True,earth_sand,0.8337826625898686,OpenStreetMap / Geofabrik 2026-10-03
561948927,,,service,,,,,,yes,,,,,,,,,,,,True,surface_unknown,0.06733490786267216,OpenStreetMap / Geofabrik 2026-10-03
561948929,,,service,,,,,,,,,,,,,,,,,,True,surface_unknown,0.6673073381251453,OpenStreetMap / Geofabrik 2026-10-03
561948932,,,service,gravel,,,,,yes,,,,,,,,,,,,True,gravel,0.08311501377010744,OpenStreetMap / Geofabrik 2026-10-03
561950845,,,service,dirt,,,,,yes,,,,,,,,,,,,True,earth_sand,0.08954090690480415,OpenStreetMap / Geofabrik 2026-10-03
561950847,,,service,,,,,,yes,,,,yes,,,,,,,,True,surface_unknown,0.2605223125377082,OpenStreetMap / Geofabrik 2026-10-03
561950849,,,service,gravel,,,,,,,,,yes,,,,,,,,True,gravel,0.34075588467326995,OpenStreetMap / Geofabrik 2026-10-03
561985196,,,unclassified,gravel,,,,,,,forestry,,,,,,,,,,True,gravel,4.2814980924928,OpenStreetMap / Geofabrik 2026-10-03
562021937,,,track,gravel,grade2,,,,,,,,yes,,,,,,,,True,gravel,6.129285332605227,OpenStreetMap / Geofabrik 2026-10-03
562592436,,,track,,,,,,,,,,,,,,,,,,True,surface_unknown,33.486275694248484,OpenStreetMap / Geofabrik 2026-10-03
562592437,,,track,,,,,,,,,,,,,,,,,,True,surface_unknown,0.23299457296404957,OpenStreetMap / Geofabrik 2026-10-03
562592438,,,track,,,,,,,,,,,,,,,,,,True,surface_unknown,33.280909302407565,OpenStreetMap / Geofabrik 2026-10-03
562592439,,,track,,,,,,,,,,,,,,,,,,True,surface_unknown,0.19336659895331174,OpenStreetMap / Geofabrik 2026-10-03
562592440,,,track,gravel,,,,,,,,,,,,,,,,,True,gravel,0.4831592513504534,OpenStreetMap / Geofabrik 2026-10-03
562592441,,,track,,,,,,,,,,,,,,,,,,True,surface_unknown,10.804637536268514,OpenStreetMap / Geofabrik 2026-10-03
562592442,,,track,gravel,,,,,,,,,,,,,,,,,True,gravel,0.3551507204963852,OpenStreetMap / Geofabrik 2026-10-03
562592443,,,track,,,,,,,,,,,,,,,,,,True,surface_unknown,2.3478589265695238,OpenStreetMap / Geofabrik 2026-10-03
562592444,,,track,,,,,,,,,,,,,,,,,,True,surface_unknown,9.08181860456861,OpenStreetMap / Geofabrik 2026-10-03
562592445,,,track,,,,,,,,,,,,,,,,,,True,surface_unknown,5.344914781549396,OpenStreetMap / Geofabrik 2026-10-03
562592446,,,track,,,,,,,,,,,,,,,,,,True,surface_unknown,14.067821259090984,OpenStreetMap / Geofabrik 2026-10-03
562604569,,,track,,,,,,,,,,,,,,,,,,True,surface_unknown,0.3308088668625275,OpenStreetMap / Geofabrik 2026-10-03
562604570,,,track,,,,,,,,,,,,,,,,,,True,surface_unknown,0.19855544092331506,OpenStreetMap / Geofabrik 2026-10-03
562604571,,,track,,,,,,,,,,,,,,,,,,True,surface_unknown,0.14984058029642514,OpenStreetMap / Geofabrik 2026-10-03
562604572,,,track,,,,,,,,,,,,,,,,,,True,surface_unknown,2.8478871610770606,OpenStreetMap / Geofabrik 2026-10-03
562604573,,,track,,,,,,,,,,,,,,,,,,True,surface_unknown,0.15611366767532867,OpenStreetMap / Geofabrik 2026-10-03
562604574,,,track,,,,,,,,,,,,,,,,,,True,surface_unknown,2.851894853885611,OpenStreetMap / Geofabrik 2026-10-03
562604575,,,track,,,,,,,,,,,,,,,,,,True,surface_unknown,13.993179146350748,OpenStreetMap / Geofabrik 2026-10-03
562604576,,,track,,,,,,,,,,,,,,,,,,True,surface_unknown,0.21305066136665862,OpenStreetMap / Geofabrik 2026-10-03
562604577,,,track,gravel,,,,,,,,,,,,,,,,,True,gravel,0.6467271769184625,OpenStreetMap / Geofabrik 2026-10-03
562604578,,,track,,,,,,,,,,,,,,,,,,True,surface_unknown,0.2113566982753602,OpenStreetMap / Geofabrik 2026-10-03
562604579,,,track,,,,,,,,,,,,,,,,,,True,surface_unknown,0.12291097131313206,OpenStreetMap / Geofabrik 2026-10-03
562604580,,,track,,,,,,,,,,,,,,,,,,True,surface_unknown,1.3396098917362427,OpenStreetMap / Geofabrik 2026-10-03
562604581,,,track,,,,,,,,,,,,,,,,,,True,surface_unknown,0.2071133071431672,OpenStreetMap / Geofabrik 2026-10-03
562604585,,,track,,,,,,,,,,,,,,,,,,True,surface_unknown,0.5994175397363046,OpenStreetMap / Geofabrik 2026-10-03
562606543,,,track,,,,,,,,,,,,,,,,,,True,surface_unknown,0.1172498396919116,OpenStreetMap / Geofabrik 2026-10-03
562606544,,,track,,,,,,,,,,,,,,,,,,True,surface_unknown,0.03076927049118154,OpenStreetMap / Geofabrik 2026-10-03
562606545,,,track,,,,,,,,,,,,,,,,,,True,surface_unknown,0.1353719090598148,OpenStreetMap / Geofabrik 2026-10-03
562606547,,,track,,,,,,,,,,,,,,,,,,True,surface_unknown,1.9448694055675166,OpenStreetMap / Geofabrik 2026-10-03
562606548,,,track,,,,,,,,,,,,,,,,,,True,surface_unknown,0.24081597343553918,OpenStreetMap / Geofabrik 2026-10-03
562606549,,,track,,,,,,,,,,,,,,,,,,True,surface_unknown,4.585596619032253,OpenStreetMap / Geofabrik 2026-10-03
562607727,,,track,,,,,,,,,,,,,,,,,,True,surface_unknown,0.08040238808623684,OpenStreetMap / Geofabrik 2026-10-03
562607728,,,track,,,,,,,,,,,,,,,,,,True,surface_unknown,0.828908385774507,OpenStreetMap / Geofabrik 2026-10-03
562607729,,,track,,,,,,,,,,,,,,,,,,True,surface_unknown,0.12655829967431825,OpenStreetMap / Geofabrik 2026-10-03
562607732,,,track,,,,,,,,,,,,,,,,,,True,surface_unknown,0.33035222761150135,OpenStreetMap / Geofabrik 2026-10-03
562607733,,,track,,,,,,,,private,,,,,,,,,,True,surface_unknown,0.07385869259467148,OpenStreetMap / Geofabrik 2026-10-03
562930239,,,unclassified,gravel,,,,,,,forestry,,,,,,,,,,True,gravel,14.94953691427148,OpenStreetMap / Geofabrik 2026-10-03
562931039,,,track,ground,grade5,,,,,,forestry,,,,,,,,,,True,earth_sand,90.81067081221289,OpenStreetMap / Geofabrik 2026-10-03
562932630,,,track,ground,grade5,,,,,,forestry,,,,,,,,,,True,earth_sand,0.40323077050115963,OpenStreetMap / Geofabrik 2026-10-03
562932631,,,unclassified,ground,,,,,,,forestry,,,,,,,,,,True,earth_sand,6.987364212755144,OpenStreetMap / Geofabrik 2026-10-03
562986388,,,unclassified,ground,,,,100,,,forestry,,,,,,,,,,True,earth_sand,9.352691660659959,OpenStreetMap / Geofabrik 2026-10-03
562986389,,,track,ground,grade5,,,,,,forestry,,,,,,,,,,True,earth_sand,5.540971134489574,OpenStreetMap / Geofabrik 2026-10-03
562990336,,,track,ground,grade5,,,,,,forestry,,,,,,,,,,True,earth_sand,5.65027187356098,OpenStreetMap / Geofabrik 2026-10-03
563906161,,,unclassified,unpaved,,,,,,,,,,,,,,,,,True,other_unpaved,0.3569009528617496,OpenStreetMap / Geofabrik 2026-10-03
563906168,,,unclassified,unpaved,,,,,,roundabout,,,,,,,,,,,True,other_unpaved,0.1374499963137162,OpenStreetMap / Geofabrik 2026-10-03
625376485,,,track,gravel,grade2,very_bad,,,,,,,,,,,,,,,True,gravel,0.1713484334241709,OpenStreetMap / Geofabrik 2026-10-03
628519675,,,track,,,,,,,,,,,,,,,,,,True,surface_unknown,0.006010012223488959,OpenStreetMap / Geofabrik 2026-10-03
657025819,,,residential,,,,,,,,,,,,,,,,,,True,surface_unknown,0.5042821309408683,OpenStreetMap / Geofabrik 2026-10-03
657025820,,,residential,,,,,,,,,,,,,,,,,,True,surface_unknown,0.2049519299278953,OpenStreetMap / Geofabrik 2026-10-03
657025821,,,residential,,,,,,,,,,,,,,,,,,True,surface_unknown,0.4283373626407426,OpenStreetMap / Geofabrik 2026-10-03
657025822,,,residential,,,,,,,,,,,,,,,,,,True,surface_unknown,0.2089989445584893,OpenStreetMap / Geofabrik 2026-10-03
665243360,,C38,primary,asphalt,,,,60,yes,,,,,,,,,,,,True,paved,0.052141586936405006,OpenStreetMap / Geofabrik 2026-10-03
665243363,,C38,primary,asphalt,,,,60,yes,,,,,,,,,,,,True,paved,0.05200973474902703,OpenStreetMap / Geofabrik 2026-10-03
665260070,,,unclassified,gravel,grade2,,,60,,,,,yes,,,,,,,,True,gravel,0.031247284671699717,OpenStreetMap / Geofabrik 2026-10-03
665260072,,,service,gravel,grade3,,,,,,,,yes,,,,,,,,True,gravel,0.10249581971339639,OpenStreetMap / Geofabrik 2026-10-03
665260073,,,service,gravel,grade2,,,60,no,,,,,,,,,,,,True,gravel,0.043771718857869256,OpenStreetMap / Geofabrik 2026-10-03
665260074,,,service,gravel,grade2,,,60,no,,,,,,,,,,,,True,gravel,0.13694156648356398,OpenStreetMap / Geofabrik 2026-10-03
665260075,,,construction,gravel,grade3,,,60,no,,,,yes,,,,,,,unclassified,False,construction,0.030462968881828104,OpenStreetMap / Geofabrik 2026-10-03
665260076,,,construction,gravel,grade3,,,60,no,,,,yes,,,,,,,unclassified,False,construction,0.05361889458406692,OpenStreetMap / Geofabrik 2026-10-03
665260077,,,unclassified,gravel,grade3,very_bad,,60,no,,,,yes,,,,,,,,True,gravel,0.04545706576406683,OpenStreetMap / Geofabrik 2026-10-03
665260078,,,unclassified,gravel,grade3,very_bad,,60,no,,,,yes,,,,,,,,True,gravel,0.040506588643457034,OpenStreetMap / Geofabrik 2026-10-03
665260079,,,unclassified,gravel,grade3,very_bad,,60,no,,,,yes,,,,,,,,True,gravel,8.825008591802998,OpenStreetMap / Geofabrik 2026-10-03
665260080,,,unclassified,gravel,grade3,,,60,no,,,,yes,,,,,,,,True,gravel,0.043741327716956775,OpenStreetMap / Geofabrik 2026-10-03
665260081,,,unclassified,gravel,grade3,,,60,no,,,,yes,,,,,,,,True,gravel,0.036180062210019084,OpenStreetMap / Geofabrik 2026-10-03
665262079,,,unclassified,gravel,grade3,,,60,no,,,,yes,,,,,,,,True,gravel,0.038614784710635584,OpenStreetMap / Geofabrik 2026-10-03
665262080,,,unclassified,gravel,grade2,,,100,,,,,yes,,,,,,,,True,gravel,0.03517244681406827,OpenStreetMap / Geofabrik 2026-10-03
665262081,,,service,,grade3,,,,,,,,yes,,,,,,,,True,surface_unknown,0.040855924617296216,OpenStreetMap / Geofabrik 2026-10-03
665262082,,,unclassified,gravel,grade2,,,60,no,,,,,,,,,,,,True,gravel,0.04166071247057089,OpenStreetMap / Geofabrik 2026-10-03
665262085,,,service,gravel,grade2,,,,,,,,yes,,,,,,,,True,gravel,0.05488107143262802,OpenStreetMap / Geofabrik 2026-10-03
665262087,,,service,gravel,grade2,,,,,,,,yes,,,,,,,,True,gravel,0.05123670197923216,OpenStreetMap / Geofabrik 2026-10-03
665262088,,,service,gravel,grade2,,,,,,,,yes,,,,,,,,True,gravel,0.04678344938075625,OpenStreetMap / Geofabrik 2026-10-03
665262089,Eland Drive,5978,tertiary,gravel,grade3,,,60,,,,,,,,,,,,,True,gravel,0.03129586591219163,OpenStreetMap / Geofabrik 2026-10-03
665464729,,,unclassified,gravel,grade2,,,100,no,,,,,,,,,,,,True,gravel,0.04358660919048665,OpenStreetMap / Geofabrik 2026-10-03
665464730,,,unclassified,gravel,grade2,,,60,no,,,,,,,,,,,,True,gravel,0.04051770647055628,OpenStreetMap / Geofabrik 2026-10-03
665473755,,,tertiary,gravel,grade2,,,60,no,,,,yes,,,,,,,,True,gravel,0.025977916408590603,OpenStreetMap / Geofabrik 2026-10-03
665473756,,,tertiary,gravel,grade2,,,60,no,,,,yes,,,,,,,,True,gravel,0.024014390996322552,OpenStreetMap / Geofabrik 2026-10-03
665473757,,,construction,gravel,,,,60,,,,,,,,,,,,primary_link,False,construction,0.02915465489092273,OpenStreetMap / Geofabrik 2026-10-03
665481830,,,track,gravel,grade2,,,,,,,,yes,,,,,,,,True,gravel,0.0771015933080926,OpenStreetMap / Geofabrik 2026-10-03
665481831,,,tertiary,gravel,grade2,,,60,,,,,yes,,,,,,,,True,gravel,0.03198099078695814,OpenStreetMap / Geofabrik 2026-10-03
665481832,Eland Drive,5978,tertiary,gravel,grade3,,,60,,,,,,,,,,,,,True,gravel,0.04436135200531775,OpenStreetMap / Geofabrik 2026-10-03
665481834,,,service,gravel,grade2,,,,,,forestry,,,,,,,,,,True,gravel,0.04697984771705159,OpenStreetMap / Geofabrik 2026-10-03
665481835,,,service,gravel,grade2,,,60,no,,,,,,,,,,,,True,gravel,0.07072073982515366,OpenStreetMap / Geofabrik 2026-10-03
665760290,,,unclassified,gravel,grade2,very_bad,,60,,,,,,,,,,,,,True,gravel,0.025644865701044114,OpenStreetMap / Geofabrik 2026-10-03
665760291,,,unclassified,gravel,grade2,very_bad,,60,,,,,,,,,,,,,True,gravel,0.041539600914319234,OpenStreetMap / Geofabrik 2026-10-03
671418915,,6019,unclassified,gravel,grade2,,,,,,,,yes,,,,,,,,True,gravel,0.03272102414754377,OpenStreetMap / Geofabrik 2026-10-03
671418916,,6019,unclassified,gravel,grade2,,,,,,,,yes,,,,,,,,True,gravel,0.034220404105002926,OpenStreetMap / Geofabrik 2026-10-03
695999584,,,service,,,,,10,,,,private,,,,,,,,,True,surface_unknown,0.041586907548261796,OpenStreetMap / Geofabrik 2026-10-03
695999669,,,footway,,,,,,,,,,,,,,,,,,False,foot_or_nonmotor,0.009474979797952138,OpenStreetMap / Geofabrik 2026-10-03
695999670,,,footway,,,,,,,,,,,,,,,,,,False,foot_or_nonmotor,0.013717677100120123,OpenStreetMap / Geofabrik 2026-10-03
695999671,,,footway,,,,,,,,,,,,,,,,,,False,foot_or_nonmotor,0.0323861217643172,OpenStreetMap / Geofabrik 2026-10-03
697704579,,,track,gravel,grade2,,,,,,,,yes,,,,,,,,True,gravel,0.07722927350779556,OpenStreetMap / Geofabrik 2026-10-03
740776674,,,unclassified,,,,,,,,,,,,,,,,,,True,surface_unknown,0.003889756859827848,OpenStreetMap / Geofabrik 2026-10-03
740776682,,,unclassified,,,,,,,,,,,,,,,,,,True,surface_unknown,0.0034056263699057737,OpenStreetMap / Geofabrik 2026-10-03
740776684,,,unclassified,,,,,,,,,,,,,,,,,,True,surface_unknown,0.003661187213775046,OpenStreetMap / Geofabrik 2026-10-03
740776689,,,unclassified,,,,,,,,,,,,,,,,,,True,surface_unknown,0.004420966236312791,OpenStreetMap / Geofabrik 2026-10-03
740776699,,,unclassified,,,,,,,,,,,,,,,,,,True,surface_unknown,0.0027832084379814477,OpenStreetMap / Geofabrik 2026-10-03
740776705,,,unclassified,,,,,,,,,,,,,,,,,,True,surface_unknown,0.004428166783786192,OpenStreetMap / Geofabrik 2026-10-03
740776707,,,unclassified,,,,,,,,,,,,,,,,,,True,surface_unknown,0.0032195662534280746,OpenStreetMap / Geofabrik 2026-10-03
740776710,,,unclassified,,,,,,,,,,,,,,,,,,True,surface_unknown,0.00478852100469618,OpenStreetMap / Geofabrik 2026-10-03
740792105,,,unclassified,,,,,,,,,,,,,,,,,,True,surface_unknown,0.008023773734699528,OpenStreetMap / Geofabrik 2026-10-03
740792110,,,unclassified,,,,,,,,,,,,,,,,,,True,surface_unknown,0.007840008085930704,OpenStreetMap / Geofabrik 2026-10-03
740792116,,,unclassified,,,,,,,,,,,,,,,,,,True,surface_unknown,0.00389454664914746,OpenStreetMap / Geofabrik 2026-10-03
775034341,,,track,,,,,,,,forestry,,,,,,,,,,True,surface_unknown,5.435907667749964,OpenStreetMap / Geofabrik 2026-10-03
775034342,,,track,,,,,,,,forestry,,,,,,,,,,True,surface_unknown,0.9374538977000128,OpenStreetMap / Geofabrik 2026-10-03
863310574,,,track,,,,,,,,,,,,,,,,,,True,surface_unknown,0.07964678240900551,OpenStreetMap / Geofabrik 2026-10-03
863310575,,,track,,,,,,,,,,,,,,,,,,True,surface_unknown,0.024061768978312706,OpenStreetMap / Geofabrik 2026-10-03
863313474,,,track,,,,,,,,,,,,,,,,,,True,surface_unknown,0.04067322136641351,OpenStreetMap / Geofabrik 2026-10-03
941880706,,,service,,,,,,yes,,,private,,,,,,,,,True,surface_unknown,0.03083287216741637,OpenStreetMap / Geofabrik 2026-10-03
1053590799,,D3646,secondary,gravel,grade3,,,60,,,,,,,,,,,,,True,gravel,0.006441248128248526,OpenStreetMap / Geofabrik 2026-10-03
1098120030,,,track,,,,,,,,,,,,,,,,,,True,surface_unknown,0.07609663835334769,OpenStreetMap / Geofabrik 2026-10-03
1184322572,,,path,,,,,,,,,,,,,,,,,,False,foot_or_nonmotor,0.0925840271387407,OpenStreetMap / Geofabrik 2026-10-03
1184322573,,,track,,grade2,,,,,,,,,,,,,,,,True,surface_unknown,0.043794320853042565,OpenStreetMap / Geofabrik 2026-10-03
1184322574,,,residential,ground,grade3,,,,,,,,,,,,,,,,True,earth_sand,0.0320074331605217,OpenStreetMap / Geofabrik 2026-10-03
1184322575,,,residential,,,,,,,,,,,,,,,,,,True,surface_unknown,0.01987673663224143,OpenStreetMap / Geofabrik 2026-10-03
1184322576,,,path,,,,,,,,,,,,,,,,,,False,foot_or_nonmotor,0.03271822661505293,OpenStreetMap / Geofabrik 2026-10-03
1184322577,,,track,,,,,,,,,,,,,,,,,,True,surface_unknown,0.03426400982989888,OpenStreetMap / Geofabrik 2026-10-03
1184322578,,,track,,,,,,,,,,,,,,,,,,True,surface_unknown,0.10231418003175378,OpenStreetMap / Geofabrik 2026-10-03
1184322579,,,track,,,,,,,,,,,,,,,,,,True,surface_unknown,0.33248124269228563,OpenStreetMap / Geofabrik 2026-10-03
1184322580,,6025,track,gravel,grade3,,,,,,,,,,,,,,,,True,gravel,0.023609632790095612,OpenStreetMap / Geofabrik 2026-10-03
1184322581,,6025,residential,dirt,grade3,,,,,,forestry,,,,,,,,,,True,earth_sand,0.027230796250807404,OpenStreetMap / Geofabrik 2026-10-03
1184322582,,,track,,,,,,,,,,,,,,,,,,True,surface_unknown,0.07787651834911953,OpenStreetMap / Geofabrik 2026-10-03
1184322583,,,track,,,,,,,,,,,,,,,,,,True,surface_unknown,0.1505008099692807,OpenStreetMap / Geofabrik 2026-10-03
1184322584,,,track,,,,,,,,,,,,,,,,,,True,surface_unknown,0.027193575216284578,OpenStreetMap / Geofabrik 2026-10-03
1184322585,,,track,,,,,,,,,,,,,,,,,,True,surface_unknown,0.17349280638700548,OpenStreetMap / Geofabrik 2026-10-03
1184322587,,,track,,,,,,,,,,,,,,,,,,True,surface_unknown,0.0575033429105922,OpenStreetMap / Geofabrik 2026-10-03
1184322588,,,track,,,,,,,,,,,,,,,,,,True,surface_unknown,0.12237766894694212,OpenStreetMap / Geofabrik 2026-10-03
1184322589,,,track,,,,,,,,,,,,,,,,,,True,surface_unknown,0.3148394356098398,OpenStreetMap / Geofabrik 2026-10-03
1184602769,,,path,,,,,,,,,,,,,,,,,,False,foot_or_nonmotor,0.056034258410367056,OpenStreetMap / Geofabrik 2026-10-03
1184669989,,,service,,,,,,,,,,,,,,,,,,True,surface_unknown,0.018389668869968092,OpenStreetMap / Geofabrik 2026-10-03
1184669990,,,track,,,,,,,,,,,,,,,,,,True,surface_unknown,0.3675330288958479,OpenStreetMap / Geofabrik 2026-10-03
1184672823,,,track,,,,,,,,,,,,,,,,,,True,surface_unknown,0.4436641202374894,OpenStreetMap / Geofabrik 2026-10-03
1184672826,,,service,gravel,,,,,no,,,,yes,,,,,,,,True,gravel,0.08502305782030295,OpenStreetMap / Geofabrik 2026-10-03
1184672827,,,service,,,,,,,,,,yes,,,,,,,,True,surface_unknown,0.19426066799100894,OpenStreetMap / Geofabrik 2026-10-03
1210830566,,,track,dirt,grade3,,,,,,forestry,,,,,,,,,,True,earth_sand,0.16710352069860612,OpenStreetMap / Geofabrik 2026-10-03
1210847207,,,track,,grade2,,,,,,forestry,,,,,,,,,,True,surface_unknown,0.5955531416072778,OpenStreetMap / Geofabrik 2026-10-03
1212728061,,,service,unpaved,,,,,,,private,,,,,,,,,,True,other_unpaved,0.04353063150929558,OpenStreetMap / Geofabrik 2026-10-03
1212728062,,,service,gravel,grade2,,,,,,,,,,,,,,,,True,gravel,0.05922685886234397,OpenStreetMap / Geofabrik 2026-10-03
1212728063,,,track,,,,,,,,,,,,,,,,,,True,surface_unknown,0.07047015996973466,OpenStreetMap / Geofabrik 2026-10-03
1212728064,,,track,gravel,,,,,,,,,,,,,,,,,True,gravel,0.1531978651105285,OpenStreetMap / Geofabrik 2026-10-03
1212728065,,,track,gravel,,,,,,,,,,,,,,,,,True,gravel,0.2683479671568062,OpenStreetMap / Geofabrik 2026-10-03
1212728066,,,track,gravel,,,,,,,,,,,,,,,,,True,gravel,0.04674725689167653,OpenStreetMap / Geofabrik 2026-10-03
1212728067,,,track,gravel,,,,,,,,,,,,,,,,,True,gravel,0.09459591884693898,OpenStreetMap / Geofabrik 2026-10-03
1212728069,,,service,unpaved,,,,,,,private,,,,,,,,,,True,other_unpaved,0.07829153079502806,OpenStreetMap / Geofabrik 2026-10-03
1212728070,,,service,unpaved,,,,,,,private,,,,,,,,,,True,other_unpaved,0.14264795991474036,OpenStreetMap / Geofabrik 2026-10-03
1212728071,,,service,unpaved,,,,,,,private,,,,,,,,,,True,other_unpaved,0.21334452307529925,OpenStreetMap / Geofabrik 2026-10-03
1212728072,,,service,unpaved,,,,,,,private,,,,,,,,,,True,other_unpaved,0.18877044738755067,OpenStreetMap / Geofabrik 2026-10-03
1212728073,,,service,unpaved,,,,,,,private,,,,,,,,,,True,other_unpaved,0.1517448176715775,OpenStreetMap / Geofabrik 2026-10-03
1212728074,,,service,unpaved,,,,,,,private,,,,,,,,,,True,other_unpaved,0.029004869335845552,OpenStreetMap / Geofabrik 2026-10-03
1212728075,,,service,unpaved,,,,,,,private,,,,,,,,,,True,other_unpaved,0.16937751784604296,OpenStreetMap / Geofabrik 2026-10-03
1212728076,,,track,,,,,,,,,,,,,,,,,,True,surface_unknown,0.1101927321166626,OpenStreetMap / Geofabrik 2026-10-03
1212728077,,,track,,,,,,,,,,,,,,,,,,True,surface_unknown,0.17169451026377353,OpenStreetMap / Geofabrik 2026-10-03
1212728078,,,service,,,,,,,,,,,,,,,,,,True,surface_unknown,0.12566261080464744,OpenStreetMap / Geofabrik 2026-10-03
1212728079,,,service,,,,,,,,,,,,,,,,,,True,surface_unknown,0.02959534159112906,OpenStreetMap / Geofabrik 2026-10-03
1212728080,,,track,,,,,,,,,,,,,,,,,,True,surface_unknown,0.02488533134147172,OpenStreetMap / Geofabrik 2026-10-03
1212728081,,,track,,,,,,,,,,,,,,,,,,True,surface_unknown,0.03825074936052014,OpenStreetMap / Geofabrik 2026-10-03
1222926769,,,unclassified,ground,grade3,very_bad,,60,,,,,,,,,,,,,True,earth_sand,7.306639401338056,OpenStreetMap / Geofabrik 2026-10-03
1222926770,,,track,,,,,,,,private,,,,,,,,,,True,surface_unknown,0.02631931454553331,OpenStreetMap / Geofabrik 2026-10-03
1222926771,,,track,,,,,,,,,,,,,,,,,,True,surface_unknown,0.3756595302962642,OpenStreetMap / Geofabrik 2026-10-03
1222926772,,,track,,,,,,,,private,,,,,,,,,,True,surface_unknown,0.48376152263480937,OpenStreetMap / Geofabrik 2026-10-03
1223284075,,,service,compacted,,,,,,,,,,,,,,,,,True,other_unpaved,0.010081687844808295,OpenStreetMap / Geofabrik 2026-10-03
1223284076,,,service,compacted,,,,,,,,,,,,,,,,,True,other_unpaved,0.055458049842560066,OpenStreetMap / Geofabrik 2026-10-03
1223284078,,,track,,,,,,,,,,,,,,,,,,True,surface_unknown,0.04826012780380698,OpenStreetMap / Geofabrik 2026-10-03
1223284079,,,unclassified,ground,grade3,very_bad,,60,,,,,,,,,,,,,True,earth_sand,2.147350543332041,OpenStreetMap / Geofabrik 2026-10-03
1224578771,,,track,,,,,,,,,,,,,,,,,,True,surface_unknown,0.2840171315073944,OpenStreetMap / Geofabrik 2026-10-03
1224578772,,,track,,,,,,,,,,,,,,,,,,True,surface_unknown,0.20164748348007502,OpenStreetMap / Geofabrik 2026-10-03
1224578773,,,track,,,,,,,,,,,,,,,,,,True,surface_unknown,0.550791646899702,OpenStreetMap / Geofabrik 2026-10-03
1224578774,,,track,,,,,,,,,,,,,,,,,,True,surface_unknown,0.014537918693663306,OpenStreetMap / Geofabrik 2026-10-03
1224578776,,,service,ground,,,,,,,,,,,,,,,,,True,earth_sand,0.024682799928880395,OpenStreetMap / Geofabrik 2026-10-03
1224578779,,,service,gravel,grade2,,,60,no,,,,yes,,,,,,,,True,gravel,0.028458640215139323,OpenStreetMap / Geofabrik 2026-10-03
1224578780,,,track,,grade3,,,,,,,,,,,,,,,,True,surface_unknown,0.027855452308663483,OpenStreetMap / Geofabrik 2026-10-03
1224578781,,,track,,grade3,,,,,,,,,,,,,,,,True,surface_unknown,0.25109263929440745,OpenStreetMap / Geofabrik 2026-10-03
1224578782,,,service,gravel,grade2,,,60,,,,,,,,,,,,,True,gravel,0.03580348319000843,OpenStreetMap / Geofabrik 2026-10-03
1224578783,,,track,,grade5,,,,,,forestry,,,,,,,,,,True,surface_unknown,0.5611369469806373,OpenStreetMap / Geofabrik 2026-10-03
1225040878,,,service,,,,,,,,,,,,,,,,,,True,surface_unknown,0.18054019060915297,OpenStreetMap / Geofabrik 2026-10-03
1225040879,,,service,ground,,,,,,,,,,,,,,,,,True,earth_sand,0.08752999921503025,OpenStreetMap / Geofabrik 2026-10-03
1225040880,,,track,,,,,,,,,,,,,,,,,,True,surface_unknown,0.020176509992886893,OpenStreetMap / Geofabrik 2026-10-03
1225040884,,,tertiary,gravel,,,,60,no,,yes,,,,yes,,1,,,,True,gravel,0.018367352993713955,OpenStreetMap / Geofabrik 2026-10-03
1225040885,,,tertiary,gravel,,,,60,no,,yes,,,,,,,,,,True,gravel,8.242635506201562,OpenStreetMap / Geofabrik 2026-10-03
1225040893,,,track,,,,,,,,,,,,,,,,,,True,surface_unknown,0.597840019687943,OpenStreetMap / Geofabrik 2026-10-03
1225040894,,,track,,,,,,,,forestry,,,,,,,,,,True,surface_unknown,0.4363432530583363,OpenStreetMap / Geofabrik 2026-10-03
1225040895,,,service,gravel,,,,,,,,,yes,,,,,,,,True,gravel,0.04578508285432277,OpenStreetMap / Geofabrik 2026-10-03
1225040896,,,track,,,,,,,,,,,,,,,,,,True,surface_unknown,0.0314033468121612,OpenStreetMap / Geofabrik 2026-10-03
1263727560,,,track,,,,,,,,,,,,,,,,,,True,surface_unknown,0.3676597201889038,OpenStreetMap / Geofabrik 2026-10-03
1263732010,,,track,,grade2,very_bad,,,,,,,,,,,,,,,True,surface_unknown,0.050324982256144776,OpenStreetMap / Geofabrik 2026-10-03
1263732012,,,track,,grade2,very_bad,,,,,,,,,,,,,,,True,surface_unknown,0.3488815477128576,OpenStreetMap / Geofabrik 2026-10-03
1263736338,,,track,,grade2,very_bad,,,,,,,,,,,,,,,True,surface_unknown,0.48674998021680255,OpenStreetMap / Geofabrik 2026-10-03
1263736340,,,track,,grade2,very_bad,,,,,,,,,,,,,,,True,surface_unknown,0.07262322610160116,OpenStreetMap / Geofabrik 2026-10-03
1263781442,,,service,,,,,,,,,,,,,,,,,,True,surface_unknown,0.04638996907997155,OpenStreetMap / Geofabrik 2026-10-03
1263784137,,,track,,grade2,very_bad,,,,,,,,,,,,,,,True,surface_unknown,0.21993949747497493,OpenStreetMap / Geofabrik 2026-10-03
1289201822,,,service,unpaved,,,,,,,private,,,,,,,,,,True,other_unpaved,0.40062475785974727,OpenStreetMap / Geofabrik 2026-10-03
1289201823,,,service,unpaved,,,,,,,private,,,,,,,,,,True,other_unpaved,0.13693283374215615,OpenStreetMap / Geofabrik 2026-10-03
1289204981,,,footway,compacted,,,,,,,,private,,,,,,,,,False,foot_or_nonmotor,0.05099535585443092,OpenStreetMap / Geofabrik 2026-10-03
1300078711,,,unclassified,gravel,,,,,,,,,,,,,,,,,True,gravel,0.684640189951722,OpenStreetMap / Geofabrik 2026-10-03
1343205945,Halali Road,,tertiary,gravel,grade2,,,100,no,,,,yes,,,,,,,,True,gravel,0.026574876391826145,OpenStreetMap / Geofabrik 2026-10-03
1419313339,Dik-Dik drive / Bloubokdraai,,service,gravel,grade2,,,60,,,,,yes,,,,,,,,True,gravel,0.12480227891900879,OpenStreetMap / Geofabrik 2026-10-03
1459312962,,,track,,,,,,,,,,,,,,,,,,True,surface_unknown,0.26184656949557295,OpenStreetMap / Geofabrik 2026-10-03
1516148687,,,residential,,,,,,,,,,,,,,,,,,True,surface_unknown,0.12383715810934519,OpenStreetMap / Geofabrik 2026-10-03
1531733158,Halali detour,,track,,grade2,,,,,,,,,,,,,,,,True,surface_unknown,2.389800737870079,OpenStreetMap / Geofabrik 2026-10-03
1531733159,Halali detour,,track,,grade2,,,,,,,,,,,,,,,,True,surface_unknown,16.271429694481103,OpenStreetMap / Geofabrik 2026-10-03
1537337102,,,service,gravel,,,,,,,private,,,,,,,,,,True,gravel,0.03747772734971219,OpenStreetMap / Geofabrik 2026-10-03
1552802064,,C38,construction,gravel,grade2,very_bad,,60,,,,,,,,,,,,primary,False,construction,11.030043727649655,OpenStreetMap / Geofabrik 2026-10-03
