target_id,region_id,lon,lat,support_area_km2,planned_checks_month,within_region_area_share,offroad_km,entry_time_hours,entry_index,minimum_response_hours,response_eligible,base_name,ground_hours_per_check,drone_allowed,flight_hours_per_check,operator_hours_per_check,open_share,animal_component_raw,habitat_component_raw,animal_component_share,habitat_component_share,objective_weight
ENP1_0000,ENP1,14.41623095370524,-19.20827975545013,21.649962827100442,1.7319970261680353,0.01228330928405312,0.7891747036715738,0.887494959901636,0.6416274241606197,1.2869425253091462,True,Galton Gate,4.981330998281807,True,0.20612540185024536,4.271073764977391,0.9942163229681938,0.0013759128515164068,0.0012036353365071657,0.0035026663499132314,0.0012036353365243474,0.002687778029237156
ENP1_0001,ENP1,14.401287824855759,-19.126956175530587,59.23757085567773,4.739005668454219,0.03360899091916603,0.4474877605580328,1.0920678505467452,0.5792425800845677,1.324526477161996,True,Galton Gate,5.131439241981317,True,0.1890410546945683,4.728700257479088,0.9942163229681938,0.0033986666858729507,0.003293328219551957,0.00865199814222126,0.0032933282195989687,0.0067526250981550465
ENP1_0002,ENP1,14.393949728372686,-19.036417789725093,67.57133467464095,5.405706773971276,0.03833722991459006,1.3930453302984898,0.9818394350044808,0.6120632099922284,1.8513326782161934,True,Galton Gate,7.238664046198107,True,0.23631893318159114,5.984923248929467,0.9942163229681938,0.004096468568041202,0.003756645995139678,0.01042839493136609,0.003756645995193304,0.00806360287118582
ENP1_0003,ENP1,14.42336047033521,-18.982691897214004,2.760552019807447,0.22084416158459574,0.001566225056588412,0.3910784209001039,0.48869478392402665,0.783215504227013,1.8434938745974547,True,Galton Gate,7.207308831723152,True,0.18622058771167185,6.855338252913058,0.9942163229681938,0.0002141549244817283,0.000153473610363306,0.0005451749700743415,0.00015347361036549683,0.00040633697208267025
ENP1_0004,ENP1,14.495550867049431,-19.278636200826515,17.05087171746552,1.3640697373972415,0.00967397184655551,2.1320164022828023,0.8135523713756971,0.6657931876713611,1.0371277449813143,True,Galton Gate,3.9818443132585903,True,0.27326748678080676,2.0630295512040684,0.9942163229681938,0.00112444129902264,0.000947947665374387,0.002862494304198567,0.0009479476653879188,0.002183885931248996
ENP1_0005,ENP1,14.47678402510925,-19.20873078257756,96.85815842137885,7.748652673710308,0.05495338380370565,0.5210101448737702,0.5216910952810544,0.7703999005087739,0.9211386606885646,True,Galton Gate,3.517887976087592,True,0.19271717391035517,3.048978845701199,0.9942163229681938,0.007391001314946324,0.005384854608574605,0.01881529892645111,0.0053848546086514735,0.014054896760352084
ENP1_0006,ENP1,14.477040777636583,-19.127342836492705,100.0,8.0,0.0567359370644158,3.2746329480125462,1.5141416310019196,0.4690383165364812,1.9135891964094298,True,Galton Gate,7.487690118971052,True,0.330398314067294,4.540520465759761,0.9942163229681938,0.004645785738331272,0.005559526111520661,0.011826793649485514,0.005559526111600023,0.009605369454060224
ENP1_0007,ENP1,14.477324347353612,-19.036970563815956,100.0,8.0,0.0567359370644158,0.2347355534658617,0.6174411159407469,0.7343859596587208,1.5786183944141055,True,Galton Gate,6.147806910989755,True,0.17840344433995975,5.93654491287048,0.9942163229681938,0.007274032200624796,0.005559526111520661,0.018517530226739038,0.005559526111600023,0.01392458382836299
ENP1_0008,ENP1,14.49474149542593,-18.950886846171997,55.125270693972475,4.410021655517798,0.03127583888752107,1.384578657270934,0.561258617421829,0.7553082697885826,1.9870438434801307,True,Olifantsrus,7.781508707253856,True,0.23589559953021336,6.535387915710015,0.9942163229681938,0.004124068107540173,0.0030647038182778467,0.010498655179440378,0.003064703818321595,0.00786370153794071
ENP1_0009,ENP1,14.53051700664935,-19.271841833598515,2.449675933742063,0.19597407469936504,0.0013898465960500367,0.15660340032679007,0.31119742223351843,0.8559025856588165,0.5195802177300795,True,Galton Gate,1.9116542042536513,True,0.17449683668300617,1.7707111439595404,0.9942163229681938,0.00020767481295856256,0.00013619037318402755,0.0005286785266034762,0.00013619037318597166,0.00038956165068443707
ENP1_0010,ENP1,14.571926890551913,-19.203226842104254,76.06125420069124,6.084900336055299,0.043154065313709494,2.353424806346684,0.8290880508525106,0.660641447740041,1.7088984340155573,True,Galton Gate,6.668927069395562,True,0.28433790698400085,4.550844743683547,0.9942163229681938,0.00497714339955175,0.004228645288037535,0.012670332052709067,0.0042286452880978985,0.009678188009750979
ENP1_0011,ENP1,14.572122087225704,-19.127588554908414,100.0,8.0,0.0567359370644158,0.6276119708523261,0.7610477866310631,0.6835032326226723,1.3502606757047995,True,Galton Gate,5.234376036152531,True,0.19804726520928295,4.669525262385437,0.9942163229681938,0.006770042997062381,0.005559526111520661,0.01723452307836327,0.005559526111600023,0.013096336765634872
ENP1_0012,ENP1,14.57235410425356,-19.0372150341797,100.0,8.0,0.0567359370644158,6.659746964376479,2.41708430439966,0.2986323227141178,3.006297193473396,False,,,False,,,0.9942163229681938,0.0029579284611859252,0.005559526111520661,0.007530009240794582,0.005559526111600023,0.006831574257221665
ENP1_0013,ENP1,14.57257385178034,-18.951146160406786,94.33024237877453,7.5464193903019625,0.053519146948732395,0.11070226516744096,0.6371692908951981,0.7271775230835218,1.2741949739550151,True,Olifantsrus,4.930113229153394,True,0.1722017799250387,4.830481190502697,0.9942163229681938,0.006794261385821076,0.0052443144561086985,0.017296175918701744,0.0052443144561835605,0.01302441051361674
ENP1_0014,ENP1,14.667057597227853,-19.201082213898285,67.2916878714518,5.383335029716144,0.03817856968033001,1.0162019368954112,0.7651162552450251,0.6821142401449974,1.7567326305727604,True,Galton Gate,6.860263855624375,True,0.21747676351143722,5.945682112418504,0.9942163229681938,0.00454641830907855,0.0037410989580963444,0.011573833623465478,0.0037410989581497483,0.008797531798675453
ENP1_0015,ENP1,14.667204708025313,-19.12778513352645,100.0,8.0,0.0567359370644158,1.3851690072574423,1.188075701738363,0.5520935066923389,1.432959088194135,True,Olifantsrus,5.565169686109873,True,0.23592511702953878,4.318517579578175,0.9942163229681938,0.005468440528604604,0.005559526111520661,0.013921028940848346,0.005559526111600023,0.010957305981404354
ENP1_0016,ENP1,14.667385169099393,-19.037410614333865,100.0,8.0,0.0567359370644158,7.478912565232228,2.9436520524050644,0.22950601832144135,2.724254516514826,False,,,False,,,0.9942163229681938,0.0022732381325524767,0.005559526111520661,0.005786990581166331,0.005559526111600023,0.005706366118712849
ENP1_0017,ENP1,14.667560233568981,-18.949246919243674,95.98229283236783,7.678583426589427,0.05445645325435549,0.7795149266203388,1.1528644458377213,0.5618995268495643,1.092906149738941,True,Olifantsrus,4.204957932289097,True,0.2056424129976836,3.5033944983307914,0.9942163229681938,0.005341960108945245,0.005336160632451714,0.013599047276547815,0.005336160632527887,0.010670278685750548
ENP1_0018,ENP1,14.715893272748678,-19.200740153569186,6.502425750537819,0.5201940600430255,0.0036892121814855036,3.7526764111110675,1.687920410606476,0.43000424196717857,2.550697273324358,False,,,False,,,0.9942163229681938,0.00027694848625673974,0.0003615040574833934,0.0007050287686475048,0.0003615040574885538,0.0005832669162162866
ENP1_0019,ENP1,14.762288348678789,-19.12793256975657,100.0,8.0,0.0567359370644158,0.13965564006452041,1.3379892364988346,0.5122232989545438,1.0941180619087256,True,Olifantsrus,4.209805580968236,True,0.17364944866989268,4.084115504910168,0.9942163229681938,0.005073529418014886,0.005559526111520661,0.012915702290439502,0.005559526111600023,0.010308315953299264
ENP1_0020,ENP1,14.762417251259828,-19.03755730170306,100.0,8.0,0.0567359370644158,1.657053614367214,1.7041111454441442,0.42653725185028535,1.0528659480432396,True,Olifantsrus,4.044797125506292,True,0.24951934738502735,2.5534488725757982,0.9942163229681938,0.004224816207225457,0.005559526111520661,0.010755129983201698,0.005559526111600023,0.008913555472387803
ENP1_0021,ENP1,14.76254341408823,-18.948604536269162,97.62718419523911,7.810174735619129,0.05538969778277215,1.2584784176173693,1.1893133716469837,0.5517519576245007,0.863952910513697,True,Olifantsrus,3.2891449753881217,True,0.22959058754753514,2.156514399532489,0.9942163229681938,0.005335381764916336,0.00542760879727669,0.013582300762229835,0.005427608797354169,0.010691881623823814
ENP1_0022,ENP1,14.810349539779489,-19.174518806916595,0.0249530806378604,0.001996246451028832,1.41573641263294e-05,3.91045050222221,2.1385924631291586,0.3432500009506231,2.1789122663572464,False,,,False,,,0.9942163229681938,8.483705246444063e-07,1.3872730336906552e-06,2.159699929872166e-06,1.3872730337104584e-06,1.8859142990596353e-06
ENP1_0023,ENP1,14.810376315190167,-19.127787423626344,7.2169146370890305,0.5773531709671225,0.004094584146491444,4.158716379290981,2.2540140102494863,0.32400154161674843,2.187623657771304,False,,,False,,,0.9942163229681938,0.00023160583627650292,0.0004012262536951212,0.0005895998196943555,0.00040122625370084866,0.0005228310732275816
ENP1_0024,ENP1,14.856382074949757,-19.038112597268125,97.75295200729842,7.820236160583874,0.05546105332946941,4.96657070116943,2.637847903408499,0.26742290716305567,1.5634974817929,True,Olifantsrus,6.087323260504933,True,0.41499520172513815,1.6174096294524454,0.9942163229681938,0.002589281933753853,0.005434600891628017,0.0065915444352470575,0.005434600891705595,0.0061814674176587535
ENP1_0025,ENP1,14.856433568103927,-18.947345505424313,97.05188382440316,7.764150705952253,0.05506329572644331,1.9411644576645464,1.682901733817456,0.4310846230753366,0.7117075683668135,True,Olifantsrus,2.6801636068005874,True,0.263724889549894,0.9331155949024955,0.9942163229681938,0.00414397718226126,0.005395624822940391,0.010549337783361553,0.005395624823017413,0.008722611447334098
ENP1_0026,ENP1,14.900581601340168,-18.902059865750495,0.006118606138863872,0.0004894884911091098,3.4714485281652877e-06,6.517141395351664,3.1595079484024744,0.20602577962715762,4.195098080262202,False,,,False,,,0.9942163229681938,1.248604564880335e-07,3.4016550595124305e-07,3.1785771816393645e-07,3.401655059560989e-07,3.2576468228320585e-07
ENP2_0027,ENP2,14.589270727345044,-18.90231249469776,0.7920282260864093,0.06336225808691275,0.0029446395155815117,1.7374568828390444,1.0520200737680012,0.5909581732731618,1.7218247746742894,True,Olifantsrus,6.720632432030491,True,0.25353951080861886,5.156921237475351,0.9998026092738116,6.734413989614866e-05,4.496441819447884e-05,0.00017143822184531452,4.49644181951207e-05,0.000126609759390559
ENP2_0028,ENP2,14.59970103180275,-18.874068696291232,26.43254293866073,2.1146034350928584,0.09827214216730934,1.2393553580556387,0.6990449358049168,0.7050246812605456,1.927763554671299,True,Olifantsrus,7.544387552018529,True,0.2286344345694486,6.428967729768454,0.9998026092738116,0.002681301648237427,0.0015006080282141275,0.006825799357057702,0.0015006080282355485,0.004938292753644753
ENP2_0029,ENP2,14.611560781182074,-18.766482968610593,5.789295794351227,0.4631436635480981,0.021523714183358703,1.1713618054773345,0.4538306176935887,0.7969882772882796,1.8774570235640191,True,Olifantsrus,7.3431614275894095,True,0.22523475694053338,6.288935802659808,0.9998026092738116,0.0006638654715937411,0.0003286654548096199,0.0016900047453281219,0.00032866545481431155,0.0012074799416796759
ENP2_0030,ENP2,14.667652730763141,-18.902466763440156,1.9133274294038478,0.15306619435230784,0.0071134580426605865,4.593642521942848,1.6899594966353684,0.42956605755798194,2.030888837688052,False,,,False,,,0.9998026092738116,0.00011825558571120291,0.00010862195543684558,0.0003010436746073021,0.00010862195543839615,0.0002328400659208673
ENP2_0031,ENP2,14.66770847410125,-18.87420808600911,90.2663847784575,7.221310782276601,0.3355965795066662,1.9135932456998972,0.9107585550332731,0.6342073817258662,1.9442288990515193,True,Olifantsrus,7.61024892953941,True,0.26234632895166154,5.888015008409503,0.9998026092738116,0.008236823302761443,0.005124533874427217,0.02096851103684865,0.005124533874500369,0.015352635536489682
ENP2_0032,ENP2,14.66791788820507,-18.767594769769744,60.73287957807927,4.8586303662463415,0.22579553507118924,2.855420848173766,1.021512752990521,0.6000415498010266,2.059026668924001,False,,,False,,,0.9998026092738116,0.0052433349903824745,0.0034478803981485267,0.013347976953550764,0.0034478803981977447,0.009838901604179651
ENP2_0033,ENP2,14.737371816941256,-18.903171219766513,1.2782459256843364,0.10225967405474691,0.004752322378710933,2.6945412527520833,1.1835443301324136,0.5533457952228377,1.5877533695956245,True,Olifantsrus,6.184346811715831,True,0.30139372930427083,3.759259684238956,0.9998026092738116,0.00010176851542439108,7.256759603361499e-05,0.0002590724798193294,7.256759603465089e-05,0.00019296608514257537
ENP2_0034,ENP2,14.738247229442761,-18.856362092135146,48.52379873950325,3.88190389916026,0.18040404433626464,3.4289521633332214,1.2346997113697904,0.5393719587208187,1.903803443648817,True,Olifantsrus,7.448547107928601,True,0.33811427483332773,4.362490160928702,0.9998026092738116,0.0037656986695436003,0.002754755837034668,0.00958635279784369,0.002754755837073992,0.007164902829367019
ENP2_0035,ENP2,14.739643922766064,-18.78166670604722,33.244395274113074,2.659551621929046,0.1235975647982584,1.152820862028089,0.7854011215595822,0.6752309079337869,1.8229150374930623,True,Olifantsrus,7.124993483305582,True,0.22430770976807113,6.087454707480302,0.9998026092738116,0.0032297816198595896,0.0018873252776785432,0.008222066815483578,0.0018873252777054845,0.0059767265553590425
ENP3410_0036,ENP3410,14.605277964315448,-18.73551687900592,9.823882080366003,0.7859105664292803,0.004086700177761772,1.5605353982490069,0.696267831683878,0.7060043247199967,2.119894237554308,False,,,False,,,0.9985563285711512,0.00023000294931261556,0.0005381014813943331,0.0005855193445211386,0.0005381014814020144,0.000568712149393208
ENP3410_0037,ENP3410,14.598983204591123,-18.68342021417252,37.70090859389677,3.0160726875117416,0.01568344454789283,2.220906071037606,1.0535173895778995,0.5905159133366021,2.4771437954483297,False,,,False,,,0.9985563285711512,0.0007382888765694756,0.0020650608993804595,0.0018794646780318333,0.002065060899409938,0.001945248998592039
ENP3410_0038,ENP3410,14.667981716265993,-18.734956349549577,32.24744306802122,2.5797954454416976,0.013414822189471463,6.115692778905924,1.853603616692293,0.39581758874044315,2.8911175326257728,False,,,False,,,0.9985563285711512,0.00042328538758979356,0.0017663482464597281,0.0010775591505571968,0.0017663482464849425,0.0013216994802925446
ENP3410_0039,ENP3410,14.668080265252641,-18.684430510300242,82.36781635087411,6.589425308069929,0.03426472009428123,4.19073598367914,2.054067086804688,0.35806757858361565,3.4776934926751184,False,,,False,,,0.9985563285711512,0.0009780599029507817,0.004511683226145814,0.0024898506518704856,0.004511683226210218,0.003206486374310478
ENP3410_0040,ENP3410,14.763227983194637,-19.20576398233529,55.998202553457304,4.479856204276584,0.023295054079173923,0.13024278308127737,1.0186534011977557,0.6009000282683659,1.408747468718183,True,Olifantsrus,5.468323208206065,True,0.17317880582073053,5.351104703432916,0.9985563285711512,0.0011158844208484888,0.0030672920850361696,0.0028407110283116717,0.003067292085079955,0.002921022366336969
ENP3410_0041,ENP3410,14.784892044392397,-18.90290596424628,1.0099887562216008,0.08079910049772807,0.00042015174814012327,6.629106753765664,2.544344433569779,0.28022225669196815,2.1942360166650494,False,,,False,,,0.9985563285711512,9.385600576463853e-06,5.532196350367994e-05,2.38929575202926e-05,5.532196350446966e-05,3.5032924644621347e-05
ENP3410_0042,ENP3410,14.785657199505984,-18.859410604213164,48.04781610805876,3.843825288644701,0.019987721455076046,4.776555526005113,1.725709872685056,0.42195570439564445,2.761300004544783,False,,,False,,,0.9985563285711512,0.0006723314360239429,0.0026318110105557854,0.0017115565817664175,0.0026318110105933543,0.002037739474356504
ENP3410_0043,ENP3410,14.738100473346174,-18.736929696337693,16.54454816099312,1.3235638528794496,0.006882473482214251,3.658388862311644,1.4703710450477057,0.4794165081633885,2.5078849609811855,False,,,False,,,0.9985563285711512,0.0002630333390109784,0.0009062248306321902,0.0006696049276984947,0.0009062248306451264,0.0007534745206825809
ENP3410_0044,ENP3410,14.738561595032644,-18.682110004006603,40.71561798627159,3.2572494389017272,0.01693755298577213,4.355833499243806,2.3286887171974566,0.31212723850094304,3.699980533142996,False,,,False,,,0.9985563285711512,0.00042143985488252427,0.002230191097070074,0.0010728609712326181,0.0022301910971019097,0.0014830750123852386
ENP3410_0045,ENP3410,14.857306043726942,-19.20553320047519,66.70518926297059,5.336415141037647,0.027749122657268126,3.32245163444857,2.0797507532928727,0.3534987334114415,2.718065706951985,False,,,False,,,0.9985563285711512,0.0007819705288651907,0.0036537654733083437,0.0019906652191389144,0.0036537654733605008,0.0025801487734650875
ENP3410_0046,ENP3410,14.85927016262526,-19.127705833091667,88.71071234648056,7.096856987718445,0.03690334238033004,8.801184523504642,3.3965000855769985,0.18300349228677784,3.3663716545506226,False,,,False,,,0.9985563285711512,0.0005383668953984532,0.004859114282793722,0.0013705225635047662,0.004859114282863086,0.0026070490092798145
ENP3410_0047,ENP3410,14.904275524526465,-19.03773730777389,1.4536104333457225,0.1162888346676578,0.0006046967958036615,6.637365212971492,3.649232118852784,0.16127955400863636,4.684822250712512,False,,,False,,,0.9985563285711512,7.774460261453308e-06,7.962126592672315e-05,1.9791471761106238e-05,7.962126592785973e-05,4.099805845393834e-05
ENP3410_0048,ENP3410,14.904817449623806,-18.96376474006596,0.25590058018577105,0.020472046414861684,0.00010645373570033413,0.385829179949523,1.4689791503780085,0.4797502729324066,0.43264293314196434,True,Olifantsrus,1.5639050659011908,True,0.1859581256641428,1.2166588039466202,0.9985563285711512,4.07126530096124e-06,1.4016911050147957e-05,1.036423488270344e-05,1.4016911050348046e-05,1.1658920831214372e-05
ENP3410_0049,ENP3410,14.826778626826123,-18.902721946081037,0.4527171883595647,0.03621737506876518,0.00018832874814758707,6.843144758203686,2.7954343548267415,0.24716054409268795,2.0501650976270978,False,,,False,,,0.9985563285711512,3.7106417701879805e-06,2.4797507514451268e-05,9.446194248927636e-06,2.479750751480525e-05,1.4887445721635522e-05
ENP3410_0050,ENP3410,14.857602166161366,-18.85840788986626,93.56336474656975,7.4850691797255795,0.03892202860476014,4.910786837931101,2.0110234725665963,0.3658573644036956,3.0466136044263235,False,,,False,,,0.9985563285711512,0.0011351690345785075,0.005124917498245437,0.0028898039396168945,0.005124917498318594,0.003682036808057399
ENP3410_0051,ENP3410,14.952438522354052,-19.194366074918022,58.30317174343584,4.6642537394748675,0.02425391310469571,3.4078373474729333,2.4629446237095016,0.29186254849989596,3.101259577368614,False,,,False,,,0.9985563285711512,0.0005643044233098927,0.003193546383036613,0.001436551822636409,0.0031935463830822007,0.0020593160822138363
ENP3410_0052,ENP3410,14.952457524037804,-19.12808000792952,100.0,8.0,0.04159964609031134,2.6938520217523316,2.7801673379689626,0.24905446562567168,3.4184822916280755,False,,,False,,,0.9985563285711512,0.000825918579536048,0.005477483106905182,0.002102543931558411,0.005477483106983373,0.003298786392416744
ENP3410_0053,ENP3410,14.95248330491679,-19.03770399100393,100.0,8.0,0.04159964609031134,1.613868752337489,2.4127316664700156,0.2992829496305977,3.4483217983297427,False,,,False,,,0.9985563285711512,0.000992487117294969,0.005477483106905182,0.0025265780638942027,0.005477483106983373,0.003572522220816606
ENP3410_0054,ENP3410,14.952504219440813,-18.964009388618443,99.91232172473697,7.992985737978958,0.04156317223810383,0.9280762703196671,1.975820607031027,0.37235398539879544,3.0114107388907545,False,,,False,,,0.9985563285711512,0.0012337238497639694,0.005472680544189224,0.0031406952910506586,0.005472680544267346,0.003967264195849369
ENP3410_0055,ENP3410,14.925575202111624,-18.858878326944506,43.0502617518262,3.4440209401460957,0.017908756529712362,4.20060556437598,2.414396287346225,0.2990339569416543,3.4499864192059526,False,,,False,,,0.9985563285711512,0.0004269128299331521,0.0023580708149347424,0.0010867935437226717,0.002358070814968404,0.0015373959908606331
ENP3410_0056,ENP3410,15.047559553230249,-19.187665342176793,38.25325419989553,3.0602603359916425,0.0159132183651837,2.2048792353069486,2.4804269226630655,0.28932245219109876,3.118741876322178,False,,,False,,,0.9985563285711512,0.00036702312321756496,0.0020953155366407747,0.0009343320995347888,0.0020953155366706853,0.0013458410517458565
ENP3410_0057,ENP3410,15.047544053769256,-19.13359453170593,94.83658511213552,7.5869268089708415,0.03945168377078527,7.02431233702639,3.7842676946691585,0.15074978835321823,4.422582648328271,False,,,False,,,0.9985563285711512,0.0004741060761726806,0.005194657928682978,0.0012069335623031978,0.005194657928757131,0.0026203768753225894
ENP3410_0058,ENP3410,15.025362346717053,-19.037532174984072,53.3781583742939,4.270252669943512,0.022205124973232147,6.00365907429891,3.5374736395825908,0.17054828603674357,4.5381668275944165,False,,,False,,,0.9985563285711512,0.00030189355941002364,0.002923779607729042,0.0007685315320920321,0.0029237796077707786,0.0015324561920040118
ENP3410_0059,ENP3410,15.024731226076952,-18.947380567604327,52.07189367487936,4.165751493990349,0.02166172348127303,3.2902034671524985,2.6179556729965676,0.2700959976028495,1.5816194557605232,True,Olifantsrus,6.159811156375426,True,0.3311768400242916,3.1986280359381767,0.9985563285711512,0.0004664063162719412,0.0028522291794871447,0.0011873322555220251,0.00285222917952786,0.0017774526369352488
ENP3410_0060,ENP3410,15.024412756090346,-18.90079075486493,1.6233372683491498,0.129866981467932,0.000675302558485374,6.483171320251525,3.116438222022453,0.21051063364418007,4.152028353882181,False,,,False,,,0.9985563285711512,1.1332499289251847e-05,8.891802464192071e-05,2.8849184653759837e-05,8.891802464319001e-05,5.014050080342449e-05
ENP3410_0061,ENP3410,15.142679245931806,-19.188465994272747,43.65309164115443,3.4922473312923548,0.018159531630199524,2.080611722695797,2.7915557331174607,0.24764033029561128,2.834401469488088,False,,,False,,,0.9985563285711512,0.0003584918480979601,0.002391090720286072,0.0009126140014369635,0.0023910907203202043,0.0014366580024065346
ENP3410_0062,ENP3410,15.142631275182888,-19.13268290910938,91.772545708,7.34180365664,0.0381770542225972,4.1922363875102215,3.771142790673794,0.1517423297936816,2.9106267443389666,False,,,False,,,0.9985563285711512,0.0004618090393371032,0.005026825687932535,0.0011756289509100054,0.005026825688004293,0.002540680237042046
ENP3410_0063,ENP3410,15.237796181838808,-19.18692212098186,44.93747412671329,3.594997930137063,0.018693830198637955,2.8875714747599512,3.3755028509813436,0.18493489671435645,3.1397971338130706,False,,,False,,,0.9985563285711512,0.0002755944259796459,0.0024614425539606073,0.0007015817324757707,0.002461442553995744,0.001325361934273967
ENP3410_0064,ENP3410,15.237715638911695,-19.13072019352825,95.87125586653154,7.669700469322524,0.039882103142813964,5.775277579741923,4.194616371837082,0.12278650224051636,3.27867375929153,False,,,False,,,0.9985563285711512,0.0003903749550413276,0.005251331844467108,0.0009937789427325835,0.0052513318445420705,0.00250286260195255
ENP3410_0065,ENP3410,15.348473047228875,-19.208996834127007,62.266290811544955,4.981303264923596,0.02590255661116675,3.3763395298119643,3.4225974199204368,0.18063105287320277,3.552048426793013,False,,,False,,,0.9985563285711512,0.0003729823765228614,0.0034106255604988284,0.0009495025923462095,0.0034106255605475147,0.001821844179238774
ENP3410_0066,ENP3410,15.3327971899856,-19.12873294454144,99.45479891054467,7.956383912843574,0.041372844366617395,0.36472246945753023,2.966538555633503,0.22689469273029925,2.5022987609027294,False,,,False,,,0.9985563285711512,0.0007483297031655932,0.0054476198093316025,0.0019050256468132313,0.005447619809409367,0.0031606931829111983
ENP3410_0067,ENP3410,15.368623222404775,-19.081677014443287,0.4607553626238654,0.03686042900990923,0.00019167260019365865,3.3492111072629216,3.6040033878636395,0.16496834137727207,3.084969533985769,False,,,False,,,0.9985563285711512,2.5206579082164072e-06,2.5237797151881938e-05,6.4168480038701085e-06,2.5237797152242205e-05,1.3087907052542666e-05
ENP3410_0068,ENP3410,15.386018883464352,-19.208834745840775,9.20749920093899,0.7365999360751192,0.0038302870813588645,3.934916886929144,3.1419043950386616,0.20784717653575796,3.33137754956849,False,,,False,,,0.9985563285711512,6.346418713675741e-05,0.0005043392132998628,0.0001615610119954357,0.0005043392133070623,0.00028305826505747986
ENP3410_0069,ENP3410,15.384633810174167,-19.12806814121729,9.10470225144526,0.7283761801156209,0.0037875239141778364,5.65795758384729,4.2979955172491975,0.11660096153900229,3.7789616633713274,False,,,False,,,0.9985563285711512,3.520552153299598e-05,0.0004987085277569299,8.962282419912428e-05,0.0004987085277640489,0.00023462267850697224
ENP3410_0070,ENP3410,15.384833160738845,-19.081912790765976,0.2028674148400231,0.01622939318720185,8.439212660601335e-05,5.041770424947192,4.0341308649778185,0.13304532325089743,3.5150970110999493,False,,,False,,,0.9985563285711512,8.950654856954602e-07,1.111202837727752e-05,2.2785714620362692e-06,1.1112028377436144e-05,5.4095778858878786e-06
ENP3410_0071,ENP3410,15.661871656914432,-19.264276409374347,0.36174730501689356,0.028939784401351486,0.00015048559862826678,0.09486495325115273,1.170670613855351,0.5569190916716705,1.906947439659845,True,Okaukuejo,7.467052847567736,True,0.17140991432922428,7.381674389641699,0.9985563285711512,6.680982178119719e-06,1.9814647521985104e-05,1.7007800627691794e-05,1.9814647522267956e-05,1.8002683575766726e-05
ENP3410_0072,ENP3410,15.633400522085854,-19.21772335013164,64.58720245785418,5.166976196628334,0.026868047642100205,4.465376112453376,2.393251854929741,0.30221217941270495,3.129528680734235,False,,,False,,,0.9985563285711512,0.00064729363930411,0.003537753103851611,0.001647817771601317,0.0035377531039021124,0.0023177027014504425
ENP3410_0073,ENP3410,15.633925712950065,-19.12724663199824,63.027927957585426,5.042234236606834,0.02621939496841193,0.25330860656660015,1.6969804304921874,0.42806072387730787,1.3120063660057153,True,Okaukuejo,5.07539638313617,True,0.17933209699499666,4.84741863722623,0.9985563285711512,0.0008947079869739629,0.0034523441065091097,0.0022776613762408313,0.0034523441065583914,0.0026940260237210117
ENP3410_0074,ENP3410,15.663208953104053,-19.036298082867162,4.232301833752793,0.3385841467002234,0.0017606225843149186,1.9873719377881005,2.2575382401935817,0.323431116374329,1.8449321939483705,True,Okaukuejo,7.213062109126815,True,0.26603526355607165,5.424427365117525,0.9985563285711512,4.539430121908087e-05,0.00023182361797704744,0.0001155604376997156,0.0002318236179803567,0.0001567697590110005
ENP3410_0075,ENP3410,15.664231650518918,-18.951775015453755,1.1964026079351493,0.09571220863481195,0.0004976992507162772,7.722435936595166,3.562806268293965,0.16840169125422735,3.1502002220487535,False,,,False,,,0.9985563285711512,6.6813881517752215e-06,6.553275074022083e-05,1.7008834116303016e-05,6.55327507411563e-05,3.4208068359240166e-05
ENP3410_0076,ENP3410,15.728249246023173,-19.27226109123019,14.023976774365424,1.121918141949234,0.005833924705923477,1.9973799062079953,1.3284434803618579,0.5146739219144103,2.0647203061663517,False,,,False,,,0.9985563285711512,0.00023935706455107016,0.0007681609587321724,0.0006093321497019576,0.0007681609587431378,0.0006656287984730264
ENP3410_0077,ENP3410,15.713505590133344,-19.21707212740352,100.0,8.0,0.04159964609031134,3.6526432116471677,1.7856685049535823,0.4094934985070164,2.521945330758076,False,,,False,,,0.9985563285711512,0.0013579691806228766,0.005477483106905182,0.0034569870816634892,0.005477483106983373,0.004173149066176528
ENP3410_0078,ENP3410,15.713116742601873,-19.1267039938662,100.0,8.0,0.04159964609031134,1.200033389408567,1.6314901500890575,0.4423096506769936,1.2465160856025854,True,Okaukuejo,4.819397675743675,True,0.22666833613709503,3.7393676252759636,0.9985563285711512,0.0014667946526656177,0.005477483106905182,0.003734024481610318,0.005477483106983373,0.0043519909479714
ENP3410_0079,ENP3410,15.71273008020109,-19.036334965979574,100.0,8.0,0.04159964609031134,1.2749547861964245,1.9072283685610165,0.3853457929557187,1.4946223223158055,True,Okaukuejo,5.811822622596555,True,0.23041440597648788,4.664363315019773,0.9985563285711512,0.0012778901560694346,0.005477483106905182,0.0032531296176329105,0.005477483106983373,0.0040415485945717675
ENP3410_0080,ENP3410,15.712367697470153,-18.951173404076684,99.97879138111809,7.9983033104894465,0.04159082337991582,5.855934382217646,3.1064893111053546,0.21156041830354788,2.693883264860143,False,,,False,,,0.9985563285711512,0.0007014313979728856,0.005476321408388717,0.0017856364607282149,0.0054763214084668915,0.0030937945680753805
ENP3410_0081,ENP3410,15.712345402144976,-18.89875642886695,4.6170182374653415,0.36936145899722733,0.0019206632467107124,11.555315800654808,4.4853251365745965,0.10617542836342425,4.072719090329385,False,,,False,,,0.9985563285711512,1.6256554884792975e-05,0.00025289639399989544,4.1384370890733655e-05,0.0002528963940035055,0.00011635451105561156
ENP3410_0082,ENP3410,15.780742471964713,-19.273041449652645,9.891327864881715,0.7913062291905372,0.004114757385423142,0.25958331615265245,0.6962311556605816,0.7060172715542364,1.4325079814650759,True,Okaukuejo,5.569295014788659,True,0.17964583247429927,5.335670030251271,0.9985563285711512,0.000231586279530065,0.000541795812847501,0.000589550034013826,0.000541795812855235,0.0005726236172502015
ENP3410_0083,ENP3410,15.780083089950926,-19.217156170803655,39.96585580009057,3.1972684640072457,0.016625654569801845,5.236265916680832,2.007176389670261,0.3665617834806927,2.7434532154747546,False,,,False,,,0.9985563285711512,0.00048582426770228177,0.0021891229999800458,0.001236764605095869,0.0021891230000112955,0.0015743267034733222
ENP3410_0084,ENP3410,15.779012548800821,-19.12634261505938,38.61930013703343,3.0895440109626744,0.016065492179561026,2.470621247382776,1.8040082953518188,0.4057556500721904,1.3914022491066074,True,Okaukuejo,5.3989423297597625,True,0.29019772903580543,3.175383207115264,0.9985563285711512,0.0005196511323284488,0.0021153656410110157,0.0013228777773934915,0.0021153656410412124,0.0016037739900166248
ENP3410_0085,ENP3410,15.777954931772838,-19.036527037794258,37.268690123795416,2.9814952099036334,0.015503643193993706,0.16411245773743727,1.4051609090196442,0.4953055399011158,0.9925548627744329,True,Okaukuejo,3.8035527844310653,True,0.1748722895535385,3.655851572467372,0.9985563285711512,0.0006121533312807727,0.0020413862056957335,0.0015583609616708937,0.0020413862057248743,0.0017295685824811485
ENP3410_0086,ENP3410,15.776886733303895,-18.945713537356244,35.91403803621336,2.873123042897069,0.014940112719804558,5.687837389225045,3.02063570524944,0.22083977230117438,2.6080296590042287,False,,,False,,,0.9985563285711512,0.00026301737056030807,0.001967185366441088,0.0006695642767555505,0.0019671853664691694,0.001129504253429422
ENP3410_0087,ENP3410,15.777545241144828,-18.877045662717926,16.224040730665905,1.2979232584532725,0.006749143525504978,6.222707235936722,3.1394548074888924,0.20810190242520488,2.9059268503004705,False,,,False,,,0.9985563285711512,0.00011196389058823545,0.000888669090279641,0.00028502688345163896,0.0008886690902923267,0.0004989870176807646
ENP5_0088,ENP5,14.786482672520178,-18.81459301691495,3.404655871266073,0.27237246970128587,0.0034259740919263923,0.1775029946902376,0.583811489422246,0.7468389261747118,1.6194016212819735,True,Olifantsrus,6.310939818461227,True,0.17554181640117852,6.151187123240014,0.9980515842337289,9.833867076867021e-05,0.0001927407822019136,0.0002503411118058808,0.00019274078220466495,0.0002299247557037791
ENP5_0089,ENP5,14.787363098556428,-18.766787606275912,49.98530247172839,3.998824197738271,0.05029828497220908,0.07157364477160989,0.6424037383205647,0.7252768251875387,1.6779938701802923,True,Olifantsrus,6.545308814054502,True,0.17024534890524715,6.480892533760054,0.9980515842337289,0.0014020719188683048,0.0028297151492780825,0.003569259582804126,0.0028297151493184764,0.003307129094803388
ENP5_0090,ENP5,14.786010284845775,-18.67818315657123,47.401046724163045,3.7920837379330434,0.047697847931628415,2.1744156221323285,1.8617942679866917,0.39419990155651385,2.8973843998464193,False,,,False,,,0.9980515842337289,0.0007226510026659683,0.002683417992376198,0.0018396552855651275,0.002683417992414504,0.0021387257945010086
ENP5_0091,ENP5,14.857639684290447,-18.81388243774117,5.599988903266116,0.44799911226128925,0.0056350531810225556,0.012498981078429734,0.7924481106490576,0.67285592209519,1.828038242508785,True,Olifantsrus,7.1454863033684735,True,0.16729161572058815,7.134237220397886,0.9980515842337289,0.00014572478112850903,0.0003170206571086364,0.00037097210527887336,0.00031702065711316184,0.00035184909008779367
ENP5_0092,ENP5,14.857679475189949,-18.766522504337924,100.0,8.0,0.10062614905783097,3.983897021483721,1.829568851631438,0.4006029764428983,2.865158983491165,False,,,False,,,0.9980515842337289,0.0015493100492522363,0.0056610943804502635,0.003944084226786154,0.005661094380531075,0.004552676069445346
ENP5_0093,ENP5,14.857753193086834,-18.67840506291847,98.8020639939664,7.904165119517312,0.09942071218678218,2.5082536014042938,1.7471856720512515,0.4174490258049604,2.782775803910979,False,,,False,,,0.9980515842337289,0.001595121009336775,0.005593278092531305,0.004060705354474937,0.005593278092611148,0.004603923613654855
ENP5_0094,ENP5,14.892835421307497,-18.628521747321674,1.416196829980799,0.11329574639846392,0.001425064333088756,0.13089273374989197,1.7488260907667923,0.4171067705872567,2.784416222626519,False,,,False,,,0.9980515842337289,2.2845203105817232e-05,8.017223915815779e-05,5.815711662805491e-05,8.017223915930224e-05,6.596034595575411e-05
ENP5_0095,ENP5,14.973692967732974,-18.855898126449752,55.61218464528747,4.448974771622997,0.05596039981548316,0.8384866699639508,1.552887636132821,0.46003908851966974,2.5884777679925484,False,,,False,,,0.9980515842337289,0.0009894386168478673,0.0031482582597999933,0.0025188174852194775,0.0031482582598449343,0.0027419218856440334
ENP5_0096,ENP5,14.952559776975875,-18.7665706536685,100.0,8.0,0.10062614905783097,0.25150333513597384,1.3836170771360303,0.5006697691865273,2.4192072089957577,False,,,False,,,0.9980515842337289,0.0019363128842554947,0.0056610943804502635,0.004929278751274373,0.005661094380531075,0.005188669775447837
ENP5_0097,ENP5,14.952584978662252,-18.676191124235793,100.0,8.0,0.10062614905783097,0.9579957332863457,1.588207524854383,0.4519861404111582,2.6237976567141104,False,,,False,,,0.9980515842337289,0.001748031618935201,0.0056610943804502635,0.004449970449422514,0.005661094380531075,0.0048792516294518685
ENP5_0098,ENP5,14.960770127418334,-18.624528558854266,9.961151105986575,0.796892088478926,0.01002352275978583,0.4147946344724873,1.5819953072106692,0.45339224116973714,2.617585439070397,False,,,False,,,0.9980515842337289,0.00017466576009262093,0.0005639101654891653,0.0004446472606780107,0.000563910165497215,0.0004869198301479698
ENP5_0099,ENP5,15.047465167432096,-18.855521506489474,96.84932747809223,7.747946198247379,0.09745574862961194,5.430638514715827,2.805925108798494,0.24586748811069054,3.6797178599034543,False,,,False,,,0.9980515842337289,0.0009209199467952707,0.005482731835366152,0.0023443892576834576,0.005482731835444418,0.003456770386082471
ENP5_0100,ENP5,15.047440223024092,-18.7665706536685,100.0,8.0,0.10062614905783097,4.401019684972702,2.563569800118036,0.2775414742909156,3.40726375371235,False,,,False,,,0.9980515842337289,0.001073376436244448,0.0056610943804502635,0.002732498297315585,0.005661094380531075,0.003770535074676068
ENP5_0101,ENP5,15.017266196122229,-18.675809435828846,52.55177930731523,4.204142344585218,0.0528808317783214,5.055591038275044,2.668805416615433,0.26331540459914116,3.7043955484751607,False,,,False,,,0.9980515842337289,0.0005351651917644519,0.002975005825193047,0.0013623719749199937,0.0029750058252355147,0.0019339677831087389
ENP5_0102,ENP5,15.016429487112815,-18.623933254345424,5.432182016770331,0.4345745613416265,0.005466195573288002,0.8357132662374154,1.9056299990429786,0.385653878532652,2.9412201309027055,False,,,False,,,0.9980515842337289,8.102073580815341e-05,0.000307520950887215,0.00020625478179643633,0.0003075209508916048,0.00024214843351086967
ENP5_0103,ENP5,15.129205962519965,-18.855933079736225,69.97843549490904,5.598274839592722,0.07041660480944525,3.2759928381449512,2.8627214208575906,0.23898351354126998,2.5455987095589188,False,,,False,,,0.9980515842337289,0.0006467796346740848,0.003961545279329307,0.0016465092681453714,0.0039615452793858585,0.0024670705378794467
ENP5_0104,ENP5,15.130361810065983,-18.7661770679439,74.78243914692878,5.9825951317543025,0.0752506886850703,2.9644550707140223,2.717786693857578,0.25694496861241334,2.792883927669569,False,,,False,,,0.9980515842337289,0.0007431284877965029,0.004233504460110424,0.0018917848939327812,0.004233504460170856,0.002721804112339589
ENP5_0105,ENP5,15.13111960975834,-18.707337022201276,22.00071773420452,1.7600574187363618,0.022138475021013293,2.9869787296809838,2.8135637221728897,0.24493023573563283,3.022245398238732,False,,,False,,,0.9980515842337289,0.00020840273574085857,0.0012454813953097766,0.0005305316022776174,0.0012454813953275557,0.0007839445544445327
ENP6_0106,ENP6,15.073266341440236,-19.086012732214368,2.594158302952265,0.2075326642361812,0.003584262881566809,10.559838188713735,4.8516069306327285,0.08840705849334578,5.489921884291841,False,,,False,,,0.9998542563203365,1.013538893826012e-05,0.00014645819633014222,2.5801696479686667e-05,0.0001464581963322329,6.856822375613421e-05
ENP6_0107,ENP6,15.072905765295738,-19.038135465553566,46.575117108811625,3.72600936870493,0.06435130164098261,6.489805660247127,3.64241828745378,0.16182995690895763,2.606082070217735,False,,,False,,,0.9998542563203365,0.0003330963531063309,0.0026294878141625956,0.000847964597480503,0.002629487814200131,0.0014794230048980517
ENP6_0108,ENP6,15.072222285138007,-18.947368153302516,47.92528017701167,3.8340224141609336,0.06621677737694845,3.4613232634454834,2.8265076495259196,0.2433501747106921,1.7901714322898752,True,Olifantsrus,6.994019062492834,True,0.3397328298389408,3.8788281253918986,0.9998542563203365,0.000515410576999295,0.0027057138669424547,0.0013120825802703582,0.0027057138669810783,0.0018060532367145824
ENP6_0109,ENP6,15.078622746771218,-18.901878782420667,0.17270168617519485,0.013816134894015588,0.00023861621807631878,8.534168789436706,4.094719031023725,0.12907527527913482,3.0583828137876803,False,,,False,,,0.9998542563203365,9.851370246584054e-07,9.750205849661567e-06,2.5078669063390836e-06,9.75020584980075e-06,5.074903794938959e-06
ENP6_0110,ENP6,15.142589589120824,-19.084049699452645,3.8771599328308826,0.3101727946264706,0.0053569438755255135,3.861366226154638,3.6637853234388125,0.16011024628919962,2.6274491062027665,False,,,False,,,0.9998542563203365,2.7434044920014294e-05,0.0002188925209381701,6.983894792278293e-05,0.00021889252094129476,0.0001226707779853026
ENP6_0111,ENP6,15.142549939913902,-19.037655094355674,100.0,8.0,0.13816669851981517,3.3969981653544914,3.3773485672045345,0.1847643067720697,2.341012349968489,False,,,False,,,0.9998542563203365,0.0008165355181950863,0.005645692329703489,0.0020786574381791707,0.005645692329784081,0.003342987956421386
ENP6_0112,ENP6,15.14247303364547,-18.947278443332866,100.0,8.0,0.13816669851981517,2.4269983479336106,2.984632278643357,0.22485126510943448,1.9991906066674823,True,Olifantsrus,7.830095760003262,True,0.2880165840633472,5.6457972468630135,0.9998542563203365,0.0009936932488775856,0.005645692329703489,0.002529648517450431,0.005645692329784081,0.0036341258796947526
ENP6_0113,ENP6,15.148574588582381,-18.901499793776022,0.9281750968744766,0.07425400774995813,0.0012824288878345604,1.4577303851477168,2.5792524807038357,0.2753736874303144,1.9199364232140568,True,Olifantsrus,7.51307902618956,True,0.2395531859240525,6.201121679556615,0.9998542563203365,1.129560133169934e-05,5.2401910250460254e-05,2.875525338903093e-05,5.2401910251208286e-05,3.7136777773784266e-05
ENP6_0114,ENP6,15.216952100671254,-19.08396922738292,1.481357934408666,0.11850863475269328,0.0020467433512337827,3.9293477754350588,3.704355588069671,0.15689510875142682,2.6680193708336253,False,,,False,,,0.9998542563203365,1.0271323703504143e-05,8.36329112783641e-05,2.614774610592487e-05,8.363291127955796e-05,4.65232823380692e-05
ENP6_0115,ENP6,15.237582748740138,-19.03755730170306,100.0,8.0,0.13816669851981517,6.04824636425685,4.107796094557351,0.1282340656264059,3.188878159113066,False,,,False,,,0.9998542563203365,0.000566709398886714,0.005645692329703489,0.0014426741777085425,0.005645692329784081,0.0029324280713140466
ENP6_0116,ENP6,15.23745457282699,-18.94718114940553,100.0,8.0,0.13816669851981517,2.7740140583232153,3.258689610409809,0.196057988227614,2.2223533931737633,False,,,False,,,0.9998542563203365,0.000866446089131329,0.005645692329703489,0.002205714960122268,0.005645692329784081,0.003425010117778871
ENP6_0117,ENP6,15.23738992816128,-18.901405128820464,1.6546517116943933,0.13237213693555147,0.0022861776420497536,7.719334409271321,3.968374817445409,0.13749229377446776,4.052981138154053,False,,,False,,,0.9998542563203365,1.0054071144433192e-05,9.341654477043785e-05,2.5594685476211518e-05,9.341654477177137e-05,4.963404845332126e-05
ENP6_0118,ENP6,15.288452802896712,-19.082799314841715,0.019437642192457732,0.0015550113753966185,2.6856348487413465e-05,5.049206848909225,4.002911594898885,0.13513840581805012,3.483877741021015,False,,,False,,,0.9998542563203365,1.1608587482728708e-07,1.0973894743347953e-06,2.9552023371948957e-07,1.0973894743504605e-06,5.797416622666314e-07
ENP6_0119,ENP6,15.332613019905615,-19.03650107583967,99.12041191567519,7.929632953254015,0.1369514007031299,0.11870327034175514,2.6170848311753447,0.27021362865572984,2.0980509772974756,False,,,False,,,0.9998542563203365,0.0011836610357415164,0.0055960334926937775,0.003013250203329331,0.005596033492773661,0.003928714120583374
ENP6_0120,ENP6,15.332435387144018,-18.947035210115,100.0,8.0,0.13816669851981517,1.5255360464543852,2.6306009001128463,0.26839367223007804,2.2938558740781465,False,,,False,,,0.9998542563203365,0.0011861217681238725,0.005645692329703489,0.0030195144987040863,0.005645692329784081,0.003950359550424807
ENP6_0121,ENP6,15.332344261738129,-18.900943416830966,2.3274433213966463,0.1861954657117317,0.0032157515970936772,2.200666266287093,2.630827063248061,0.2683633235688558,2.6311948208592857,False,,,False,,,0.9998542563203365,2.76031902873085e-05,0.0001314002890742866,7.026954189943791e-05,0.00013140028907616234,9.193724956340951e-05
ENP6_0122,ENP6,15.384455594334568,-19.036346222941393,8.994256734223983,0.7195405387379187,0.012427067586073422,5.54319036052954,3.9923104823262,0.13585661632056906,3.4732766284483305,False,,,False,,,0.9998542563203365,5.4001158576615516e-05,0.0005077880625579229,0.00013747094577551012,0.0005077880625651716,0.0002687293288338204
ENP6_0123,ENP6,15.383674238842257,-18.94664056277539,7.899219101398939,0.6319375281119151,0.010914090241249523,2.898667903382111,3.022519520396486,0.22063185957976383,2.7502086842340714,False,,,False,,,0.9998542563203365,7.702104191063195e-05,0.00044596560691415277,0.00019607274649575458,0.0004459656069205189,0.0002846469206563326
ENP6_0124,ENP6,15.383275100497057,-18.900791009021248,0.19403304381246006,0.015522643504996804,0.00026808905067318256,7.518230604576199,3.9836311194986482,0.13644747188852702,3.9371729337532515,False,,,False,,,0.9998542563203365,1.1700332232906692e-06,1.0954508671610269e-05,2.9785578316126896e-06,1.0954508671766643e-05,5.80562242886116e-06
ENP7_0125,ENP7,15.431970679043788,-19.03624121398598,87.33658732201087,6.98692698576087,0.15114901553725785,5.818807892682349,3.549266565380881,0.16954561341168006,3.719112472817435,False,,,False,,,0.9980082639941077,0.0013800112278369817,0.004657853829149447,0.0035130996014171604,0.004657853829215937,0.003918856133123412
ENP7_0126,ENP7,15.431163885567193,-18.946536232769542,92.10078089860107,7.368062471888086,0.15939416446064672,3.4813389016339196,2.9986840255964493,0.22327702525051762,3.0653796781600113,False,,,False,,,0.9980082639941077,0.0019164928084043375,0.004911938834918126,0.004878822712100043,0.004911938834988244,0.004890560675446562
ENP7_0127,ENP7,15.430751800851013,-18.900687025359797,2.415918296995716,0.1932734637596573,0.004181107636631013,8.528683980922038,4.262847117147436,0.11866824235976833,4.324889126253086,False,,,False,,,0.9980082639941077,2.671877833344508e-05,0.00012884627892642295,6.801809117213035e-05,0.00012884627892826222,8.957855707350042e-05
ENP7_0128,ENP7,15.567968363178235,-19.08216568970951,0.015785242236436545,0.0012628193789149236,2.7318720563898393e-05,3.53728422736827,3.0030456944954516,0.22279062559341134,2.5904396482502405,False,,,False,,,0.9980082639941077,3.2775400549026937e-07,8.418619647221712e-07,8.3436456372568e-07,8.418619647341887e-07,8.370220070057743e-07
ENP7_0129,ENP7,15.522671944681624,-19.035785460881623,98.82100962480283,7.905680769984226,0.1710245245113033,2.2557324737525666,2.561654864005951,0.27780733864477825,2.4252647480663114,False,,,False,,,0.9980082639941077,0.0025585437329032237,0.005270343531791485,0.006513294085555422,0.005270343531866719,0.006072732003756546
ENP7_0130,ENP7,15.522393681488557,-18.946597403766336,100.0,8.0,0.1730649435384622,1.800973397214025,2.2013855967742484,0.3326405510137299,2.6088424990027916,False,,,False,,,0.9980082639941077,0.003100095234203287,0.00533322170235012,0.007891923711885433,0.005333221702426251,0.006984995370572969
ENP7_0131,ENP7,15.52225021938496,-18.900419375070012,2.345463181876227,0.18763705455009816,0.004059174531429511,4.295404509414213,2.520245718176625,0.28361917916537815,3.486509911726461,False,,,False,,,0.9980082639941077,6.199605570378643e-05,0.0001250887514364546,0.00015782358446734052,0.00012508875143824022,0.00014622076877701424
ENP7_0132,ENP7,15.621290607973544,-19.082554198909726,1.089175060108659,0.08713400480869271,0.001884980202812062,0.50364998252849,2.025623748006686,0.36319628021605,1.637902268714193,True,Okaukuejo,6.384942408190105,True,0.19184916579309116,5.931657423914465,0.9980082639941077,3.686709553184159e-05,5.808812068229995e-05,9.385269917066267e-05,5.8088120683129157e-05,8.117599444868766e-05
ENP7_0133,ENP7,15.614633963706407,-19.036806393581006,93.5442351351101,7.483538810808808,0.1618922777200646,2.6248933272057555,2.5856971781240015,0.27448776552506987,2.1730911318787904,False,,,False,,,0.9980082639941077,0.00239298438239191,0.004988921449523118,0.0060918290448659955,0.004988921449594334,0.005700904993412241
ENP7_0134,ENP7,15.616484667264954,-18.945903687559635,98.09931279553999,7.847945023643199,0.1697755203012207,5.975451393461683,3.0672584469814366,0.21575123528617676,3.7795206249453837,False,,,False,,,0.9980082639941077,0.0019725094844041517,0.005231853839868067,0.005021424567909659,0.0052318538399427515,0.005096010928471786
ENP7_0135,ENP7,15.617201618401127,-18.900285945827207,2.0233756157797473,0.1618700492623798,0.0035017538670202315,2.1268391233532964,2.0529688078704864,0.3582642616211718,3.1519686199885144,False,,,False,,,0.9980082639941077,6.75584759204237e-05,0.00010791110746082586,0.0001719838578417913,0.00010791110746236628,0.00014927336126574736
ENP7_0136,ENP7,15.664794870067563,-18.90478371304945,0.01789121999176411,0.001431297599341129,3.096342977708862e-05,6.996177567187973,3.2703034188291555,0.19492279743243587,4.369303230947184,False,,,False,,,0.9980082639941077,3.25014274516289e-07,9.54178427415967e-07,8.273900206215874e-07,9.541784274295877e-07,8.72329993724721e-07
ENP7_0137,ENP7,15.664895194910313,-18.8997890745172,0.008237105978045169,0.0006589684782436136,1.4255542810107165e-05,6.897076285365766,3.2455280983736037,0.1973524526191668,4.344527910491633,False,,,False,,,0.9980082639941077,1.5150153242248772e-07,4.3930312366668404e-07,3.85678002056374e-07,4.3930312367295505e-07,4.046853512594508e-07
ENP8_0138,ENP8,15.434381899976332,-19.20749276230055,65.32562049555949,5.226049639644759,0.1697647139279432,3.5978091731424877,2.919469164323295,0.23229792256063975,3.1089423188531238,False,,,False,,,0.9998886830647511,0.0009394907028145216,0.003670187385916686,0.0023916648988182793,0.0036701873859690775,0.002844835402579849
ENP8_0139,ENP8,15.432202638668063,-19.12895672329275,88.02689956037665,7.042151964830132,0.22875957868393978,10.54204705583498,5.482746251792519,0.06448174452274513,4.96371239791465,False,,,False,,,0.9998886830647511,0.00035141136378056225,0.004945612669837716,0.0008945891867604345,0.004945612669908314,0.002330468782980275
ENP8_0140,ENP8,15.523195279390503,-19.20218580213362,73.55970156864267,5.884776125491413,0.19116300157109656,1.5569870517356241,2.214566707571688,0.33045547338114867,2.1514969957695143,False,,,False,,,0.9998886830647511,0.0015049307819849647,0.0041328025170060175,0.003831107764708952,0.004132802517065013,0.003938043046865857
ENP8_0141,ENP8,15.522963026215182,-19.128551640759774,97.83753409580154,7.827002727664124,0.2542549287888993,7.306789432899464,3.7631774948423593,0.15234787109566417,3.378203430355887,False,,,False,,,0.9998886830647511,0.0009227955789032639,0.005496803257031644,0.002349164061161922,0.005496803257110111,0.0034648403628484807
ENP8_0142,ENP8,15.585865271058884,-19.212910323320788,27.14134854033231,2.171307883226585,0.07053347883440798,3.889896621190789,2.933110008666573,0.23071894343223814,2.599408479402211,False,,,False,,,0.9998886830647511,0.00038768437119087265,0.0015248815746995799,0.0009869295136395839,0.0015248815747213474,0.0011776058677671307
ENP8_0143,ENP8,15.586386159840329,-19.127404308194826,32.90982983261802,2.6327863866094416,0.08552429819371499,2.3615687795544607,2.3750762237548586,0.3049711454666534,1.9901021592683865,True,Okaukuejo,7.795217293616208,True,0.2847451056443897,5.669805392017194,0.9998886830647511,0.000621366742655838,0.0018489719869182056,0.0015818155765149823,0.0018489719869445994,0.0016765087917804584
ENP9_0144,ENP9,15.457678123821026,-18.833559948042716,17.599838173324454,1.4079870538659562,0.030771304557457444,4.7339889371897605,2.4132060118440797,0.2992119763060507,4.115477207714601,False,,,False,,,0.9724710666522702,0.00021768658974902726,0.0009119725241183839,0.0005541655431889774,0.0009119725241314023,0.0006809897261287963
ENP9_0145,ENP9,15.457583114394936,-18.765751700765158,35.44130024100266,2.835304019280213,0.061965060865226275,2.7671424533739066,1.9160739091002692,0.3836452603436425,3.6291860685504846,False,,,False,,,0.9724710666522702,0.0005620610783393451,0.001836465297039685,0.0014308409311864715,0.0018364652970659003,0.0015746139192026514
ENP9_0146,ENP9,15.457457991857266,-18.67600548768556,33.987234829288255,2.7189787863430603,0.05942279376085341,2.82855710749175,1.7963324139514238,0.4073159083701607,4.018305348093194,False,,,False,,,0.9724710666522702,0.000572257157399098,0.0017611198483659409,0.0014567971267291553,0.0017611198483910807,0.0015646638889235073
ENP9_0147,ENP9,15.522041200935787,-18.832898577642208,48.80738987787553,3.9045911902300423,0.08533414022311912,1.8428256152478362,1.6093874674540238,0.4472248754826694,3.1710787153658733,False,,,False,,,0.9724710666522702,0.0009023095697259626,0.002529057262016204,0.0022970127530974145,0.002529057262052306,0.002379260604093399
ENP9_0148,ENP9,15.521834519028706,-18.765848435857524,100.0,8.0,0.17483856530054115,0.9794307182619623,1.1648024595094395,0.5585555348169811,3.183966274817521,False,,,False,,,0.9724710666522702,0.002308927988392987,0.005181709713107665,0.005877846376973482,0.005181709713181634,0.005631101712106088
ENP9_0149,ENP9,15.521605827043727,-18.691324943329192,80.91955772187517,6.4735646177500135,0.1414785937684698,0.5103316066431011,0.7428128763388054,0.689763538349518,3.371406302178724,False,,,False,,,0.9724710666522702,0.0023072665098760703,0.004193016582278169,0.005873616745070637,0.004193016582338024,0.005277930372698301
ENP9_0150,ENP9,15.616952695633962,-18.832244313043613,47.974445933331864,3.8379556746665493,0.08387783298072124,4.925258987305508,2.641532771107208,0.2669306517600634,3.782063070270475,False,,,False,,,0.9724710666522702,0.0005293616107268065,0.0024858965247370425,0.0013475977775664685,0.0024858965247725284,0.0017510661732237846
ENP9_0151,ENP9,15.616709771893031,-18.76555956202116,100.0,8.0,0.17483856530054115,2.4417998856581367,1.9449225991988777,0.37815114847379544,3.2082101779306242,False,,,False,,,0.9724710666522702,0.0015631816643625063,0.005181709713107665,0.00397939724781953,0.005181709713181634,0.004405555216164044
ENP9_0152,ENP9,15.616474869105431,-18.700807977740393,53.688767792708234,4.295101423416659,0.09386867133631009,2.4998828156573305,0.7955913451152905,0.6717992806680491,4.313403437909354,False,,,False,,,0.9724710666522702,0.001490963458603448,0.0027819960955625823,0.0037955510987814,0.002781996095602295,0.0034362979483700063
ENP9_0153,ENP9,15.676937212910712,-18.831984586410194,12.534458987589623,1.0027567190071698,0.021915068262086435,4.993146788317241,2.7914296352548265,0.24765594424600373,3.637376593204228,False,,,False,,,0.9724710666522702,0.00012832119005375798,0.0006494992788454283,0.0003266677201879155,0.0006494992788546999,0.0004410949137190873
ENP9_0154,ENP9,15.676806431173897,-18.765310610224994,26.687738281841575,2.135019062547326,0.0466604587231351,2.3842774251097736,2.1411178482348037,0.34281685525314004,2.983253698620517,False,,,False,,,0.9724710666522702,0.00037819690046655985,0.0013828811267589376,0.0009627772249134391,0.0013828811267786781,0.0011116824641671753
ENP9_0155,ENP9,15.676672320874667,-18.696646360664747,14.3154600236605,1.1452368018928398,0.025028944921540525,5.159571633445875,1.4358800877801732,0.48775597770008183,5.002959104138744,False,,,False,,,0.9724710666522702,0.0002886369572670229,0.000741785582522061,0.000734784151806063,0.00074178558253265,0.0007372657991148169
ENP11_0156,ENP11,15.064501054859123,-18.664825329937173,47.448220692684785,3.7958576554147827,0.016899616613346935,5.490583424203487,3.2343102971045745,0.19846249305901628,4.269900428964301,False,,,False,,,0.993412728261931,0.00017411677525751702,0.0024308293768777,0.0004432497079867833,0.0024308293769123995,0.0011477445361071114
ENP11_0157,ENP11,15.063846359689503,-18.624920760564613,9.279874771625945,0.7423899817300756,0.0033052098386594972,1.0751149100520248,2.132035865807478,0.34437712348176047,3.167625997667205,False,,,False,,,0.993412728261931,5.9090634220170906e-05,0.00047541913857461834,0.00015042724243030003,0.0004754191385814049,0.00026562016455514424
ENP11_0158,ENP11,15.176671073446325,-18.85589409588138,26.98739229829804,2.1589913838638433,0.00961209032872213,1.7194308934456204,2.4807100410520126,0.2892814988365538,2.149329117014832,False,,,False,,,0.993412728261931,0.0001443523381214037,0.0013825965451669687,0.00036747827212449624,0.001382596545186705,0.0007272855213550824
ENP11_0159,ENP11,15.178007382936167,-18.766961297762247,24.14439410938683,1.9315515287509464,0.008599500631497795,2.057891811408636,2.4903150214503382,0.2878955579211907,2.5654122552623293,False,,,False,,,0.993412728261931,0.00012852674738195503,0.0012369463307832515,0.0003271910082258609,0.0012369463308009089,0.0006496525073191323
ENP11_0160,ENP11,15.142233469344646,-18.662409494175225,76.57971656234604,6.126377324987683,0.027275371581256105,1.4017864801196225,2.3941729387017876,0.30207303009012415,2.79065455673308,False,,,False,,,0.993412728261931,0.00042772826305771086,0.003923270925129087,0.0010888693947933618,0.003923270925185091,0.0020935190449161644
ENP11_0161,ENP11,15.142201950837906,-18.624545062820484,17.85193814032454,1.428155051225963,0.0063583187308682955,1.061037776131133,2.1697777633304116,0.33793933506464763,2.8446753801102114,False,,,False,,,0.993412728261931,0.00011154917432477781,0.0009145762482173469,0.00028397113875154844,0.0009145762482304024,0.0005074882360331125
ENP11_0162,ENP11,15.237325432716263,-18.855602919805886,97.90000098679715,7.832000078943772,0.03486901002756111,6.35533452726193,3.5991896760534594,0.165365874614571,3.7784743710551187,False,,,False,,,0.993412728261931,0.00029934418765932227,0.005015534722290483,0.0007620415871549238,0.005015534722362079,0.002269686267792329
ENP11_0163,ENP11,15.23720039381152,-18.76642620630957,100.0,8.0,0.0356169659612808,3.5019339201955204,2.871167304424389,0.23797642800482116,3.0797964391509844,False,,,False,,,0.993412728261931,0.0004400238160488768,0.005123120195848496,0.0011201702287584397,0.005123120195921629,0.0025390102346110268
ENP11_0164,ENP11,15.23707438714384,-18.676047422648942,100.0,8.0,0.0356169659612808,1.6197944117008434,2.163882228328289,0.3389369713313645,2.9883347330932626,False,,,False,,,0.993412728261931,0.0006267021518713372,0.005123120195848496,0.0015953979471582606,0.005123120195921629,0.002845794154240723
ENP11_0165,ENP11,15.23700095657924,-18.62313908196284,21.07122740216679,1.6856981921733434,0.007504931891453819,1.3704422014456668,1.9069714171055145,0.3853953037173019,3.2621839389923757,False,,,False,,,0.993412728261931,0.00015015454897373718,0.0010795043065535694,0.00038224898139228993,0.0010795043065689792,0.000629390154219772
ENP11_0166,ENP11,15.332254604407355,-18.8554632651086,97.67255667860336,7.813804534288269,0.03478800126573085,1.4423620467032385,2.2493378815596587,0.32475996434397214,2.6335318927557605,False,,,False,,,0.993412728261931,0.0005865125136986849,0.005003882477003098,0.0014930870391037336,0.005003882477074528,0.0027374835618231607
ENP11_0167,ENP11,15.33207954151387,-18.766281760849047,100.0,8.0,0.0356169659612808,0.5822205949053607,1.8500620371444285,0.3965191194272948,2.7400972832840895,False,,,False,,,0.993412728261931,0.0007331728504774591,0.005123120195848496,0.0018664407918038395,0.005123120195921629,0.003020766242459693
ENP11_0168,ENP11,15.331903134648954,-18.675903722949467,100.0,8.0,0.0356169659612808,0.3001186731993672,1.504937486397536,0.4712018393073413,2.9874416057732778,False,,,False,,,0.993412728261931,0.0008712628943950089,0.005123120195848496,0.002217977118799383,0.005123120195921629,0.0032477010110187657
ENP11_0169,ENP11,15.323650793122317,-18.620070288114956,16.768074554708182,1.3414459643766545,0.005972279406512601,0.6165552424912296,1.4079951599934672,0.49460412690921135,3.384216716627204,False,,,False,,,0.993412728261931,0.000153349785751251,0.0008590486139671878,0.00039038310727698407,0.0008590486139794507,0.0005565009393077146
ENP11_0170,ENP11,15.410244976127146,-18.855464024499014,79.72854288851562,6.3782834310812495,0.028396887982027774,7.031115323042688,3.1572530481723398,0.20625819440952228,4.519993364312805,False,,,False,,,0.993412728261931,0.00030406559335382507,0.0040845890825772745,0.0007740608868018438,0.004084589082635582,0.0019474729662140285
ENP11_0171,ENP11,15.410144469219569,-18.765861782907784,64.55869975899734,5.164695980719787,0.02299385011820755,2.8794300468533325,2.110209407529316,0.3481559721567622,3.491194366861151,False,,,False,,,0.993412728261931,0.00041559552807838245,0.003307419785530387,0.001057983047233142,0.0033074197855776,0.0018552927466245366
ENP11_0172,ENP11,15.410044369719747,-18.67611503480066,64.8075062065833,5.184600496526664,0.023082467425953712,1.8855300408957327,1.7256914826174343,0.421959584310451,3.6174327461291753,False,,,False,,,0.993412728261931,0.0005056364895004825,0.0033201664388952364,0.001287200650179025,0.0033201664389426316,0.00200778252486871
ENP11_0173,ENP11,15.39353445611122,-18.62645506291532,2.768099036218319,0.2214479228974655,0.0009859128915044207,0.21910521160692706,1.0621395428778801,0.5879756335758873,3.346462085901421,False,,,False,,,0.993412728261931,3.0094227131582582e-05,0.0001418130407655883,7.661098345310656e-05,0.00014181304076761267,9.972176128960185e-05
ENP11_0174,ENP11,15.522172354003148,-18.87529951080829,46.07447478677507,3.6859579829420057,0.01641033000164458,3.647651252643178,2.203354722396498,0.3323132066697065,3.4795242791210703,False,,,False,,,0.993412728261931,0.00028310675771640317,0.002360450722932397,0.0007207059026982706,0.0023604507229660924,0.0013019111561914376
ENP11_0175,ENP11,15.61710136203454,-18.872916523403823,43.10986163613704,3.4487889308909634,0.01535442474489818,2.542326077522227,2.149726495621638,0.34134443170767126,3.2487263077396666,False,,,False,,,0.993412728261931,0.0002720894439915225,0.00220857002788328,0.0006926590870819717,0.002208570027914807,0.0012299715955586925
ENP11_0176,ENP11,15.651276356327509,-18.651366130796493,12.334710458823206,0.9867768367058565,0.004393249625541604,1.595306126873555,0.4245499166448422,0.808742296567263,4.232156521987915,False,,,False,,,0.993412728261931,0.00018445114603872481,0.0006319220426154084,0.0004695579532677028,0.0006319220426244291,0.0005271076771920328
ENP11_0177,ENP11,15.657485935984983,-18.584833116416565,12.53870915392385,1.003096732313908,0.0044659077713370575,6.686025229730534,1.6715063074326335,0.43354783027959054,5.5305596826286125,False,,,False,,,0.993412728261931,0.0001005152801224784,0.0006423731409633769,0.00025588211415358613,0.0006423731409725468,0.00039287331695455556
ENP11_0178,ENP11,15.662508796394384,-18.531020022732626,0.28790236218170695,0.023032188974536558,0.00010254208633998193,3.341010712978874,0.8352526782447185,0.6586082785997052,4.7529614707516625,False,,,False,,,0.993412728261931,3.5060221471390446e-06,1.4749584061255913e-05,8.925293330387962e-06,1.4749584061466462e-05,1.0989705017458568e-05
ENP11_0179,ENP11,15.72443691414596,-18.8517086971902,78.32967465125824,6.266373972100659,0.027898653558120646,7.22442163536632,3.515343060407117,0.17244593184827867,4.029100591576477,False,,,False,,,0.993412728261931,0.00024975921322983744,0.004012923381401032,0.0006358129374231835,0.004012923381458316,0.001832825001397427
ENP11_0180,ENP11,15.724242715281012,-18.765132877558653,73.31226171815842,5.864980937452674,0.02611160330160158,2.3552287667936525,2.3005195375502057,0.31655452771568965,2.8093276801470553,False,,,False,,,0.993412728261931,0.0004291087685206751,0.0037558752861162805,0.0010923837525709397,0.003755875286169895,0.0020364545938555256
ENP11_0181,ENP11,15.72404072272836,-18.674576550850936,85.68453997633951,6.854763198107161,0.03051823343745288,9.595244509498981,2.464076374346134,0.2916974374079108,6.192599255599336,False,,,False,,,0.993412728261931,0.0004621440061811604,0.004389721972247728,0.0011764816772231019,0.00438972197231039,0.002315410196561639
ENP11_0182,ENP11,15.71082935607186,-18.58447653717247,100.0,8.0,0.0356169659612808,9.244585184344565,2.4789306707376,0.289538982815176,6.061070713941627,False,,,False,,,0.993412728261931,0.000535364150060538,0.005123120195848496,0.0013628784637778955,0.005123120195921629,0.0026956908758757896
ENP11_0183,ENP11,15.710972904002588,-18.51910685441288,43.04450914861909,3.4435607318895274,0.015331148171664062,2.0114337826168023,0.669919624005268,0.7153668349353601,4.253506059810078,False,,,False,,,0.993412728261931,0.0005693624259865475,0.0022052219413967586,0.0014494279984449017,0.0022052219414282377,0.0017173181023139189
ENP11_0184,ENP11,15.76088530003213,-18.85211145458057,38.68194234148229,3.094555387318583,0.013777334236928012,7.286494602004134,3.4207931724615097,0.18079407795561916,3.915091003379304,False,,,False,,,0.993412728261931,0.0001293107752797604,0.00198172240024295,0.0003291869108965929,0.001981722400271239,0.0009149257991289534
ENP11_0185,ENP11,15.806454363660967,-18.76483741064769,100.0,8.0,0.0356169659612808,2.352330537615257,2.025953052849537,0.3631364839919913,2.520250883767331,False,,,False,,,0.993412728261931,0.0006714475999677191,0.005123120195848496,0.0017093065971038254,0.005123120195921629,0.0029193280428524704
ENP11_0186,ENP11,15.806026006963648,-18.67446682975201,100.0,8.0,0.0356169659612808,12.35232886629454,4.5261453536154495,0.10403034154058069,5.020443184533245,False,,,False,,,0.993412728261931,0.00019235446238661475,0.005123120195848496,0.0004896774544366641,0.005123120195921629,0.002131994740531823
ENP11_0187,ENP11,15.805600096233928,-18.58409537049795,100.0,8.0,0.0356169659612808,9.201776703090317,2.7895003698648546,0.24789495652792812,5.7184553004623,False,,,False,,,0.993412728261931,0.00045836340038047594,0.005123120195848496,0.0011668573752872998,0.005123120195921629,0.0025691491874832986
ENP11_0188,ENP11,15.805297497053353,-18.519571257436034,43.10509102444108,3.4484072819552862,0.015352725597754285,2.0620284008229564,1.0056152872836392,0.6048301261255685,3.934570217881084,False,,,False,,,0.993412728261931,0.0004820634704265434,0.002208325623712019,0.0012271907297940602,0.0022083256237435426,0.001574952617924777
ENP11_0189,ENP11,15.855899177893514,-18.816219085542006,0.5252715756173401,0.042021726049387205,0.00018708579829191134,0.3410059690372238,1.4255102533656834,0.4902915196690651,1.6790207709739307,True,Okaukuejo,6.549416417229056,True,0.18371696511852784,6.242511045095554,0.993412728261931,4.7619027660041955e-06,2.6910294173503555e-05,1.2122393189117434e-05,2.6910294173887698e-05,1.73639439683914e-05
ENP11_0190,ENP11,15.86824090669255,-18.764610007314854,37.52139582835388,3.0017116662683105,0.013363982780382236,1.184665884778061,1.4502672887137464,0.4842598460348494,2.076093693496286,False,,,False,,,0.993412728261931,0.00033596937178038933,0.0019222662074466531,0.0008552784515674141,0.0019222662074740934,0.001233470766298775
ENP11_0191,ENP11,15.900812048940898,-18.667911370899727,98.95920921853558,7.916736737482847,0.03524626786291847,4.466333273172019,1.845637866757553,0.3973972243636882,3.321556809649458,False,,,False,,,0.993412728261931,0.0007271487923393623,0.005069799233126763,0.001851105325093882,0.005069799233199134,0.0029919668699235694
ENP11_0192,ENP11,15.90036839638944,-18.58366657393477,100.0,8.0,0.0356169659612808,7.241362013185188,2.1668529438904143,0.338433902374895,4.387856102523182,False,,,False,,,0.993412728261931,0.0006257719659541128,0.005123120195848496,0.0015930299694859582,0.005123120195921629,0.002844265502935722
ENP11_0193,ENP11,15.900032153269658,-18.519515290003472,42.419001019505814,3.393520081560465,0.015108361154232742,1.9537012120289212,0.6495827380574676,0.722678110951404,3.578537668654912,False,,,False,,,0.993412728261931,0.0005668231493312118,0.002173176408107482,0.001442963752628779,0.002173176408138504,0.0017017866050041443
ENP11_0194,ENP11,16.04253930969274,-18.697662591432668,0.03630249641970547,0.0029041997135764376,1.2929847792901677e-05,10.519904427339837,3.2317859239962035,0.19871314790257533,4.962194329494717,False,,,False,,,0.993412728261931,1.3338449106716718e-07,1.8598205256751081e-06,3.395573839915525e-07,1.8598205257016569e-06,8.784125239697488e-07
ENP11_0195,ENP11,15.993102908741813,-18.667248246291976,55.43630780774476,4.4349046246195805,0.019744730882075304,4.314261244656972,1.6803751283254873,0.4316295575995865,3.4107835338240005,False,,,False,,,0.993412728261931,0.0004424332075088941,0.002840068681131309,0.0011263038253604848,0.002840068681171851,0.0017337453767153105
ENP11_0196,ENP11,15.99513396961777,-18.58319015310964,100.0,8.0,0.0356169659612808,2.7542378510259202,1.0549592327610036,0.5900903510814632,3.256187732572958,False,,,False,,,0.993412728261931,0.0010910904507366863,0.005123120195848496,0.002777592928429363,0.005123120195921629,0.0036089617812093454
ENP11_0197,ENP11,15.994764871133505,-18.51947675396702,41.49653907641501,3.319723126113201,0.01477980819795632,2.057054992288603,0.7040075814652615,0.7032774560344869,3.3252445010965763,False,,,False,,,0.993412728261931,0.0005396110252193763,0.0021259175740019807,0.0013736897493144403,0.002125917574032328,0.001640315847562072
ENP11_0198,ENP11,16.11715693236273,-18.67285117260401,24.56681432550248,1.9653451460401985,0.008749953896085275,16.775054227166663,4.722859146402198,0.0942853390119584,6.598696007002135,False,,,False,,,0.993412728261931,4.2828735474575126e-05,0.0012585874261864193,0.00010902926765368654,0.0012585874262043856,0.0005164885458823993
ENP11_0199,ENP11,16.05233563791215,-18.645181886024194,8.395860028912164,0.6716688023129731,0.002990350608654426,9.341515665762856,2.843843727450233,0.2412499216029122,4.760942145252197,False,,,False,,,0.993412728261931,3.7451965278628585e-05,0.00043013000075637053,9.534160421206505e-05,0.0004301300007625106,0.00021400688217396854
ENP11_0200,ENP11,16.089849033562594,-18.57519365989234,97.12118900572862,7.76969512045829,0.034591620829361555,8.191332125221148,2.5878036541406333,0.27419881677021785,4.5085869948874775,False,,,False,,,0.993412728261931,0.0004924042679233146,0.004975635248400673,0.0012535153355881618,0.0049756352484717,0.0025728155222758094
ENP11_0201,ENP11,16.089495210613993,-18.519414467006253,40.50507330831333,3.240405864665066,0.014426678172813793,2.051382035962854,1.0358634403012839,0.59575145533124,2.9905521640976795,False,,,False,,,0.993412728261931,0.00044618685962379516,0.002075123591001439,0.001135859511200365,0.0020751235910310612,0.0014687803479473062
ENP11_0202,ENP11,16.152948307236986,-18.648352618861548,14.824817040251952,1.1859853632201562,0.005280150039048694,16.322869042936475,4.827110735989912,0.08949653513779052,6.335048371895862,False,,,False,,,0.993412728261931,2.4532273945613794e-05,0.0007594931957867372,6.245189900032698e-05,0.0007594931957975789,0.00030951720976867144
ENP11_0203,ENP11,16.184552959784806,-18.56720692298673,94.54902944086356,7.563922355269085,0.03367549563267374,7.342522615234026,2.693447843588836,0.2600909447067149,3.9785380504457137,False,,,False,,,0.993412728261931,0.00045469957551318006,0.004843860422263623,0.0011575303629983245,0.004843860422332769,0.0024641448862538495
ENP11_0204,ENP11,16.18422292446726,-18.519328432563174,39.461112623802414,3.156889009904193,0.014054851051162387,2.044103665214941,1.3677051542668266,0.5046689661953826,2.6550712647581807,False,,,False,,,0.993412728261931,0.00036822915138751795,0.0020216402303365423,0.0009374022898330232,0.002021640230365401,0.001321708908329372
ENP11_0205,ENP11,16.253996120967777,-18.566941519182723,32.96501337276572,2.6372010698212573,0.011741137592109631,7.31359483589744,2.9306542006156233,0.23100241815589165,3.726867803750633,False,,,False,,,0.993412728261931,0.0001408030375469829,0.0016888372576643184,0.00035844280474438565,0.0016888372576884265,0.0008299992540844428
ENP11_0206,ENP11,16.278947765481774,-18.519218653314184,38.364652399866735,3.0691721919893387,0.013664325186424233,2.0317143691545283,1.6981116995175414,0.4278186664228402,2.3184700714772593,False,,,False,,,0.993412728261931,0.0003034822105777345,0.001965467255164648,0.000772575767147151,0.001965467255192705,0.0011953944832850175
ENP11_0207,ENP11,16.33032370684562,-18.539315562962276,0.6083698534830415,0.04866958827864332,0.00021668288363374877,4.256433790937468,2.4349917439504933,0.2959703874754692,2.6939497379357773,False,,,False,,,0.993412728261931,3.3293403016950892e-06,3.116751882924361e-05,8.475513713899123e-06,3.116751882968852e-05,1.6518663125059628e-05
ENP11_0208,ENP11,16.347396360337513,-18.518908172622712,15.824836711570658,1.2659869369256527,0.005636326704988389,1.9979865550748588,1.9026900136924367,0.38622120378911046,2.0692588946381427,False,,,False,,,0.993412728261931,0.00011301018662825315,0.0008107254055305235,0.0002876904430857963,0.0008107254055420965,0.000473079452511392
ENP12_0209,ENP12,15.828297728984476,-19.270836150243987,11.336401616969246,0.9069121293575396,0.007745754617214753,1.4305662769149523,0.8106041966002892,0.6667753487298936,1.546881022404783,True,Okaukuejo,6.026787178547488,True,0.23819498051241428,4.739277529324031,0.999133132064408,0.0004998198017620742,0.0006037298128520984,0.0012723930870497024,0.0006037298128607166,0.0010353863266239522
ENP12_0210,ENP12,15.827646385298863,-19.216947503611124,60.034144199909434,4.802731535992755,0.0410191668695753,4.775487988466191,2.0845521443926978,0.3526511084271007,1.699578079906226,True,Okaukuejo,6.631645652958237,True,0.4054410660899762,2.3337064633386646,0.999133132064408,0.00139991696515002,0.0031971699545553893,0.003563773709286528,0.0031971699546010286,0.0034338315222218778
ENP12_0211,ENP12,15.826549809806258,-19.12613517488169,61.38069986296657,4.910455989037326,0.04193921981907992,2.145646225662715,1.519231018255347,0.46784627505513837,1.106624972010136,True,Okaukuejo,4.259833221373877,True,0.2739489779498024,2.3287516182774337,0.999133132064408,0.001898863346026078,0.0032688819338871308,0.004833943325610313,0.003268881933933794,0.004279209508714859
ENP12_0212,ENP12,15.825466589418587,-19.036320808857866,62.731309876204584,5.018504790096367,0.04286204295992871,2.2437400656232196,1.8092700788196767,0.4046895538931564,1.3966640325744655,True,Okaukuejo,5.419989463631195,True,0.2788536699478276,3.4006234045702977,0.999133132064408,0.0016786689198302846,0.0033408098311228634,0.004273393574058508,0.003340809831170553,0.003942840573378639
ENP12_0213,ENP12,15.822163925138126,-18.945578592242722,57.385149281998835,4.590811942559907,0.039209204122166046,2.125479431376159,2.063279989741301,0.35642195082263856,1.6506739434960898,True,Okaukuejo,6.436029107317692,True,0.2729406382354746,4.52309761907915,0.999133132064408,0.0013524544837598806,0.0030560954531331395,0.0034429482978039594,0.003056095453176765,0.003305828849187938
ENP12_0214,ENP12,15.815364992457987,-18.874221027292162,26.39000963198757,2.1112007705590057,0.018031342383753524,2.2437516482236344,2.132404006745325,0.3443137396568788,1.9234998571874944,True,Okaukuejo,7.527332762083311,True,0.2788542490778484,5.50795627868204,0.999133132064408,0.0006008313726429677,0.0014054226477329427,0.0015295386103918555,0.001405422647753005,0.0014855458813791307
ENP12_0215,ENP12,15.917321110886096,-19.296566345782367,53.36100012371659,4.268880009897328,0.036459648048176245,0.19747624554077314,0.23810963409340422,0.8877591350941395,0.7306681027972574,True,Okaukuejo,2.756005744522363,True,0.1765404789437053,2.578277123535667,0.999133132064408,0.0031324042899137376,0.0028417859305610036,0.007974172992506473,0.0028417859306015696,0.0061550055912932295
ENP12_0216,ENP12,15.903758023267283,-19.216232525522493,100.0,8.0,0.06832639561410984,1.9032181220590985,0.9087797603202854,0.6348351753502782,0.8004342142798798,True,Okaukuejo,3.0350701904528528,True,0.2618275727696216,1.3221738805996643,0.999133132064408,0.004197780074721102,0.005325585959731583,0.010686304002362555,0.005325585959807606,0.008786205005056587
ENP12_0217,ENP12,15.90338301726909,-19.147472877748665,86.28336779707081,6.902669423765665,0.058954315230204064,0.2440495414097602,0.7834412860674067,0.6758929029805525,0.37083523982219546,True,Okaukuejo,1.3166742926221153,True,0.17886914373715468,1.097029705353331,0.999133132064408,0.0038562366130107995,0.004595094920984365,0.009816835569789165,0.0045950949210499595,0.007965996914948743
ENP12_0218,ENP12,15.870767802893372,-19.035729971829547,34.19581940491911,2.735665552393529,0.023364770850091577,0.180154526643774,1.199479694478458,0.5489544295295474,0.7868736482332466,True,Okaukuejo,2.9808279262663198,True,0.17567439299885534,2.818688852286923,0.999133132064408,0.001241274998341298,0.0018211277570435403,0.0031599182774453664,0.0018211277570695367,0.002685385853770936
ENP12_0219,ENP12,15.858191904153763,-18.97407075340963,2.4866671300931045,0.19893337040744835,0.0016990500209134464,0.292900902733263,1.46619550849176,0.480418464303249,1.053589462246549,True,Okaukuejo,4.04769118231953,True,0.1813117118033298,3.784080369859592,0.999133132064408,7.899435251328988e-05,0.0001324295955454987,0.00020109621047331632,0.00013242959554738912,0.00017675742504692129
ENP12_0220,ENP12,15.999367704381365,-19.296235148142866,83.6959753738587,6.695678029908696,0.057186443247030656,2.193285076391187,0.8163734476308367,0.6648547230207588,1.32158534484688,True,Okaukuejo,5.119674712720853,True,0.276330920486226,3.1457181439687845,0.999133132064408,0.003679510380932475,0.004457301113370623,0.00936694295808379,0.004457301113434251,0.0076267272869563
ENP12_0221,ENP12,15.99888022406023,-19.21573867136557,100.0,8.0,0.06832639561410984,1.1056394140757428,0.8671838094277546,0.6481767193821998,1.2051208576446142,True,Okaukuejo,4.65381676391179,True,0.22194863737045378,3.658741291243621,0.999133132064408,0.00428599961560006,0.005325585959731583,0.010910884808407767,0.005325585959807606,0.008931183459142006
ENP12_0222,ENP12,15.998475131325975,-19.14853832709181,51.251688333725035,4.1001350666980025,0.035018431329811556,1.4052637732168225,1.2196821069508175,0.5434372396707441,0.8070760607056064,True,Okaukuejo,3.0616375761557593,True,0.23692985532750777,1.796900180260619,0.999133132064408,0.0018416889039161155,0.0027294527180262507,0.004688394140403622,0.0027294527180652135,0.003994050098650529
ENP12_0223,ENP12,16.12461276281127,-19.357427639928694,5.663783146065915,0.45310265168527325,0.003869858879106274,0.3053756858120931,0.7306280655919006,0.6939786845888372,1.4866341401636936,True,Okaukuejo,5.779869893988107,True,0.18193545095727132,5.505031776757224,0.999133132064408,0.0002599030928098524,0.0003016296400165301,0.0006616362485604635,0.00030162964002083584,0.0005340324107015249
ENP12_0224,ENP12,16.09457662788437,-19.30221381228991,98.86450133297733,7.909160106638186,0.06755055030268699,5.7470178293243475,1.9326516877010365,0.38047841021680007,2.6886577622728294,False,,,False,,,0.999133132064408,0.002487305314551265,0.0052651140021476835,0.006331942184882757,0.005265114002222842,0.0059538064306650755
ENP12_0225,ENP12,16.09399935848832,-19.215195456860766,100.0,8.0,0.06832639561410984,1.20539006702293,1.3687934116848142,0.5043944360189863,1.1044559664613347,True,Okaukuejo,4.251157199178672,True,0.22693617001781316,3.1663061388580345,0.999133132064408,0.0033352545598192805,0.005325585959731583,0.00849056966231437,0.005325585959807606,0.007368745624585903
ENP12_0226,ENP12,16.09352566540073,-19.14343643490049,83.17562649615253,6.654050119692203,0.056830907614275554,1.2569283811882601,1.575990567082178,0.4547555379986917,1.163384520836967,True,Okaukuejo,4.486871416681201,True,0.22951308572607965,3.3556358736117673,0.999133132064408,0.0025011099083461345,0.004429589486597882,0.00636708458950978,0.0044295894866611145,0.005680342165643484
ENP12_0227,ENP12,16.139091878330024,-19.078526239512257,0.06096248622105008,0.0048769988976840066,4.1653469511591887e-05,2.6747601268141534,,0.0,,False,,,False,,,0.999133132064408,0.0,3.2466096068915444e-06,0.0,3.2466096069378894e-06,1.150756225157942e-06
ENP12_0228,ENP12,16.134508445670505,-19.028557142888484,2.8814143336553664,0.2305131466924293,0.0019687665568950325,6.7354171376146414,3.767101523389348,0.15204925543792278,3.354495477144136,False,,,False,,,0.999133132064408,2.8970014290162324e-05,0.0001534521971948435,7.374907073425721e-05,0.00015345219719703403,0.00010199973220756499
ENP12_0229,ENP12,16.21178973340427,-19.369952673963944,26.921132346953335,2.153690587756267,0.018394239391177434,1.0848812162792978,0.5706903514868084,0.7517547220347989,1.8787502390475617,True,Okaukuejo,7.34833428952358,True,0.22091072748063156,6.371941194872212,0.999133132064408,0.0013382220674747797,0.0014337080444701046,0.0034067167839076846,0.0014337080444905706,0.002707386601330946
ENP12_0230,ENP12,16.18976671176164,-19.304957620463618,100.0,8.0,0.06832639561410984,0.5150958867979687,0.8194359245667879,0.6638374509350948,1.58890295094875,True,Okaukuejo,6.188945137128333,True,0.1924214610065651,5.725358839010162,0.999133132064408,0.004389554537288238,0.005325585959731583,0.011174504949149476,0.005325585959807606,0.009101363810453147
ENP12_0231,ENP12,16.189229049393287,-19.230436208321883,99.74894403819873,7.979915523055898,0.0681548581244367,1.9886182659395093,1.6625811234859598,0.4354869007692514,1.6942943384230946,True,Okaukuejo,6.6105106870257115,True,0.26609757996364214,4.820754247680154,0.999133132064408,0.0028723813774970655,0.005312215758678825,0.007312231718737178,0.005312215758754657,0.0066033288646808
ENP12_0232,ENP12,16.186761432010965,-19.124182076601194,95.98867746505462,7.679094197204369,0.06558560350952512,3.0044071035485156,2.383211211259512,0.3037331966191997,1.9706051650143006,True,Okaukuejo,7.7157539933905355,True,0.31688702184409245,5.011787600196873,0.999133132064408,0.0019278399165378302,0.005111959530010982,0.0049077090865417144,0.005111959530083955,0.004980105370004693
ENP12_0233,ENP12,16.18398684384854,-19.0465394078905,50.686865529815826,4.054949242385266,0.034632508266293834,1.1677002599479358,2.3751723039726715,0.30495649497152033,1.9625662577274603,True,Okaukuejo,7.683598364243174,True,0.22505167966406345,6.632668130290032,0.999133132064408,0.0010220967847410902,0.0026993725940838986,0.002601955501993823,0.002699372594122432,0.0026364848537718194
ENP12_0234,ENP12,16.241494557626773,-19.370535231358364,3.4852963666493677,0.27882370933194944,0.0023813773838010435,2.1705843903071322,0.7337012611237221,0.6929131373609114,2.258590916424565,False,,,False,,,0.999133132064408,0.00015968981154986338,0.00018561245395731373,0.0004065229340094016,0.00018561245395996333,0.0003282215239549639
ENP12_0235,ENP12,16.239581851861274,-19.30461952771537,4.692060917712979,0.37536487341703834,0.0032059161050916034,2.467097127197721,1.4509104119054141,0.4841041516999612,2.2203774382873758,False,,,False,,,0.999133132064408,0.0001501969620571287,0.0002498797374557753,0.00038235695253292416,0.00024987973745934234,0.0003354005893127409
ENP12_0236,ENP12,16.237409556015603,-19.22971542738859,0.8617291129144127,0.06893832903315301,0.000588788442811861,0.8468415445569597,1.3895062800800289,0.49919766469140525,1.6390530796814113,True,Okaukuejo,6.389545652058978,True,0.20900874389451463,5.627388261957715,0.999133132064408,2.8444742715088823e-05,4.5892124648289486e-05,7.241188497532767e-05,4.5892124648944595e-05,6.301199309425071e-05
ENP13_0237,ENP13,16.235950884001618,-19.131819818974687,0.027114299819704254,0.0021691439855763403,1.9382156708099244e-05,6.012779078740092,3.288501075785103,0.1931572726163279,2.8758950295398917,False,,,False,,,0.9999988444742038,1.4584788359826794e-07,1.5394847394951802e-06,3.7128548768382767e-07,1.5394847395171562e-06,7.85352075301663e-07
ENP13_0238,ENP13,16.28951845090335,-19.380511871472336,52.379282646102986,4.190342611688239,0.03744236330111012,2.3001670803693264,0.5940288062222326,0.7430333102935373,2.4630547163571515,False,,,False,,,0.9999988444742038,0.0010838233491018842,0.0029739697073342983,0.0027590930413692433,0.0029739697073767513,0.002835255774492719
ENP13_0239,ENP13,16.28765781916829,-19.303814350079406,94.24485805532095,7.539588644425676,0.06736919706233167,3.6718829439017426,1.8074878368212954,0.4050503419818297,2.4933833012059883,False,,,False,,,0.9999988444742038,0.0010630589317960457,0.0053509964010436525,0.0027062329887194265,0.005350996401120038,0.0036436656736921315
ENP13_0240,ENP13,16.285484931264033,-19.21416799646216,97.36664515395212,7.78933161231617,0.06960074894297515,2.945023814928654,1.8482969508908975,0.39686921911709006,2.089144622649842,False,,,False,,,0.9999988444742038,0.0010760892574306713,0.00552824396525341,0.0027394043360751213,0.005528243965332325,0.0037279046341943617
ENP13_0241,ENP13,16.28386864732865,-19.14743133650364,47.09196729671197,3.767357383736958,0.033662823525107424,4.5715368161436825,2.5972050344660333,0.272912917763827,2.591702557384093,False,,,False,,,0.9999988444742038,0.0003578999182930486,0.002673768656692716,0.0009111071235799181,0.0026737686567308836,0.0015358800336906105
ENP13_0242,ENP13,16.380732213037902,-19.379857974338307,75.06957650614237,6.005566120491389,0.05366210101414181,3.3982247699619106,0.9824949308006597,0.6118626404315769,2.68285697818951,False,,,False,,,0.9999988444742038,0.0012791120059356166,0.004262270027256512,0.0032562400852807743,0.004262270027317355,0.003612825988316337
ENP13_0243,ENP13,16.380091179081965,-19.30361770636959,100.0,8.0,0.07148315404410341,1.5086562452373853,0.9130396645819296,0.6334844458210935,2.075636481223568,False,,,False,,,0.9999988444742038,0.0017641139282310338,0.005677759520739754,0.004490911242683749,0.005677759520820804,0.004911587951538917
ENP13_0244,ENP13,16.37933544566364,-19.21326972610871,100.0,8.0,0.07148315404410341,0.40960648720855347,0.9124894700077236,0.633658739646341,1.2585532976057678,True,Halali,4.867546523756404,True,0.18714699102709434,4.498900685268707,0.9999988444742038,0.001764599297945716,0.005677759520739754,0.004492146850131569,0.005677759520820804,0.0049123855996585225
ENP13_0245,ENP13,16.378782619242354,-19.146855892154125,47.114738994392944,3.7691791195514357,0.033679101452839165,1.3362310309632244,1.3718288305516362,0.5036294924531467,1.5172046651434203,True,Halali,5.902151993907014,True,0.2334782182148279,4.699544066040112,0.9999988444742038,0.0006607826280301341,0.0026750615789258307,0.001682156739256813,0.002675061578964017,0.0020340904681661453
ENP13_0246,ENP13,16.474694884341417,-19.39164189019161,87.96426438650506,7.037141150920405,0.06287963061516781,4.470245426190625,1.1605249881701565,0.5597514158436251,3.283173836064852,False,,,False,,,0.9999988444742038,0.0013711726715792778,0.00499439939605348,0.0034905992566085817,0.0049943993961247745,0.004023619108531525
ENP13_0247,ENP13,16.47516381234471,-19.293571499600656,99.22508841207213,7.93800707296577,0.07092922279999932,0.4549892363263374,0.7239848532365223,0.6962876410739087,1.880837425226351,True,Halali,7.356683034238737,True,0.18941612848298353,6.947192721545033,0.9999988444742038,0.0019239813330578642,0.005633761904278864,0.004897886276544183,0.0056337619043592855,0.005158716361516711
ENP13_0248,ENP13,16.474439397023243,-19.212529148310555,100.0,8.0,0.07148315404410341,2.120563156496277,1.7182791841601075,0.42352633100355186,1.5507655032661265,True,Halali,6.036395346397839,True,0.2726948244914805,4.12788850555119,0.9999988444742038,0.0011794270631657468,0.005677759520739754,0.0030024717639454274,0.005677759520820804,0.0039507237600383055
ENP13_0249,ENP13,16.473849455556408,-19.14622723031529,46.90026714751217,3.752021371800973,0.03352579021215215,2.3184912179429387,1.8771365164051819,0.3911875141197667,1.248348616575502,True,Halali,4.826727799635341,True,0.2825912275638136,2.740085703486696,0.9999988444742038,0.0005109177300472136,0.0026628843832202514,0.0013006451234452243,0.002662884383258264,0.0017834889199505035
ENP13_0250,ENP13,16.57030777618589,-19.292553554013807,79.15477992133833,6.332382393707067,0.05658233326444132,0.8379303615701179,1.1576219959250023,0.5605644827923406,1.8577863148028573,True,Halali,7.264478592544762,True,0.20856318474517255,6.510341267131657,0.9999988444742038,0.0012356440896057767,0.004494218053104387,0.0031455836525993196,0.004494218053168541,0.00362360522581241
ENP13_0251,ENP13,16.569538823541862,-19.211739252461133,100.0,8.0,0.07148315404410341,2.0955873712893966,2.0427174691067056,0.3601053200752998,1.6015193464807929,True,Halali,6.2394107192565045,True,0.2714460352311365,4.353382085096047,0.9999988444742038,0.0010028135891348162,0.005677759520739754,0.002552866200811374,0.005677759520820804,0.00366048025864907
ENP13_0252,ENP13,16.568912132390412,-19.14557398172104,46.631429619005225,3.730514369520418,0.03333361666752117,4.019048242137368,2.5509515541723307,0.27929805299108035,1.968651189013516,True,Halali,7.707938089387397,True,0.36761907877353506,4.090794671463766,0.9999988444742038,0.0003626914446267831,0.0026476204348501267,0.0009233049295931391,0.002647620434887921,0.0015344861438709584
ENP13_0253,ENP13,16.665446904848924,-19.29151092331459,78.68533395318799,6.29482671625504,0.05624675847987457,0.1404541910251286,1.3204969575998986,0.5167229238466747,1.63316659080392,True,Halali,6.365999696549013,True,0.17368937621792307,6.239590924626397,0.9999988444742038,0.0011322496477968746,0.004467564039953001,0.0028823720460699033,0.004467564040016776,0.003444241126727679
ENP13_0254,ENP13,16.66481460695796,-19.228888429286982,99.4754856540074,7.958038852320592,0.0711082146461741,6.334469290741633,3.42763935527576,0.1801762613255838,2.8453389901169452,False,,,False,,,0.9999988444742038,0.0004991192408296746,0.005647978857522514,0.0012706096665363496,0.005647978857603138,0.0028221620415648076
ENP13_0255,ENP13,16.661971805752305,-19.14444637643617,44.38814728510939,3.5510517828087513,0.031730047701138256,2.982221618071709,2.6165755962966886,0.2702824385176534,2.0342752311378733,False,,,False,,,0.9999988444742038,0.0003340992647134642,0.0025202522585602836,0.0008505177132060895,0.00252025225859626,0.0014423527827392168
ENP13_0256,ENP13,16.71404889187868,-19.290682222975715,2.015321129955952,0.16122569039647616,0.0014406151078097786,1.4195931322864657,1.8046276468708573,0.40563001683686284,2.1172972800748786,False,,,False,,,0.9999988444742038,2.2764861728831298e-05,0.00011442508732955406,5.7952591292482835e-05,0.00011442508733118746,7.796918836897569e-05
ENP13_0257,ENP13,16.71331416557474,-19.228513261696254,1.1966971596770142,0.09573577277416113,0.0008554368740933303,5.205637993530774,2.8135065099941903,0.2449372423320559,3.1261761431982116,False,,,False,,,0.9999988444742038,8.162623348396396e-06,6.79455869179839e-05,2.0779619943177193e-05,6.794558691895381e-05,3.749753083612282e-05
ENP14_0258,ENP14,16.522788914256303,-19.383518704094303,1.3119727511199295,0.10495782008959437,0.0011844667425352827,5.786730137941527,1.463301486471432,0.48111413831317196,3.8148429802949617,False,,,False,,,0.9985995927762253,3.9589054285756225e-06,7.439588015653442e-05,1.007819994695013e-05,7.43958801575964e-05,3.2875511558408975e-05
ENP14_0259,ENP14,16.521440175410454,-19.340928470066366,0.5337748413042118,0.04270198730433695,0.0004818991453802636,4.706834251498945,1.959492660993646,0.37540631590770307,2.990367594698627,False,,,False,,,0.9985995927762253,1.25678754408451e-06,3.0267891684749865e-05,3.199408621558626e-06,3.0267891685181936e-05,1.2793794507832743e-05
ENP14_0260,ENP14,16.615588323100724,-19.440829375484654,0.6340989250865423,0.050727914006923384,0.0005724730849792813,0.3606709544786429,0.27146649804462053,0.8730754951710983,2.593241339564499,False,,,False,,,0.9985995927762253,3.4722501761568517e-06,3.595680443656821e-05,8.839319901039438e-06,3.5956804437081495e-05,1.8451074290538358e-05
ENP14_0261,ENP14,16.571170701937383,-19.382763666300267,97.1310335544521,7.7704826843561685,0.08769121067119659,5.8541495701783415,1.499296935431926,0.4725326340239585,3.949960045846079,False,,,False,,,0.9985995927762253,0.000287867084832216,0.005507849706199262,0.0007328242847489656,0.0055078497062778856,0.002425325353362034
ENP14_0262,ENP14,16.570767005811568,-19.340624164311812,15.660602807297014,1.252848224583761,0.014138604004895495,4.48316677493623,2.068757730663843,0.35544709288398874,2.7692687867470727,False,,,False,,,0.9985995927762253,3.491287666206176e-05,0.0008880400363774421,8.887783708691997e-05,0.0008880400363901188,0.0003721397586292662
ENP14_0263,ENP14,16.684657090876396,-19.459803169832963,31.71789335533176,2.537431468426541,0.028635343066844742,0.38286415006015395,0.68906684848032,0.7085508690166291,2.186737586919555,False,,,False,,,0.9985995927762253,0.00014095405110514124,0.0017985743917826983,0.00035882724050858314,0.001798574391808373,0.0008691436005264701
ENP14_0264,ENP14,16.66646232685864,-19.391571075625844,100.0,8.0,0.09028135237749374,0.5005852643913802,0.9765196430457979,0.6136934015724644,1.9581453495196905,True,Halali,7.665914731412095,True,0.19169592988623566,7.215387993459854,0.9985995927762253,0.00038490508310073826,0.005670535466001744,0.00097985426984104,0.005670535466082691,0.002642459646006813
ENP14_0265,ENP14,16.66592688275877,-19.338885561915806,17.610946257462565,1.4088757005970052,0.015899400447710824,2.5081956243823726,1.6779460037118716,0.43215411708135404,2.2605241688491127,False,,,False,,,0.9985995927762253,4.7733528537982286e-05,0.0009986349534279217,0.00012151541719255451,0.0009986349534421772,0.00043240920756080635
ENP14_0266,ENP14,16.737834173427498,-19.457223184148905,22.526399851411426,1.8021119881129142,0.020337138427815975,1.1085524505771318,0.9727060889451149,0.6148646944087965,2.6402997336333844,False,,,False,,,0.9985995927762253,8.687074338557102e-05,0.0012773674927876492,0.00022114716736109993,0.0012773674928058835,0.0005955229814554567
ENP14_0267,ENP14,16.761640016613274,-19.389172033109393,99.89344470949257,7.991475576759406,0.09018515282019386,6.588274070223393,2.5340324352992014,0.28167081357510465,4.201626079987471,False,,,False,,,0.9985995927762253,0.00017647412222847832,0.005664493210462619,0.00044925081474376713,0.005664493210543479,0.002297786172936882
ENP14_0268,ENP14,16.76193138823431,-19.302208245313818,91.0211431276546,7.281691450212367,0.08217511896510078,4.069303296784885,2.6156159985423333,0.27041215084360076,2.928285631746355,False,,,False,,,0.9985995927762253,0.00015437276419764937,0.005161386202613864,0.00039298730722826515,0.005161386202687542,0.002083139612962816
ENP14_0269,ENP14,16.8534698788053,-19.388420798982015,70.76308637006117,5.661046909604894,0.06388587135894518,1.7244026249204498,1.6537141708127256,0.4374219078733279,3.106633615270684,False,,,False,,,0.9985995927762253,0.00019413752552996556,0.004012645909451765,0.0004942166047651913,0.004012645909509046,0.0017413189408637055
ENP14_0270,ENP14,16.855848245810822,-19.30164179606808,97.81028532462904,7.8248228259703225,0.0883044483553604,1.086158119866474,1.9177794873260272,0.3833182313056347,2.523446046230395,False,,,False,,,0.9985995927762253,0.000235150655693672,0.0055463669187305895,0.0005986238793761537,0.005546366918809763,0.002352344465597233
ENP14_0271,ENP14,16.893835565077282,-19.238226833335233,6.435833661898831,0.5148666929519066,0.005810357666728244,1.2754710561814242,2.2974949247524012,0.31703361732738894,2.6575251089735294,False,,,False,,,0.9985995927762253,1.2797122276438747e-05,0.0003649462303308521,3.2577680718663244e-05,0.0003649462303360617,0.00015038524732648753
ENP14_0272,ENP14,16.927767361121944,-19.364430812270754,22.54094165708679,1.8032753325669433,0.0203502669666398,1.0179685342821443,1.7346497079941245,0.4200738062414118,2.9120013593729057,False,,,False,,,0.9985995927762253,5.938815721012206e-05,0.0012781920910358677,0.00015118464778782607,0.0012781920910541137,0.0005506508565880971
ENP14_0273,ENP14,16.950920420673313,-19.295628721775465,99.83587654770595,7.986870123816476,0.09013317950519405,2.615003841884509,2.6238801448137705,0.2692970933955341,3.070961479943864,False,,,False,,,0.9985995927762253,0.0001686244297543963,0.005661228787431384,0.00042926782406537355,0.005661228787512198,0.0022837290551304605
ENP14_0274,ENP14,16.95786009283932,-19.20768237704315,77.15204042637329,6.172163234109863,0.06965390548376049,0.09029738621173528,2.249776832009948,0.3246886953988498,2.1744116446001103,False,,,False,,,0.9985995927762253,0.00015711468431142423,0.004374933815121501,0.0003999674232334938,0.004374933815183953,0.0018088886900700283
ENP14_0275,ENP14,16.989717738201218,-19.149604638398664,4.2075274357388555,0.3366021948591084,0.0037986126706391226,1.4314059214785422,2.8212278969857065,0.2439934377560895,2.323911941715871,False,,,False,,,0.9985995927762253,6.438834988019532e-06,0.00023858933548532554,1.6391365645232546e-05,0.00023858933548873138,9.514912465279857e-05
ENP14_0276,ENP14,17.017672324806526,-19.295125085827728,37.089652822655566,2.9671722258124453,0.03348504016041073,1.6057163703806814,2.294386125230447,0.3175267975066606,3.1393301901206963,False,,,False,,,0.9985995927762253,7.386442885531784e-05,0.002103181917525601,0.00018803694516112793,0.002103181917555624,0.0008668573966109481
ENP14_0277,ENP14,17.044791558825143,-19.19359338670452,96.55720023089069,7.724576018471255,0.08717314618629263,6.1372238056730035,3.9965997740448866,0.13556556420432872,3.5014490067539215,False,,,False,,,0.9985995927762253,8.209869296127148e-05,0.005475310284070975,0.00020899894124135586,0.0054753102841491345,0.0020756356161654027
ENP14_0278,ENP14,17.05517063231432,-19.11637633276878,72.21222183906744,5.776977747125395,0.06519417045814598,1.5130744965818423,3.0869149012000845,0.21364116923580417,2.099059225053143,False,,,False,,,0.9985995927762253,9.676044265934424e-05,0.004094819650172177,0.0002463234107683981,0.00409481965023063,0.0016104175092994193
ENP14_0279,ENP14,17.085183891344702,-19.061652115125643,2.416501582813617,0.19332012662508938,0.0021816503091876757,1.7806356912594405,3.0733316218774704,0.21509708149346576,1.8568587079059602,True,Namutoni,7.260768164957174,True,0.2556984512296387,5.658196042823678,0.9985995927762253,3.2600464977589937e-06,0.0001370285792899397,8.299112225216937e-06,0.00013702857929189576,5.3927091416704285e-05
ENP14_0280,ENP14,17.103665866774094,-19.1930911135251,15.772124174524839,1.261769933961987,0.014239287003418645,3.1430008544497388,3.854636069774744,0.14553800337602524,2.638163155803234,False,,,False,,,0.9985995927762253,1.4396893529954939e-05,0.0008943638950582658,3.6650224216657356e-05,0.0008943638950710327,0.00034066563279227337
ENP14_0281,ENP14,17.102822431042746,-19.11570830718319,24.034776355237742,1.9227821084190193,0.021698921134414732,1.1485373656187083,3.1226120270468263,0.20986180978356286,1.906139113075317,True,Namutoni,7.457889785634601,True,0.2240935349476021,6.424206156577764,0.9985995927762253,3.163557203698984e-05,0.0013629005173979576,8.053479078423958e-05,0.001362900517417413,0.0005350675253941583
ENP14_0282,ENP14,17.09576604855851,-19.058413803955517,2.779071115623187,0.22232568924985496,0.0025089829867169164,0.6185106667154654,2.7781951533473963,0.2493001774465496,1.5617222393758863,True,Namutoni,6.080222290836878,True,0.19759220000243993,5.52356269079296,0.9985995927762253,4.345346777134087e-06,0.0001575882132368232,1.1061965093353869e-05,0.00015758821323907276,6.299798839667835e-05
ENP15_0283,ENP15,16.23477881440728,-19.093506551935914,0.6820969095090723,0.054567752760725785,0.0003306560828635874,2.4590833799902834,2.4083421977858572,0.2999405175276227,1.9957361515406455,True,Okaukuejo,7.816277939495915,True,0.2896208356661808,5.603102897504661,0.9992449489916314,1.567565226227805e-05,3.668986543841236e-05,3.990556497201802e-05,3.6689865438936105e-05,3.8765764779218835e-05
ENP15_0284,ENP15,16.231801802287478,-19.054946060044994,3.9130811441379896,0.31304649153103914,0.00189692119259019,0.15231729393704926,1.9476978784500854,0.37762677486064977,1.5350918322048739,True,Okaukuejo,5.973700662152829,True,0.17428253136351912,5.836615097609485,0.9992449489916314,0.00011322075219079399,0.00021048390430524586,0.00028822648060412425,0.0002104839043082505,0.00026067073338982593
ENP15_0285,ENP15,16.283290787074304,-19.0929213462852,49.56147977918209,3.9649183823345675,0.024025625297880455,0.5337742767179371,1.644067629220892,0.4395368084561008,1.525958692916362,True,Halali,5.937168104998781,True,0.1933553805025635,5.4567712559526385,0.9992449489916314,0.001669105997773313,0.002665902745895083,0.004249049208600418,0.0026659027459331385,0.003687905163637946
ENP15_0286,ENP15,16.282992739247288,-19.054205709859687,80.18449879395256,6.414759903516204,0.038870565029639315,1.44027016638689,2.0051294192719533,0.3669371460969349,1.7354929559372847,True,Halali,6.775305157082472,True,0.23868017498601116,5.479062007334271,0.9992449489916314,0.0022543767682877765,0.004313109222433044,0.005738975137564209,0.004313109222494614,0.005233578962273998
ENP15_0287,ENP15,16.326367864508878,-18.98434844779269,0.5716620669693331,0.045732965357546645,0.0002771212376872194,2.1585175321623633,,0.0,,False,,,False,,,0.9992449489916314,0.0,3.074959587259431e-05,0.0,3.0749595873033255e-05,1.0899151162605716e-05
ENP15_0288,ENP15,16.37839612673242,-19.10026053759036,49.9276378405073,3.994211027240584,0.024203125574716277,2.9042573469093593,2.6914044494693776,0.26035681465632915,1.6638634077635879,True,Halali,6.4887869643876845,True,0.31187953401213464,3.8749553521692612,0.9992449489916314,0.0009959886088179415,0.002685598319664624,0.002535491823598173,0.0026855983197029607,0.0025886968607729847
ENP15_0289,ENP15,16.37783666812996,-19.032571014569324,100.0,8.0,0.04847640830121507,3.0563959088957575,,0.0,,False,,,False,,,0.9992449489916314,0.0,0.005378981333432411,0.0,0.005378981333509196,0.0019065723951892728
ENP15_0290,ENP15,16.392881890826338,-18.970512175627135,23.3066852698117,1.8645348215849362,0.01129824391287307,2.9701181500031097,2.8117385525550724,0.24515385736934098,1.2195072154076207,True,Halali,4.711362194963816,True,0.31517257416682215,2.038255859961017,0.9992449489916314,0.0004377877903030936,0.0012536622501050127,0.001114477969885603,0.0012536622501229085,0.0011638116429533274
ENP15_0291,ENP15,16.473436116790577,-19.099609199822318,50.141996713598964,4.0113597370879175,0.024307039057266076,1.7228988152473017,2.0673228054579793,0.3557022043859917,0.9873333143567294,True,Halali,3.7826665907602512,True,0.25281160742903175,2.23205765703768,0.9992449489916314,0.0013665722049828017,0.002697128643434781,0.0034788878320633296,0.0026971286434732825,0.0032017943832784884
ENP15_0292,ENP15,16.47283736828112,-19.031837925296823,100.0,8.0,0.04847640830121507,0.031025640981341116,1.7964429149060834,0.4072934045934772,0.20421157775863152,True,Halali,0.6501796443678594,True,0.1682179487157337,0.6222565674846524,0.9992449489916314,0.003120698268872155,0.005378981333432411,0.007944372932169411,0.005378981333509196,0.00703507347533989
ENP15_0293,ENP15,16.47229179112627,-18.969833368575244,53.654282166613086,4.292342573329047,0.026009668894173384,1.104347161871868,2.562517397376799,0.2776875554257669,1.0754314737394155,True,Halali,4.135059228290996,True,0.22188402476026006,3.141146782606314,0.9992449489916314,0.0011415769959717853,0.002886053822329273,0.0029061167102397145,0.002886053822370471,0.002899005447751967
ENP15_0294,ENP15,16.568471924027627,-19.09893340229804,50.41071307713037,4.032857046170429,0.024437303098823738,2.515443595420871,2.380752462545999,0.3041068280418062,1.3451640149449824,True,Halali,5.213989393113263,True,0.29243884643771023,2.9500901572344786,0.9992449489916314,0.0011746092447678955,0.0027115828464690135,0.002990207026128967,0.0027115828465077213,0.002891449076145236
ENP15_0295,ENP15,16.567833566128744,-19.031056016593098,100.0,8.0,0.04847640830121507,1.098381280318671,2.174446284471152,0.3371514165609427,1.033486349857385,True,Halali,3.967278732762873,True,0.2215857306826002,2.978735580476069,0.9992449489916314,0.0025832675661902407,0.005378981333432411,0.006576233637867807,0.005378981333509196,0.006151869236499324
ENP15_0296,ENP15,16.567116238946994,-18.95443551381933,75.68914332893657,6.055131466314926,0.036691378159827176,1.7420982010115422,3.073231685225349,0.2151078298031038,1.528440126752106,True,Halali,5.947093840341757,True,0.25377157671724376,4.379205459431369,0.9992449489916314,0.0012474817794207768,0.0040713048910984,0.003175718902611712,0.004071304891156518,0.0034931581011158393
ENP15_0297,ENP15,16.711589151768464,-19.18325750665817,0.2114418161082546,0.016915345288660368,0.00010249939809614184,1.8988035697517534,2.501629711290665,0.28627143190134346,1.9193293461318501,True,Halali,7.510650717860734,True,0.2616068451542543,5.8017275050841555,0.9992449489916314,4.6378136367945785e-06,1.1373415819533499e-05,1.1806499041611263e-05,1.1373415819695853e-05,1.1652993300555853e-05
ENP15_0298,ENP15,16.711388482858993,-19.14437912053809,0.104834120806759,0.00838672966454072,5.081981644127355e-05,2.377962863157049,2.637431677847241,0.26747856707943835,2.055131312688426,False,,,False,,,0.9992449489916314,2.1485034125285582e-06,5.639007789263549e-06,5.4694529507763604e-06,5.639007789344045e-06,5.529551425680906e-06
ENP15_0299,ENP15,16.66350329985602,-19.098233150835934,50.733786222292395,4.058702897783392,0.02459391735578406,3.9122480779127327,3.3852029374243333,0.18404012606425976,2.337456889324416,False,,,False,,,0.9992449489916314,0.0007154086702629486,0.002728960890640612,0.001821218453628435,0.0027289608906795678,0.00214296648826875
ENP15_0300,ENP15,16.66282497164166,-19.030225298745993,100.0,8.0,0.04847640830121507,0.7428139174925378,2.650464268124623,0.26574126432926354,1.311718618190959,True,Halali,5.080207806097169,True,0.20380736254129356,4.411675280353886,0.9992449489916314,0.002036120138964587,0.005378981333432411,0.005183358442558213,0.005378981333509196,0.005252696702096464
ENP15_0301,ENP15,16.662168102200482,-18.964091410642972,65.5239049886027,5.241912399088216,0.031763635717175276,1.3971204513773503,2.8374269575993187,0.2420251872248867,1.424869425155738,True,Halali,5.532811033956285,True,0.23652268923553416,4.2754026277166695,0.9992449489916314,0.0012150796270222676,0.0035245186182729276,0.0030932326254133158,0.0035245186183232398,0.003246101341166492
ENP15_0302,ENP15,16.762219334264426,-19.257885737082628,5.7249550422321605,0.45799640337857284,0.0027752525813334616,0.6183215594963639,1.8005293646966336,0.4064620621685218,2.113198997900655,False,,,False,,,0.9992449489916314,0.00017829390592793255,0.00030794426306906544,0.00045388344472550905,0.00030794426307346134,0.0004021555063181111
ENP15_0303,ENP15,16.76005002107732,-19.210168016013856,98.80330284032298,7.9042642272258385,0.047896292499960996,4.198551026063593,3.1603890381037942,0.2059350360206216,2.837032948551187,False,,,False,,,0.9992449489916314,0.0015589999641384478,0.005314611216595668,0.003968751878351477,0.0053146112166715335,0.004445789834639512
ENP15_0304,ENP15,16.75852999574998,-19.097508451576413,99.9996110398817,7.999968883190536,0.04847621974732,4.284144705636862,3.481187606490926,0.17541620697178945,2.6101121933339724,False,,,False,,,0.9992449489916314,0.0013440407283928134,0.005378960411340253,0.0034215293701675554,0.005378960411417037,0.00411533805946043
ENP15_0305,ENP15,16.757811294871107,-19.029345782684345,100.0,8.0,0.04847640830121507,3.6737115588948814,3.4658037054419446,0.17677070243470858,2.3796947903034034,False,,,False,,,0.9992449489916314,0.0013544241543167492,0.005378981333432411,0.0034479624953037175,0.005378981333509196,0.004132409416243517
ENP15_0306,ENP15,16.757125091823074,-18.96399234743396,45.55746142004571,3.644596913603657,0.02208462100964989,4.617449817474762,3.687938522707651,0.15818828766861315,2.4962420110019115,False,,,False,,,0.9992449489916314,0.0005521769119187552,0.0024505273457699306,0.0014056787727836433,0.0024505273458049117,0.0017760238851686383
ENP15_0307,ENP15,16.833337848289883,-19.25671770618571,2.1897146753709684,0.17517717402967747,0.0010614950266644569,0.4291786921623383,1.9357742680359564,0.37988483650697213,2.176961551668398,False,,,False,,,0.9992449489916314,6.373586586005125e-05,0.0001177843436436345,0.00016225262550934388,0.00011778434364531587,0.00014649090532353677
ENP15_0308,ENP15,16.854630504227973,-19.19332593096487,93.54770922979021,7.483816738383217,0.04534856948266656,5.20897734097578,3.2887624051386597,0.19313203543257423,3.2138727389724155,False,,,False,,,0.9992449489916314,0.00138430528580681,0.005031913817324043,0.0035240310004072332,0.005031913817395874,0.004058497951638543
ENP15_0309,ENP15,16.853796804788768,-19.118746090344402,100.0,8.0,0.04847640830121507,1.284143151076684,2.887207055012826,0.2360755194426715,2.2463394484257506,False,,,False,,,0.9992449489916314,0.0018088200214859023,0.005378981333432411,0.004604719706866151,0.005378981333509196,0.004879155655326475
ENP15_0310,ENP15,16.852792245955747,-19.02841747997764,100.0,8.0,0.04847640830121507,6.785699622290275,4.251846983202321,0.11932272383636143,3.060150471496581,False,,,False,,,0.9992449489916314,0.0009142554569105017,0.005378981333432411,0.0023274234415469265,0.005378981333509196,0.0034090438596906004
ENP15_0311,ENP15,16.852077867164976,-18.963868941883092,43.809864661379535,3.5047891729103626,0.02123744886946008,3.068249431374395,3.1262559453833516,0.2094797982455466,1.9345594336776124,True,Namutoni,7.571571068043783,True,0.3200791382353864,4.810146579806827,0.9992449489916314,0.0007031669678817418,0.0023565244423376075,0.0017900547073569696,0.002356524442371247,0.0019908391110432734
ENP15_0312,ENP15,16.918682357846784,-19.192423112970534,22.450532232796235,1.7960425786236989,0.010883211670966198,3.4351109520888556,3.1357235943397894,0.20849050107593542,2.9016610001768677,False,,,False,,,0.9992449489916314,0.000358638836472644,0.001207609938058336,0.0009129881902769516,0.0012076099380755746,0.0010174164558810657
ENP15_0313,ENP15,16.948668401076908,-19.10452854834278,95.44989038490138,7.6359912307921105,0.04627067858604702,0.029430688715823043,2.6065892038902008,0.27163538672040266,1.7279552589399405,True,Namutoni,6.745154369093095,True,0.1681382011024578,6.718666749248855,0.9992449489916314,0.0019865805659722924,0.005134231786585543,0.00505724537143024,0.005134231786658833,0.005084533098413977
ENP15_0314,ENP15,16.9477675351266,-19.027440402835577,100.0,8.0,0.04847640830121507,1.386123034992164,3.0112220131300624,0.22188168124217797,1.7947490991585526,True,Namutoni,7.012329729967544,True,0.23597281841627488,5.764818998474596,0.9992449489916314,0.0017000662685368643,0.005378981333432411,0.004327864882476984,0.005378981333509196,0.004700431635438724
ENP15_0315,ENP15,16.947026180055047,-18.963721199309404,42.00836429487884,3.360669143590307,0.020364146196247313,5.4407586057844535,3.898132120297231,0.14240700907993553,2.706435608591492,False,,,False,,,0.9992449489916314,0.00045836509606593046,0.0022596220739018185,0.0011668616919999282,0.0022596220739340743,0.0015541890779072003
ENP15_0316,ENP15,17.013926853742387,-19.103914332630897,26.48906025996582,2.119124820797266,0.012840945006775933,2.7168136732713624,3.3317589811941404,0.1890243397256253,2.456084733403847,False,,,False,,,0.9992449489916314,0.0003836442412697891,0.0014248416067852243,0.0009766445402066655,0.0014248416068055637,0.0011355073623285608
ENP15_0317,ENP15,17.042381281378137,-19.026269084210096,95.24376620957509,7.619501296766007,0.046170756989208334,5.451220259173316,3.8339148942379095,0.14705370083379934,2.6174419802663995,False,,,False,,,0.9992449489916314,0.0010731413307575623,0.00512314440567105,0.002731899788422608,0.005123144405744183,0.0035794730917781616
ENP15_0318,ENP15,17.03784514502488,-18.96301031563429,36.76382860317648,2.9411062882541184,0.01782178366083472,1.5739507801113337,2.6749673096301905,0.2625053923659181,1.4584943956586807,True,Namutoni,5.667310915968056,True,0.24536420567223333,4.250755213867856,0.9992449489916314,0.0007394407224214226,0.001977519478019948,0.0018823969362060742,0.0019775194780481766,0.0019161129878507586
ENP15_0319,ENP15,17.09093115476435,-19.040563651987938,0.20379487831118961,0.016303590264895168,9.879243730709667e-05,0.7389402083335039,2.7403951545980267,0.25405675874550465,1.523922240626517,True,Namutoni,5.929022295839401,True,0.20361367708334185,5.263976108339247,0.9992449489916314,3.967056819975484e-06,1.0962088462850185e-05,1.0098950973681074e-05,1.0962088463006668e-05,1.0404888847112502e-05
ENP16_0320,ENP16,16.695514987881612,-18.915659846143708,13.662636521497337,1.093010921719787,0.015020582252457918,0.2624536211154364,2.70782078646709,0.2582285087479266,1.4420650876359582,True,Halali,5.601593683877166,True,0.1797893477224385,5.365385424873273,0.9960989356724617,0.0003520467706679399,0.0005573984402761613,0.0008962067443844278,0.0005573984402841182,0.000776116615825249
ENP16_0321,ENP16,16.699332340899705,-18.852192836361926,16.69998555831445,1.3359988446651558,0.018359817030836938,0.9222212471161978,2.842614701957528,0.241398218315237,1.6509181902517884,True,Namutoni,6.437006094340487,True,0.21277772902247655,5.607006971935909,0.9960989356724617,0.00040226460320442716,0.0006813140266296666,0.001024046463300691,0.0006813140266393923,0.0009025654314548179
ENP16_0322,ENP16,16.756618010241958,-18.91552533054179,49.57524176987638,3.96601934159011,0.05450258414752198,1.2759918968579638,2.8519287821469628,0.2402766307998479,1.6602322704412236,True,Namutoni,6.474262415098227,True,0.23046626150956484,5.32586970792606,0.9960989356724617,0.0011886063264382888,0.0020225351377359396,0.003025839447840735,0.002022535137764811,0.0026702196412337403
ENP16_0323,ENP16,16.755953071697377,-18.851745391140334,99.93766690318974,7.995013352255179,0.10987059075136615,0.4745909595292097,2.3791728528195164,0.3043471079681754,1.1874763411137768,True,Namutoni,4.58323869778844,True,0.19039621464312714,4.156106834212151,0.9960989356724617,0.003035009457405067,0.0040771852174379284,0.007726234613191546,0.00407718521749613,0.006432834168915198
ENP16_0324,ENP16,16.7619329621505,-18.760742461178282,83.83709091403641,6.706967273122912,0.09216975932131927,8.848623854728233,4.432136201103708,0.10903698956077806,3.240439689397968,False,,,False,,,0.9960989356724617,0.0009121614534478708,0.003420325472264942,0.0023220927293168057,0.0034203254723137668,0.0027113597859334507
ENP16_0325,ENP16,16.851550264637496,-18.916028200390738,52.75780458082353,4.2206243664658825,0.05800146567014968,0.5249666553611306,2.3356944453614323,0.3110358118837245,1.1439979336556931,True,Namutoni,4.4093250679561065,True,0.19291499943472318,3.9368550781310883,0.9960989356724617,0.0016374150334830281,0.002152375051438661,0.004168373405555519,0.002152375051469386,0.0034538056143079386
ENP16_0326,ENP16,16.85080010006114,-18.847757464267836,100.0,8.0,0.10993911920897505,0.29557670094454336,1.9215632371277374,0.3825937267169059,0.7298667254219978,True,Namutoni,2.7528002350213248,True,0.18144550171389381,2.486781204171235,0.9960989356724617,0.003817679868327198,0.00407972823839036,0.009718681524628087,0.004079728238448598,0.007719962435157339
ENP16_0327,ENP16,16.84984730673536,-18.760619791753815,93.45143802366833,7.4761150418934665,0.10273968785134216,4.115805507893178,2.380392323993191,0.3041615932689007,1.504933906950235,True,Namutoni,5.853068961134273,True,0.37245694206132557,2.148844004030413,0.9960989356724617,0.0028362990936362876,0.0038125647062334633,0.007220376917491681,0.003812564706287887,0.0060124826551720655
ENP16_0328,ENP16,16.946478765192193,-18.916506850536596,55.99440009524524,4.47955200761962,0.0615597502710621,6.838850276998642,3.314766522679587,0.19063717566107957,2.123070010973847,False,,,False,,,0.9960989356724617,0.0010651575606143956,0.0022844193526029987,0.0027115754757344227,0.0022844193526356084,0.002560170586547912
ENP16_0329,ENP16,16.945673423890465,-18.84679034668211,100.0,8.0,0.10993911920897505,0.8284673215538978,1.8559146268162958,0.3953604836575032,0.6394417128447858,True,Namutoni,2.4223516752981915,True,0.20809003274436155,1.6767310858996838,0.9960989356724617,0.003945071896874516,0.00407972823839036,0.01004298387498996,0.004079728238448598,0.007929316271932985
ENP16_0330,ENP16,16.944677502774816,-18.760149466829834,92.38865096184479,7.391092076947583,0.10157126911650641,0.26963057268291657,1.5975060544276187,0.4498896145928176,0.6238467850304025,True,Namutoni,2.3287204734549434,True,0.1801481953008125,2.086052958040318,0.9960989356724617,0.00414749868143147,0.0037692058823582887,0.01055830247660586,0.0037692058824120938,0.008151916703499101
ENP16_0331,ENP16,17.03269862053934,-18.91817956679381,48.15466996430198,3.8523735971441586,0.052940820016742454,1.948084608647333,2.6505359775873965,0.26573173641842396,1.4340630636158864,True,Namutoni,5.569585587796879,True,0.2640708970990333,3.816309440014279,0.9960989356724617,0.0012768606382443507,0.001964579668637309,0.003250508770361528,0.0019645796686653533,0.0027947130024544866
ENP16_0332,ENP16,17.023050845282512,-18.8463702435793,63.18998267314278,5.055198613851422,0.06947051037915711,1.6237291321030667,2.18302518436832,0.3357083196930766,0.96655227039681,True,Namutoni,3.6995424149205736,True,0.24785312327182,2.2381861960278138,0.9960989356724617,0.0021167618691161783,0.0025779795669501815,0.005388648388276402,0.002577979566986982,0.004392410763634268
ENP16_0333,ENP16,17.01304326520852,-18.75974283347648,39.94476678507288,3.19558134280583,0.04391492477358834,1.4373385905672884,2.1296590498792605,0.34478662727855414,1.0075440331888497,True,Namutoni,3.8635094660887317,True,0.23853359619503106,2.569904734578172,0.9960989356724617,0.0013742696837701295,0.0016296379302897916,0.003498483331805795,0.0016296379303130544,0.00283607369837471
ENP17_0334,ENP17,16.76064794904851,-18.714588515610235,2.6225428560608273,0.2098034284848662,0.0028321295182458773,6.9948066544681655,2.716968451715683,0.25705011171981035,2.883537332661389,False,,,False,,,0.9955796507017165,6.686807826238366e-05,0.00012283388572016226,0.00017022631001293676,0.00012283388572191571,0.00015342813164197553
ENP17_0335,ENP17,16.758936426171566,-18.66773950254297,89.67764956841907,7.174211965473526,0.09684444922708196,3.12435463177742,1.6972117010514651,0.4280112278176004,1.8637805819971713,True,Nehale Gate,7.288455661322018,True,0.32288439825553766,4.4765364927223406,0.9955796507017165,0.003807306409892332,0.004200295195665795,0.0096922737737651,0.004200295195725754,0.007745649663614198
ENP17_0336,ENP17,16.755661100114505,-18.578028822218414,94.67799699436121,7.574239759548897,0.10224441114334476,5.158922442105451,1.618843304091161,0.44511542338937005,1.785412185036867,True,Nehale Gate,6.974982073480801,True,0.4246127887719392,2.3319518755858946,0.9955796507017165,0.004180229787557767,0.00443449998772851,0.010641626172505397,0.004434499987791812,0.008441518995425674
ENP17_0337,ENP17,16.75340633462202,-18.516228280842725,34.33030937786903,2.7464247502295223,0.037073896556114476,0.609591630280347,0.21429028132384195,0.8983952698430032,0.3808591622695479,True,Nehale Gate,1.3567699824115251,True,0.19714624818068402,0.8081375151592126,0.9955796507017165,0.0030593109777136323,0.0016079528649506922,0.0077880990818188535,0.0016079528649736456,0.0055975549165385025
ENP17_0338,ENP17,16.849339661942043,-18.713996300644556,4.818219995038029,0.3854575996030423,0.005203279344630548,5.434878304420879,2.3254306256944535,0.31263612243781935,2.018166911411654,False,,,False,,,0.9955796507017165,0.000149418451880536,0.00022567436138453513,0.0003803750963451497,0.00022567436138775661,0.0003255416376477133
ENP17_0339,ENP17,16.848830490221477,-18.66709374768828,100.0,8.0,0.10799173449923555,2.4702396845499597,1.342262262358492,0.5111300954908797,1.5088311433041983,True,Nehale Gate,5.868657906550126,True,0.2901786508941646,3.6454421904551624,0.9955796507017165,0.005070022705972799,0.004683770388586293,0.012906775240841037,0.004683770388653153,0.009992142695265563
ENP17_0340,ENP17,16.84785410181838,-18.57676051126328,100.0,8.0,0.10799173449923555,2.148630587469915,0.9834961578921086,0.6115564103635097,1.1500650388378146,True,Nehale Gate,4.4335934886845925,True,0.2740981960401624,2.4998259599616683,0.9955796507017165,0.006066175546850652,0.004683770388586293,0.015442685150591391,0.004683770388653153,0.011629202891502837
ENP17_0341,ENP17,16.847205271149296,-18.516443492068326,34.051979785398224,2.724158382831858,0.03677332360158061,0.9717953599220923,0.6317384422713275,0.7291548019694146,0.7983073232170333,True,Nehale Gate,3.026562626201467,True,0.21525643466277128,2.151946802271584,0.9955796507017165,0.0024628647243961914,0.0015949165459158722,0.0062697236856414365,0.0015949165459386396,0.004612744846568869
ENP17_0342,ENP17,16.944148336406858,-18.713920353942548,6.801739776011027,0.5441391820808822,0.007345316760238727,3.294571486717998,2.511370995520565,0.2848804963332768,1.537711726123349,True,Namutoni,5.984180237826729,True,0.33139524100256657,3.019065899780531,0.9955796507017165,0.00019220345095066524,0.0003185778735375001,0.0004892930240749813,0.0003185778735420478,0.000428783278220494
ENP17_0343,ENP17,16.943603001701064,-18.666136569111572,100.0,8.0,0.10799173449923555,4.999376968773734,2.1019219264739695,0.34960163332235006,2.053169994304518,False,,,False,,,0.9955796507017165,0.0034677829277245495,0.004683770388586293,0.0088279476104592,0.004683770388653153,0.0073590498021240056
ENP17_0344,ENP17,16.942576637734316,-18.575808294566155,100.0,8.0,0.10799173449923555,4.9988161513941245,2.1582429166220347,0.3398940055659391,2.3248117975677407,False,,,False,,,0.9955796507017165,0.003371490626448751,0.004683770388586293,0.008582815948913393,0.004683770388653153,0.0072008047144688
ENP17_0345,ENP17,16.94190010428668,-18.51598251628633,33.00643905391935,2.640515124313548,0.035644226030760576,0.7328452755834169,0.8939045004721315,0.639574447074551,1.0604733814178378,True,Nehale Gate,4.075226859004684,True,0.2033089304458375,3.4156661109796085,0.9955796507017165,0.002093959259268408,0.0015459458187342561,0.005330599701460256,0.0015459458187563244,0.003989134436809161
ENP17_0346,ENP17,17.009522488949617,-18.714238482311995,3.107148842069572,0.24857190736556575,0.0033554639280238435,1.248176312342962,1.953185484842287,0.3765920614829397,1.0894364591136598,True,Namutoni,4.191079169787972,True,0.22907548228381475,3.067720488679307,0.9955796507017165,0.00011606777787518154,0.00014553171739415646,0.00029547416424270103,0.0001455317173962339,0.0002423272740975913
ENP17_0347,ENP17,17.009274863924496,-18.665921816835244,39.03257108235351,3.122605686588281,0.04215195053148059,1.9299729231059053,1.856333990291863,0.3952775924749262,1.5271862590455556,True,Namutoni,5.9420783695155555,True,0.2631653128219619,4.205102738720241,0.9955796507017165,0.0015304100402661206,0.0018281960062591696,0.003895970405176184,0.001828196006285267,0.0031630506674100453
ENP17_0348,ENP17,17.03729329472165,-18.5748085566644,100.0,8.0,0.10799173449923555,0.31539534039472017,1.3732797986218521,0.5032642498016385,1.4664710199908564,True,Namutoni,5.699217413296759,True,0.18243643368640267,5.415361606941511,0.9955796507017165,0.004991999485274297,0.004683770388586293,0.01270815124416036,0.004683770388653153,0.00986392069584307
ENP17_0349,ENP17,17.03566707142125,-18.5150235267003,28.07580447137537,2.2460643577100297,0.030319548223252193,0.19607323174791005,1.102379315090267,0.5762638457977779,1.268948196035973,True,Nehale Gate,4.909126117477225,True,0.17647032825406217,4.7326602089041065,0.9955796507017165,0.0016048410835517901,0.001315006216187666,0.004085449782753276,0.0013150062162064376,0.0031034699432802215
ENP17_0350,ENP17,17.11360558833752,-18.619874115047573,0.9826212406081007,0.07860969924864807,0.0010611497212905947,0.06689957138120296,1.5239894612679104,0.46673448825388447,1.5325658429227673,True,Namutoni,5.963596705024402,True,0.17001164523572682,5.90338709078132,0.9955796507017165,4.549194361561065e-05,4.602372269956149e-05,0.00011580900630365938,4.602372270021847e-05,9.107371033229857e-05
ENP17_0351,ENP17,17.11020617302275,-18.573799201329635,51.79988988759468,4.143991191007575,0.0559395995583076,1.0025046178821755,1.874184374804738,0.3917653609532723,1.882760756459595,True,Namutoni,7.364376359171713,True,0.21679189756077544,6.462122203077755,0.9955796507017165,0.002012951549204747,0.0024261879038754647,0.0051243780793489456,0.0024261879039100985,0.004168008353093265
ENP17_0352,ENP17,17.094902750677793,-18.522079444352283,3.0118817653502057,0.24095054122801646,0.003252583359467883,0.3763465317553284,1.3441865909887527,0.5106385408686893,1.5107554719344587,True,Nehale Gate,5.876355221071168,True,0.18548399325443307,5.537643342491372,0.9955796507017165,0.00015255623457745269,0.00014106962626470303,0.0003883629611679233,0.0001410696262667168,0.00030071018518601717
PAN_MAIN_0353,PAN_MAIN,15.849451064490827,-18.928885145710947,6.700295092419233,0.5360236073935386,0.0016087964360476878,1.1425791368309701,1.8576514989379567,0.39501728740004,1.4450454526927456,True,Okaukuejo,5.613515144104316,True,0.22379562350821516,4.585193920956443,0.9934398473335904,0.0,0.0,0.0,0.0,0.0
PAN_MAIN_0354,PAN_MAIN,15.846261053635155,-18.86172243949698,11.63891826243142,0.9311134609945135,0.0027946008290344153,0.5958086255415633,1.6645131897682253,0.43506640912771066,1.5762900151670745,True,Okaukuejo,6.138493394001631,True,0.19645709794374483,5.602265631014224,0.9934398473335904,0.0,0.0,0.0,0.0,0.0
PAN_MAIN_0355,PAN_MAIN,15.937102763178999,-19.102393942392492,13.701575743721232,1.0961260594976985,0.003289862001701364,4.56993930376855,2.045395777926411,0.3596234061984756,1.6327897316812001,True,Okaukuejo,6.365532053966608,True,0.3951636318550942,2.2525866805749133,0.9934398473335904,0.0,0.0,0.0,0.0,0.0
PAN_MAIN_0356,PAN_MAIN,15.91827811009578,-19.035499968913868,65.80411431258248,5.264329145006599,0.01580011374471168,3.5864706397942023,2.0283791495445986,0.3626962489473367,1.6157731032993874,True,Okaukuejo,6.296425746530883,True,0.3459901986563768,3.0686021707161006,0.9934398473335904,0.0,0.0,0.0,0.0,0.0
PAN_MAIN_0357,PAN_MAIN,15.902199631999583,-18.928532847236298,97.5133328699048,7.801066629592384,0.023413760173895765,4.268375252788442,2.618018204564687,0.2700875529717277,2.205412158319476,False,,,False,,,0.9934398473335904,0.0,0.0,0.0,0.0,0.0
PAN_MAIN_0358,PAN_MAIN,15.901840870846465,-18.861558896472506,99.47472842438167,7.957978273950533,0.023884707517885483,5.198306231749465,2.7887155387527702,0.24799225345429926,2.7533364692864803,False,,,False,,,0.9934398473335904,0.0,0.0,0.0,0.0,0.0
PAN_MAIN_0359,PAN_MAIN,15.915674765515742,-18.764383750919833,62.47777732729355,4.998222186183484,0.01500143263989272,2.2168066593505555,1.6231532880560695,0.4441572360345506,2.4281489337837265,False,,,False,,,0.9934398473335904,0.0,0.0,0.0,0.0,0.0
PAN_MAIN_0360,PAN_MAIN,15.944649351537517,-18.71318574012536,1.0407907814632003,0.08326326251705601,0.00024990250082921527,1.9961558423465273,1.3348022889912534,0.5130401639911603,2.597303672003012,False,,,False,,,0.9934398473335904,0.0,0.0,0.0,0.0,0.0
PAN_MAIN_0361,PAN_MAIN,15.998176373374097,-19.098796527350157,48.74662913929938,3.8997303311439504,0.01170447004899412,3.935318993608184,1.8872223875796916,0.3892197465163821,1.4746163413344806,True,Okaukuejo,5.730911743806242,True,0.36343261634707585,2.1891246495588765,0.9934398473335904,0.0,0.0,0.0,0.0,0.0
PAN_MAIN_0362,PAN_MAIN,15.997794647719767,-19.035014994043355,100.0,8.0,0.024010829580743284,10.324893088147133,3.484522301192637,0.17512397092100296,3.0719162549474257,False,,,False,,,0.9934398473335904,0.0,0.0,0.0,0.0,0.0
PAN_MAIN_0363,PAN_MAIN,15.9972564399976,-18.94465180686836,100.0,8.0,0.024010829580743284,13.817162353687717,4.959536268901368,0.08376264501245967,4.546930222656157,False,,,False,,,0.9934398473335904,0.0,0.0,0.0,0.0,0.0
PAN_MAIN_0364,PAN_MAIN,15.996721275808907,-18.85428772553461,100.0,8.0,0.024010829580743284,14.64719140656662,5.043672713400986,0.08031198979173657,5.222821882046842,False,,,False,,,0.9934398473335904,0.0,0.0,0.0,0.0,0.0
PAN_MAIN_0365,PAN_MAIN,15.996189147645138,-18.763922753690707,100.0,8.0,0.024010829580743284,8.81381733822939,3.134353705302851,0.20863335441952263,4.215453855976362,False,,,False,,,0.9934398473335904,0.0,0.0,0.0,0.0,0.0
PAN_MAIN_0366,PAN_MAIN,16.005324293539466,-18.6903523778205,44.52157078698675,3.56172566295894,0.010689998488333376,6.708524743792358,2.3719320324073774,0.3054509663484009,3.9163583793098034,False,,,False,,,0.9934398473335904,0.0,0.0,0.0,0.0,0.0
PAN_MAIN_0367,PAN_MAIN,16.064385102404376,-19.098618562893222,16.82437350386929,1.345949880309543,0.0040396716500417824,2.8541956378587416,1.9171893492572392,0.3834313533345949,1.504583303012028,True,Okaukuejo,5.851666545381445,True,0.3093764485596038,3.282890471308577,0.9934398473335904,0.0,0.0,0.0,0.0,0.0
PAN_MAIN_0368,PAN_MAIN,16.08755786309471,-19.034425665626515,97.0561803367149,7.764494426937192,0.02330399405822749,8.10835436318777,3.372554009082236,0.18520776971577702,2.9599479628370244,False,,,False,,,0.9934398473335904,0.0,0.0,0.0,0.0,0.0
PAN_MAIN_0369,PAN_MAIN,16.092221020068482,-18.94411682756189,100.0,8.0,0.024010829580743284,15.98105847104801,6.07796628925289,0.047883555397523245,5.665360243007679,False,,,False,,,0.9934398473335904,0.0,0.0,0.0,0.0,0.0
PAN_MAIN_0370,PAN_MAIN,16.091634918021935,-18.853755485573828,100.0,8.0,0.024010829580743284,22.75676758445706,6.625734096623773,0.03641163005695001,7.695548587769275,False,,,False,,,0.9934398473335904,0.0,0.0,0.0,0.0,0.0
PAN_MAIN_0371,PAN_MAIN,16.09105214093676,-18.763393250245123,100.0,8.0,0.024010829580743284,17.868670774543823,5.244345994948915,0.07264483415051941,6.624017432143998,False,,,False,,,0.9934398473335904,0.0,0.0,0.0,0.0,0.0
PAN_MAIN_0372,PAN_MAIN,16.078492337646612,-18.66211264995415,44.63079914779094,3.570463931823275,0.010716225123899909,12.52826923477924,3.6625874278284787,0.16020617269438647,5.535575229382144,False,,,False,,,0.9934398473335904,0.0,0.0,0.0,0.0,0.0
PAN_MAIN_0373,PAN_MAIN,16.120176564764762,-18.693558688618797,22.379625072258577,1.7903700057806862,0.005373533636909303,17.79161607390295,5.035212121536109,0.08065245289759763,6.794623955236369,False,,,False,,,0.9934398473335904,0.0,0.0,0.0,0.0,0.0
PAN_MAIN_0374,PAN_MAIN,16.111354679144963,-18.62140004863545,2.8094657550708817,0.22475726040567054,0.000674576034579412,13.236438510762365,3.8864870905371425,0.14323859461957114,5.736270518224523,False,,,False,,,0.9934398473335904,0.0,0.0,0.0,0.0,0.0
PAN_MAIN_0375,PAN_MAIN,16.187591122489497,-19.00125706699274,41.59008138723268,3.3272065109786144,0.00998612356438087,5.453067454367681,3.4309013319051536,0.17988263546404062,3.018295285659942,False,,,False,,,0.9934398473335904,0.0,0.0,0.0,0.0,0.0
PAN_MAIN_0376,PAN_MAIN,16.14655505625908,-19.0612575760335,2.6705537948236326,0.21364430358589062,0.0006412221205371751,3.679226727611168,,0.0,,False,,,False,,,0.9934398473335904,0.0,0.0,0.0,0.0,0.0
PAN_MAIN_0377,PAN_MAIN,16.187182266964964,-18.943533243209124,100.0,8.0,0.024010829580743284,11.78864364935174,5.014795380651169,0.08147999977983678,4.602189334405957,False,,,False,,,0.9934398473335904,0.0,0.0,0.0,0.0,0.0
PAN_MAIN_0378,PAN_MAIN,16.186545235283074,-18.85317488942821,100.0,8.0,0.024010829580743284,21.768050016297178,7.509646972387528,0.023404581476382542,7.097040926142316,False,,,False,,,0.9934398473335904,0.0,0.0,0.0,0.0,0.0
PAN_MAIN_0379,PAN_MAIN,16.185911817442094,-18.762815639219312,100.0,8.0,0.024010829580743284,27.130999795589172,7.559928250210253,0.022823510201435256,8.939599687405334,False,,,False,,,0.9934398473335904,0.0,0.0,0.0,0.0,0.0
PAN_MAIN_0380,PAN_MAIN,16.18542693201997,-18.693294340590295,85.17518295967007,6.814014636773606,0.020451268025532675,21.29597563473005,6.184807908901968,0.04539270115133887,7.463904494880594,False,,,False,,,0.9934398473335904,0.0,0.0,0.0,0.0,0.0
PAN_MAIN_0381,PAN_MAIN,16.224697830869264,-18.612148524973293,5.45097055902931,0.4360776447223448,0.001308823251425017,12.316399663442738,4.078200062872815,0.13014578530433044,5.080724355266091,False,,,False,,,0.9934398473335904,0.0,0.0,0.0,0.0,0.0
PAN_MAIN_0382,PAN_MAIN,16.255233456735283,-19.009433797344364,19.81550120604961,1.5852400964839688,0.004757866225154702,3.1723727045036703,2.839477329313181,0.24177719356743796,2.2744639629113768,False,,,False,,,0.9934398473335904,0.0,0.0,0.0,0.0,0.0
PAN_MAIN_0383,PAN_MAIN,16.282112737150506,-18.939344407967056,99.4283379330311,7.954267034642488,0.023873568776065626,8.461950000957424,,0.0,,False,,,False,,,0.9934398473335904,0.0,0.0,0.0,0.0,0.0
PAN_MAIN_0384,PAN_MAIN,16.281451938713612,-18.852545944729666,100.0,8.0,0.024010829580743284,17.394668954168754,,0.0,,False,,,False,,,0.9934398473335904,0.0,0.0,0.0,0.0,0.0
PAN_MAIN_0385,PAN_MAIN,16.28076788899119,-18.76218992820096,100.0,8.0,0.024010829580743284,27.183733844405868,,0.0,,False,,,False,,,0.9934398473335904,0.0,0.0,0.0,0.0,0.0
PAN_MAIN_0386,PAN_MAIN,16.280087732344487,-18.67183301561536,100.0,8.0,0.024010829580743284,18.920993830516693,5.925433441200148,0.051678330706510935,6.535788060475735,False,,,False,,,0.9934398473335904,0.0,0.0,0.0,0.0,0.0
PAN_MAIN_0387,PAN_MAIN,16.2856444139014,-18.584588935164007,67.03453858130895,5.3627630865047164,0.0160955488189957,9.264826270594034,3.5303762816859026,0.1711545822881869,4.102761440028651,False,,,False,,,0.9934398473335904,0.0,0.0,0.0,0.0,0.0
PAN_MAIN_0388,PAN_MAIN,16.376955638445516,-18.925388331690467,76.69331473027201,6.135465178421761,0.018414701099708698,7.963269390028666,,0.0,,False,,,False,,,0.9934398473335904,0.0,0.0,0.0,0.0,0.0
PAN_MAIN_0389,PAN_MAIN,16.376354739496684,-18.851868659744923,100.0,8.0,0.024010829580743284,14.57825724407493,6.161396212553287,0.04592718340007843,4.615801372572455,False,,,False,,,0.9934398473335904,0.0,0.0,0.0,0.0,0.0
PAN_MAIN_0390,PAN_MAIN,16.37562006747563,-18.761516125408942,100.0,8.0,0.024010829580743284,22.097546899216987,8.041601069869893,0.017938598714982445,6.496006229889061,False,,,False,,,0.9934398473335904,0.0,0.0,0.0,0.0,0.0
PAN_MAIN_0391,PAN_MAIN,16.374889576573093,-18.671162691437953,100.0,8.0,0.024010829580743284,18.84851841093252,6.017164122871387,0.0493616209077915,6.183733003817093,False,,,False,,,0.9934398473335904,0.0,0.0,0.0,0.0,0.0
PAN_MAIN_0392,PAN_MAIN,16.37419043221337,-18.58419838579941,99.39163014651528,7.951330411721223,0.02386475493200245,9.22413577230748,3.6149896370607237,0.1640646340840553,3.7815585180064293,False,,,False,,,0.9934398473335904,0.0,0.0,0.0,0.0,0.0
PAN_MAIN_0393,PAN_MAIN,16.395116786298278,-18.51790982104721,21.39989908514433,1.7119919268115464,0.005138293299785046,1.8869205745139077,1.706981727786977,0.42592548583462797,1.873550608732683,True,Nehale Gate,7.327535768264065,True,0.26101269539236205,5.629307251201548,0.9934398473335904,0.0,0.0,0.0,0.0,0.0
PAN_MAIN_0394,PAN_MAIN,16.467123545220215,-18.9248321189187,46.34568995660526,3.707655196528421,0.011127984633500145,2.2229485958866473,3.0725690505062158,0.2151791105689218,1.5269742105253836,True,Halali,5.9412301754348675,True,0.277814096460999,3.940576439136885,0.9934398473335904,0.0,0.0,0.0,0.0,0.0
PAN_MAIN_0395,PAN_MAIN,16.471253348882218,-18.851143043375323,100.0,8.0,0.024010829580743284,8.935093553329931,4.750992155534827,0.09296835823374082,3.2053973155539945,False,,,False,,,0.9934398473335904,0.0,0.0,0.0,0.0,0.0
PAN_MAIN_0396,PAN_MAIN,16.470468064853453,-18.760794239693034,100.0,8.0,0.024010829580743284,18.85422422269114,7.230485048527404,0.026910398001294796,5.684890208546573,False,,,False,,,0.9934398473335904,0.0,0.0,0.0,0.0,0.0
PAN_MAIN_0397,PAN_MAIN,16.469687249914642,-18.67044453254279,100.0,8.0,0.024010829580743284,18.76862673506497,5.664932300815258,0.05886749840395884,5.831501181760965,False,,,False,,,0.9934398473335904,0.0,0.0,0.0,0.0,0.0
PAN_MAIN_0398,PAN_MAIN,16.46891089314332,-18.58009392569457,100.0,8.0,0.024010829580743284,8.7689605925842,3.1677395368700583,0.20517956253363206,3.334308417815764,False,,,False,,,0.9934398473335904,0.0,0.0,0.0,0.0,0.0
PAN_MAIN_0399,PAN_MAIN,16.46838054124215,-18.518072619558843,37.70666670287251,3.016533336229801,0.00905368348260559,1.9047325727313609,1.4535522533140197,0.48346511065713216,1.6201211342597257,True,Nehale Gate,6.313817870372236,True,0.2619032953032347,4.599558554914012,0.9934398473335904,0.0,0.0,0.0,0.0,0.0
PAN_MAIN_0400,PAN_MAIN,16.566646546689412,-18.904065288558595,24.310856671107235,1.9448685336885787,0.0058372383649183185,3.1607814964229184,3.50653266978457,0.173207265539321,1.9617411113113266,True,Halali,7.680297778578639,True,0.3247057414878126,4.835594431798014,0.9934398473335904,0.0,0.0,0.0,0.0,0.0
PAN_MAIN_0401,PAN_MAIN,16.566147478191862,-18.85036910515647,100.0,8.0,0.024010829580743284,9.019587868898405,4.9760028828100324,0.08307583269284982,3.4312113243367883,False,,,False,,,0.9934398473335904,0.0,0.0,0.0,0.0,0.0
PAN_MAIN_0402,PAN_MAIN,16.565311593154025,-18.760024280533617,100.0,8.0,0.024010829580743284,18.278660261805033,7.182262588616666,0.027567126243005714,5.990566076910928,False,,,False,,,0.9934398473335904,0.0,0.0,0.0,0.0,0.0
PAN_MAIN_0403,PAN_MAIN,16.56448046510134,-18.669678548355172,100.0,8.0,0.024010829580743284,16.902625238280358,5.196897147633521,0.0743888976199407,5.363466028579228,False,,,False,,,0.9934398473335904,0.0,0.0,0.0,0.0,0.0
PAN_MAIN_0404,PAN_MAIN,16.563654082408895,-18.57933191241678,100.0,8.0,0.024010829580743284,8.680203344040164,2.8119251440328656,0.2451309866259624,2.978494024978571,False,,,False,,,0.9934398473335904,0.0,0.0,0.0,0.0,0.0
PAN_MAIN_0405,PAN_MAIN,16.563093162740284,-18.517710311258096,36.854125253472276,2.948330020277782,0.008848981208084902,1.859975139704616,1.1089634735363618,0.5743698588521217,1.275532354482068,True,Nehale Gate,4.935462751261605,True,0.2596654236518975,3.2614851255274506,0.9934398473335904,0.0,0.0,0.0,0.0,0.0
PAN_MAIN_0406,PAN_MAIN,16.63708069160849,-18.911185943170267,18.71907514206267,1.4975260113650137,0.004494605231451947,3.33596024183284,3.566511088625596,0.1680900309998391,2.1539535561820147,False,,,False,,,0.9934398473335904,0.0,0.0,0.0,0.0,0.0
PAN_MAIN_0407,PAN_MAIN,16.65231575842749,-18.84980323237192,83.29990657877202,6.663992526301762,0.020000998609547314,5.384770360466086,3.9829188451707545,0.13649607455828788,2.7912223334650146,False,,,False,,,0.9934398473335904,0.0,0.0,0.0,0.0,0.0
PAN_MAIN_0408,PAN_MAIN,16.660150364482984,-18.759206258041367,100.0,8.0,0.024010829580743284,11.783257127750872,5.310395926665909,0.07028492345022007,4.11869941496017,False,,,False,,,0.9934398473335904,0.0,0.0,0.0,0.0,0.0
PAN_MAIN_0409,PAN_MAIN,16.65926893494125,-18.66886474892706,100.0,8.0,0.024010829580743284,6.935334401969002,2.7057710044111856,0.25849330049787006,2.8723398853568916,False,,,False,,,0.9934398473335904,0.0,0.0,0.0,0.0,0.0
PAN_MAIN_0410,PAN_MAIN,16.658392537871777,-18.578522331737894,100.0,8.0,0.024010829580743284,8.588116808429493,2.455865594872952,0.2928974306081067,2.622434475818658,False,,,False,,,0.9934398473335904,0.0,0.0,0.0,0.0,0.0
PAN_MAIN_0411,PAN_MAIN,16.657808808928234,-18.518059632408253,35.930633495543645,2.8744506796434917,0.008627243175896448,1.8957848794053536,0.7846195083575787,0.6754948442004662,0.9511883893032845,True,Nehale Gate,3.6380868905464716,True,0.26145591063693435,1.9318804990816536,0.9934398473335904,0.0,0.0,0.0,0.0,0.0
PAN_MAIN_0412,PAN_MAIN,16.708469422139597,-18.807164076323776,0.062333096820304044,0.004986647745624324,1.4966693649922915e-05,4.478948122873569,3.484318675446583,0.1751418017033045,2.2926221637408437,False,,,False,,,0.9934398473335904,0.0,0.0,0.0,0.0,0.0
PAN_MAIN_0413,PAN_MAIN,16.71479780579326,-18.75878204505327,11.287673162166254,0.9030138529733003,0.0027102639665990353,9.29263327909818,4.687739964502736,0.09595557238868857,3.496043452796996,False,,,False,,,0.9934398473335904,0.0,0.0,0.0,0.0,0.0
PAN_MAIN_0414,PAN_MAIN,16.711545550382038,-18.66817750491268,10.322350432427813,0.825788034594225,0.0024784819710573593,1.5997887708614533,1.372360042833323,0.5034957431303484,1.5389289237790291,True,Nehale Gate,5.9890490284494495,True,0.24665610520973932,4.549239134674142,0.9934398473335904,0.0,0.0,0.0,0.0,0.0
PAN_MAIN_0415,PAN_MAIN,16.708294512353326,-18.578450762408227,5.322003006364062,0.4257602405091249,0.0012778570721401089,7.930148656271288,2.8054564928355967,0.2459251035751516,2.9720253737813027,False,,,False,,,0.9934398473335904,0.0,0.0,0.0,0.0,0.0
PAN_MAIN_0416,PAN_MAIN,16.70609328850225,-18.517658294622635,0.6558786791510299,0.0524702943320824,0.0001574819119073838,1.8521027265269765,0.6036982041483526,0.7394496378878614,0.7702670850940585,True,Nehale Gate,2.9144016737095675,True,0.2592718029930155,1.2475092198352888,0.9934398473335904,0.0,0.0,0.0,0.0,0.0
UNSURVEYED_OTHER_0417,UNSURVEYED_OTHER,14.382175094041793,-19.156948081341334,0.02986415792357823,0.0023891326338862586,8.102856069910125e-05,0.003959745537726949,0.944274757329688,0.6236678283787043,0.9724321571688609,True,Galton Gate,3.723061962008777,True,0.16686465394355302,3.7194981910248224,0.9983108866560942,0.0,1.6541868344661877e-06,0.0,1.6541868344898011e-06,5.86324205194119e-07
UNSURVEYED_OTHER_0418,UNSURVEYED_OTHER,14.355627568112734,-19.053165323974486,0.8437640320984412,0.0675011225678753,0.0022893324253629313,0.11178558637623931,0.8008966886169797,0.6700195792194592,1.398035986584143,True,Galton Gate,5.425477279669905,True,0.1722559459854786,5.32487025193129,0.9983108866560942,0.0,4.673640411576398e-05,0.0,4.6736404116431136e-05,1.6565652939469448e-05
UNSURVEYED_OTHER_0419,UNSURVEYED_OTHER,14.489945112659825,-19.385267493531046,48.4541465024217,3.876331720193736,0.13146761951371974,2.242415536291603,0.6520033882693653,0.7218039645975495,1.7649753114568119,True,Galton Gate,6.8932345791605805,True,0.2787874434812468,4.8750605964981375,0.9983108866560942,0.0,0.0026838932282875587,0.0,0.002683893228325871,0.000951302193388208
UNSURVEYED_OTHER_0420,UNSURVEYED_OTHER,14.505828143730426,-19.3171569475707,33.655088248425045,2.6924070598740037,0.09131425597030109,0.006312082923392955,0.06350792409186434,0.9687449007736734,0.2757646764863635,True,Galton Gate,0.9363920392787873,True,0.16698227081283631,0.9307111646477336,0.9983108866560942,0.0,0.0018641678776212416,0.0,0.0018641678776478525,0.0006607516916596664
UNSURVEYED_OTHER_0421,UNSURVEYED_OTHER,14.556724770525053,-19.386048076698174,48.98842315880528,3.9190738527044227,0.13291723910763806,1.9921766464419708,0.8946781810310545,0.6393270817652258,1.1092092863748646,True,Galton Gate,4.270170478832792,True,0.2662754989887652,2.477211497035018,0.9983108866560942,0.0,0.0027134870113506523,0.0,0.002713487011389387,0.0009617916683203156
UNSURVEYED_OTHER_0422,UNSURVEYED_OTHER,14.531109324726874,-19.315747232159207,28.311148902320408,2.264891912185633,0.07681487799399173,0.3253680571785864,0.3302937512811601,0.8477691783021103,0.5448248566249703,True,Galton Gate,2.012632759833214,True,0.182935069525596,1.7198015083724867,0.9983108866560942,0.0,0.001568165086143471,0.0,0.0015681650861658566,0.00055583391705747
UNSURVEYED_OTHER_0423,UNSURVEYED_OTHER,14.57773616790279,-19.240204127366773,3.671113554835874,0.2936890843868699,0.009960603887526946,1.4627460824253835,0.3656865206063459,0.832898693795329,1.726960602301072,True,Galton Gate,6.741175742537621,True,0.23980397078793583,5.424704268354776,0.9983108866560942,0.0,0.0002033443476216474,0.0,0.00020334434762455013,7.207511903481787e-05
UNSURVEYED_OTHER_0424,UNSURVEYED_OTHER,14.577513190929455,-18.90445919738641,4.233605251832744,0.3386884201466195,0.011486777594801207,2.641952482767776,0.941245672138129,0.6246131155285332,2.4066972031563316,False,,,False,,,0.9983108866560942,0.0,0.00023450097229694584,0.0,0.00023450097230029332,8.311854098610606e-05
UNSURVEYED_OTHER_0425,UNSURVEYED_OTHER,14.546917294154595,-18.89569581615881,0.032256948011646414,0.002580555840931713,8.752076909779064e-05,0.007166250581740824,0.21338667032200687,0.8988012614756369,1.8171630888794368,True,Olifantsrus,7.10198568885108,True,0.1670249791957537,7.095536063327514,0.9983108866560942,0.0,1.7867243689733496e-06,0.0,1.786724368998855e-06,6.333019485536695e-07
UNSURVEYED_OTHER_0426,UNSURVEYED_OTHER,14.600938273229024,-18.767702041780222,2.6654353560834587,0.2132348284866767,0.00723195983267361,0.3076851224784044,0.270895881958244,0.8733246261700301,1.6945222878286745,True,Olifantsrus,6.611422484648031,True,0.18205092279058688,6.334505874417467,0.9983108866560942,0.0,0.00014763945748736063,0.0,0.00014763945748946818,5.233059879508856e-05
UNSURVEYED_OTHER_0427,UNSURVEYED_OTHER,14.632181921123957,-19.234686581762674,1.2149674276613827,0.09719739421291061,0.003296495491740141,2.185824096838073,1.3226327973612346,0.5161713997077139,2.3142491726889696,False,,,False,,,0.9983108866560942,0.0,6.729749850257634e-05,0.0,6.729749850353701e-05,2.3853504029252404e-05
UNSURVEYED_OTHER_0428,UNSURVEYED_OTHER,14.714424184052877,-19.232460045048057,0.015195039085804296,0.0012156031268643437,4.1227753685203755e-05,0.240743696865964,0.8067272367856768,0.668069132928292,1.6759240900226053,True,Olifantsrus,6.537029693423754,True,0.17870385150996485,6.320360366244387,0.9983108866560942,0.0,8.41658876478542e-07,0.0,8.416588764905566e-07,2.983248092136495e-07
UNSURVEYED_OTHER_0429,UNSURVEYED_OTHER,14.667648944791624,-18.90438421139364,2.104379738228307,0.16835037905826458,0.005709682549540999,4.562900745566309,1.6904374033694864,0.42946342356501166,2.0150400427656643,False,,,False,,,0.9983108866560942,0.0,0.00011656237777079036,0.0,0.00011656237777245427,4.13153714429422e-05
UNSURVEYED_OTHER_0430,UNSURVEYED_OTHER,14.655578567486916,-18.814955381989595,0.06531690478563039,0.005225352382850431,0.00017722029188445084,0.023986689338868952,0.07871066951366143,0.9614090264014731,1.3573097485077694,True,Olifantsrus,5.262572327364411,True,0.1678660011336101,5.240984306959429,0.9983108866560942,0.0,3.617927692485412e-06,0.0,3.6179276925370576e-06,1.2823694002079556e-06
UNSURVEYED_OTHER_0431,UNSURVEYED_OTHER,14.634360792161399,-18.796969406922155,1.06466566394151,0.0851732531153208,0.0028886910722777607,0.11929707415955365,0.05722600895723762,0.9717924710394865,1.4808524148276678,True,Olifantsrus,5.756742992644004,True,0.17263152037464435,5.649375625900406,0.9983108866560942,0.0,5.8972227809235753e-05,0.0,5.8972227810077575e-05,2.0902623499560586e-05
UNSURVEYED_OTHER_0432,UNSURVEYED_OTHER,14.650664084267813,-18.750589803067715,1.7038238952292473,0.13630591161833977,0.004622879314677173,5.162771851101962,1.383634769956705,0.5006653400758965,2.807261175827135,False,,,False,,,0.9983108866560942,0.0,9.43754403840703e-05,0.0,9.437544038541751e-05,3.345124258040154e-05
UNSURVEYED_OTHER_0433,UNSURVEYED_OTHER,14.707864874310767,-18.646259782640602,0.36070323886201,0.0288562591089608,0.0009786736448181383,0.07998916213454593,1.1659229201562866,0.5582427027062599,2.5895493260267166,False,,,False,,,0.9983108866560942,0.0,1.9979486794896984e-05,0.0,1.997948679518219e-05,7.081701093930341e-06
UNSURVEYED_OTHER_0434,UNSURVEYED_OTHER,14.715705724384065,-19.223441729453555,3.618936081063186,0.2895148864850549,0.009819033995901841,1.2407293686638816,1.0606623232267007,0.588410078578977,1.9219818394805401,True,Olifantsrus,7.521260691255494,True,0.22870313509986073,6.404604259458,0.9983108866560942,0.0,0.00020045421790858622,0.0,0.00020045421791144768,7.105071660843454e-05
UNSURVEYED_OTHER_0435,UNSURVEYED_OTHER,14.766250637963992,-19.179037261883774,2.8557728873982615,0.22846183099186093,0.00774839080819032,0.2606048642298415,1.1480762012296535,0.563246394679243,1.3445057092605672,True,Olifantsrus,5.211356170375602,True,0.17969690987815873,4.976811792568745,0.9983108866560942,0.0,0.00015818232426470112,0.0,0.00015818232426695916,5.606750314887423e-05
UNSURVEYED_OTHER_0436,UNSURVEYED_OTHER,14.724744474108874,-18.904473839133576,0.08277335181623488,0.006621868145298791,0.00022458378297733828,1.3969041575101546,0.8704224532432743,0.6471279619874881,1.2520566988637996,True,Olifantsrus,4.841560128788531,True,0.23651187454217437,3.5843463870293917,0.9983108866560942,0.0,4.584846797603862e-06,0.0,4.58484679766931e-06,1.625092521915386e-06
UNSURVEYED_OTHER_0437,UNSURVEYED_OTHER,14.759655538877686,-18.90306853491772,0.0018077709426839747,0.00014462167541471797,4.9049123680025405e-06,5.006706290176611,1.7469643525505276,0.4174952231659919,2.180415865889774,False,,,False,,,0.9983108866560942,0.0,1.0013310607219226e-07,0.0,1.0013310607362166e-07,3.549203911439824e-08
UNSURVEYED_OTHER_0438,UNSURVEYED_OTHER,14.759885108955363,-18.896113688626848,0.004872651714238392,0.0003898121371390714,1.3220662581650276e-05,4.9170115672218895,1.7052891801827086,0.42628608797750306,2.1772436767802326,False,,,False,,,0.9983108866560942,0.0,2.698979939517575e-07,0.0,2.6989799395561026e-07,9.566496570402126e-08
UNSURVEYED_OTHER_0439,UNSURVEYED_OTHER,14.785870050364275,-18.817828048884106,0.018856629335771823,0.0015085303468617458,5.116251858244156e-05,0.1783398194665591,0.5815114596100746,0.74769829612167,1.6171015914698021,True,Olifantsrus,6.301739699212542,True,0.17558365763999462,6.141233861692639,0.9983108866560942,0.0,1.0444757246952459e-06,0.0,1.0444757247101558e-06,3.7021295682365633e-07
UNSURVEYED_OTHER_0440,UNSURVEYED_OTHER,14.727477267294882,-18.752491812777336,0.22575409319722348,0.018060327455777878,0.000612524528249281,2.3107039457425276,1.070365612352571,0.5855622359666751,2.107879528286051,False,,,False,,,0.9983108866560942,0.0,1.2504603335855769e-05,0.0,1.2504603336034271e-05,4.432239127649294e-06
UNSURVEYED_OTHER_0441,UNSURVEYED_OTHER,14.737648160791744,-18.64405503780926,1.6675100557933944,0.13340080446347155,0.004524351234612933,0.1575371662645747,1.2903009334747675,0.5245836037845995,2.63922015037607,False,,,False,,,0.9983108866560942,0.0,9.236400328755397e-05,0.0,9.236400328887246e-05,3.273829152049694e-05
UNSURVEYED_OTHER_0442,UNSURVEYED_OTHER,14.857280969479108,-19.234583042291902,2.151792981065086,0.17214343848520688,0.00583832594993328,0.10854546099408126,1.2744197189188087,0.5287656983775717,1.9127346725779215,True,Olifantsrus,7.484272023645019,True,0.17209393971637071,7.386581108750346,0.9983108866560942,0.0,0.00011918861495720793,0.0,0.00011918861495890934,4.2246237533092433e-05
UNSURVEYED_OTHER_0443,UNSURVEYED_OTHER,14.811700635372128,-19.1754106681911,0.18324984284439463,0.01465998742755157,0.0004972003915869562,4.079684990281461,2.1797095669881084,0.33626532143640114,2.2224124065279214,False,,,False,,,0.9983108866560942,0.0,1.0150277072164489e-05,0.0,1.0150277072309384e-05,3.597751482986175e-06
UNSURVEYED_OTHER_0444,UNSURVEYED_OTHER,14.812273546615417,-19.13070404270438,2.6632619844751075,0.2130609587580086,0.007226062958777496,4.157204902185389,2.2409887737437995,0.3261185260438307,2.199893155724195,False,,,False,,,0.9983108866560942,0.0,0.00014751907362419808,0.0,0.0001475190736263039,5.228792890350418e-05
UNSURVEYED_OTHER_0445,UNSURVEYED_OTHER,14.90286181505835,-19.08686862742615,1.409111031985498,0.11272888255883984,0.0038232532482312047,7.297300026603171,4.005775427589747,0.13494503740260114,4.716685515739392,False,,,False,,,0.9983108866560942,0.0,7.805118508200646e-05,0.0,7.805118508312064e-05,2.7665133166432498e-05
UNSURVEYED_OTHER_0446,UNSURVEYED_OTHER,14.903206378354911,-19.037940458728755,0.7934375593558526,0.0634750047484682,0.0021527847396110105,6.7517707675948095,3.6778335075086135,0.15898955770112136,4.713423639368341,False,,,False,,,0.9983108866560942,0.0,4.394880203942401e-05,0.0,4.394880204005138e-05,1.5577591290233227e-05
UNSURVEYED_OTHER_0447,UNSURVEYED_OTHER,14.857510263598545,-18.902510548691506,0.19315834202462467,0.015452667361969975,0.0005240845056248204,6.896468849940814,2.91892697035707,0.23236090636360293,1.9533345279653331,True,Olifantsrus,7.646671445194666,True,0.5114901091637074,1.4398494802479325,0.9983108866560942,0.0,1.0699112533562679e-05,0.0,1.0699112533715408e-05,3.792285443105913e-06
UNSURVEYED_OTHER_0448,UNSURVEYED_OTHER,14.903842769554798,-18.947572580796482,2.046340065020684,0.16370720520165474,0.005552207117101403,2.1629002237523136,1.9063255109544004,0.38551978841621887,0.8699892937183561,True,Olifantsrus,3.313290508206758,True,0.27481167785428234,1.3666803068296758,0.9983108866560942,0.0,0.00011334753864683269,0.0,0.00011334753864845071,4.0175876220935e-05
UNSURVEYED_OTHER_0449,UNSURVEYED_OTHER,14.892628351668352,-18.90070314327662,0.8096704115242216,0.06477363292193773,0.0021968283269309715,7.302503392229043,3.140212461018589,0.20802308278518758,2.103876243782545,False,,,False,,,0.9983108866560942,0.0,4.484794576922433e-05,0.0,4.484794576986453e-05,1.5896291525143857e-05
UNSURVEYED_OTHER_0450,UNSURVEYED_OTHER,14.85674033359689,-18.81679343834154,0.020857332500971,0.00166858660007768,5.659090194007957e-05,0.306001713232946,0.8622836949086723,0.6497667364800775,1.8978738267683997,True,Olifantsrus,7.424828640406932,True,0.18196675232831397,7.149427098497281,0.9983108866560942,0.0,1.155295418457124e-06,0.0,1.1552954184736158e-06,4.0949284196780145e-07
UNSURVEYED_OTHER_0451,UNSURVEYED_OTHER,14.909430764390498,-19.234647628048894,0.04634568172098317,0.0037076545376786537,0.0001257468532707237,0.009650966281103764,1.4323679448919713,0.48861326455238335,2.070682898551084,False,,,False,,,0.9983108866560942,0.0,2.5671045784513087e-06,0.0,2.567104578487954e-06,9.099066201287756e-07
UNSURVEYED_OTHER_0452,UNSURVEYED_OTHER,14.905146951059919,-18.91878142476633,0.08767827526302202,0.0070142620210417615,0.00023789200644205055,5.351253949223897,2.703413942322296,0.2587981224630808,1.667077725086252,True,Olifantsrus,6.501644233678341,True,0.4342293641278615,1.685515679376834,0.9983108866560942,0.0,4.856532334845611e-06,0.0,4.856532334914938e-06,1.721391079833368e-06
UNSURVEYED_OTHER_0453,UNSURVEYED_OTHER,14.905278741565118,-18.900788099258563,0.015436767550921457,0.0012349414040737166,4.18836204824049e-05,6.033389259567958,3.032750588674049,0.2195060916770382,4.068340720533777,False,,,False,,,0.9983108866560942,0.0,8.550483062269304e-07,0.0,8.550483062391361e-07,3.030706738231691e-07
UNSURVEYED_OTHER_0454,UNSURVEYED_OTHER,14.946766458368565,-18.857887779550875,1.3200293077179943,0.10560234461743954,0.003581553350967697,1.979337400312015,1.8508492843920619,0.39636307084881156,2.8864394162517892,False,,,False,,,0.9983108866560942,0.0,7.311691518389188e-05,0.0,7.311691518493562e-05,2.5916188116244797e-05
UNSURVEYED_OTHER_0455,UNSURVEYED_OTHER,14.925621726621431,-18.815787866723262,0.002087449531226216,0.00016699596249809728,5.663746872759897e-06,0.46435434419532107,1.143704092093045,0.5644790288453078,2.1792942239527724,False,,,False,,,0.9983108866560942,0.0,1.1562460729692292e-07,0.0,1.1562460729857346e-07,4.0982980012730956e-08
UNSURVEYED_OTHER_0456,UNSURVEYED_OTHER,14.96309956401485,-18.620775721888396,0.6731751078545385,0.05385400862836308,0.0018264841160932329,0.04288866060957993,1.5197628451542746,0.4677218849775499,2.555352977014001,False,,,False,,,0.9983108866560942,0.0,3.7287420042209264e-05,0.0,3.728742004274154e-05,1.321647377700399e-05
UNSURVEYED_OTHER_0457,UNSURVEYED_OTHER,15.084282684250226,-19.204560793715398,0.820703609394321,0.06565628875154568,0.002226764015913406,0.12391680489377728,2.085278998114223,0.35252296882791706,2.5623307455903164,False,,,False,,,0.9983108866560942,0.0,4.545907871010559e-05,0.0,4.5459078710754514e-05,1.611290673955873e-05
UNSURVEYED_OTHER_0458,UNSURVEYED_OTHER,15.075532484330024,-19.088399725590964,2.5692565849122126,0.20554052679297702,0.00697100395982573,10.776778547554736,4.897575754238071,0.08639824834874363,5.535890707897184,False,,,False,,,0.9983108866560942,0.0,0.00014231207951696082,0.0,0.00014231207951899232,5.044231713960596e-05
UNSURVEYED_OTHER_0459,UNSURVEYED_OTHER,15.05075121058765,-19.03783507957687,0.04672451689448513,0.0037379613515588104,0.00012677472316511716,6.51054514485423,3.562610747722707,0.16841815505640464,2.526274530486663,False,,,False,,,0.9983108866560942,0.0,2.5880883998616856e-06,0.0,2.58808839989863e-06,9.173443062196245e-07
UNSURVEYED_OTHER_0460,UNSURVEYED_OTHER,15.0499087322409,-18.978467244056866,0.002826148220901109,0.00022609185767208872,7.668012044670591e-06,0.011772035139334973,1.892592344936182,0.38817610150511433,0.8562561277001375,True,Olifantsrus,3.2583578441338834,True,0.16725526842363342,3.2477630125084818,0.9983108866560942,0.0,1.5654140294957672e-07,0.0,1.5654140295181132e-07,5.5485880888419665e-08
UNSURVEYED_OTHER_0461,UNSURVEYED_OTHER,15.071890656843413,-18.900778452954047,1.354633498015995,0.10837067984127961,0.003675442746449063,8.60619783748696,4.0941992260253635,0.12910882662561288,3.057863008789319,False,,,False,,,0.9983108866560942,0.0,7.503365417766482e-05,0.0,7.503365417873592e-05,2.6595573566347936e-05
UNSURVEYED_OTHER_0462,UNSURVEYED_OTHER,15.006084529571021,-18.617118318466005,0.19372795746297233,0.015498236597037786,0.0005256300077360605,0.053909373126175726,1.6744601156916474,0.432907994303213,2.7100502475513744,False,,,False,,,0.9983108866560942,0.0,1.0730663744925632e-05,0.0,1.0730663745078811e-05,3.8034687257556415e-06
UNSURVEYED_OTHER_0463,UNSURVEYED_OTHER,15.063702932900789,-18.616178472623503,2.1887876735656207,0.17510301388524965,0.005938701346235932,0.10777706419956136,1.8905501852193398,0.3885726627297665,2.9261403170790667,False,,,False,,,0.9983108866560942,0.0,0.00012123776475865583,0.0,0.00012123776476038649,4.297255580840705e-05
UNSURVEYED_OTHER_0464,UNSURVEYED_OTHER,15.183074101754025,-19.220375818628725,0.055174201741312934,0.004413936139305035,0.00014970072708096535,0.013842035645693791,2.428197512846781,0.29697754282462024,2.192491795678509,False,,,False,,,0.9983108866560942,0.0,3.056119591793458e-06,0.0,3.056119591837084e-06,1.083237306271223e-06
UNSURVEYED_OTHER_0465,UNSURVEYED_OTHER,15.108137942964486,-19.207259133408144,0.49110368283053324,0.039288294626442656,0.0013324810522237591,0.056666383239906644,2.1521945811054946,0.3409234578924891,2.461789951772109,False,,,False,,,0.9983108866560942,0.0,2.7202415972182546e-05,0.0,2.720241597257086e-05,9.64185821814782e-06
UNSURVEYED_OTHER_0466,UNSURVEYED_OTHER,15.138822207338153,-19.088715342589445,4.35029435916912,0.3480235487335296,0.011803382886031083,4.303166961611978,3.790165532152126,0.1503058943024911,2.753829314916081,False,,,False,,,0.9983108866560942,0.0,0.00024096442542947326,0.0,0.000240964425432913,8.540950289063695e-05
UNSURVEYED_OTHER_0467,UNSURVEYED_OTHER,15.142433230187699,-18.900300972863988,2.1059971099253585,0.16847976879402868,0.005714070863487869,2.09885894623404,2.734280129195133,0.25483472923351785,2.0854730552659206,False,,,False,,,0.9983108866560942,0.0,0.00011665196459170617,0.0,0.00011665196459337137,4.134712536606316e-05
UNSURVEYED_OTHER_0468,UNSURVEYED_OTHER,15.167234376166917,-18.74713624112337,1.0731667435718277,0.08585333948574622,0.0029117565224604106,0.8985761398341293,2.273026130422003,0.3209361564455501,2.3481233642339947,False,,,False,,,0.9983108866560942,0.0,5.94431057773742e-05,0.0,5.944310577822274e-05,2.1069525535448985e-05
UNSURVEYED_OTHER_0469,UNSURVEYED_OTHER,15.1696381574296,-18.707291556768762,1.4195657033195106,0.11356525626556085,0.0038516192571756047,0.8731087384078432,2.230341341436537,0.327859318138975,2.5485327833385143,False,,,False,,,0.9983108866560942,0.0,7.863027322250081e-05,0.0,7.863027322362325e-05,2.7870390146259845e-05
UNSURVEYED_OTHER_0470,UNSURVEYED_OTHER,15.113132706086457,-18.615652517681927,1.809682030393859,0.1447745624315087,0.004910097603323688,0.18825518056841986,2.0460804169740494,0.3595003211537204,2.800779375664567,False,,,False,,,0.9983108866560942,0.0,0.00010023896193249446,0.0,0.00010023896193392536,3.552955957572923e-05
UNSURVEYED_OTHER_0471,UNSURVEYED_OTHER,15.187337973139279,-18.61240084996722,0.041472651946021545,0.0033178121556817234,0.00011252516492044672,0.039794979580243535,1.747805404747906,0.4173196924387853,2.7560263404172725,False,,,False,,,0.9983108866560942,0.0,2.2971856435752297e-06,0.0,2.2971856436080218e-06,8.142342319434766e-07
UNSURVEYED_OTHER_0472,UNSURVEYED_OTHER,15.196051444624578,-19.222858814412522,0.14987791412644016,0.011990233130115213,0.0004066544147444636,0.04435873961764238,2.4832386435558504,0.2889159909801254,2.2475329263875774,False,,,False,,,0.9983108866560942,0.0,8.30179350643835e-06,0.0,8.301793506556856e-06,2.9425590736967368e-06
UNSURVEYED_OTHER_0473,UNSURVEYED_OTHER,15.224228490174399,-19.085691682468113,2.647386199059797,0.21179089592478376,0.007182988178451788,4.674081614431164,3.8992068408574614,0.14233050576640788,2.8628706236214154,False,,,False,,,0.9983108866560942,0.0,0.00014663970795488908,0.0,0.00014663970795698235,5.1976238974416466e-05
UNSURVEYED_OTHER_0474,UNSURVEYED_OTHER,15.213485427633183,-18.900228222802696,0.44534730150134644,0.03562778412010772,0.0012083331110231117,5.378482539958887,3.5636391245149026,0.1683315786555803,2.8959258568085757,False,,,False,,,0.9983108866560942,0.0,2.4667952962000126e-05,0.0,2.466795296235226e-05,8.743521356145985e-06
UNSURVEYED_OTHER_0475,UNSURVEYED_OTHER,15.207354950572674,-18.613072478853898,1.2397954254336083,0.09918363403468866,0.0033638597525933026,0.17169837909698407,1.7104876593217073,0.42517950706715857,2.8592957856018417,False,,,False,,,0.9983108866560942,0.0,6.867273054983744e-05,0.0,6.867273055081774e-05,2.434095310106662e-05
UNSURVEYED_OTHER_0476,UNSURVEYED_OTHER,15.315824322194908,-19.22689747469086,1.864457086582261,0.14915656692658089,0.005058715353622097,0.05823701873120166,2.520876208942316,0.2835297836201666,2.710349363472144,False,,,False,,,0.9983108866560942,0.0,0.00010327297270339462,0.0,0.00010327297270486884,3.660496044141953e-05
UNSURVEYED_OTHER_0477,UNSURVEYED_OTHER,15.297672458262545,-19.083594372698162,0.5257634472628727,0.04206107578102982,0.0014265212335444273,4.094339343356807,3.770577446725577,0.15178522916053894,3.251543592847707,False,,,False,,,0.9983108866560942,0.0,2.912223323796286e-05,0.0,2.9122233238378576e-05,1.0322334757449883e-05
UNSURVEYED_OTHER_0478,UNSURVEYED_OTHER,15.348389915748037,-19.081664368005015,0.4188327217009338,0.033506617736074704,0.0011363927521398406,1.2331734050285503,3.0673120817070925,0.2157454494845998,2.5482782278292224,False,,,False,,,0.9983108866560942,0.0,2.3199300507794558e-05,0.0,2.3199300508125727e-05,8.222959552015587e-06
UNSURVEYED_OTHER_0479,UNSURVEYED_OTHER,15.47052558384597,-19.2424190982278,0.13435769799042696,0.010748615839234157,0.0003645443784106671,1.0633192261154354,2.148993666027422,0.3414695282755766,2.338466820557251,False,,,False,,,0.9983108866560942,0.0,7.442122951991101e-06,0.0,7.4421229520973365e-06,2.6378500504697882e-06
UNSURVEYED_OTHER_0480,UNSURVEYED_OTHER,15.381757189977517,-19.24560153979062,0.016325400301224667,0.0013060320240979733,4.429469240786858e-05,0.013109287803273705,2.2004898130675654,0.332789571376632,2.3899629675973943,False,,,False,,,0.9983108866560942,0.0,9.042700053616813e-07,0.0,9.042700053745896e-07,3.205172360990683e-07
UNSURVEYED_OTHER_0481,UNSURVEYED_OTHER,15.39234350258229,-19.208700233105205,1.635788430191975,0.130863074415358,0.004438282922487867,3.83016971632972,3.093827269076158,0.21290406058347322,3.2833004236059864,False,,,False,,,0.9983108866560942,0.0,9.060693062633875e-05,0.0,9.060693062763216e-05,3.211549957820236e-05
UNSURVEYED_OTHER_0482,UNSURVEYED_OTHER,15.390933149315792,-19.16783441425246,0.021102546886945704,0.0016882037509556563,5.725622686935062e-05,7.014013225950455,4.51141291433923,0.10479948123348477,4.282069780443464,False,,,False,,,0.9983108866560942,0.0,1.1688779346606302e-06,0.0,1.1688779346773159e-06,4.1430714580073394e-07
UNSURVEYED_OTHER_0483,UNSURVEYED_OTHER,15.432380455770627,-19.083806196493274,2.8472956414151063,0.2277836513132085,0.00772539002435891,9.993359557549505,5.291350068567809,0.07095743886543282,4.77231621468994,False,,,False,,,0.9983108866560942,0.0,0.00015771276645115917,0.0,0.00015771276645341052,5.5901069039932414e-05
UNSURVEYED_OTHER_0484,UNSURVEYED_OTHER,15.433697100752015,-19.08016436484269,3.463735698361542,0.27709885586892335,0.009397938458487232,10.173179875989778,5.329061461073122,0.06963202204912622,4.810027607195253,False,,,False,,,0.9983108866560942,0.0,0.00019185761088467008,0.0,0.00019185761088740883,6.800366129663818e-05
UNSURVEYED_OTHER_0485,UNSURVEYED_OTHER,15.381692685681257,-19.08067424531153,0.002552830654835102,0.00020422645238680814,6.926436506234765e-06,4.728081214013909,3.949980269059581,0.1387626811953001,3.4309464151817113,False,,,False,,,0.9983108866560942,0.0,1.4140224112985646e-07,0.0,1.4140224113187497e-07,5.011982619840209e-08
UNSURVEYED_OTHER_0486,UNSURVEYED_OTHER,15.470301946231553,-18.898983700665678,0.06166759735071097,0.0049334077880568775,0.00016731885318469795,9.072661671790923,4.250589576614749,0.1193977660130209,4.473442079325793,False,,,False,,,0.9983108866560942,0.0,3.415791193970674e-06,0.0,3.4157911940194343e-06,1.2107224015963255e-06
UNSURVEYED_OTHER_0487,UNSURVEYED_OTHER,15.52855886392282,-19.239767177283213,4.183355317032339,0.3346684253625871,0.01135043757468345,0.15944236780938778,1.6771342302301397,0.4323295583097136,1.9901571311479442,True,Okaukuejo,7.79543718113444,True,0.17463878505713604,7.651939050105991,0.9983108866560942,0.0,0.00023171760968574066,0.0,0.0002317176096890484,8.213198200934541e-05
UNSURVEYED_OTHER_0488,UNSURVEYED_OTHER,15.522820022369602,-19.08304433172933,2.1466806619620153,0.17173445295696121,0.005824455012744414,5.679749560855768,3.5083325016848876,0.17305146367318563,3.190595653938976,False,,,False,,,0.9983108866560942,0.0,0.00011890544169729116,0.0,0.00011890544169898852,4.214586716797191e-05
UNSURVEYED_OTHER_0489,UNSURVEYED_OTHER,15.496521255090176,-19.081035524079667,1.178990375197172,0.09431923001577376,0.0031988811948016204,7.504996460815827,3.95519689007885,0.13840121664641297,3.6563547155250427,False,,,False,,,0.9983108866560942,0.0,6.530471616190266e-05,0.0,6.530471616283488e-05,2.314716512141227e-05
UNSURVEYED_OTHER_0490,UNSURVEYED_OTHER,15.53975298796325,-18.897186567479913,2.7726721534731817,0.22181377227785454,0.007522918759716053,2.4708378084350255,2.0493151046994584,0.3589193554529583,3.0451571747140327,False,,,False,,,0.9983108866560942,0.0,0.00015357934365010912,0.0,0.00015357934365230145,5.443598312094129e-05
UNSURVEYED_OTHER_0491,UNSURVEYED_OTHER,15.610538526678823,-19.25365210019615,0.9634003036249835,0.07707202428999868,0.002613934073733839,0.11135408378379513,1.358733976816105,0.5069377883175007,2.0950108026205987,False,,,False,,,0.9983108866560942,0.0,5.336310177086788e-05,0.0,5.3363101771629634e-05,1.8914476636246336e-05
UNSURVEYED_OTHER_0492,UNSURVEYED_OTHER,15.574258279389715,-19.24740916130319,0.2251186316959301,0.018009490535674407,0.00061080037011426,0.07858217520862525,1.4797030240566842,0.4771847664587257,2.147158241021018,False,,,False,,,0.9983108866560942,0.0,1.2469404886532686e-05,0.0,1.2469404886710685e-05,4.419763086616068e-06
UNSURVEYED_OTHER_0493,UNSURVEYED_OTHER,15.581423451379907,-19.082880955964278,0.23219641353817425,0.01857571308305394,0.0006300040750064874,3.0526818694013893,2.748599972067665,0.2530166490156402,2.3476735009812297,False,,,False,,,0.9983108866560942,0.0,1.2861445859883567e-05,0.0,1.2861445860067163e-05,4.558721460189184e-06
UNSURVEYED_OTHER_0494,UNSURVEYED_OTHER,15.60264296238936,-19.104351843642426,2.740870735996029,0.21926965887968233,0.007436633953261476,1.6262969255189745,2.1304470694399558,0.34465080473473575,1.7454730049534835,True,Okaukuejo,6.821075195567302,True,0.2479815129426154,5.357407962600226,0.9983108866560942,0.0,0.0001518178512871674,0.0,0.0001518178512893346,5.38116246215638e-05
UNSURVEYED_OTHER_0495,UNSURVEYED_OTHER,15.660140771595005,-19.036478086971055,2.2234630311371073,0.17787704249096858,0.0060327838354504015,2.010845762377916,2.2741612251233185,0.320754061658824,1.8615551788781075,True,Okaukuejo,7.279554048845763,True,0.26720895478556245,5.4697928627056385,0.9983108866560942,0.0,0.00012315844573422338,0.0,0.00012315844573598147,4.365333848843275e-05
UNSURVEYED_OTHER_0496,UNSURVEYED_OTHER,15.663274896785998,-18.949764836053557,0.7042845965248709,0.05634276772198967,0.0019108915551877019,7.959085936884371,3.621968768366266,0.16349311752434906,3.2093627221210546,False,,,False,,,0.9983108866560942,0.0,3.9010586210735635e-05,0.0,3.901058621129251e-05,1.3827247610483724e-05
UNSURVEYED_OTHER_0497,UNSURVEYED_OTHER,15.617189402310862,-18.896953545306353,6.892316814750533,0.5513853451800427,0.01870049417802352,1.9500440095796436,2.008770029427073,0.3662698161031045,3.1077698415451014,False,,,False,,,0.9983108866560942,0.0,0.00038176799637564354,0.0,0.0003817679963810932,0.00013531713128144587
UNSURVEYED_OTHER_0498,UNSURVEYED_OTHER,15.637618404038669,-18.649874696488805,1.4141142616479532,0.11312914093183625,0.0038368281998314878,0.14688316439132462,0.06468030067610674,0.9681772002607407,3.867814656715535,False,,,False,,,0.9983108866560942,0.0,7.832831583716194e-05,0.0,7.832831583828006e-05,2.7763361774208723e-05
UNSURVEYED_OTHER_0499,UNSURVEYED_OTHER,15.649835730214134,-18.584717228484806,3.6287912820198813,0.2903033025615905,0.009845773499187516,6.48969410808839,1.6224235270220975,0.4443193299271112,5.481476902218077,False,,,False,,,0.9983108866560942,0.0,0.00020100010116152448,0.0,0.00020100010116439374,7.124420416240309e-05
UNSURVEYED_OTHER_0500,UNSURVEYED_OTHER,15.66146376483401,-18.521796551165366,1.1463704512645028,0.09170963610116022,0.0031103755857319754,2.3293643015450063,0.5823410753862516,0.7473882092882069,4.500049867893196,False,,,False,,,0.9983108866560942,0.0,6.349788642142275e-05,0.0,6.349788642232918e-05,2.2506736852105046e-05
UNSURVEYED_OTHER_0501,UNSURVEYED_OTHER,15.733460061329582,-19.27875816557231,0.8727581242783654,0.06982064994226923,0.0023680002908399445,2.3793378274044192,1.3742540337348608,0.5030191606484602,2.1105308595393546,False,,,False,,,0.9983108866560942,0.0,4.8342397684511596e-05,0.0,4.834239768520168e-05,1.713489510917072e-05
UNSURVEYED_OTHER_0502,UNSURVEYED_OTHER,15.66478796213862,-18.90790217882761,0.003317398780033478,0.0002653919024026782,9.000891607221312e-06,7.084899733617623,3.292483960436568,0.19277299380965604,4.391483772554596,False,,,False,,,0.9983108866560942,0.0,1.8375195445484254e-07,0.0,1.837519544574656e-07,6.513062273486721e-08
UNSURVEYED_OTHER_0503,UNSURVEYED_OTHER,15.712130734770463,-18.89523868760767,4.510611017707038,0.36084888141656307,0.012238360096192459,11.798946833614387,4.470995735435759,0.10693887518358386,5.569995547553788,False,,,False,,,0.9983108866560942,0.0,0.0002498444248782326,0.0,0.00024984442488179906,8.855700625025484e-05
UNSURVEYED_OTHER_0504,UNSURVEYED_OTHER,15.664335381083722,-18.511451707197246,0.6285340832660552,0.050282726661284416,0.0017053624029080053,1.1740885116383746,0.2960829902855895,0.8623953289822572,4.208670058040542,False,,,False,,,0.9983108866560942,0.0,3.48147370574649e-05,0.0,3.481473705796188e-05,1.2340034758436227e-05
UNSURVEYED_OTHER_0505,UNSURVEYED_OTHER,15.829719651072136,-19.282941538923872,3.129727884485165,0.2503782307588132,0.008491695848536108,0.09147443461943949,0.4707007701566478,0.7902938939230746,1.2069775959611417,True,Okaukuejo,4.667173472772923,True,0.17124038839763864,4.584846481615427,0.9983108866560942,0.0,0.0001733567936261691,0.0,0.00017335679362864376,6.144607254758207e-05
UNSURVEYED_OTHER_0506,UNSURVEYED_OTHER,15.765232529082022,-19.283480734627826,0.17904294901587992,0.014323435921270394,0.00048578608843430137,2.099876203959792,1.1698083636292425,0.5571592452424274,1.9060851894337365,True,Okaukuejo,7.463603846663302,True,0.2716604768646562,5.57371526309949,0.9983108866560942,0.0,9.91725565555753e-06,0.0,9.917255655699098e-06,3.5151573684408414e-06
UNSURVEYED_OTHER_0507,UNSURVEYED_OTHER,15.838170601026851,-18.91267135654028,0.000517483974368158,4.139871794945264e-05,1.4040570551228323e-06,0.03980162452806308,1.6442071538877185,0.43950614641226216,1.2316011076425077,True,Okaukuejo,4.759737763903364,True,0.1686567478930698,4.723916301828107,0.9983108866560942,0.0,2.866363014947786e-08,0.0,2.866363014988703e-08,1.0159783535451851e-08
UNSURVEYED_OTHER_0508,UNSURVEYED_OTHER,15.761891133272078,-18.868609444083734,7.060078597706143,0.5648062878164914,0.019155671780820612,7.892543706189919,3.5381165886390624,0.1704934679187349,3.3421833042768987,False,,,False,,,0.9983108866560942,0.0,0.00039106038403987584,0.0,0.0003910603840454582,0.00013861080506609113
UNSURVEYED_OTHER_0509,UNSURVEYED_OTHER,15.838275761888346,-18.853666825601334,0.005010435558974219,0.0004008348447179375,1.359450291075321e-05,0.008654928358029461,1.4965129939844493,0.47319084361449293,1.4418425100155678,True,Okaukuejo,5.600703373395604,True,0.16709941308456813,5.592913937873378,0.9983108866560942,0.0,2.775298924485235e-07,0.0,2.775298924524852e-07,9.837008143037302e-08
UNSURVEYED_OTHER_0510,UNSURVEYED_OTHER,15.8826610709071,-19.29906440444272,2.7283157783411545,0.21826526226729237,0.007402569368182065,0.1787450264960671,0.2940303241612368,0.8632808881826667,1.0303071499657308,True,Okaukuejo,3.9604916887912793,True,0.17560391799147002,3.7996211649448184,0.9983108866560942,0.0,0.00015112242750481533,0.0,0.0001511224275069726,5.356513263652013e-05
UNSURVEYED_OTHER_0511,UNSURVEYED_OTHER,15.93495934971775,-19.122482406156035,0.015056459066574665,0.0012045167253259732,4.0851753145407346e-05,3.750579322052445,1.7104717240539333,0.4251828947553031,1.297865677808722,True,Okaukuejo,5.024796044568221,True,0.3541956327692889,1.6492746547210209,0.9983108866560942,0.0,8.339828775799178e-07,0.0,8.339828775918229e-07,2.956040621616642e-07
UNSURVEYED_OTHER_0512,UNSURVEYED_OTHER,15.884049519793468,-19.031610081977377,6.627788231005488e-05,5.3022305848043906e-06,1.7982765238219402e-07,1.60714337520892,1.5671103118831298,0.45677919994797084,1.1545042656379185,True,Okaukuejo,4.451350395885007,True,0.24702383542711265,3.004921358196979,0.9983108866560942,0.0,3.671156595613662e-09,0.0,3.6711565956660675e-09,1.3012363103234006e-09
UNSURVEYED_OTHER_0513,UNSURVEYED_OTHER,15.88401063654223,-18.76167631213385,0.0008268443091010742,6.614754472808594e-05,2.2434251941792352e-06,0.11600330675673423,1.1447419842293498,0.5641861706681062,1.847287708970019,True,Okaukuejo,7.222484169213409,True,0.17246683200450336,7.118081193132349,0.9983108866560942,0.0,4.579921435482444e-08,0.0,4.5799214355478215e-08,1.6233467342141642e-08
UNSURVEYED_OTHER_0514,UNSURVEYED_OTHER,15.923282297574865,-18.50017241590678,0.051138027927131076,0.004091042234170486,0.0001387496279161585,0.07482122509009359,0.08567529578917439,0.9580669216231031,3.0146302263866196,False,,,False,,,0.9983108866560942,0.0,2.8325544203889254e-06,0.0,2.8325544204293598e-06,1.0039949445853073e-06
UNSURVEYED_OTHER_0515,UNSURVEYED_OTHER,16.020999889870286,-19.33986941716542,1.451103490537456,0.11608827924299649,0.003937188772058428,0.10575735143311261,0.3081873620478902,0.8571917146523793,1.0641934366196832,True,Okaukuejo,4.090107079812067,True,0.1719545342383223,3.994925463522265,0.9983108866560942,0.0,8.03771630071591e-05,0.0,8.037716300830647e-05,2.8489572782229756e-05
UNSURVEYED_OTHER_0516,UNSURVEYED_OTHER,16.027881319945777,-19.126066775815286,0.0016825269451093098,0.00013460215560874477,4.565095625617029e-06,2.43433972363837,1.6568206022894303,0.4367430246442595,1.2442145560442197,True,Okaukuejo,4.810191557510212,True,0.28838365284858514,2.6192858062356783,0.9983108866560942,0.0,9.31957943819016e-08,0.0,9.319579438323196e-08,3.303311870816362e-08
UNSURVEYED_OTHER_0517,UNSURVEYED_OTHER,15.991666828932116,-18.670105013088637,0.005818908858829515,0.0004655127087063612,1.5788083189111126e-05,4.368597029991437,1.6985996564165913,0.42771430061994964,3.4197268984001297,False,,,False,,,0.9983108866560942,0.0,3.2231152975637445e-07,0.0,3.223115297609754e-07,1.1424287001431198e-07
UNSURVEYED_OTHER_0518,UNSURVEYED_OTHER,16.004656986437816,-18.500382974452005,0.2861713058946208,0.022893704471569666,0.000776450790588541,0.05698243002267666,0.23872018528210406,0.8874881652588772,2.790495616146771,False,,,False,,,0.9983108866560942,0.0,1.5851135257998894e-05,0.0,1.5851135258225167e-05,5.6184126774106835e-06
UNSURVEYED_OTHER_0519,UNSURVEYED_OTHER,16.108461424275912,-19.35862954835606,1.2153295965708866,0.09722636772567092,0.003297478142097877,0.07774654146675104,0.6151609978187499,0.7352236804611609,1.3711670723905431,True,Okaukuejo,5.318001622895506,True,0.1705539937400042,5.24802973557543,0.9983108866560942,0.0,6.73175591734142e-05,0.0,6.731755917437516e-05,2.3860614505916586e-05
UNSURVEYED_OTHER_0520,UNSURVEYED_OTHER,16.061423446953455,-19.34759395056265,0.1599125967381589,0.012793007739052713,0.00043388089443227416,0.00525023412920484,0.4273974137837989,0.8075916701751544,1.1834034883555922,True,Okaukuejo,4.566947286755702,True,0.1669291783731269,4.562222076039418,0.9983108866560942,0.0,8.857618315121356e-06,0.0,8.857618315247798e-06,3.1395703981662636e-06
UNSURVEYED_OTHER_0521,UNSURVEYED_OTHER,16.140074280727852,-19.077872476496815,0.0014428436609274905,0.00011542749287419925,3.914777890538581e-06,2.6945386427482494,,0.0,,False,,,False,,,0.9983108866560942,0.0,7.991964796753526e-08,0.0,7.991964796867611e-08,2.8327407217625704e-08
UNSURVEYED_OTHER_0522,UNSURVEYED_OTHER,16.060334083967238,-18.69636440196171,0.0004892801856940551,3.914241485552441e-05,1.3275334709530648e-06,12.069086947736404,3.61462383041368,0.16409464479534744,5.353947683275524,False,,,False,,,0.9983108866560942,0.0,2.710141178637668e-08,0.0,2.710141178676355e-08,9.606057426042607e-09
UNSURVEYED_OTHER_0523,UNSURVEYED_OTHER,16.084331708712973,-18.68822240606034,0.0008447784239205403,6.758227391364322e-05,2.2920847115496026e-06,14.022859917470969,4.103067072847321,0.12853763522192826,5.842390925709165,False,,,False,,,0.9983108866560942,0.0,4.679259165674205e-08,0.0,4.679259165741001e-08,1.658556853462434e-08
UNSURVEYED_OTHER_0524,UNSURVEYED_OTHER,16.05705003773793,-18.647966096795532,0.00021067314570094733,1.6853851656075787e-05,5.716063321719293e-07,9.90502912511533,2.9847220922883517,0.22484116798030057,4.9018205100903165,False,,,False,,,0.9983108866560942,0.0,1.1669264035030548e-08,0.0,1.1669264035197126e-08,4.136154283169309e-09
UNSURVEYED_OTHER_0525,UNSURVEYED_OTHER,16.132179347799923,-18.644977599647,0.02535669383781472,0.0020285355070251776,6.87987389774598e-05,15.948532189737287,4.660501446004279,0.09727135586557531,6.3144892352819015,False,,,False,,,0.9983108866560942,0.0,1.4045167193208216e-06,0.0,1.4045167193408709e-06,4.978289827843899e-07
UNSURVEYED_OTHER_0526,UNSURVEYED_OTHER,16.11704892206588,-18.615065628861068,0.06934523919316259,0.005547619135453007,0.0001881501208751854,12.58694265319289,3.724439330460281,0.1553274724523107,5.573570349516647,False,,,False,,,0.9983108866560942,0.0,3.841058636234737e-06,0.0,3.841058636289568e-06,1.3614578505100373e-06
UNSURVEYED_OTHER_0527,UNSURVEYED_OTHER,16.100682732997594,-18.500633971343806,0.5377289733342481,0.04301831786673985,0.0014589865505994796,0.026126943708407326,0.5692174748239907,0.7523085469318342,2.4445705834477494,False,,,False,,,0.9983108866560942,0.0,2.978500818528873e-05,0.0,2.978500818571391e-05,1.0557254408674661e-05
UNSURVEYED_OTHER_0528,UNSURVEYED_OTHER,16.212267500436415,-19.380589911482662,0.22492301790274588,0.01799384143221967,0.0006102696233858516,0.020831590088313742,0.28780314479275976,0.8659729795097454,1.6296126326461184,True,Okaukuejo,6.351783863917807,True,0.16770824617108235,6.333035432838325,0.9983108866560942,0.0,1.2458569765644517e-05,0.0,1.2458569765822362e-05,4.415922593202283e-06
UNSURVEYED_OTHER_0529,UNSURVEYED_OTHER,16.148582261619072,-19.366355647629863,0.2955207347907553,0.023641658783260425,0.0008018180140257787,0.05954130110020688,0.5291552770886577,0.7675300566379497,1.5108425713363833,True,Okaukuejo,5.876703618678866,True,0.169643731721677,5.82311644768868,0.9983108866560942,0.0,1.6369003608057174e-05,0.0,1.636900360829084e-05,5.801970388315266e-06
UNSURVEYED_OTHER_0530,UNSURVEYED_OTHER,16.236106807242347,-19.184773022470274,0.25105596180128115,0.02008447694410249,0.000681174513332769,1.6010572363654205,1.7311859304683066,0.4208019577026966,1.7628991454054415,True,Okaukuejo,6.884929914955099,True,0.24671952848493767,5.443978402226221,0.9983108866560942,0.0,1.3906083265051469e-05,0.0,1.3906083265249978e-05,4.928991724429785e-06
UNSURVEYED_OTHER_0531,UNSURVEYED_OTHER,16.23429208423298,-19.12386932178355,3.3021113256166044,0.26416890604932836,0.00895941310877102,5.136672585747881,3.0694744525370505,0.2155123147049412,2.656868406291839,False,,,False,,,0.9983108866560942,0.0,0.00018290517665874305,0.0,0.000182905176661354,6.483048353176789e-05
UNSURVEYED_OTHER_0532,UNSURVEYED_OTHER,16.227250712495373,-19.05522935663787,1.075584535094659,0.08604676280757272,0.002918316565695744,0.16598079001846286,1.9797863168479926,0.37161639298219296,1.567180270602781,True,Okaukuejo,6.102054415744457,True,0.1749657061675898,5.952671704727842,0.9983108866560942,0.0,5.957702815066816e-05,0.0,5.9577028151518615e-05,2.1116994132975717e-05
UNSURVEYED_OTHER_0533,UNSURVEYED_OTHER,16.1411924417277,-19.07715928949003,0.00276116526934923,0.0002208932215479384,7.491697847307234e-06,2.720815195407983,,0.0,,False,,,False,,,0.9983108866560942,0.0,1.529419730511363e-07,0.0,1.5294197305331953e-07,5.421006800538698e-08
UNSURVEYED_OTHER_0534,UNSURVEYED_OTHER,16.153636429270872,-19.059098496241674,0.032159570713347144,0.0025727656570677716,8.725656133589264e-05,3.3422449981641873,,0.0,,False,,,False,,,0.9983108866560942,0.0,1.7813306041387695e-06,0.0,1.7813306041641978e-06,6.313901361672169e-07
UNSURVEYED_OTHER_0535,UNSURVEYED_OTHER,16.22666090750019,-19.033190237210725,0.028912873048846658,0.0023130298439077326,7.844749866441829e-05,1.7579908106753923,2.3881190084452957,0.3029887798905322,1.9755129622000838,True,Okaukuejo,7.735385182133668,True,0.25456620720043627,6.153193452525816,0.9983108866560942,0.0,1.6014948108158103e-06,0.0,1.6014948108386715e-06,5.67647591257189e-07
UNSURVEYED_OTHER_0536,UNSURVEYED_OTHER,16.193365831153486,-18.50090347397673,0.7892991983376856,0.06314393586701485,0.0021415563822666166,0.005272089166433191,0.8901823984219971,0.6407658360288375,2.113178232578756,False,,,False,,,0.9983108866560942,0.0,4.371957668071683e-05,0.0,4.3719576681340924e-05,1.5496342683090433e-05
UNSURVEYED_OTHER_0537,UNSURVEYED_OTHER,16.24580000463353,-19.381154564339653,1.1372701491343973,0.09098161193075179,0.003085684302441271,1.1369853484881483,0.4513221920278485,0.7979884973265892,2.024170464610947,False,,,False,,,0.9983108866560942,0.0,6.29938172957569e-05,0.0,6.299381729665613e-05,2.232807025694725e-05
UNSURVEYED_OTHER_0538,UNSURVEYED_OTHER,16.242309544489878,-19.304364148654212,1.0630810269660858,0.08504648215728686,0.0028843915754133993,2.6088518266528666,1.4947062134191278,0.47361851277145306,2.2641732398010896,False,,,False,,,0.9983108866560942,0.0,5.88844541767475e-05,0.0,5.888445417758807e-05,2.0871512258536662e-05
UNSURVEYED_OTHER_0539,UNSURVEYED_OTHER,16.23822978576995,-19.214609118479757,1.7716257331334695,0.14173005865067756,0.00480684182090928,0.3369024096868572,1.2939340066426441,0.523631543464992,1.4796557856837447,True,Okaukuejo,5.751956476068312,True,0.18351178715100952,5.4487443073501405,0.9983108866560942,0.0,9.813100944785512e-05,0.0,9.813100944925594e-05,3.478239877176722e-05
UNSURVEYED_OTHER_0540,UNSURVEYED_OTHER,16.23661099558577,-19.11723617757548,3.163675954150979,0.2530940763320783,0.008583805032748595,4.597636517589124,2.9410654970624135,0.22980302534525035,2.5284594508172016,False,,,False,,,0.9983108866560942,0.0,0.00017523718985366135,0.0,0.00017523718985616284,6.211257635511007e-05
UNSURVEYED_OTHER_0541,UNSURVEYED_OTHER,16.236475130025493,-19.153733832447607,0.1828769699549591,0.014630157596396728,0.0004961886987867777,4.732930223836958,2.514154177336191,0.28448433493599673,2.5458673922733257,False,,,False,,,0.9983108866560942,0.0,1.0129623503890037e-05,0.0,1.0129623504034636e-05,3.5904308546565165e-06
UNSURVEYED_OTHER_0542,UNSURVEYED_OTHER,16.248969855785617,-18.580410297371355,0.0004457293314418373,3.5658346515346984e-05,1.2093696490799071e-06,8.804130317958073,3.2855676140463093,0.19344079022190724,4.117222131350264,False,,,False,,,0.9983108866560942,0.0,2.4689113742744355e-08,0.0,2.468911374309679e-08,8.751021765224717e-09
UNSURVEYED_OTHER_0543,UNSURVEYED_OTHER,16.30305282673848,-18.553299496799294,2.3162456010624412e-06,1.852996480849953e-07,6.2845250068657145e-09,5.799978523924684,2.7245748173631013,0.2560743598076636,3.176139031016777,False,,,False,,,0.9983108866560942,0.0,1.2829770685222228e-10,0.0,1.2829770685405371e-10,4.5474942389220734e-11
UNSURVEYED_OTHER_0544,UNSURVEYED_OTHER,16.28321843234954,-18.501189364569438,1.0408835063415363,0.0832706805073229,0.0028241644244621313,0.03566488346284005,1.214010187717367,0.5449805931463507,1.8045468404315899,True,Nehale Gate,7.0515206950596925,True,0.16844991083980865,7.019422299943137,0.9983108866560942,0.0,5.765492523878501e-05,0.0,5.765492523960803e-05,2.043570744961575e-05
UNSURVEYED_OTHER_0545,UNSURVEYED_OTHER,16.37620386315044,-19.417155101015695,1.0828378749639702,0.08662702999711762,0.0029379966012546134,0.04426786007937621,0.05106476370803468,0.9747908129208589,2.093823725180307,False,,,False,,,0.9983108866560942,0.0,5.997879334854942e-05,0.0,5.9978793349405614e-05,2.1259399244305484e-05
UNSURVEYED_OTHER_0546,UNSURVEYED_OTHER,16.37859451945519,-19.124195614071557,2.957623165099762,0.23660985320798097,0.008024734826664742,2.9429203379125397,1.896653793618942,0.3873886226938608,2.0420296282107264,False,,,False,,,0.9983108866560942,0.0,0.00016382384909495692,0.0,0.0001638238490972955,5.806713371856744e-05
UNSURVEYED_OTHER_0547,UNSURVEYED_OTHER,16.372682987322275,-18.50252189529461,1.3014420698599711,0.10411536558879769,0.003531121755512652,0.1848699438377537,1.360410674729781,0.5065129756469934,1.526979555675487,True,Nehale Gate,5.941251556035281,True,0.17591016385855435,5.774868606581303,0.9983108866560942,0.0,7.208736115352163e-05,0.0,7.208736115455067e-05,2.5551264133062427e-05
UNSURVEYED_OTHER_0548,UNSURVEYED_OTHER,16.52170702128921,-19.391850445172203,3.5017795737898925,0.2801423659031914,0.009501160537518007,4.863516754124515,1.2289896223016321,0.5409140900627009,3.5805311161251616,False,,,False,,,0.9983108866560942,0.0,0.0001939648753194045,0.0,0.00019396487532217333,6.875057822227567e-05
UNSURVEYED_OTHER_0549,UNSURVEYED_OTHER,16.52125468418331,-19.33157081517037,0.22976679476913572,0.01838134358153086,0.0006234119416402464,3.6728853548610765,1.700100451972304,0.4273934651513735,2.7327853554010346,False,,,False,,,0.9983108866560942,0.0,1.272686837101547e-05,0.0,1.2726868371197145e-05,4.5110206578653225e-06
UNSURVEYED_OTHER_0550,UNSURVEYED_OTHER,16.519789163006042,-19.343718503885377,0.011369951877056795,0.0009095961501645436,3.08493826671263e-05,5.024104135113769,2.0366319658139913,0.36120269981116065,3.0718632316856938,False,,,False,,,0.9983108866560942,0.0,6.297858707977242e-07,0.0,6.297858708067143e-07,2.232267192823614e-07
UNSURVEYED_OTHER_0551,UNSURVEYED_OTHER,16.473649145857937,-19.12365244255049,2.957736138888869,0.2366188911111095,0.008025041351414292,0.2652762303431411,1.4113008822703041,0.49378729021372003,0.6875767569104813,True,Halali,2.5836403609752585,True,0.1799304781838237,2.344891753666431,0.9983108866560942,0.0,0.00016383010675522842,0.0,0.00016383010675756707,5.8069351737480785e-05
UNSURVEYED_OTHER_0552,UNSURVEYED_OTHER,16.4545732560677,-18.945203583384103,2.7876842875008635e-05,2.2301474300006907e-06,7.563650248492594e-08,1.5324517361998073,2.6940830322595817,0.2600083544117934,1.1018516951121302,True,Halali,4.240740113781854,True,0.24328925347665703,2.8615335512020272,0.9983108866560942,0.0,1.544108713472697e-09,0.0,1.544108713494739e-09,5.473071694784416e-10
UNSURVEYED_OTHER_0553,UNSURVEYED_OTHER,16.611885966408217,-19.44176047625755,0.35297120816273303,0.028237696653018642,0.000957694807228044,0.0904444319191312,0.19397990618208444,0.907565124311645,2.5356146701472797,False,,,False,,,0.9983108866560942,0.0,1.9551206733588635e-05,0.0,1.9551206733867726e-05,6.929897826418457e-06
UNSURVEYED_OTHER_0554,UNSURVEYED_OTHER,16.52420094575084,-19.42808992658303,1.5982493229698729,0.12785994583758983,0.004336430399610112,0.8547919557774111,0.23675159214998506,0.8883621468703471,2.5882930859735147,False,,,False,,,0.9983108866560942,0.0,8.852762549061988e-05,0.0,8.85276254918836e-05,3.1378492786916996e-05
UNSURVEYED_OTHER_0555,UNSURVEYED_OTHER,16.570669498003515,-19.33042936054632,5.184617271364668,0.41476938170917343,0.014067099308455752,3.3546673035200074,1.78666963086184,0.4092885725251635,2.487107150840964,False,,,False,,,0.9983108866560942,0.0,0.00028717788239615143,0.0,0.00028717788240025085,0.00010178979794600426
UNSURVEYED_OTHER_0556,UNSURVEYED_OTHER,16.568699943492977,-19.123109292695506,2.9578573038644085,0.23662858430915268,0.008025370100800101,5.115503451890029,2.9575621671908916,0.2279153288723761,1.921973719589875,True,Halali,7.521228211692833,True,0.4224418392611681,2.917275104991807,0.9983108866560942,0.0,0.00016383681812836838,0.0,0.00016383681813070714,5.807173057428451e-05
UNSURVEYED_OTHER_0557,UNSURVEYED_OTHER,16.662234872350464,-19.46547204749127,4.115038395672445,0.32920307165379564,0.011165077524574173,0.19628392269708358,0.41714372610054334,0.8117426983001174,2.365370595617797,False,,,False,,,0.9983108866560942,0.0,0.00022793350995743139,0.0,0.00022793350996068513,8.079071316392374e-05
UNSURVEYED_OTHER_0558,UNSURVEYED_OTHER,16.665821455172818,-19.32849161038729,3.7037197893494374,0.296297583147955,0.010049072353947875,2.8966053644377694,1.8095797410847525,0.40462690020169706,2.32309530150393,False,,,False,,,0.9983108866560942,0.0,0.0002051504191001025,0.0,0.000205150419103031,7.271527853921308e-05
UNSURVEYED_OTHER_0559,UNSURVEYED_OTHER,16.710753547494992,-19.17804675871524,0.31307252988431045,0.025045802390744835,0.0008494402070826093,1.3156925150751013,2.3551821692789416,0.30801983934061294,1.7728818041201269,True,Halali,6.9248605498138405,True,0.23245129242042173,5.74073728624625,0.9983108866560942,0.0,1.7341204077908173e-05,0.0,1.7341204078155717e-05,6.146565482350509e-06
UNSURVEYED_OTHER_0560,UNSURVEYED_OTHER,16.709360536135225,-19.143208514841174,4.773232371791449,0.38185858974331593,0.012950914268480307,2.5315085967216473,2.669258183076392,0.26325580115407776,2.086957817917577,False,,,False,,,0.9983108866560942,0.0,0.00026439111953099323,0.0,0.0002643911195347674,9.37130617832647e-05
UNSURVEYED_OTHER_0561,UNSURVEYED_OTHER,16.68164051308201,-18.93263131174669,2.0931431180151248,0.16745144944121,0.005679194927377786,1.434468232183126,2.999911277017656,0.22314005875461632,1.6055560260013901,True,Halali,6.255557437338894,True,0.23839007827582295,4.964536028374081,0.9983108866560942,0.0,0.00011593997719053266,0.0,0.0001159399771921877,4.109476242954154e-05
UNSURVEYED_OTHER_0562,UNSURVEYED_OTHER,16.62260607379853,-18.92341504164699,0.001240229882001672,9.921839056013377e-05,3.36503853655522e-06,2.5829866483294612,3.3426076778842426,0.1880017817239354,1.9300501454406613,True,Halali,7.553533915095978,True,0.2958159990831397,5.228845931599463,0.9983108866560942,0.0,6.869679526101657e-08,0.0,6.869679526199721e-08,2.434948280421825e-08
UNSURVEYED_OTHER_0563,UNSURVEYED_OTHER,16.705926805080352,-18.817980232598167,0.00010786372046376755,8.629097637101403e-06,2.9265991839431294e-07,3.719098729516245,3.2943563271072525,0.19259260739589945,2.1026598154015126,False,,,False,,,0.9983108866560942,0.0,5.9746116654049245e-09,0.0,5.974611665490212e-09,2.117692731602778e-09
UNSURVEYED_OTHER_0564,UNSURVEYED_OTHER,16.704503145565585,-18.501553062080955,0.018459939937565957,0.0014767951950052766,5.008620593155524e-05,0.06941334231684956,0.16360169934915197,0.9214554485771553,0.33017058029485796,True,Nehale Gate,1.1540156545127653,True,0.17013733378250914,1.0915436464276007,0.9983108866560942,0.0,1.0225029511262185e-06,0.0,1.0225029511408145e-06,3.62424738026154e-07
UNSURVEYED_OTHER_0565,UNSURVEYED_OTHER,16.72887205134167,-19.472848182239968,0.200320068701808,0.016025605496144638,0.00054351597281226,0.022446578588995392,0.6464317554531461,0.7238175814066687,2.314025400141416,False,,,False,,,0.9983108866560942,0.0,1.109580324259783e-05,0.0,1.1095803242756222e-05,3.932891908975884e-06
UNSURVEYED_OTHER_0566,UNSURVEYED_OTHER,16.715010679264974,-19.32761772901197,0.09986207629878883,0.007988966103903107,0.0002709495553707269,5.3724386980685805,2.7578476404295182,0.25184944254971164,3.0705172736335395,False,,,False,,,0.9983108866560942,0.0,5.5313976137761395e-06,0.0,5.5313976138551e-06,1.9605961321512583e-06
UNSURVEYED_OTHER_0567,UNSURVEYED_OTHER,16.735647236519473,-19.262240001717256,1.1387186237792242,0.09109748990233793,0.003089614358529904,0.9593083911167628,1.7918430467285766,0.40823123063446537,2.1045126799325984,False,,,False,,,0.9983108866560942,0.0,6.307404884602067e-05,0.0,6.307404884692104e-05,2.2356508217496655e-05
UNSURVEYED_OTHER_0568,UNSURVEYED_OTHER,16.711275499622793,-19.122447718317982,0.0003889601182969726,3.111680946375781e-05,1.0553412768445337e-06,1.2268881764204804,2.7430370512088853,0.25372138445537334,1.819634484007823,True,Halali,7.111871269364625,True,0.22801107548769067,6.007671910586192,0.9983108866560942,0.0,2.154464587502326e-08,0.0,2.154464587533081e-08,7.636469536367825e-09
UNSURVEYED_OTHER_0569,UNSURVEYED_OTHER,16.756885958866416,-18.941154347253466,4.867296810077926,0.3893837448062341,0.013206133453525701,2.2071587684126803,3.0853657604421305,0.21380671346177452,1.8936692487363913,True,Namutoni,7.408010328278898,True,0.27702460508730065,5.421567436707486,0.9983108866560942,0.0,0.0002696013838151269,0.0,0.0002696013838189754,9.555983265678082e-05
UNSURVEYED_OTHER_0570,UNSURVEYED_OTHER,16.722062122928456,-18.75859979472429,0.0004111667439325242,3.289333951460194e-05,1.115593131855382e-06,9.19934899859566,4.664418894377106,0.09708101458208926,3.4727223826713662,False,,,False,,,0.9983108866560942,0.0,2.27746791429376e-08,0.0,2.2774679143262706e-08,8.07245310433337e-09
UNSURVEYED_OTHER_0571,UNSURVEYED_OTHER,16.760765312320885,-18.717007587510356,2.2522819020976583,0.18018255216781268,0.0061109762841001225,7.231009950018518,2.7760192756032716,0.24957154839113893,2.9425881565489775,False,,,False,,,0.9983108866560942,0.0,0.00012475473373434426,0.0,0.0001247547337361251,4.4219140532936265e-05
UNSURVEYED_OTHER_0572,UNSURVEYED_OTHER,16.70585155343177,-18.503090354036626,0.028474364284049352,0.002277949142723948,7.725772012934653e-05,0.2396208281299685,0.20140913158026535,0.9042001250793505,0.3679780125259714,True,Nehale Gate,1.3052453834372189,True,0.17864770807316507,1.0895866381202473,0.9983108866560942,0.0,1.5772056469498158e-06,0.0,1.5772056469723304e-06,5.590383311652632e-07
UNSURVEYED_OTHER_0573,UNSURVEYED_OTHER,16.894651974225305,-19.229504815039476,0.016457108367795976,0.0013165686694236781,4.4652047706284966e-05,1.982734143219467,2.491661075143345,0.28770186167042056,2.8195351149386183,False,,,False,,,0.9983108866560942,0.0,9.115653642421418e-07,0.0,9.115653642551543e-07,3.2310306583006855e-07
UNSURVEYED_OTHER_0574,UNSURVEYED_OTHER,16.84797256753055,-18.941833558793082,3.4323307577969286,0.2745864606237543,0.009312729388159408,2.2501377935720757,2.843933773842035,0.24123906000494452,1.6522372621362955,True,Namutoni,6.442282381878515,True,0.2791735563452704,4.417158367663648,0.9983108866560942,0.0,0.00019011807952563713,0.0,0.00019011807952835105,6.738708684431861e-05
UNSURVEYED_OTHER_0575,UNSURVEYED_OTHER,16.841213950680956,-18.717272937145612,1.730341981293634,0.13842735850349072,0.004694829186888226,6.325115554799635,2.5570337997563946,0.27844996354206,2.231682362539091,False,,,False,,,0.9983108866560942,0.0,9.584428705154379e-05,0.0,9.584428705291196e-05,3.397187322315257e-05
UNSURVEYED_OTHER_0576,UNSURVEYED_OTHER,16.935265386954487,-19.19245399719705,0.39742734083047115,0.03179418726643769,0.0010783148646739333,1.6912823160190118,2.698512703076821,0.2594331159662965,2.466957573404914,False,,,False,,,0.9983108866560942,0.0,2.2013648485954088e-05,0.0,2.201364848626833e-05,7.802706854522228e-06
UNSURVEYED_OTHER_0577,UNSURVEYED_OTHER,16.982524632277812,-19.14934031793038,0.34258217935976765,0.027406574348781413,0.0009295069020769943,2.0312561506155995,2.9555379556216184,0.22814612006798615,2.4895269976484875,False,,,False,,,0.9983108866560942,0.0,1.897575455734672e-05,0.0,1.8975754557617598e-05,6.725929609024715e-06
UNSURVEYED_OTHER_0578,UNSURVEYED_OTHER,16.932418839700777,-18.94326104080326,1.9972356098759108,0.15977884879007287,0.005418975055629039,5.405092653552575,3.796933277716794,0.14979813785385918,2.605236766011054,False,,,False,,,0.9983108866560942,0.0,0.00011062762458054693,0.0,0.00011062762458212613,3.9211806492000225e-05
UNSURVEYED_OTHER_0579,UNSURVEYED_OTHER,16.924525800058966,-18.717800010239642,0.8096092621441939,0.06476874097153551,0.0021966624141245912,2.172085847557564,1.5549270841371392,0.45957021472073756,1.1827430851374103,True,Namutoni,4.564305673882974,True,0.27527095904454485,2.6094284110811663,0.9983108866560942,0.0,4.4844558682280966e-05,0.0,4.484455868292112e-05,1.5895090976923663e-05
UNSURVEYED_OTHER_0580,UNSURVEYED_OTHER,17.05475790642411,-19.273790321537348,1.0977641836462977,0.08782113469170381,0.0029784952254640912,5.008027234613097,3.144963841288551,0.20752947096608915,3.9899079061788,False,,,False,,,0.9983108866560942,0.0,6.080556714785319e-05,0.0,6.080556714872118e-05,2.1552448058775425e-05
UNSURVEYED_OTHER_0581,UNSURVEYED_OTHER,17.084657252448327,-19.23831850562178,1.435395239830996,0.11483161918647967,0.0038945685532294824,8.264287851999226,5.134957819162116,0.07672874188473335,3.918484905190606,False,,,False,,,0.9983108866560942,0.0,7.950707714779505e-05,0.0,7.950707714893001e-05,2.8181172068771717e-05
UNSURVEYED_OTHER_0582,UNSURVEYED_OTHER,17.03199915798758,-19.10420568456058,1.2987179009667018,0.10389743207733615,0.003523730437629599,1.1860158291421783,2.977945650176511,0.2256042716117468,2.044499142356884,False,,,False,,,0.9983108866560942,0.0,7.193646842352604e-05,0.0,7.193646842455293e-05,2.549778041638614e-05
UNSURVEYED_OTHER_0583,UNSURVEYED_OTHER,17.088440322685802,-19.00597045571841,1.4304845104850432,0.11443876083880346,0.0038812445769799723,0.2594672047804065,2.49354895335135,0.28743041676678033,1.2770760393798402,True,Namutoni,4.941637490852694,True,0.17964002690568698,4.708117006550328,0.9983108866560942,0.0,7.923507001963532e-05,0.0,7.92350700207664e-05,2.8084759523403556e-05
UNSURVEYED_OTHER_0584,UNSURVEYED_OTHER,17.07999683361198,-19.060418353321907,0.5393677585480164,0.04314942068384132,0.0014634329645083005,2.2903622902281517,3.192803598590797,0.20262429073895213,1.9763306846192876,True,Namutoni,7.7386560718104835,True,0.2811847811780742,5.677330010605147,0.9983108866560942,0.0,2.9875781108873936e-05,0.0,2.987578110930041e-05,1.0589428744224502e-05
UNSURVEYED_OTHER_0585,UNSURVEYED_OTHER,17.08205575103534,-18.964393763215877,0.4728005160179981,0.037824041281439846,0.0012828202090534794,0.03341973220375493,2.2821549184295646,0.3194746154394164,1.0656820044580546,True,Namutoni,4.0960613511655515,True,0.1683376532768544,4.065983592182172,0.9983108866560942,0.0,2.6188596742863844e-05,0.0,2.6188596743237683e-05,9.28251141314642e-06
UNSURVEYED_OTHER_0586,UNSURVEYED_OTHER,17.07701481723792,-18.93799098244366,0.001467004890654703,0.00011736039125237624,3.980333051160428e-06,0.02237935264240926,2.180403371518699,0.3361486904655982,0.9639304575471892,True,Namutoni,3.6890551635220903,True,0.16778563429878712,3.6689137461439216,0.9983108866560942,0.0,8.125794748435215e-08,0.0,8.125794748551209e-08,2.880176560578356e-08
UNSURVEYED_OTHER_0587,UNSURVEYED_OTHER,17.020530810728374,-18.94455339547919,0.5704372616809794,0.045634980934478354,0.0015477319133332592,1.1250818396503965,2.547221510569368,0.2798194359932255,1.3307485965978585,True,Namutoni,5.156327719724767,True,0.22292075864918648,4.143754064039411,0.9983108866560942,0.0,3.159673246358722e-05,0.0,3.159673246403826e-05,1.1199417540052167e-05
UNSURVEYED_OTHER_0588,UNSURVEYED_OTHER,17.053275665168307,-18.846908612674326,0.048635484668793985,0.003890838773503519,0.00013195963307253365,0.0006803138270522604,1.9647437562841126,0.37442196153908375,0.7482708423126028,True,Namutoni,2.8264167025837446,True,0.16670068235801927,2.8258044201393973,0.9983108866560942,0.0,2.693937616887662e-06,0.0,2.6939376169261177e-06,9.54862412850671e-07
UNSURVEYED_OTHER_0589,UNSURVEYED_OTHER,17.039234130576677,-18.77802081894794,0.9393348859110864,0.0751467908728869,0.00254863887388358,0.11691685391003098,1.828647327985422,0.40078760153145637,0.7157807255346171,True,Namutoni,2.696456235471802,True,0.17251250936216822,2.591231066952774,0.9983108866560942,0.0,5.20301093171671e-05,0.0,5.203010931790983e-05,1.8441999329172326e-05
UNSURVEYED_OTHER_0590,UNSURVEYED_OTHER,17.002151663767492,-18.718094623795192,0.06622095238331638,0.00529767619066531,0.0001796731879557692,0.7218640224811028,1.9603263374023272,0.375249864822742,1.02471165134474,True,Namutoni,3.9321799387122938,True,0.2027598677907218,3.282502318479301,0.9983108866560942,0.0,3.6680032257601096e-06,0.0,3.6680032258124702e-06,1.3001186027981418e-06
UNSURVEYED_OTHER_0591,UNSURVEYED_OTHER,17.027642654124705,-18.663663676317686,0.1498444533757004,0.011987556270056033,0.0004065636277723584,0.007058873228059404,1.3669929632884703,0.5048487085385925,1.0550702611100253,True,Namutoni,4.053614377773435,True,0.16701961032806964,4.047261391868181,0.9983108866560942,0.0,8.299940102987742e-06,0.0,8.299940103106223e-06,2.941902137441147e-06
UNSURVEYED_OTHER_0592,UNSURVEYED_OTHER,17.105624409272732,-19.213104750428933,2.4139120759374473,0.19311296607499578,0.006549517373565886,4.7362906642725076,4.252958522230436,0.11925642632889212,3.036485608258926,False,,,False,,,0.9983108866560942,0.0,0.0001337074892850765,0.0,0.00013370748928698517,4.739243219093345e-05
UNSURVEYED_OTHER_0593,UNSURVEYED_OTHER,17.125307253726206,-19.177356647248875,0.08426684262706968,0.006741347410165574,0.0002286359786270182,0.2795332516603533,3.138769169077398,0.20817325598409517,1.922296255105888,True,Namutoni,7.522518353756885,True,0.18064332924968432,7.270938427262567,0.9983108866560942,0.0,4.6675718100753716e-06,0.0,4.667571810142001e-06,1.6544142866498294e-06
UNSURVEYED_OTHER_0594,UNSURVEYED_OTHER,17.110298654072285,-19.097198414961873,0.3716575729331605,0.02973260583465284,0.001008395357564027,0.02226902158586587,0.0885100790822043,0.9567099274948464,,False,,,False,,,0.9983108866560942,0.0,2.0586251440570624e-05,0.0,2.058625144086449e-05,7.296767972230876e-06
UNSURVEYED_OTHER_0595,UNSURVEYED_OTHER,17.09406506322743,-19.03465824624175,3.043681540369716,0.24349452322957726,0.008258231659291723,0.28949269087438073,2.6087482048180046,0.2713423144087343,1.3922752908464948,True,Namutoni,5.402434496719312,True,0.18114130121038569,5.14189107493237,0.9983108866560942,0.0,0.00016859065456562835,0.0,0.00016859065456803498,5.97567212371432e-05
UNSURVEYED_OTHER_0596,UNSURVEYED_OTHER,17.143131918716975,-18.619564724936144,0.056124126742572104,0.004489930139405769,0.00015227809945560553,0.10826374410413123,1.6489988997723442,0.43845440594945206,1.6575752814272011,True,Namutoni,6.4636344590421375,True,0.17207985387187322,6.36619708934842,0.9983108866560942,0.0,3.108736291545524e-06,0.0,3.108736291589901e-06,1.1018872217579601e-06
UNSURVEYED_OTHER_0597,UNSURVEYED_OTHER,17.143219551071187,-18.617835239453974,0.014014684259966855,0.0011211747407973483,3.802517041141471e-05,0.02437497400937895,1.6337723972814038,0.4418052085679266,1.6423487789362605,True,Namutoni,6.402728449078375,True,0.1678854153671356,6.380790972469934,0.9983108866560942,0.0,7.762785828872945e-07,0.0,7.762785828983759e-07,2.7515085577832497e-07
UNSURVEYED_OTHER_0598,UNSURVEYED_OTHER,17.138435043800264,-18.57738135863639,0.0027243944978049177,0.0002179515598243934,7.391930001796388e-06,0.006587793959891494,1.5253879125029184,0.46640824961362404,1.6919567934486246,True,Nehale Gate,6.601160507127831,True,0.16699605636466122,6.595231492563929,0.9983108866560942,0.0,1.5090522631488422e-07,0.0,1.5090522631703838e-07,5.348814597914858e-08
