case_id,month,region_id,reachable_area_share,base_service_area_fraction,base_person_hours,extra_fire_checks,extra_fire_person_hours,water_person_hours,total_field_person_hours,flight_hours,shared_response_hours_not_split
q2_monitoring_N30,1,ENP1,0.8787267007305369,0.6113759089407855,280.6864560127397,0.0,0.0,0,280.6864560127397,20.542024219585034,True
q2_monitoring_N30,1,ENP2,0.7670910068861497,0.7670910068861497,92.86242673020261,0.0,0.0,0,92.86242673020261,4.438241900760177,True
q2_monitoring_N30,1,ENP3410,0.19207691938710295,0.028811537908065437,18.721713931250935,0.0,0.0,0,18.721713931250935,1.3254496750964107,True
q2_monitoring_N30,1,ENP5,0.05935931224515803,0.008903896836773704,4.497887427165056,0.0,0.0,0,4.497887427165056,0.12195578174266047,True
q2_monitoring_N30,1,ENP6,0.20566590478459817,0.030849885717689724,6.928523626537376,0.0,0.0,0,6.928523626537376,0.6068448670980187,True
q2_monitoring_N30,1,ENP7,0.001884980202812062,0.0002827470304218093,0.07752735997483212,0.0,0.0,0,0.07752735997483212,0.0025074879202138336,True
q2_monitoring_N30,1,ENP8,0.08552429819371499,0.012828644729057247,2.239107967624151,0.0,0.0,0,2.239107967624151,0.11245095566913246,True
q2_monitoring_N30,1,ENP9,0,0.0,0.0,0.0,0.0,0,0.0,0.0,True
q2_monitoring_N30,1,ENP11,0.00018708579829191134,2.80628697437867e-05,0.03934816334959188,0.0,0.0,0,0.03934816334959188,0.0011580155968253403,True
q2_monitoring_N30,1,ENP12,0.924851736182012,0.3212492241385039,76.73265175390665,0.0,0.0,0,76.73265175390665,8.730393339276002,True
q2_monitoring_N30,1,ENP13,0.4987462850091379,0.07481194275137068,31.06811299769282,0.0,0.0,0,31.06811299769282,1.9250044192831148,True
q2_monitoring_N30,1,ENP14,0.11667090680781306,0.01750063602117196,9.614107496601688,0.0,0.0,0,9.614107496601688,0.3477341677632994,True
q2_monitoring_N30,1,ENP15,0.5232709981744339,0.0784906497261651,15.851374822039517,0.0,0.0,0,15.851374822039517,2.6567079215817033,True
q2_monitoring_N30,1,ENP16,0.8462704904076193,0.537574630538544,84.31812817035413,0.0,0.0,0,84.31812817035413,9.247507396468274,True
q2_monitoring_N30,1,ENP17,0.7759811221386504,0.43107479025829537,84.68830776957289,0.0,0.0,0,84.68830776957289,9.451955834279604,True
q2_monitoring_N30,1,PAN_MAIN,0.09050690275828624,0.013576035413742936,9.11323398823238,0.0,0.0,0,9.11323398823238,1.3453238752914802,True
q2_monitoring_N30,1,UNSURVEYED_OTHER,0.6180719840745643,0.09271079761118466,2.5610917510602533,0.0,0.0,0,2.5610917510602533,0.46052656054309477,True
q2_monitoring_N35,1,ENP1,0.8787267007305369,0.8787267007305369,487.8918257320338,0.0,0.0,0,487.8918257320338,29.30514146319269,True
q2_monitoring_N35,1,ENP2,0.7670910068861497,0.7670910068861497,92.86242673020261,0.0,0.0,0,92.86242673020261,4.438241900760177,True
q2_monitoring_N35,1,ENP3410,0.19207691938710295,0.028811537908065437,18.721713931250935,0.0,0.0,0,18.721713931250935,1.3254496750964107,True
q2_monitoring_N35,1,ENP5,0.05935931224515803,0.008903896836773704,4.497887427165056,0.0,0.0,0,4.497887427165056,0.12195578174266047,True
q2_monitoring_N35,1,ENP6,0.20566590478459817,0.030849885717689724,6.928523626537376,0.0,0.0,0,6.928523626537376,0.6068448670980187,True
q2_monitoring_N35,1,ENP7,0.001884980202812062,0.0002827470304218093,0.07752735997483212,0.0,0.0,0,0.07752735997483212,0.0025074879202138336,True
q2_monitoring_N35,1,ENP8,0.08552429819371499,0.012828644729057247,2.239107967624151,0.0,0.0,0,2.239107967624151,0.11245095566913246,True
q2_monitoring_N35,1,ENP9,0,0.0,0.0,0.0,0.0,0,0.0,0.0,True
q2_monitoring_N35,1,ENP11,0.00018708579829191134,2.80628697437867e-05,0.03934816334959188,0.0,0.0,0,0.03934816334959188,0.0011580155968253403,True
q2_monitoring_N35,1,ENP12,0.924851736182012,0.7023176768302061,251.0776022960036,0.0,0.0,0,251.0776022960036,19.65927583348085,True
q2_monitoring_N35,1,ENP13,0.4987462850091379,0.07481194275137068,31.06811299769282,0.0,0.0,0,31.06811299769282,1.9250044192831148,True
q2_monitoring_N35,1,ENP14,0.11667090680781306,0.01750063602117196,9.614107496601688,0.0,0.0,0,9.614107496601688,0.3477341677632994,True
q2_monitoring_N35,1,ENP15,0.5232709981744339,0.18300507156556642,66.94209236768012,0.0,0.0,0,66.94209236768012,6.851964285888899,True
q2_monitoring_N35,1,ENP16,0.8462704904076193,0.7583875069768024,148.86409399852732,0.0,0.0,0,148.86409399852732,12.601249173788352,True
q2_monitoring_N35,1,ENP17,0.7759811221386504,0.7200415225803428,187.32871312567082,0.0,0.0,0,187.32871312567082,14.684395802265074,True
q2_monitoring_N35,1,PAN_MAIN,0.09050690275828624,0.013576035413742936,9.11323398823238,0.0,0.0,0,9.11323398823238,1.3453238752914802,True
q2_monitoring_N35,1,UNSURVEYED_OTHER,0.6180719840745643,0.09699380701346338,2.7336827331967526,0.0,0.0,0,2.7336827331967526,0.4952311049390512,True
q2_monitoring_N40,1,ENP1,0.8787267007305369,0.8787267007305369,487.8918257320338,0.0,0.0,0,487.8918257320338,29.30514146319269,True
q2_monitoring_N40,1,ENP2,0.7670910068861497,0.7670910068861497,92.86242673020261,0.0,0.0,0,92.86242673020261,4.438241900760177,True
q2_monitoring_N40,1,ENP3410,0.19207691938710295,0.17955561950597482,144.4086353390634,0.0,0.0,0,144.4086353390634,7.81008779586395,True
q2_monitoring_N40,1,ENP5,0.05935931224515803,0.05935931224515803,30.78749585669233,0.0,0.0,0,30.78749585669233,0.8035404741553158,True
q2_monitoring_N40,1,ENP6,0.20566590478459817,0.06621677737694846,14.871513973430377,0.0,0.0,0,14.871513973430377,1.3025432844288216,True
q2_monitoring_N40,1,ENP7,0.001884980202812062,0.001884980202812062,0.5168490664988807,0.0,0.0,0,0.5168490664988807,0.01671658613475889,True
q2_monitoring_N40,1,ENP8,0.08552429819371499,0.08552429819371499,14.927386450827678,0.0,0.0,0,14.927386450827678,0.7496730377942166,True
q2_monitoring_N40,1,ENP9,0,0.0,0.0,0.0,0.0,0,0.0,0.0,True
q2_monitoring_N40,1,ENP11,0.00018708579829191134,2.80628697437867e-05,0.03934816334959188,0.0,0.0,0,0.03934816334959188,0.0011580155968253403,True
q2_monitoring_N40,1,ENP12,0.924851736182012,0.8902192279157182,358.74333965861007,0.0,0.0,0,358.74333965861007,25.957974451440446,True
q2_monitoring_N40,1,ENP13,0.4987462850091379,0.21017119975319815,97.0085970117378,0.0,0.0,0,97.0085970117378,5.619044074416903,True
q2_monitoring_N40,1,ENP14,0.11667090680781306,0.01750063602117196,9.614107496601688,0.0,0.0,0,9.614107496601688,0.3477341677632994,True
q2_monitoring_N40,1,ENP15,0.5232709981744339,0.4285239112871718,255.1006678511783,0.0,0.0,0,255.1006678511783,16.723861059279532,True
q2_monitoring_N40,1,ENP16,0.8462704904076193,0.8462704904076193,183.34197597610944,0.0,0.0,0,183.34197597610944,13.996065345333255,True
q2_monitoring_N40,1,ENP17,0.7759811221386504,0.7759811221386504,214.1076906104395,0.0,0.0,0,214.1076906104395,15.582779516038745,True
q2_monitoring_N40,1,PAN_MAIN,0.09050690275828624,0.013576035413742936,9.11323398823238,0.0,0.0,0,9.11323398823238,1.3453238752914802,True
q2_monitoring_N40,1,UNSURVEYED_OTHER,0.6180719840745643,0.17461151327266738,6.664906002665817,0.0,0.0,0,6.664906002665817,0.9209355839794656,True
q2_monitoring_N44,1,ENP1,0.8787267007305369,0.8787267007305369,487.8918257320338,0.0,0.0,0,487.8918257320338,29.30514146319269,True
q2_monitoring_N44,1,ENP2,0.7670910068861497,0.7670910068861497,92.86242673020261,0.0,0.0,0,92.86242673020261,4.438241900760177,True
q2_monitoring_N44,1,ENP3410,0.19207691938710295,0.19207691938710295,155.97623258393642,0.0,0.0,0,155.97623258393642,8.375270187630129,True
q2_monitoring_N44,1,ENP5,0.05935931224515803,0.05935931224515803,30.78749585669233,0.0,0.0,0,30.78749585669233,0.8035404741553158,True
q2_monitoring_N44,1,ENP6,0.20566590478459817,0.20566590478459817,60.498350085586715,0.0,0.0,0,60.498350085586715,3.6244637410597305,True
q2_monitoring_N44,1,ENP7,0.001884980202812062,0.001884980202812062,0.5168490664988807,0.0,0.0,0,0.5168490664988807,0.01671658613475889,True
q2_monitoring_N44,1,ENP8,0.08552429819371499,0.08552429819371499,14.927386450827678,0.0,0.0,0,14.927386450827678,0.7496730377942166,True
q2_monitoring_N44,1,ENP9,0,0.0,0.0,0.0,0.0,0,0.0,0.0,True
q2_monitoring_N44,1,ENP11,0.00018708579829191134,0.00018708579829191134,0.2623210889972792,0.0,0.0,0,0.2623210889972792,0.007720103978835602,True
q2_monitoring_N44,1,ENP12,0.924851736182012,0.924851736182012,385.63847226852255,0.0,0.0,0,385.63847226852255,26.870547589391773,True
q2_monitoring_N44,1,ENP13,0.4987462850091379,0.4987462850091379,282.7464010258899,0.0,0.0,0,282.7464010258899,13.079653544574303,True
q2_monitoring_N44,1,ENP14,0.11667090680781306,0.11667090680781306,72.39732566415545,0.0,0.0,0,72.39732566415545,2.0578119577249976,True
q2_monitoring_N44,1,ENP15,0.5232709981744339,0.5232709981744339,352.52290021885386,0.0,0.0,0,352.52290021885386,19.89554543578926,True
q2_monitoring_N44,1,ENP16,0.8462704904076193,0.8462704904076193,183.34197597610944,0.0,0.0,0,183.34197597610944,13.996065345333257,True
q2_monitoring_N44,1,ENP17,0.7759811221386504,0.7759811221386504,214.1076906104395,0.0,0.0,0,214.1076906104395,15.582779516038745,True
q2_monitoring_N44,1,PAN_MAIN,0.09050690275828624,0.013576035413742936,9.11323398823238,0.0,0.0,0,9.11323398823238,1.3453238752914802,True
q2_monitoring_N44,1,UNSURVEYED_OTHER,0.6180719840745643,0.5891178665262805,56.40911239204414,0.0,0.0,0,56.40911239204414,4.033075527771995,True
q2_monitoring_N45,1,ENP1,0.8787267007305369,0.8787267007305369,487.8918257320338,0.0,0.0,0,487.8918257320338,29.30514146319269,True
q2_monitoring_N45,1,ENP2,0.7670910068861497,0.7670910068861497,92.86242673020261,0.0,0.0,0,92.86242673020261,4.438241900760177,True
q2_monitoring_N45,1,ENP3410,0.19207691938710295,0.19207691938710295,155.97623258393642,0.0,0.0,0,155.97623258393642,8.375270187630129,True
q2_monitoring_N45,1,ENP5,0.05935931224515803,0.05935931224515803,30.78749585669233,0.0,0.0,0,30.78749585669233,0.8035404741553158,True
q2_monitoring_N45,1,ENP6,0.20566590478459817,0.20566590478459817,60.498350085586715,0.0,0.0,0,60.498350085586715,3.6244637410597305,True
q2_monitoring_N45,1,ENP7,0.001884980202812062,0.001884980202812062,0.5168490664988807,0.0,0.0,0,0.5168490664988807,0.01671658613475889,True
q2_monitoring_N45,1,ENP8,0.08552429819371499,0.08552429819371499,14.927386450827678,0.0,0.0,0,14.927386450827678,0.7496730377942166,True
q2_monitoring_N45,1,ENP9,0,0.0,0.0,0.0,0.0,0,0.0,0.0,True
q2_monitoring_N45,1,ENP11,0.00018708579829191134,0.00018708579829191134,0.2623210889972792,0.0,0.0,0,0.2623210889972792,0.007720103978835602,True
q2_monitoring_N45,1,ENP12,0.924851736182012,0.924851736182012,385.63847226852255,0.0,0.0,0,385.63847226852255,26.870547589391773,True
q2_monitoring_N45,1,ENP13,0.4987462850091379,0.4987462850091379,282.7464010258899,0.0,0.0,0,282.7464010258899,13.079653544574303,True
q2_monitoring_N45,1,ENP14,0.11667090680781306,0.11667090680781306,72.39732566415545,0.0,0.0,0,72.39732566415545,2.0578119577249976,True
q2_monitoring_N45,1,ENP15,0.5232709981744339,0.5232709981744339,352.52290021885386,0.0,0.0,0,352.52290021885386,19.89554543578926,True
q2_monitoring_N45,1,ENP16,0.8462704904076193,0.8462704904076193,183.34197597610944,0.0,0.0,0,183.34197597610944,13.996065345333257,True
q2_monitoring_N45,1,ENP17,0.7759811221386504,0.7759811221386504,214.1076906104395,0.0,0.0,0,214.1076906104395,15.582779516038745,True
q2_monitoring_N45,1,PAN_MAIN,0.09050690275828624,0.013576035413742936,9.11323398823238,0.0,0.0,0,9.11323398823238,1.3453238752914802,True
q2_monitoring_N45,1,UNSURVEYED_OTHER,0.6180719840745643,0.6180719840745643,62.52344908850351,0.0,0.0,0,62.52344908850351,4.1948884615996835,True
q2_monitoring_N46,1,ENP1,0.8787267007305369,0.8787267007305369,487.8918257320338,0.0,0.0,0,487.8918257320338,29.30514146319269,True
q2_monitoring_N46,1,ENP2,0.7670910068861497,0.7670910068861497,92.86242673020261,0.0,0.0,0,92.86242673020261,4.438241900760177,True
q2_monitoring_N46,1,ENP3410,0.19207691938710295,0.19207691938710295,155.97623258393642,0.0,0.0,0,155.97623258393642,8.375270187630129,True
q2_monitoring_N46,1,ENP5,0.05935931224515803,0.05935931224515803,30.78749585669233,0.0,0.0,0,30.78749585669233,0.8035404741553158,True
q2_monitoring_N46,1,ENP6,0.20566590478459817,0.20566590478459817,60.498350085586715,0.0,0.0,0,60.498350085586715,3.6244637410597305,True
q2_monitoring_N46,1,ENP7,0.001884980202812062,0.001884980202812062,0.5168490664988807,0.0,0.0,0,0.5168490664988807,0.01671658613475889,True
q2_monitoring_N46,1,ENP8,0.08552429819371499,0.08552429819371499,14.927386450827678,0.0,0.0,0,14.927386450827678,0.7496730377942166,True
q2_monitoring_N46,1,ENP9,0,0.0,0.0,0.0,0.0,0,0.0,0.0,True
q2_monitoring_N46,1,ENP11,0.00018708579829191134,0.00018708579829191134,0.2623210889972792,0.0,0.0,0,0.2623210889972792,0.007720103978835602,True
q2_monitoring_N46,1,ENP12,0.924851736182012,0.924851736182012,385.63847226852255,0.0,0.0,0,385.63847226852255,26.870547589391773,True
q2_monitoring_N46,1,ENP13,0.4987462850091379,0.4987462850091379,282.7464010258899,0.0,0.0,0,282.7464010258899,13.079653544574303,True
q2_monitoring_N46,1,ENP14,0.11667090680781306,0.11667090680781306,72.39732566415545,0.0,0.0,0,72.39732566415545,2.0578119577249976,True
q2_monitoring_N46,1,ENP15,0.5232709981744339,0.5232709981744339,352.52290021885386,0.0,0.0,0,352.52290021885386,19.89554543578926,True
q2_monitoring_N46,1,ENP16,0.8462704904076193,0.8462704904076193,183.34197597610944,0.0,0.0,0,183.34197597610944,13.996065345333257,True
q2_monitoring_N46,1,ENP17,0.7759811221386504,0.7759811221386504,214.1076906104395,0.0,0.0,0,214.1076906104395,15.582779516038745,True
q2_monitoring_N46,1,PAN_MAIN,0.09050690275828624,0.013576035413742936,9.11323398823238,0.0,0.0,0,9.11323398823238,1.3453238752914802,True
q2_monitoring_N46,1,UNSURVEYED_OTHER,0.6180719840745643,0.6180719840745643,62.52344908850351,0.0,0.0,0,62.52344908850351,4.1948884615996835,True
q2_monitoring_N50,1,ENP1,0.8787267007305369,0.8787267007305369,487.8918257320338,0.0,0.0,0,487.8918257320338,29.30514146319269,True
q2_monitoring_N50,1,ENP2,0.7670910068861497,0.7670910068861497,92.86242673020261,0.0,0.0,0,92.86242673020261,4.438241900760177,True
q2_monitoring_N50,1,ENP3410,0.19207691938710295,0.19207691938710295,155.97623258393642,0.0,0.0,0,155.97623258393642,8.375270187630129,True
q2_monitoring_N50,1,ENP5,0.05935931224515803,0.05935931224515803,30.78749585669233,0.0,0.0,0,30.78749585669233,0.8035404741553158,True
q2_monitoring_N50,1,ENP6,0.20566590478459817,0.20566590478459817,60.498350085586715,0.0,0.0,0,60.498350085586715,3.6244637410597305,True
q2_monitoring_N50,1,ENP7,0.001884980202812062,0.001884980202812062,0.5168490664988807,0.0,0.0,0,0.5168490664988807,0.01671658613475889,True
q2_monitoring_N50,1,ENP8,0.08552429819371499,0.08552429819371499,14.927386450827678,0.0,0.0,0,14.927386450827678,0.7496730377942166,True
q2_monitoring_N50,1,ENP9,0,0.0,0.0,0.0,0.0,0,0.0,0.0,True
q2_monitoring_N50,1,ENP11,0.00018708579829191134,0.00018708579829191134,0.2623210889972792,0.0,0.0,0,0.2623210889972792,0.007720103978835602,True
q2_monitoring_N50,1,ENP12,0.924851736182012,0.924851736182012,385.63847226852255,0.0,0.0,0,385.63847226852255,26.870547589391773,True
q2_monitoring_N50,1,ENP13,0.4987462850091379,0.4987462850091379,282.7464010258899,0.0,0.0,0,282.7464010258899,13.079653544574303,True
q2_monitoring_N50,1,ENP14,0.11667090680781306,0.11667090680781306,72.39732566415545,0.0,0.0,0,72.39732566415545,2.0578119577249976,True
q2_monitoring_N50,1,ENP15,0.5232709981744339,0.5232709981744339,352.52290021885386,0.0,0.0,0,352.52290021885386,19.89554543578926,True
q2_monitoring_N50,1,ENP16,0.8462704904076193,0.8462704904076193,183.34197597610944,0.0,0.0,0,183.34197597610944,13.996065345333257,True
q2_monitoring_N50,1,ENP17,0.7759811221386504,0.7759811221386504,214.1076906104395,0.0,0.0,0,214.1076906104395,15.582779516038745,True
q2_monitoring_N50,1,PAN_MAIN,0.09050690275828624,0.013576035413742936,9.11323398823238,0.0,0.0,0,9.11323398823238,1.3453238752914802,True
q2_monitoring_N50,1,UNSURVEYED_OTHER,0.6180719840745643,0.6180719840745643,62.52344908850351,0.0,0.0,0,62.52344908850351,4.1948884615996835,True
q2_monitoring_N53,1,ENP1,0.8787267007305369,0.8787267007305369,487.8918257320338,0.0,0.0,0,487.8918257320338,29.30514146319269,True
q2_monitoring_N53,1,ENP2,0.7670910068861497,0.7670910068861497,92.86242673020261,0.0,0.0,0,92.86242673020261,4.438241900760177,True
q2_monitoring_N53,1,ENP3410,0.19207691938710295,0.19207691938710295,155.97623258393642,0.0,0.0,0,155.97623258393642,8.375270187630129,True
q2_monitoring_N53,1,ENP5,0.05935931224515803,0.05935931224515803,30.78749585669233,0.0,0.0,0,30.78749585669233,0.8035404741553158,True
q2_monitoring_N53,1,ENP6,0.20566590478459817,0.20566590478459817,60.498350085586715,0.0,0.0,0,60.498350085586715,3.6244637410597305,True
q2_monitoring_N53,1,ENP7,0.001884980202812062,0.001884980202812062,0.5168490664988807,0.0,0.0,0,0.5168490664988807,0.01671658613475889,True
q2_monitoring_N53,1,ENP8,0.08552429819371499,0.08552429819371499,14.927386450827678,0.0,0.0,0,14.927386450827678,0.7496730377942166,True
q2_monitoring_N53,1,ENP9,0,0.0,0.0,0.0,0.0,0,0.0,0.0,True
q2_monitoring_N53,1,ENP11,0.00018708579829191134,0.00018708579829191134,0.2623210889972792,0.0,0.0,0,0.2623210889972792,0.007720103978835602,True
q2_monitoring_N53,1,ENP12,0.924851736182012,0.924851736182012,385.63847226852255,0.0,0.0,0,385.63847226852255,26.870547589391773,True
q2_monitoring_N53,1,ENP13,0.4987462850091379,0.4987462850091379,282.7464010258899,0.0,0.0,0,282.7464010258899,13.079653544574303,True
q2_monitoring_N53,1,ENP14,0.11667090680781306,0.11667090680781306,72.39732566415545,0.0,0.0,0,72.39732566415545,2.0578119577249976,True
q2_monitoring_N53,1,ENP15,0.5232709981744339,0.5232709981744339,352.52290021885386,0.0,0.0,0,352.52290021885386,19.89554543578926,True
q2_monitoring_N53,1,ENP16,0.8462704904076193,0.8462704904076193,183.34197597610944,0.0,0.0,0,183.34197597610944,13.996065345333257,True
q2_monitoring_N53,1,ENP17,0.7759811221386504,0.7759811221386504,214.1076906104395,0.0,0.0,0,214.1076906104395,15.582779516038745,True
q2_monitoring_N53,1,PAN_MAIN,0.09050690275828624,0.013576035413742936,9.11323398823238,0.0,0.0,0,9.11323398823238,1.3453238752914802,True
q2_monitoring_N53,1,UNSURVEYED_OTHER,0.6180719840745643,0.6180719840745643,62.52344908850351,0.0,0.0,0,62.52344908850351,4.1948884615996835,True
q2_monitoring_N55,1,ENP1,0.8787267007305369,0.8787267007305369,487.8918257320338,0.0,0.0,0,487.8918257320338,29.30514146319269,True
q2_monitoring_N55,1,ENP2,0.7670910068861497,0.7670910068861497,92.86242673020261,0.0,0.0,0,92.86242673020261,4.438241900760177,True
q2_monitoring_N55,1,ENP3410,0.19207691938710295,0.19207691938710295,155.97623258393642,0.0,0.0,0,155.97623258393642,8.375270187630129,True
q2_monitoring_N55,1,ENP5,0.05935931224515803,0.05935931224515803,30.78749585669233,0.0,0.0,0,30.78749585669233,0.8035404741553158,True
q2_monitoring_N55,1,ENP6,0.20566590478459817,0.20566590478459817,60.498350085586715,0.0,0.0,0,60.498350085586715,3.6244637410597305,True
q2_monitoring_N55,1,ENP7,0.001884980202812062,0.001884980202812062,0.5168490664988807,0.0,0.0,0,0.5168490664988807,0.01671658613475889,True
q2_monitoring_N55,1,ENP8,0.08552429819371499,0.08552429819371499,14.927386450827678,0.0,0.0,0,14.927386450827678,0.7496730377942166,True
q2_monitoring_N55,1,ENP9,0,0.0,0.0,0.0,0.0,0,0.0,0.0,True
q2_monitoring_N55,1,ENP11,0.00018708579829191134,0.00018708579829191134,0.2623210889972792,0.0,0.0,0,0.2623210889972792,0.007720103978835602,True
q2_monitoring_N55,1,ENP12,0.924851736182012,0.924851736182012,385.63847226852255,0.0,0.0,0,385.63847226852255,26.870547589391773,True
q2_monitoring_N55,1,ENP13,0.4987462850091379,0.4987462850091379,282.7464010258899,0.0,0.0,0,282.7464010258899,13.079653544574303,True
q2_monitoring_N55,1,ENP14,0.11667090680781306,0.11667090680781306,72.39732566415545,0.0,0.0,0,72.39732566415545,2.0578119577249976,True
q2_monitoring_N55,1,ENP15,0.5232709981744339,0.5232709981744339,352.52290021885386,0.0,0.0,0,352.52290021885386,19.89554543578926,True
q2_monitoring_N55,1,ENP16,0.8462704904076193,0.8462704904076193,183.34197597610944,0.0,0.0,0,183.34197597610944,13.996065345333257,True
q2_monitoring_N55,1,ENP17,0.7759811221386504,0.7759811221386504,214.1076906104395,0.0,0.0,0,214.1076906104395,15.582779516038745,True
q2_monitoring_N55,1,PAN_MAIN,0.09050690275828624,0.013576035413742936,9.11323398823238,0.0,0.0,0,9.11323398823238,1.3453238752914802,True
q2_monitoring_N55,1,UNSURVEYED_OTHER,0.6180719840745643,0.6180719840745643,62.52344908850351,0.0,0.0,0,62.52344908850351,4.1948884615996835,True
q2_monitoring_N56,1,ENP1,0.8787267007305369,0.8787267007305369,487.8918257320338,0.0,0.0,0,487.8918257320338,29.30514146319269,True
q2_monitoring_N56,1,ENP2,0.7670910068861497,0.7670910068861497,92.86242673020261,0.0,0.0,0,92.86242673020261,4.438241900760177,True
q2_monitoring_N56,1,ENP3410,0.19207691938710295,0.19207691938710295,155.97623258393642,0.0,0.0,0,155.97623258393642,8.375270187630129,True
q2_monitoring_N56,1,ENP5,0.05935931224515803,0.05935931224515803,30.78749585669233,0.0,0.0,0,30.78749585669233,0.8035404741553158,True
q2_monitoring_N56,1,ENP6,0.20566590478459817,0.20566590478459817,60.498350085586715,0.0,0.0,0,60.498350085586715,3.6244637410597305,True
q2_monitoring_N56,1,ENP7,0.001884980202812062,0.001884980202812062,0.5168490664988807,0.0,0.0,0,0.5168490664988807,0.01671658613475889,True
q2_monitoring_N56,1,ENP8,0.08552429819371499,0.08552429819371499,14.927386450827678,0.0,0.0,0,14.927386450827678,0.7496730377942166,True
q2_monitoring_N56,1,ENP9,0,0.0,0.0,0.0,0.0,0,0.0,0.0,True
q2_monitoring_N56,1,ENP11,0.00018708579829191134,0.00018708579829191134,0.2623210889972792,0.0,0.0,0,0.2623210889972792,0.007720103978835602,True
q2_monitoring_N56,1,ENP12,0.924851736182012,0.924851736182012,385.63847226852255,0.0,0.0,0,385.63847226852255,26.870547589391773,True
q2_monitoring_N56,1,ENP13,0.4987462850091379,0.4987462850091379,282.7464010258899,0.0,0.0,0,282.7464010258899,13.079653544574303,True
q2_monitoring_N56,1,ENP14,0.11667090680781306,0.11667090680781306,72.39732566415545,0.0,0.0,0,72.39732566415545,2.0578119577249976,True
q2_monitoring_N56,1,ENP15,0.5232709981744339,0.5232709981744339,352.52290021885386,0.0,0.0,0,352.52290021885386,19.89554543578926,True
q2_monitoring_N56,1,ENP16,0.8462704904076193,0.8462704904076193,183.34197597610944,0.0,0.0,0,183.34197597610944,13.996065345333257,True
q2_monitoring_N56,1,ENP17,0.7759811221386504,0.7759811221386504,214.1076906104395,0.0,0.0,0,214.1076906104395,15.582779516038745,True
q2_monitoring_N56,1,PAN_MAIN,0.09050690275828624,0.013576035413742936,9.11323398823238,0.0,0.0,0,9.11323398823238,1.3453238752914802,True
q2_monitoring_N56,1,UNSURVEYED_OTHER,0.6180719840745643,0.6180719840745643,62.52344908850351,0.0,0.0,0,62.52344908850351,4.1948884615996835,True
q2_monitoring_N57,1,ENP1,0.8787267007305369,0.8787267007305369,487.8918257320338,0.0,0.0,0,487.8918257320338,29.30514146319269,True
q2_monitoring_N57,1,ENP2,0.7670910068861497,0.7670910068861497,92.86242673020261,0.0,0.0,0,92.86242673020261,4.438241900760177,True
q2_monitoring_N57,1,ENP3410,0.19207691938710295,0.19207691938710295,155.97623258393642,0.0,0.0,0,155.97623258393642,8.375270187630129,True
q2_monitoring_N57,1,ENP5,0.05935931224515803,0.05935931224515803,30.78749585669233,0.0,0.0,0,30.78749585669233,0.8035404741553158,True
q2_monitoring_N57,1,ENP6,0.20566590478459817,0.20566590478459817,60.498350085586715,0.0,0.0,0,60.498350085586715,3.6244637410597305,True
q2_monitoring_N57,1,ENP7,0.001884980202812062,0.001884980202812062,0.5168490664988807,0.0,0.0,0,0.5168490664988807,0.01671658613475889,True
q2_monitoring_N57,1,ENP8,0.08552429819371499,0.08552429819371499,14.927386450827678,0.0,0.0,0,14.927386450827678,0.7496730377942166,True
q2_monitoring_N57,1,ENP9,0,0.0,0.0,0.0,0.0,0,0.0,0.0,True
q2_monitoring_N57,1,ENP11,0.00018708579829191134,0.00018708579829191134,0.2623210889972792,0.0,0.0,0,0.2623210889972792,0.007720103978835602,True
q2_monitoring_N57,1,ENP12,0.924851736182012,0.924851736182012,385.63847226852255,0.0,0.0,0,385.63847226852255,26.870547589391773,True
q2_monitoring_N57,1,ENP13,0.4987462850091379,0.4987462850091379,282.7464010258899,0.0,0.0,0,282.7464010258899,13.079653544574303,True
q2_monitoring_N57,1,ENP14,0.11667090680781306,0.11667090680781306,72.39732566415545,0.0,0.0,0,72.39732566415545,2.0578119577249976,True
q2_monitoring_N57,1,ENP15,0.5232709981744339,0.5232709981744339,352.52290021885386,0.0,0.0,0,352.52290021885386,19.89554543578926,True
q2_monitoring_N57,1,ENP16,0.8462704904076193,0.8462704904076193,183.34197597610944,0.0,0.0,0,183.34197597610944,13.996065345333257,True
q2_monitoring_N57,1,ENP17,0.7759811221386504,0.7759811221386504,214.1076906104395,0.0,0.0,0,214.1076906104395,15.582779516038745,True
q2_monitoring_N57,1,PAN_MAIN,0.09050690275828624,0.013576035413742936,9.11323398823238,0.0,0.0,0,9.11323398823238,1.3453238752914802,True
q2_monitoring_N57,1,UNSURVEYED_OTHER,0.6180719840745643,0.6180719840745643,62.52344908850351,0.0,0.0,0,62.52344908850351,4.1948884615996835,True
q2_monitoring_N59,1,ENP1,0.8787267007305369,0.8787267007305369,487.8918257320338,0.0,0.0,0,487.8918257320338,29.30514146319269,True
q2_monitoring_N59,1,ENP2,0.7670910068861497,0.7670910068861497,92.86242673020261,0.0,0.0,0,92.86242673020261,4.438241900760177,True
q2_monitoring_N59,1,ENP3410,0.19207691938710295,0.19207691938710295,155.97623258393642,0.0,0.0,0,155.97623258393642,8.375270187630129,True
q2_monitoring_N59,1,ENP5,0.05935931224515803,0.05935931224515803,30.78749585669233,0.0,0.0,0,30.78749585669233,0.8035404741553158,True
q2_monitoring_N59,1,ENP6,0.20566590478459817,0.20566590478459817,60.498350085586715,0.0,0.0,0,60.498350085586715,3.6244637410597305,True
q2_monitoring_N59,1,ENP7,0.001884980202812062,0.001884980202812062,0.5168490664988807,0.0,0.0,0,0.5168490664988807,0.01671658613475889,True
q2_monitoring_N59,1,ENP8,0.08552429819371499,0.08552429819371499,14.927386450827678,0.0,0.0,0,14.927386450827678,0.7496730377942166,True
q2_monitoring_N59,1,ENP9,0,0.0,0.0,0.0,0.0,0,0.0,0.0,True
q2_monitoring_N59,1,ENP11,0.00018708579829191134,0.00018708579829191134,0.2623210889972792,0.0,0.0,0,0.2623210889972792,0.007720103978835602,True
q2_monitoring_N59,1,ENP12,0.924851736182012,0.924851736182012,385.63847226852255,0.0,0.0,0,385.63847226852255,26.870547589391773,True
q2_monitoring_N59,1,ENP13,0.4987462850091379,0.4987462850091379,282.7464010258899,0.0,0.0,0,282.7464010258899,13.079653544574303,True
q2_monitoring_N59,1,ENP14,0.11667090680781306,0.11667090680781306,72.39732566415545,0.0,0.0,0,72.39732566415545,2.0578119577249976,True
q2_monitoring_N59,1,ENP15,0.5232709981744339,0.5232709981744339,352.52290021885386,0.0,0.0,0,352.52290021885386,19.89554543578926,True
q2_monitoring_N59,1,ENP16,0.8462704904076193,0.8462704904076193,183.34197597610944,0.0,0.0,0,183.34197597610944,13.996065345333257,True
q2_monitoring_N59,1,ENP17,0.7759811221386504,0.7759811221386504,214.1076906104395,0.0,0.0,0,214.1076906104395,15.582779516038745,True
q2_monitoring_N59,1,PAN_MAIN,0.09050690275828624,0.013576035413742936,9.11323398823238,0.0,0.0,0,9.11323398823238,1.3453238752914802,True
q2_monitoring_N59,1,UNSURVEYED_OTHER,0.6180719840745643,0.6180719840745643,62.52344908850351,0.0,0.0,0,62.52344908850351,4.1948884615996835,True
q3_peak_base_N40,8,ENP1,0.8787267007305369,0.3431236394037674,110.8514353091189,60.61859379057319,238.69527470973983,66.1001840665598,415.6468940854185,26.898743313017413,True
q3_peak_base_N40,8,ENP2,0.7670910068861497,0.2066800808983343,20.231869003217486,8.246112759115084,46.39208551247561,0,66.6239545156931,3.6649144811386565,True
q3_peak_base_N40,8,ENP3410,0.19207691938710295,0.028811537908065437,17.61033544717639,17.80499207187422,75.18387023280559,32.74037774319428,125.53458342317626,5.742439764682886,True
q3_peak_base_N40,8,ENP5,0.05935931224515803,0.008903896836773704,4.497887427165056,2.35089498353405,15.3369711586031,0,19.834858585768156,0.5222441694132504,True
q3_peak_base_N40,8,ENP6,0.20566590478459817,0.030849885717689724,6.928523626537376,5.9161091087496,30.055973452808715,77.34724836850688,114.33174544785297,2.4075020061414256,True
q3_peak_base_N40,8,ENP7,0.001884980202812062,0.0002827470304218093,0.07752735997483212,0.04089537073036889,0.24257732939652693,35.529898686002305,35.85000337537367,0.010353230679634302,True
q3_peak_base_N40,8,ENP8,0.08552429819371499,0.012828644729057247,2.239107967624151,1.3017073668905241,7.380427447624398,31.224282709138254,40.8438181243868,0.4831057573724551,True
q3_peak_base_N40,8,ENP9,0,0.0,0.0,0.0,0.0,95.13205532655968,95.13205532655968,0.0,True
q3_peak_base_N40,8,ENP11,0.00018708579829191134,2.80628697437867e-05,0.03934816334959188,0.018946881563022513,0.11827611742728535,43.92777006304324,44.08539434382012,0.004638879176044025,True
q3_peak_base_N40,8,ENP12,0.924851736182012,0.1987587902223017,36.52371356198192,50.7608786136852,180.7739686148129,40.336715057805435,257.6343972346002,17.650352384894028,True
q3_peak_base_N40,8,ENP13,0.4987462850091379,0.07481194275137068,29.35384443743598,27.903654811568448,141.34883136531738,0,170.70267580275336,8.858979220349264,True
q3_peak_base_N40,8,ENP14,0.11667090680781306,0.01750063602117196,9.614107496601688,5.163552540958393,36.15901736987461,0,45.7731248664763,1.3755132692799474,True
q3_peak_base_N40,8,ENP15,0.5232709981744339,0.0784906497261651,15.851374822039517,40.907003833314704,166.9932006451382,0,182.84457546717772,12.081402909738753,True
q3_peak_base_N40,8,ENP16,0.8462704904076193,0.3576862059150443,54.02689372527255,22.129034629899397,65.88361870923778,0,119.91051243451034,10.291387112643337,True
q3_peak_base_N40,8,ENP17,0.7759811221386504,0.31972759183103594,54.76222111279615,23.71606393571171,88.3332589005698,0,143.09548001336594,13.502488471538184,True
q3_peak_base_N40,8,PAN_MAIN,0.09050690275828624,0.013576035413742936,9.11323398823238,0.0,0.0,0,9.11323398823238,1.3453238752914802,True
q3_peak_base_N40,8,UNSURVEYED_OTHER,0.6180719840745643,0.09271079761118466,2.5610917510602533,8.884562423173206,30.48160118800425,0,33.04269293906451,2.5056299414145404,True
q3_peak_base_N44,8,ENP1,0.8787267007305369,0.7126329001270916,356.87215940184643,60.61859379057319,238.69527470973983,66.1001840665598,661.6676181781461,37.469495404628276,True
q3_peak_base_N44,8,ENP2,0.7670910068861497,0.7670910068861497,92.86242673020261,8.246112759115084,46.39208551247561,0,139.25451224267823,6.655492785052992,True
q3_peak_base_N44,8,ENP3410,0.19207691938710295,0.028811537908065437,18.721713931250935,17.80499207187422,75.18387023280559,32.74037774319428,126.64596190725081,5.362508504637075,True
q3_peak_base_N44,8,ENP5,0.05935931224515803,0.008903896836773704,4.497887427165056,2.35089498353405,15.3369711586031,0,19.834858585768156,0.5222441694132504,True
q3_peak_base_N44,8,ENP6,0.20566590478459817,0.030849885717689724,6.928523626537376,5.9161091087496,30.055973452808715,77.34724836850688,114.33174544785297,2.4075020061414256,True
q3_peak_base_N44,8,ENP7,0.001884980202812062,0.0002827470304218093,0.07752735997483212,0.04089537073036889,0.24257732939652693,35.529898686002305,35.85000337537367,0.010353230679634302,True
q3_peak_base_N44,8,ENP8,0.08552429819371499,0.012828644729057247,2.239107967624151,1.3017073668905241,7.380427447624398,31.224282709138254,40.8438181243868,0.4831057573724551,True
q3_peak_base_N44,8,ENP9,0,0.0,0.0,0.0,0.0,95.13205532655968,95.13205532655968,0.0,True
q3_peak_base_N44,8,ENP11,0.00018708579829191134,2.80628697437867e-05,0.03934816334959188,0.018946881563022513,0.11827611742728535,43.92777006304324,44.08539434382012,0.004638879176044025,True
q3_peak_base_N44,8,ENP12,0.924851736182012,0.4443736362856392,122.31894121476832,50.7608786136852,180.7739686148129,40.336715057805435,343.4296248873867,25.415305272152175,True
q3_peak_base_N44,8,ENP13,0.4987462850091379,0.07481194275137068,31.06811299769282,27.903654811568448,141.34883136531738,0,172.4169443630102,8.463703891604682,True
q3_peak_base_N44,8,ENP14,0.11667090680781306,0.01750063602117196,9.614107496601688,5.163552540958393,36.15901736987461,0,45.7731248664763,1.3755132692799474,True
q3_peak_base_N44,8,ENP15,0.5232709981744339,0.08408169127135422,17.732037782373826,40.907003833314704,166.9932006451382,0,184.725238427512,12.372207120334814,True
q3_peak_base_N44,8,ENP16,0.8462704904076193,0.5375746305385442,84.31812817035413,22.129034629899397,65.88361870923778,0,150.2017468795919,14.2769690226573,True
q3_peak_base_N44,8,ENP17,0.7759811221386504,0.46139433848154754,95.3181671819449,23.71606393571171,88.3332589005698,0,183.65142608251472,16.277223122738313,True
q3_peak_base_N44,8,PAN_MAIN,0.09050690275828624,0.013576035413742936,9.11323398823238,0.0,0.0,0,9.11323398823238,1.3453238752914802,True
q3_peak_base_N44,8,UNSURVEYED_OTHER,0.6180719840745643,0.09271079761118466,2.5610917510602533,8.884562423173206,30.48160118800425,0,33.04269293906451,2.5056299414145404,True
q3_peak_base_N45,8,ENP1,0.8787267007305369,0.8403894708159468,455.5390855835976,60.61859379057319,238.69527470973983,66.1001840665598,760.3345443598972,42.36486262825961,True
q3_peak_base_N45,8,ENP2,0.7670910068861497,0.7670910068861497,92.86242673020261,8.246112759115084,46.39208551247561,0,139.25451224267823,6.655492785052992,True
q3_peak_base_N45,8,ENP3410,0.19207691938710295,0.028811537908065437,18.721713931250935,17.80499207187422,75.18387023280559,32.74037774319428,126.64596190725081,5.362508504637075,True
q3_peak_base_N45,8,ENP5,0.05935931224515803,0.008903896836773704,4.497887427165056,2.35089498353405,15.3369711586031,0,19.834858585768156,0.5222441694132504,True
q3_peak_base_N45,8,ENP6,0.20566590478459817,0.030849885717689724,6.928523626537376,5.9161091087496,30.055973452808715,77.34724836850688,114.33174544785297,2.4075020061414256,True
q3_peak_base_N45,8,ENP7,0.001884980202812062,0.0002827470304218093,0.07752735997483212,0.04089537073036889,0.24257732939652693,35.529898686002305,35.85000337537367,0.010353230679634302,True
q3_peak_base_N45,8,ENP8,0.08552429819371499,0.012828644729057247,2.239107967624151,1.3017073668905241,7.380427447624398,31.224282709138254,40.8438181243868,0.4831057573724551,True
q3_peak_base_N45,8,ENP9,0,0.0,0.0,0.0,0.0,95.13205532655968,95.13205532655968,0.0,True
q3_peak_base_N45,8,ENP11,0.00018708579829191134,2.80628697437867e-05,0.03934816334959188,0.018946881563022513,0.11827611742728535,43.92777006304324,44.08539434382012,0.004638879176044025,True
q3_peak_base_N45,8,ENP12,0.924851736182012,0.49892118223629883,142.5411968219466,50.7608786136852,180.7739686148129,40.336715057805435,363.6518804945649,26.864679096209954,True
q3_peak_base_N45,8,ENP13,0.4987462850091379,0.07481194275137068,31.06811299769282,27.903654811568448,141.34883136531738,0,172.4169443630102,8.463703891604682,True
q3_peak_base_N45,8,ENP14,0.11667090680781306,0.01750063602117196,9.614107496601688,5.163552540958393,36.15901736987461,0,45.7731248664763,1.3755132692799474,True
q3_peak_base_N45,8,ENP15,0.5232709981744339,0.08408169127135422,17.732037782373826,40.907003833314704,166.9932006451382,0,184.725238427512,12.372207120334814,True
q3_peak_base_N45,8,ENP16,0.8462704904076193,0.5375746305385442,84.31812817035413,22.129034629899397,65.88361870923778,0,150.2017468795919,14.2769690226573,True
q3_peak_base_N45,8,ENP17,0.7759811221386504,0.46636107276641364,96.42898538907843,23.71606393571171,88.3332589005698,0,184.76224428964824,16.399154832638988,True
q3_peak_base_N45,8,PAN_MAIN,0.09050690275828624,0.013576035413742936,9.11323398823238,0.0,0.0,0,9.11323398823238,1.3453238752914802,True
q3_peak_base_N45,8,UNSURVEYED_OTHER,0.6180719840745643,0.09271079761118466,2.5610917510602533,8.884562423173206,30.48160118800425,0,33.04269293906451,2.5056299414145404,True
q3_peak_base_N46,8,ENP1,0.8787267007305369,0.8787267007305369,487.8918257320338,60.61859379057319,238.69527470973983,66.1001840665598,792.6872845083334,43.642333486177,True
q3_peak_base_N46,8,ENP2,0.7670910068861497,0.7670910068861497,92.86242673020261,8.246112759115084,46.39208551247561,0,139.25451224267823,6.655492785052992,True
q3_peak_base_N46,8,ENP3410,0.19207691938710295,0.028811537908065437,18.721713931250935,17.80499207187422,75.18387023280559,32.74037774319428,126.64596190725081,5.362508504637075,True
q3_peak_base_N46,8,ENP5,0.05935931224515803,0.008903896836773704,4.497887427165056,2.35089498353405,15.3369711586031,0,19.834858585768156,0.5222441694132504,True
q3_peak_base_N46,8,ENP6,0.20566590478459817,0.030849885717689724,6.928523626537376,5.9161091087496,30.055973452808715,77.34724836850688,114.33174544785297,2.4075020061414256,True
q3_peak_base_N46,8,ENP7,0.001884980202812062,0.0002827470304218093,0.07752735997483212,0.04089537073036889,0.24257732939652693,35.529898686002305,35.85000337537367,0.010353230679634302,True
q3_peak_base_N46,8,ENP8,0.08552429819371499,0.012828644729057247,2.239107967624151,1.3017073668905241,7.380427447624398,31.224282709138254,40.8438181243868,0.4831057573724551,True
q3_peak_base_N46,8,ENP9,0,0.0,0.0,0.0,0.0,95.13205532655968,95.13205532655968,0.0,True
q3_peak_base_N46,8,ENP11,0.00018708579829191134,2.80628697437867e-05,0.03934816334959188,0.018946881563022513,0.11827611742728535,43.92777006304324,44.08539434382012,0.004638879176044025,True
q3_peak_base_N46,8,ENP12,0.924851736182012,0.5557520898505744,164.86976610839645,50.7608786136852,180.7739686148129,40.336715057805435,385.98044978101484,28.391870671756504,True
q3_peak_base_N46,8,ENP13,0.4987462850091379,0.07481194275137068,31.06811299769282,27.903654811568448,141.34883136531738,0,172.4169443630102,8.463703891604682,True
q3_peak_base_N46,8,ENP14,0.11667090680781306,0.01750063602117196,9.614107496601688,5.163552540958393,36.15901736987461,0,45.7731248664763,1.3755132692799474,True
q3_peak_base_N46,8,ENP15,0.5232709981744339,0.15699540267139303,53.459214303623476,40.907003833314704,166.9932006451382,0,220.45241494876166,15.324257028225887,True
q3_peak_base_N46,8,ENP16,0.8462704904076193,0.5375746305385442,84.31812817035413,22.129034629899397,65.88361870923778,0,150.2017468795919,14.2769690226573,True
q3_peak_base_N46,8,ENP17,0.7759811221386504,0.5563685105769124,126.02049942979194,23.71606393571171,88.3332589005698,0,214.35375833036176,18.55355979870277,True
q3_peak_base_N46,8,PAN_MAIN,0.09050690275828624,0.013576035413742936,9.11323398823238,0.0,0.0,0,9.11323398823238,1.3453238752914802,True
q3_peak_base_N46,8,UNSURVEYED_OTHER,0.6180719840745643,0.09271079761118466,2.5610917510602533,8.884562423173206,30.48160118800425,0,33.04269293906451,2.5056299414145404,True
q3_peak_base_N50,8,ENP1,0.8787267007305369,0.8787267007305369,487.8918257320338,60.61859379057319,238.69527470973983,66.1001840665598,792.6872845083334,43.642333486177,True
q3_peak_base_N50,8,ENP2,0.7670910068861497,0.7670910068861497,92.86242673020261,8.246112759115084,46.39208551247561,0,139.25451224267823,6.655492785052992,True
q3_peak_base_N50,8,ENP3410,0.19207691938710295,0.0732752351995664,50.650238619197694,17.80499207187422,75.18387023280559,32.74037774319428,158.57448659519756,7.27217201140354,True
q3_peak_base_N50,8,ENP5,0.05935931224515803,0.008903896836773704,4.497887427165056,2.35089498353405,15.3369711586031,0,19.834858585768156,0.5222441694132504,True
q3_peak_base_N50,8,ENP6,0.20566590478459817,0.030849885717689724,6.928523626537376,5.9161091087496,30.055973452808715,77.34724836850688,114.33174544785297,2.4075020061414256,True
q3_peak_base_N50,8,ENP7,0.001884980202812062,0.001884980202812062,0.5168490664988807,0.04089537073036889,0.24257732939652693,35.529898686002305,36.289325081897715,0.024562328894179357,True
q3_peak_base_N50,8,ENP8,0.08552429819371499,0.012828644729057247,2.239107967624151,1.3017073668905241,7.380427447624398,31.224282709138254,40.8438181243868,0.4831057573724551,True
q3_peak_base_N50,8,ENP9,0,0.0,0.0,0.0,0.0,95.13205532655968,95.13205532655968,0.0,True
q3_peak_base_N50,8,ENP11,0.00018708579829191134,2.80628697437867e-05,0.03934816334959188,0.018946881563022513,0.11827611742728535,43.92777006304324,44.08539434382012,0.004638879176044025,True
q3_peak_base_N50,8,ENP12,0.924851736182012,0.8066022820224394,308.6289490405586,50.7608786136852,180.7739686148129,40.336715057805435,529.739632713177,35.53183455903226,True
q3_peak_base_N50,8,ENP13,0.4987462850091379,0.07481194275137068,31.06811299769282,27.903654811568448,141.34883136531738,0,172.4169443630102,8.463703891604682,True
q3_peak_base_N50,8,ENP14,0.11667090680781306,0.01750063602117196,9.614107496601688,5.163552540958393,36.15901736987461,0,45.7731248664763,1.3755132692799474,True
q3_peak_base_N50,8,ENP15,0.5232709981744339,0.36119557482580567,204.4903782158646,40.907003833314704,166.9932006451382,0,371.4835788610028,23.13993332026346,True
q3_peak_base_N50,8,ENP16,0.8462704904076193,0.7583875069768024,148.86409399852732,22.129034629899397,65.88361870923778,0,214.74771270776512,17.630710799977376,True
q3_peak_base_N50,8,ENP17,0.7759811221386504,0.7759811221386504,214.1076906104395,23.71606393571171,88.3332589005698,0,302.4409495110093,22.011683090012614,True
q3_peak_base_N50,8,PAN_MAIN,0.09050690275828624,0.013576035413742936,9.11323398823238,0.0,0.0,0,9.11323398823238,1.3453238752914802,True
q3_peak_base_N50,8,UNSURVEYED_OTHER,0.6180719840745643,0.09779663527867567,2.7697414757883205,8.884562423173206,30.48160118800425,0,33.25134266379257,2.5517108054272724,True
q3_peak_base_N53,8,ENP1,0.8787267007305369,0.8787267007305369,487.8918257320338,60.61859379057319,238.69527470973983,66.1001840665598,792.6872845083334,43.642333486177,True
q3_peak_base_N53,8,ENP2,0.7670910068861497,0.7670910068861497,92.86242673020261,8.246112759115084,46.39208551247561,0,139.25451224267823,6.655492785052992,True
q3_peak_base_N53,8,ENP3410,0.19207691938710295,0.19016581120415976,153.92598340782354,17.80499207187422,75.18387023280559,32.74037774319428,261.8502313838234,12.31729312850255,True
q3_peak_base_N53,8,ENP5,0.05935931224515803,0.05935931224515803,30.78749585669233,2.35089498353405,15.3369711586031,0,46.12446701529543,1.2038288618259056,True
q3_peak_base_N53,8,ENP6,0.20566590478459817,0.06621677737694845,14.871513973430375,5.9161091087496,30.055973452808715,77.34724836850688,122.27473579474596,3.103200423472228,True
q3_peak_base_N53,8,ENP7,0.001884980202812062,0.001884980202812062,0.5168490664988807,0.04089537073036889,0.24257732939652693,35.529898686002305,36.289325081897715,0.024562328894179357,True
q3_peak_base_N53,8,ENP8,0.08552429819371499,0.08552429819371499,14.927386450827678,1.3017073668905241,7.380427447624398,31.224282709138254,53.53209660759033,1.1203278394975391,True
q3_peak_base_N53,8,ENP9,0,0.0,0.0,0.0,0.0,95.13205532655968,95.13205532655968,0.0,True
q3_peak_base_N53,8,ENP11,0.00018708579829191134,2.80628697437867e-05,0.03934816334959188,0.018946881563022513,0.11827611742728535,43.92777006304324,44.08539434382012,0.004638879176044025,True
q3_peak_base_N53,8,ENP12,0.924851736182012,0.8902192279157182,358.74333965861007,50.7608786136852,180.7739686148129,40.336715057805435,579.8540233312284,38.55395715517141,True
q3_peak_base_N53,8,ENP13,0.4987462850091379,0.21995179019533062,101.77376416551742,27.903654811568448,141.34883136531738,0,243.12259553083481,12.454865578718023,True
q3_peak_base_N53,8,ENP14,0.11667090680781306,0.01750063602117196,9.614107496601688,5.163552540958393,36.15901736987461,0,45.7731248664763,1.3755132692799474,True
q3_peak_base_N53,8,ENP15,0.5232709981744339,0.4285239112871718,255.1006678511783,40.907003833314704,166.9932006451382,0,422.0938684963165,26.14855604743658,True
q3_peak_base_N53,8,ENP16,0.8462704904076193,0.8462704904076193,183.34197597610944,22.129034629899397,65.88361870923778,0,249.22559468534723,19.025526971522282,True
q3_peak_base_N53,8,ENP17,0.7759811221386504,0.7759811221386504,214.1076906104395,23.71606393571171,88.3332589005698,0,302.4409495110093,22.011683090012614,True
q3_peak_base_N53,8,PAN_MAIN,0.09050690275828624,0.013576035413742936,9.11323398823238,0.0,0.0,0,9.11323398823238,1.3453238752914802,True
q3_peak_base_N53,8,UNSURVEYED_OTHER,0.6180719840745643,0.17461151327266738,6.664906002665817,8.884562423173206,30.48160118800425,0,37.14650719067007,2.966038964850911,True
q3_peak_base_N55,8,ENP1,0.8787267007305369,0.8787267007305369,487.8918257320338,60.61859379057319,238.69527470973983,66.1001840665598,792.6872845083334,43.642333486177,True
q3_peak_base_N55,8,ENP2,0.7670910068861497,0.7670910068861497,92.86242673020261,8.246112759115084,46.39208551247561,0,139.25451224267823,6.655492785052992,True
q3_peak_base_N55,8,ENP3410,0.19207691938710295,0.19016581120415976,153.92598340782354,17.80499207187422,75.18387023280559,32.74037774319428,261.8502313838234,12.31729312850255,True
q3_peak_base_N55,8,ENP5,0.05935931224515803,0.05935931224515803,30.78749585669233,2.35089498353405,15.3369711586031,0,46.12446701529543,1.2038288618259056,True
q3_peak_base_N55,8,ENP6,0.20566590478459817,0.06621677737694845,14.871513973430375,5.9161091087496,30.055973452808715,77.34724836850688,122.27473579474596,3.103200423472228,True
q3_peak_base_N55,8,ENP7,0.001884980202812062,0.001884980202812062,0.5168490664988807,0.04089537073036889,0.24257732939652693,35.529898686002305,36.289325081897715,0.024562328894179357,True
q3_peak_base_N55,8,ENP8,0.08552429819371499,0.08552429819371499,14.927386450827678,1.3017073668905241,7.380427447624398,31.224282709138254,53.53209660759033,1.1203278394975391,True
q3_peak_base_N55,8,ENP9,0,0.0,0.0,0.0,0.0,95.13205532655968,95.13205532655968,0.0,True
q3_peak_base_N55,8,ENP11,0.00018708579829191134,2.80628697437867e-05,0.03934816334959188,0.018946881563022513,0.11827611742728535,43.92777006304324,44.08539434382012,0.004638879176044025,True
q3_peak_base_N55,8,ENP12,0.924851736182012,0.924851736182012,385.63847226852255,50.7608786136852,180.7739686148129,40.336715057805435,606.7491559411409,39.46653029312274,True
q3_peak_base_N55,8,ENP13,0.4987462850091379,0.39221117885326434,206.8290940236754,27.903654811568448,141.34883136531738,0,348.1779253889928,17.35121608233589,True
q3_peak_base_N55,8,ENP14,0.11667090680781306,0.01750063602117196,9.614107496601688,5.163552540958393,36.15901736987461,0,45.7731248664763,1.3755132692799474,True
q3_peak_base_N55,8,ENP15,0.5232709981744339,0.5232709981744339,352.52290021885386,40.907003833314704,166.9932006451382,0,519.516100863992,29.320240423946306,True
q3_peak_base_N55,8,ENP16,0.8462704904076193,0.8462704904076193,183.34197597610944,22.129034629899397,65.88361870923778,0,249.22559468534723,19.025526971522282,True
q3_peak_base_N55,8,ENP17,0.7759811221386504,0.7759811221386504,214.1076906104395,23.71606393571171,88.3332589005698,0,302.4409495110093,22.011683090012614,True
q3_peak_base_N55,8,PAN_MAIN,0.09050690275828624,0.013576035413742936,9.11323398823238,0.0,0.0,0,9.11323398823238,1.3453238752914802,True
q3_peak_base_N55,8,UNSURVEYED_OTHER,0.6180719840745643,0.32030366011535355,17.292211148291056,8.884562423173206,30.48160118800425,0,47.77381233629531,4.082998792747206,True
q3_peak_base_N56,8,ENP1,0.8787267007305369,0.8787267007305369,487.8918257320338,60.61859379057319,238.69527470973983,66.1001840665598,792.6872845083334,43.642333486177,True
q3_peak_base_N56,8,ENP2,0.7670910068861497,0.7670910068861497,92.86242673020261,8.246112759115084,46.39208551247561,0,139.25451224267823,6.655492785052992,True
q3_peak_base_N56,8,ENP3410,0.19207691938710295,0.19207691938710295,155.97623258393642,17.80499207187422,75.18387023280559,32.74037774319428,263.9004805599363,12.412329017170794,True
q3_peak_base_N56,8,ENP5,0.05935931224515803,0.05935931224515803,30.78749585669233,2.35089498353405,15.3369711586031,0,46.12446701529543,1.2038288618259056,True
q3_peak_base_N56,8,ENP6,0.20566590478459817,0.19252503578616723,56.20263004262202,5.9161091087496,30.055973452808715,77.34724836850688,163.60585186393763,5.205977584875063,True
q3_peak_base_N56,8,ENP7,0.001884980202812062,0.001884980202812062,0.5168490664988807,0.04089537073036889,0.24257732939652693,35.529898686002305,36.289325081897715,0.024562328894179357,True
q3_peak_base_N56,8,ENP8,0.08552429819371499,0.08552429819371499,14.927386450827678,1.3017073668905241,7.380427447624398,31.224282709138254,53.53209660759033,1.1203278394975391,True
q3_peak_base_N56,8,ENP9,0,0.0,0.0,0.0,0.0,95.13205532655968,95.13205532655968,0.0,True
q3_peak_base_N56,8,ENP11,0.00018708579829191134,2.80628697437867e-05,0.03934816334959188,0.018946881563022513,0.11827611742728535,43.92777006304324,44.08539434382012,0.004638879176044025,True
q3_peak_base_N56,8,ENP12,0.924851736182012,0.924851736182012,385.63847226852255,50.7608786136852,180.7739686148129,40.336715057805435,606.7491559411409,39.46653029312274,True
q3_peak_base_N56,8,ENP13,0.4987462850091379,0.4987462850091379,282.7464010258899,27.903654811568448,141.34883136531738,0,424.0952323912073,19.61835301689587,True
q3_peak_base_N56,8,ENP14,0.11667090680781306,0.01750063602117196,9.614107496601688,5.163552540958393,36.15901736987461,0,45.7731248664763,1.3755132692799474,True
q3_peak_base_N56,8,ENP15,0.5232709981744339,0.5232709981744339,352.52290021885386,40.907003833314704,166.9932006451382,0,519.516100863992,29.320240423946306,True
q3_peak_base_N56,8,ENP16,0.8462704904076193,0.8462704904076193,183.34197597610944,22.129034629899397,65.88361870923778,0,249.22559468534723,19.025526971522282,True
q3_peak_base_N56,8,ENP17,0.7759811221386504,0.7759811221386504,214.1076906104395,23.71606393571171,88.3332589005698,0,302.4409495110093,22.011683090012614,True
q3_peak_base_N56,8,PAN_MAIN,0.09050690275828624,0.013576035413742936,9.11323398823238,0.0,0.0,0,9.11323398823238,1.3453238752914802,True
q3_peak_base_N56,8,UNSURVEYED_OTHER,0.6180719840745643,0.32846124531338106,17.993538890257444,8.884562423173206,30.48160118800425,0,48.475140078261695,4.183611064951257,True
q3_peak_base_N57,8,ENP1,0.8787267007305369,0.8787267007305369,487.8918257320338,60.61859379057319,238.69527470973983,66.1001840665598,792.6872845083334,43.642333486177,True
q3_peak_base_N57,8,ENP2,0.7670910068861497,0.7670910068861497,92.86242673020261,8.246112759115084,46.39208551247561,0,139.25451224267823,6.655492785052992,True
q3_peak_base_N57,8,ENP3410,0.19207691938710295,0.19207691938710295,155.97623258393642,17.80499207187422,75.18387023280559,32.74037774319428,263.9004805599363,12.412329017170794,True
q3_peak_base_N57,8,ENP5,0.05935931224515803,0.05935931224515803,30.78749585669233,2.35089498353405,15.3369711586031,0,46.12446701529543,1.2038288618259056,True
q3_peak_base_N57,8,ENP6,0.20566590478459817,0.20566590478459817,60.498350085586715,5.9161091087496,30.055973452808715,77.34724836850688,167.90157190690232,5.425120880103137,True
q3_peak_base_N57,8,ENP7,0.001884980202812062,0.001884980202812062,0.5168490664988807,0.04089537073036889,0.24257732939652693,35.529898686002305,36.289325081897715,0.024562328894179357,True
q3_peak_base_N57,8,ENP8,0.08552429819371499,0.08552429819371499,14.927386450827678,1.3017073668905241,7.380427447624398,31.224282709138254,53.53209660759033,1.1203278394975391,True
q3_peak_base_N57,8,ENP9,0,0.0,0.0,0.0,0.0,95.13205532655968,95.13205532655968,0.0,True
q3_peak_base_N57,8,ENP11,0.00018708579829191134,0.00018708579829191134,0.2623210889972792,0.018946881563022513,0.11827611742728535,43.92777006304324,44.30836726946781,0.011200967558054286,True
q3_peak_base_N57,8,ENP12,0.924851736182012,0.924851736182012,385.63847226852255,50.7608786136852,180.7739686148129,40.336715057805435,606.7491559411409,39.46653029312274,True
q3_peak_base_N57,8,ENP13,0.4987462850091379,0.4987462850091379,282.7464010258899,27.903654811568448,141.34883136531738,0,424.0952323912073,19.61835301689587,True
q3_peak_base_N57,8,ENP14,0.11667090680781306,0.11667090680781306,72.39732566415545,5.163552540958393,36.15901736987461,0,108.55634303403005,3.085591059241646,True
q3_peak_base_N57,8,ENP15,0.5232709981744339,0.5232709981744339,352.52290021885386,40.907003833314704,166.9932006451382,0,519.516100863992,29.32024042394631,True
q3_peak_base_N57,8,ENP16,0.8462704904076193,0.8462704904076193,183.34197597610944,22.129034629899397,65.88361870923778,0,249.22559468534723,19.025526971522282,True
q3_peak_base_N57,8,ENP17,0.7759811221386504,0.7759811221386504,214.1076906104395,23.71606393571171,88.3332589005698,0,302.4409495110093,22.011683090012614,True
q3_peak_base_N57,8,PAN_MAIN,0.09050690275828624,0.013576035413742936,9.11323398823238,0.0,0.0,0,9.11323398823238,1.3453238752914802,True
q3_peak_base_N57,8,UNSURVEYED_OTHER,0.6180719840745643,0.6180719840745643,62.52344908850351,8.884562423173206,30.48160118800425,0,93.00505027650776,6.239991842471129,True
q3_peak_base_N59,8,ENP1,0.8787267007305369,0.8787267007305369,487.8918257320338,60.61859379057319,238.69527470973983,66.1001840665598,792.6872845083334,43.642333486177,True
q3_peak_base_N59,8,ENP2,0.7670910068861497,0.7670910068861497,92.86242673020261,8.246112759115084,46.39208551247561,0,139.25451224267823,6.655492785052992,True
q3_peak_base_N59,8,ENP3410,0.19207691938710295,0.19207691938710295,155.97623258393642,17.80499207187422,75.18387023280559,32.74037774319428,263.9004805599363,12.412329017170794,True
q3_peak_base_N59,8,ENP5,0.05935931224515803,0.05935931224515803,30.78749585669233,2.35089498353405,15.3369711586031,0,46.12446701529543,1.2038288618259056,True
q3_peak_base_N59,8,ENP6,0.20566590478459817,0.20566590478459817,60.498350085586715,5.9161091087496,30.055973452808715,77.34724836850688,167.90157190690232,5.425120880103137,True
q3_peak_base_N59,8,ENP7,0.001884980202812062,0.001884980202812062,0.5168490664988807,0.04089537073036889,0.24257732939652693,35.529898686002305,36.289325081897715,0.024562328894179357,True
q3_peak_base_N59,8,ENP8,0.08552429819371499,0.08552429819371499,14.927386450827678,1.3017073668905241,7.380427447624398,31.224282709138254,53.53209660759033,1.1203278394975391,True
q3_peak_base_N59,8,ENP9,0,0.0,0.0,0.0,0.0,95.13205532655968,95.13205532655968,0.0,True
q3_peak_base_N59,8,ENP11,0.00018708579829191134,0.00018708579829191134,0.2623210889972792,0.018946881563022513,0.11827611742728535,43.92777006304324,44.30836726946781,0.011200967558054286,True
q3_peak_base_N59,8,ENP12,0.924851736182012,0.924851736182012,385.63847226852255,50.7608786136852,180.7739686148129,40.336715057805435,606.7491559411409,39.46653029312274,True
q3_peak_base_N59,8,ENP13,0.4987462850091379,0.4987462850091379,282.7464010258899,27.903654811568448,141.34883136531738,0,424.0952323912073,19.61835301689587,True
q3_peak_base_N59,8,ENP14,0.11667090680781306,0.11667090680781306,72.39732566415545,5.163552540958393,36.15901736987461,0,108.55634303403005,3.085591059241646,True
q3_peak_base_N59,8,ENP15,0.5232709981744339,0.5232709981744339,352.52290021885386,40.907003833314704,166.9932006451382,0,519.516100863992,29.32024042394631,True
q3_peak_base_N59,8,ENP16,0.8462704904076193,0.8462704904076193,183.34197597610944,22.129034629899397,65.88361870923778,0,249.22559468534723,19.025526971522282,True
q3_peak_base_N59,8,ENP17,0.7759811221386504,0.7759811221386504,214.1076906104395,23.71606393571171,88.3332589005698,0,302.4409495110093,22.011683090012614,True
q3_peak_base_N59,8,PAN_MAIN,0.09050690275828624,0.013576035413742936,9.11323398823238,0.0,0.0,0,9.11323398823238,1.3453238752914802,True
q3_peak_base_N59,8,UNSURVEYED_OTHER,0.6180719840745643,0.6180719840745643,62.52344908850351,8.884562423173206,30.48160118800425,0,93.00505027650776,6.239991842471129,True
q2_monitoring_inverse_U0,1,ENP1,0.8787267007305369,0.8787267007305369,643.6721574005395,0.0,0.0,0,643.6721574005395,0.0,True
q2_monitoring_inverse_U0,1,ENP2,0.7670910068861497,0.7670910068861497,123.23237494144026,0.0,0.0,0,123.23237494144026,0.0,True
q2_monitoring_inverse_U0,1,ENP3410,0.19207691938710295,0.19207691938710295,195.91654587393762,0.0,0.0,0,195.91654587393762,0.0,True
q2_monitoring_inverse_U0,1,ENP5,0.05935931224515803,0.05935931224515803,31.093637052385475,0.0,0.0,0,31.093637052385475,0.0,True
q2_monitoring_inverse_U0,1,ENP6,0.20566590478459817,0.20566590478459817,90.01386815892918,0.0,0.0,0,90.01386815892918,0.0,True
q2_monitoring_inverse_U0,1,ENP7,0.001884980202812062,0.001884980202812062,0.5563456024984627,0.0,0.0,0,0.5563456024984627,0.0,True
q2_monitoring_inverse_U0,1,ENP8,0.08552429819371499,0.08552429819371499,20.523141971295246,0.0,0.0,0,20.523141971295246,0.0,True
q2_monitoring_inverse_U0,1,ENP9,0,0.0,0.0,0.0,0.0,0,0.0,0.0,True
q2_monitoring_inverse_U0,1,ENP11,0.00018708579829191134,0.00018708579829191134,0.2752177824681584,0.0,0.0,0,0.2752177824681584,0.0,True
q2_monitoring_inverse_U0,1,ENP12,0.924851736182012,0.924851736182012,544.4493710931165,0.0,0.0,0,544.4493710931165,0.0,True
q2_monitoring_inverse_U0,1,ENP13,0.4987462850091379,0.4987462850091379,350.72937169682524,0.0,0.0,0,350.72937169682524,0.0,True
q2_monitoring_inverse_U0,1,ENP14,0.11667090680781306,0.11667090680781306,78.42265713032351,0.0,0.0,0,78.42265713032351,0.0,True
q2_monitoring_inverse_U0,1,ENP15,0.5232709981744339,0.5232709981744339,451.5784763776543,0.0,0.0,0,451.5784763776543,0.0,True
q2_monitoring_inverse_U0,1,ENP16,0.8462704904076193,0.8462704904076193,250.52806969409235,0.0,0.0,0,250.52806969409235,0.0,True
q2_monitoring_inverse_U0,1,ENP17,0.7759811221386504,0.7759811221386504,322.14427425625786,0.0,0.0,0,322.14427425625786,0.0,True
q2_monitoring_inverse_U0,1,PAN_MAIN,0.09050690275828624,0.013576035413742934,18.489310185380752,0.0,0.0,0,18.489310185380752,0.0,True
q2_monitoring_inverse_U0,1,UNSURVEYED_OTHER,0.6180719840745643,0.6180719840745643,83.35975769084831,0.0,0.0,0,83.35975769084831,0.0,True
q2_monitoring_inverse_U40,1,ENP1,0.8787267007305369,0.8787267007305369,572.2507001070879,0.0,0.0,0,572.2507001070879,7.618714821298283,True
q2_monitoring_inverse_U40,1,ENP2,0.7670910068861497,0.7670910068861497,111.00460982664059,0.0,0.0,0,111.00460982664059,1.343347546358038,True
q2_monitoring_inverse_U40,1,ENP3410,0.19207691938710295,0.19207691938710295,176.7112090956094,0.0,0.0,0,176.7112090956094,2.276179071843737,True
q2_monitoring_inverse_U40,1,ENP5,0.05935931224515803,0.05935931224515803,31.093637052385475,0.0,0.0,0,31.093637052385475,0.0,True
q2_monitoring_inverse_U40,1,ENP6,0.20566590478459817,0.20566590478459817,60.59576817657121,0.0,0.0,0,60.59576817657121,3.6066759569355993,True
q2_monitoring_inverse_U40,1,ENP7,0.001884980202812062,0.001884980202812062,0.5563456024984627,0.0,0.0,0,0.5563456024984627,0.0,True
q2_monitoring_inverse_U40,1,ENP8,0.08552429819371499,0.08552429819371499,14.927386450827676,0.0,0.0,0,14.927386450827676,0.7496730377942165,True
q2_monitoring_inverse_U40,1,ENP9,0,0.0,0.0,0.0,0.0,0,0.0,0.0,True
q2_monitoring_inverse_U40,1,ENP11,0.00018708579829191134,0.00018708579829191134,0.2752177824681584,0.0,0.0,0,0.2752177824681584,0.0,True
q2_monitoring_inverse_U40,1,ENP12,0.924851736182012,0.924851736182012,489.69331642893707,0.0,0.0,0,489.69331642893707,6.224152454440255,True
q2_monitoring_inverse_U40,1,ENP13,0.4987462850091379,0.4987462850091379,329.4064404595956,0.0,0.0,0,329.4064404595956,2.431696581177432,True
q2_monitoring_inverse_U40,1,ENP14,0.11667090680781306,0.11667090680781306,78.42265713032351,0.0,0.0,0,78.42265713032351,0.0,True
q2_monitoring_inverse_U40,1,ENP15,0.5232709981744339,0.5232709981744339,417.2252208634458,0.0,0.0,0,417.2252208634458,4.150340832011644,True
q2_monitoring_inverse_U40,1,ENP16,0.8462704904076193,0.8462704904076193,222.834857773731,0.0,0.0,0,222.834857773731,2.7845309470023194,True
q2_monitoring_inverse_U40,1,ENP17,0.7759811221386504,0.7759811221386504,247.40438556182346,0.0,0.0,0,247.40438556182346,8.034314523096906,True
q2_monitoring_inverse_U40,1,PAN_MAIN,0.09050690275828624,0.013576035413742936,14.105102447465205,0.0,0.0,0,14.105102447465205,0.5801776874492831,True
q2_monitoring_inverse_U40,1,UNSURVEYED_OTHER,0.6180719840745643,0.6180719840745643,81.4910291570009,0.0,0.0,0,81.4910291570009,0.20019654059228786,True
q2_monitoring_inverse_U80,1,ENP1,0.8787267007305369,0.8787267007305369,534.0815643639841,0.0,0.0,0,534.0815643639841,13.933284879448513,True
q2_monitoring_inverse_U80,1,ENP2,0.7670910068861497,0.7670910068861497,98.46874317009987,0.0,0.0,0,98.46874317009987,3.2538967562264407,True
q2_monitoring_inverse_U80,1,ENP3410,0.19207691938710295,0.19207691938710295,176.10560572705066,0.0,0.0,0,176.10560572705066,2.366254394547039,True
q2_monitoring_inverse_U80,1,ENP5,0.05935931224515803,0.05935931224515803,31.093637052385475,0.0,0.0,0,31.093637052385475,0.0,True
q2_monitoring_inverse_U80,1,ENP6,0.20566590478459817,0.20566590478459817,60.498350085586715,0.0,0.0,0,60.498350085586715,3.624463741059731,True
q2_monitoring_inverse_U80,1,ENP7,0.001884980202812062,0.001884980202812062,0.5563456024984627,0.0,0.0,0,0.5563456024984627,0.0,True
q2_monitoring_inverse_U80,1,ENP8,0.08552429819371499,0.08552429819371499,14.927386450827676,0.0,0.0,0,14.927386450827676,0.7496730377942165,True
q2_monitoring_inverse_U80,1,ENP9,0,0.0,0.0,0.0,0.0,0,0.0,0.0,True
q2_monitoring_inverse_U80,1,ENP11,0.00018708579829191134,0.00018708579829191134,0.2752177824681584,0.0,0.0,0,0.2752177824681584,0.0,True
q2_monitoring_inverse_U80,1,ENP12,0.924851736182012,0.924851736182012,422.8260974293774,0.0,0.0,0,422.8260974293774,16.222755199286038,True
q2_monitoring_inverse_U80,1,ENP13,0.4987462850091379,0.4987462850091379,299.05015665953874,0.0,0.0,0,299.05015665953874,6.784823458958368,True
q2_monitoring_inverse_U80,1,ENP14,0.11667090680781306,0.11667090680781306,78.11284768474682,0.0,0.0,0,78.11284768474682,0.04943165696955299,True
q2_monitoring_inverse_U80,1,ENP15,0.5232709981744339,0.5232709981744339,372.42985328895605,0.0,0.0,0,372.42985328895605,12.085836553852747,True
q2_monitoring_inverse_U80,1,ENP16,0.8462704904076193,0.8462704904076193,204.55931795644037,0.0,0.0,0,204.55931795644037,5.817030973596478,True
q2_monitoring_inverse_U80,1,ENP17,0.7759811221386504,0.7759811221386504,226.51035534985334,0.0,0.0,0,226.51035534985334,11.048861593748848,True
q2_monitoring_inverse_U80,1,PAN_MAIN,0.09050690275828624,0.013576035413742936,9.11323398823238,0.0,0.0,0,9.11323398823238,1.3453238752914802,True
q2_monitoring_inverse_U80,1,UNSURVEYED_OTHER,0.6180719840745643,0.6180719840745643,64.10872558861912,0.0,0.0,0,64.10872558861912,2.7183638792205373,True
q2_monitoring_inverse_U120,1,ENP1,0.8787267007305369,0.8787267007305369,493.35324163749124,0.0,0.0,0,493.35324163749124,24.21802225260503,True
q2_monitoring_inverse_U120,1,ENP2,0.7670910068861497,0.7670910068861497,92.86242673020261,0.0,0.0,0,92.86242673020261,4.438241900760177,True
q2_monitoring_inverse_U120,1,ENP3410,0.19207691938710295,0.19207691938710295,158.2856908626947,0.0,0.0,0,158.2856908626947,6.022916331455702,True
q2_monitoring_inverse_U120,1,ENP5,0.05935931224515803,0.05935931224515803,31.093637052385475,0.0,0.0,0,31.093637052385475,0.0,True
q2_monitoring_inverse_U120,1,ENP6,0.20566590478459817,0.20566590478459817,60.498350085586715,0.0,0.0,0,60.498350085586715,3.624463741059731,True
q2_monitoring_inverse_U120,1,ENP7,0.001884980202812062,0.001884980202812062,0.5168490664988807,0.0,0.0,0,0.5168490664988807,0.01671658613475889,True
q2_monitoring_inverse_U120,1,ENP8,0.08552429819371499,0.08552429819371499,14.927386450827676,0.0,0.0,0,14.927386450827676,0.7496730377942165,True
q2_monitoring_inverse_U120,1,ENP9,0,0.0,0.0,0.0,0.0,0,0.0,0.0,True
q2_monitoring_inverse_U120,1,ENP11,0.00018708579829191134,0.00018708579829191134,0.2752177824681584,0.0,0.0,0,0.2752177824681584,0.0,True
q2_monitoring_inverse_U120,1,ENP12,0.924851736182012,0.924851736182012,388.53383754895754,0.0,0.0,0,388.53383754895754,24.283152128009398,True
q2_monitoring_inverse_U120,1,ENP13,0.4987462850091379,0.4987462850091379,289.74182604693254,0.0,0.0,0,289.74182604693254,8.985546522979575,True
q2_monitoring_inverse_U120,1,ENP14,0.11667090680781306,0.11667090680781306,72.39732566415545,0.0,0.0,0,72.39732566415545,2.0578119577249976,True
q2_monitoring_inverse_U120,1,ENP15,0.5232709981744339,0.5232709981744339,352.9914582217945,0.0,0.0,0,352.9914582217945,17.21134148190536,True
q2_monitoring_inverse_U120,1,ENP16,0.8462704904076193,0.8462704904076193,188.50948455459604,0.0,0.0,0,188.50948455459604,10.576269878856127,True
q2_monitoring_inverse_U120,1,ENP17,0.7759811221386504,0.7759811221386504,216.86123671901018,0.0,0.0,0,216.86123671901018,13.668867299198148,True
q2_monitoring_inverse_U120,1,PAN_MAIN,0.09050690275828624,0.013576035413742936,9.11323398823238,0.0,0.0,0,9.11323398823238,1.3453238752914802,True
q2_monitoring_inverse_U120,1,UNSURVEYED_OTHER,0.6180719840745643,0.6180719840745643,63.706094690965536,0.0,0.0,0,63.706094690965536,2.8016530062252487,True
q2_monitoring_inverse_U160,1,ENP1,0.8787267007305369,0.8787267007305369,487.8918257320338,0.0,0.0,0,487.8918257320338,29.30514146319269,True
q2_monitoring_inverse_U160,1,ENP2,0.7670910068861497,0.7670910068861497,92.86242673020261,0.0,0.0,0,92.86242673020261,4.438241900760177,True
q2_monitoring_inverse_U160,1,ENP3410,0.19207691938710295,0.19207691938710295,155.97623258393642,0.0,0.0,0,155.97623258393642,8.375270187630129,True
q2_monitoring_inverse_U160,1,ENP5,0.05935931224515803,0.05935931224515803,30.78749585669233,0.0,0.0,0,30.78749585669233,0.8035404741553158,True
q2_monitoring_inverse_U160,1,ENP6,0.20566590478459817,0.20566590478459817,60.498350085586715,0.0,0.0,0,60.498350085586715,3.6244637410597305,True
q2_monitoring_inverse_U160,1,ENP7,0.001884980202812062,0.001884980202812062,0.5168490664988807,0.0,0.0,0,0.5168490664988807,0.01671658613475889,True
q2_monitoring_inverse_U160,1,ENP8,0.08552429819371499,0.08552429819371499,14.927386450827678,0.0,0.0,0,14.927386450827678,0.7496730377942166,True
q2_monitoring_inverse_U160,1,ENP9,0,0.0,0.0,0.0,0.0,0,0.0,0.0,True
q2_monitoring_inverse_U160,1,ENP11,0.00018708579829191134,0.00018708579829191134,0.2623210889972792,0.0,0.0,0,0.2623210889972792,0.007720103978835602,True
q2_monitoring_inverse_U160,1,ENP12,0.924851736182012,0.924851736182012,385.63847226852255,0.0,0.0,0,385.63847226852255,26.870547589391773,True
q2_monitoring_inverse_U160,1,ENP13,0.4987462850091379,0.4987462850091379,282.7464010258899,0.0,0.0,0,282.7464010258899,13.079653544574303,True
q2_monitoring_inverse_U160,1,ENP14,0.11667090680781306,0.11667090680781306,72.39732566415545,0.0,0.0,0,72.39732566415545,2.0578119577249976,True
q2_monitoring_inverse_U160,1,ENP15,0.5232709981744339,0.5232709981744339,352.52290021885386,0.0,0.0,0,352.52290021885386,19.89554543578926,True
q2_monitoring_inverse_U160,1,ENP16,0.8462704904076193,0.8462704904076193,183.34197597610944,0.0,0.0,0,183.34197597610944,13.996065345333257,True
q2_monitoring_inverse_U160,1,ENP17,0.7759811221386504,0.7759811221386504,214.1076906104395,0.0,0.0,0,214.1076906104395,15.582779516038745,True
q2_monitoring_inverse_U160,1,PAN_MAIN,0.09050690275828624,0.013576035413742936,9.11323398823238,0.0,0.0,0,9.11323398823238,1.3453238752914802,True
q2_monitoring_inverse_U160,1,UNSURVEYED_OTHER,0.6180719840745643,0.6180719840745643,62.52344908850351,0.0,0.0,0,62.52344908850351,4.1948884615996835,True
q2_monitoring_inverse_U200,1,ENP1,0.8787267007305369,0.8787267007305369,487.8918257320338,0.0,0.0,0,487.8918257320338,29.30514146319269,True
q2_monitoring_inverse_U200,1,ENP2,0.7670910068861497,0.7670910068861497,92.86242673020261,0.0,0.0,0,92.86242673020261,4.438241900760177,True
q2_monitoring_inverse_U200,1,ENP3410,0.19207691938710295,0.19207691938710295,155.97623258393642,0.0,0.0,0,155.97623258393642,8.375270187630129,True
q2_monitoring_inverse_U200,1,ENP5,0.05935931224515803,0.05935931224515803,30.78749585669233,0.0,0.0,0,30.78749585669233,0.8035404741553158,True
q2_monitoring_inverse_U200,1,ENP6,0.20566590478459817,0.20566590478459817,60.498350085586715,0.0,0.0,0,60.498350085586715,3.6244637410597305,True
q2_monitoring_inverse_U200,1,ENP7,0.001884980202812062,0.001884980202812062,0.5168490664988807,0.0,0.0,0,0.5168490664988807,0.01671658613475889,True
q2_monitoring_inverse_U200,1,ENP8,0.08552429819371499,0.08552429819371499,14.927386450827678,0.0,0.0,0,14.927386450827678,0.7496730377942166,True
q2_monitoring_inverse_U200,1,ENP9,0,0.0,0.0,0.0,0.0,0,0.0,0.0,True
q2_monitoring_inverse_U200,1,ENP11,0.00018708579829191134,0.00018708579829191134,0.2623210889972792,0.0,0.0,0,0.2623210889972792,0.007720103978835602,True
q2_monitoring_inverse_U200,1,ENP12,0.924851736182012,0.924851736182012,385.63847226852255,0.0,0.0,0,385.63847226852255,26.870547589391773,True
q2_monitoring_inverse_U200,1,ENP13,0.4987462850091379,0.4987462850091379,282.7464010258899,0.0,0.0,0,282.7464010258899,13.079653544574303,True
q2_monitoring_inverse_U200,1,ENP14,0.11667090680781306,0.11667090680781306,72.39732566415545,0.0,0.0,0,72.39732566415545,2.0578119577249976,True
q2_monitoring_inverse_U200,1,ENP15,0.5232709981744339,0.5232709981744339,352.52290021885386,0.0,0.0,0,352.52290021885386,19.89554543578926,True
q2_monitoring_inverse_U200,1,ENP16,0.8462704904076193,0.8462704904076193,183.34197597610944,0.0,0.0,0,183.34197597610944,13.996065345333257,True
q2_monitoring_inverse_U200,1,ENP17,0.7759811221386504,0.7759811221386504,214.1076906104395,0.0,0.0,0,214.1076906104395,15.582779516038745,True
q2_monitoring_inverse_U200,1,PAN_MAIN,0.09050690275828624,0.013576035413742936,9.11323398823238,0.0,0.0,0,9.11323398823238,1.3453238752914802,True
q2_monitoring_inverse_U200,1,UNSURVEYED_OTHER,0.6180719840745643,0.6180719840745643,62.52344908850351,0.0,0.0,0,62.52344908850351,4.1948884615996835,True
q2_monitoring_inverse_U240,1,ENP1,0.8787267007305369,0.8787267007305369,487.8918257320338,0.0,0.0,0,487.8918257320338,29.30514146319269,True
q2_monitoring_inverse_U240,1,ENP2,0.7670910068861497,0.7670910068861497,92.86242673020261,0.0,0.0,0,92.86242673020261,4.438241900760177,True
q2_monitoring_inverse_U240,1,ENP3410,0.19207691938710295,0.19207691938710295,155.97623258393642,0.0,0.0,0,155.97623258393642,8.375270187630129,True
q2_monitoring_inverse_U240,1,ENP5,0.05935931224515803,0.05935931224515803,30.78749585669233,0.0,0.0,0,30.78749585669233,0.8035404741553158,True
q2_monitoring_inverse_U240,1,ENP6,0.20566590478459817,0.20566590478459817,60.498350085586715,0.0,0.0,0,60.498350085586715,3.6244637410597305,True
q2_monitoring_inverse_U240,1,ENP7,0.001884980202812062,0.001884980202812062,0.5168490664988807,0.0,0.0,0,0.5168490664988807,0.01671658613475889,True
q2_monitoring_inverse_U240,1,ENP8,0.08552429819371499,0.08552429819371499,14.927386450827678,0.0,0.0,0,14.927386450827678,0.7496730377942166,True
q2_monitoring_inverse_U240,1,ENP9,0,0.0,0.0,0.0,0.0,0,0.0,0.0,True
q2_monitoring_inverse_U240,1,ENP11,0.00018708579829191134,0.00018708579829191134,0.2623210889972792,0.0,0.0,0,0.2623210889972792,0.007720103978835602,True
q2_monitoring_inverse_U240,1,ENP12,0.924851736182012,0.924851736182012,385.63847226852255,0.0,0.0,0,385.63847226852255,26.870547589391773,True
q2_monitoring_inverse_U240,1,ENP13,0.4987462850091379,0.4987462850091379,282.7464010258899,0.0,0.0,0,282.7464010258899,13.079653544574303,True
q2_monitoring_inverse_U240,1,ENP14,0.11667090680781306,0.11667090680781306,72.39732566415545,0.0,0.0,0,72.39732566415545,2.0578119577249976,True
q2_monitoring_inverse_U240,1,ENP15,0.5232709981744339,0.5232709981744339,352.52290021885386,0.0,0.0,0,352.52290021885386,19.89554543578926,True
q2_monitoring_inverse_U240,1,ENP16,0.8462704904076193,0.8462704904076193,183.34197597610944,0.0,0.0,0,183.34197597610944,13.996065345333257,True
q2_monitoring_inverse_U240,1,ENP17,0.7759811221386504,0.7759811221386504,214.1076906104395,0.0,0.0,0,214.1076906104395,15.582779516038745,True
q2_monitoring_inverse_U240,1,PAN_MAIN,0.09050690275828624,0.013576035413742936,9.11323398823238,0.0,0.0,0,9.11323398823238,1.3453238752914802,True
q2_monitoring_inverse_U240,1,UNSURVEYED_OTHER,0.6180719840745643,0.6180719840745643,62.52344908850351,0.0,0.0,0,62.52344908850351,4.1948884615996835,True
q3_peak_base_inverse_U0,8,ENP1,0.8787267007305369,0.8787267007305369,643.6721574005395,60.61859379057319,314.90894975173785,66.1001840665598,1024.6812912188373,0.0,True
q3_peak_base_inverse_U0,8,ENP2,0.7670910068861497,0.7670910068861497,123.23237494144026,8.246112759115084,61.56426315240102,0,184.79663809384127,0.0,True
q3_peak_base_inverse_U0,8,ENP3410,0.19207691938710295,0.19207691938710295,195.91654587393762,17.80499207187422,94.43595294891492,32.74037774319428,323.09287656604687,0.0,True
q3_peak_base_inverse_U0,8,ENP5,0.05935931224515803,0.05935931224515803,31.093637052385475,2.35089498353405,15.489477186071568,0,46.58311423845704,0.0,True
q3_peak_base_inverse_U0,8,ENP6,0.20566590478459817,0.20566590478459817,90.01386815892918,5.9161091087496,44.719474629341235,77.34724836850688,212.0805911567773,0.0,True
q3_peak_base_inverse_U0,8,ENP7,0.001884980202812062,0.001884980202812062,0.5563456024984627,0.04089537073036889,0.2611145868749887,35.529898686002305,36.347358875375754,0.0,True
q3_peak_base_inverse_U0,8,ENP8,0.08552429819371499,0.08552429819371499,20.523141971295246,1.3017073668905241,10.147091777612632,31.224282709138254,61.89451645804613,0.0,True
q3_peak_base_inverse_U0,8,ENP9,0,0.0,0.0,0.0,0.0,95.13205532655968,95.13205532655968,0.0,True
q3_peak_base_inverse_U0,8,ENP11,0.00018708579829191134,0.00018708579829191134,0.2752177824681584,0.018946881563022513,0.12409101716415416,43.92777006304324,44.327078862675556,0.0,True
q3_peak_base_inverse_U0,8,ENP12,0.924851736182012,0.924851736182012,544.4493710931165,50.7608786136852,255.21902144091473,40.336715057805435,840.0051075918367,0.0,True
q3_peak_base_inverse_U0,8,ENP13,0.4987462850091379,0.4987462850091379,350.72937169682524,27.903654811568448,175.33445743240028,0,526.0638291292255,0.0,True
q3_peak_base_inverse_U0,8,ENP14,0.11667090680781306,0.11667090680781306,78.42265713032351,5.163552540958393,39.1683835742991,0,117.59104070462261,0.0,True
q3_peak_base_inverse_U0,8,ENP15,0.5232709981744339,0.5232709981744339,451.5784763776543,40.907003833314704,213.91669893202095,0,665.4951753096752,0.0,True
q3_peak_base_inverse_U0,8,ENP16,0.8462704904076193,0.8462704904076193,250.52806969409235,22.129034629899397,90.02682409094204,0,340.5548937850344,0.0,True
q3_peak_base_inverse_U0,8,ENP17,0.7759811221386504,0.7759811221386504,322.14427425625786,23.71606393571171,132.90533142496437,0,455.04960568122226,0.0,True
q3_peak_base_inverse_U0,8,PAN_MAIN,0.09050690275828624,0.013576035413742934,18.489310185380752,0.0,0.0,0,18.489310185380752,0.0,True
q3_peak_base_inverse_U0,8,UNSURVEYED_OTHER,0.6180719840745643,0.6180719840745643,83.35975769084831,8.884562423173206,40.63977477417066,0,123.99953246501897,0.0,True
q3_peak_base_inverse_U40,8,ENP1,0.8787267007305369,0.8787267007305369,585.1390199626057,60.61859379057319,286.27230821873496,66.1001840665598,937.5115122479004,8.769448598331394,True
q3_peak_base_inverse_U40,8,ENP2,0.7670910068861497,0.7670910068861497,111.00460982664059,8.246112759115084,55.45553279926937,0,166.46014262590995,2.0144552961552677,True
q3_peak_base_inverse_U40,8,ENP3410,0.19207691938710295,0.19207691938710295,183.58099286599713,17.80499207187422,88.4899533486245,32.74037774319428,304.81132395781594,2.0445972360661555,True
q3_peak_base_inverse_U40,8,ENP5,0.05935931224515803,0.05935931224515803,31.093637052385475,2.35089498353405,15.489477186071568,0,46.58311423845704,0.0,True
q3_peak_base_inverse_U40,8,ENP6,0.20566590478459817,0.20566590478459817,78.0701562816932,5.9161091087496,38.7857609561195,77.34724836850688,194.2031656063196,1.9496552523179087,True
q3_peak_base_inverse_U40,8,ENP7,0.001884980202812062,0.001884980202812062,0.5563456024984627,0.04089537073036889,0.2611145868749887,35.529898686002305,36.347358875375754,0.0,True
q3_peak_base_inverse_U40,8,ENP8,0.08552429819371499,0.08552429819371499,20.523141971295246,1.3017073668905241,10.147091777612632,31.224282709138254,61.89451645804613,0.0,True
q3_peak_base_inverse_U40,8,ENP9,0,0.0,0.0,0.0,0.0,95.13205532655968,95.13205532655968,0.0,True
q3_peak_base_inverse_U40,8,ENP11,0.00018708579829191134,0.00018708579829191134,0.2752177824681584,0.018946881563022513,0.12409101716415416,43.92777006304324,44.327078862675556,0.0,True
q3_peak_base_inverse_U40,8,ENP12,0.924851736182012,0.924851736182012,503.0435103679423,50.7608786136852,235.80938701525497,40.336715057805435,779.1896124410027,6.434117558366724,True
q3_peak_base_inverse_U40,8,ENP13,0.4987462850091379,0.4987462850091379,337.2355661996449,27.903654811568448,168.58871767841245,0,505.8242838780574,2.056994185843144,True
q3_peak_base_inverse_U40,8,ENP14,0.11667090680781306,0.11667090680781306,78.42265713032351,5.163552540958393,39.1683835742991,0,117.59104070462261,0.0,True
q3_peak_base_inverse_U40,8,ENP15,0.5232709981744339,0.5232709981744339,426.475970837187,40.907003833314704,199.2769058312388,0,625.7528766684258,4.710103234655396,True
q3_peak_base_inverse_U40,8,ENP16,0.8462704904076193,0.8462704904076193,222.834857773731,22.129034629899397,80.07531677636531,0,302.9101745500963,3.7851472773307266,True
q3_peak_base_inverse_U40,8,ENP17,0.7759811221386504,0.7759811221386504,265.19011129058316,23.71606393571171,109.40805858825063,0,374.5981698788338,8.069819699027835,True
q3_peak_base_inverse_U40,8,PAN_MAIN,0.09050690275828624,0.013576035413742934,18.489310185380752,0.0,0.0,0,18.489310185380752,0.0,True
q3_peak_base_inverse_U40,8,UNSURVEYED_OTHER,0.6180719840745643,0.6180719840745643,82.1363407184067,8.884562423173206,40.04333121924435,0,122.17967193765105,0.16566166190546508,True
q3_peak_base_inverse_U80,8,ENP1,0.8787267007305369,0.8787267007305369,569.6333029584982,60.61859379057319,278.6863205373187,66.1001840665598,914.4198075623767,11.901202766476892,True
q3_peak_base_inverse_U80,8,ENP2,0.7670910068861497,0.7670910068861497,111.00460982664059,8.246112759115084,55.45553279926937,0,166.46014262590995,2.0144552961552677,True
q3_peak_base_inverse_U80,8,ENP3410,0.19207691938710295,0.19207691938710295,176.7112090956094,17.80499207187422,85.1785710760573,32.74037774319428,294.630157914861,3.373345923030729,True
q3_peak_base_inverse_U80,8,ENP5,0.05935931224515803,0.05935931224515803,31.093637052385475,2.35089498353405,15.489477186071568,0,46.58311423845704,0.0,True
q3_peak_base_inverse_U80,8,ENP6,0.20566590478459817,0.20566590478459817,60.59576817657121,5.9161091087496,30.10437139345191,77.34724836850688,168.04738793853,5.398496009237585,True
q3_peak_base_inverse_U80,8,ENP7,0.001884980202812062,0.001884980202812062,0.5563456024984627,0.04089537073036889,0.2611145868749887,35.529898686002305,36.347358875375754,0.0,True
q3_peak_base_inverse_U80,8,ENP8,0.08552429819371499,0.08552429819371499,14.927386450827676,1.3017073668905241,7.380427447624398,31.224282709138254,53.53209660759033,1.1203278394975391,True
q3_peak_base_inverse_U80,8,ENP9,0,0.0,0.0,0.0,0.0,95.13205532655968,95.13205532655968,0.0,True
q3_peak_base_inverse_U80,8,ENP11,0.00018708579829191134,0.00018708579829191134,0.2752177824681584,0.018946881563022513,0.12409101716415416,43.92777006304324,44.327078862675556,0.0,True
q3_peak_base_inverse_U80,8,ENP12,0.924851736182012,0.924851736182012,454.36682364598613,50.7608786136852,207.60799702064898,40.336715057805435,702.3115357244405,17.299341326832774,True
q3_peak_base_inverse_U80,8,ENP13,0.4987462850091379,0.4987462850091379,299.05015665953874,27.903654811568448,149.49930400553666,0,448.5494606650754,10.176650422852921,True
q3_peak_base_inverse_U80,8,ENP14,0.11667090680781306,0.11667090680781306,78.42265713032351,5.163552540958393,39.1683835742991,0,117.59104070462261,0.0,True
q3_peak_base_inverse_U80,8,ENP15,0.5232709981744339,0.5232709981744339,417.2252208634458,40.907003833314704,197.6432594268529,0,614.8684802902987,6.116393814315921,True
q3_peak_base_inverse_U80,8,ENP16,0.8462704904076193,0.8462704904076193,222.834857773731,22.129034629899397,80.07531677636531,0,302.9101745500963,3.7851472773307266,True
q3_peak_base_inverse_U80,8,ENP17,0.7759811221386504,0.7759811221386504,231.93424533204006,23.71606393571171,95.68786474886407,0,327.6221100809041,14.446439796599435,True
q3_peak_base_inverse_U80,8,PAN_MAIN,0.09050690275828624,0.013576035413742936,14.105102447465205,0.0,0.0,0,14.105102447465205,0.5801776874492831,True
q3_peak_base_inverse_U80,8,UNSURVEYED_OTHER,0.6180719840745643,0.6180719840745643,65.07341637445715,8.884562423173206,31.72476814353915,0,96.7981845179963,3.7880218402209076,True
q3_peak_base_inverse_U120,8,ENP1,0.8787267007305369,0.8787267007305369,521.8921812311911,60.61859379057319,255.32954437376486,66.1001840665598,843.3219096715158,24.185825272298953,True
q3_peak_base_inverse_U120,8,ENP2,0.7670910068861497,0.7670910068861497,98.46874317009987,8.246112759115084,49.19288149474472,0,147.6616246648446,4.879474095511365,True
q3_peak_base_inverse_U120,8,ENP3410,0.19207691938710295,0.19207691938710295,176.10560572705066,17.80499207187422,84.88665733817567,32.74037774319428,293.7326408084206,3.506839472095273,True
q3_peak_base_inverse_U120,8,ENP5,0.05935931224515803,0.05935931224515803,31.093637052385475,2.35089498353405,15.489477186071568,0,46.58311423845704,0.0,True
q3_peak_base_inverse_U120,8,ENP6,0.20566590478459817,0.20566590478459817,60.498350085586715,5.9161091087496,30.055973452808715,77.34724836850688,167.90157190690232,5.425120880103138,True
q3_peak_base_inverse_U120,8,ENP7,0.001884980202812062,0.001884980202812062,0.5563456024984627,0.04089537073036889,0.2611145868749887,35.529898686002305,36.347358875375754,0.0,True
q3_peak_base_inverse_U120,8,ENP8,0.08552429819371499,0.08552429819371499,14.927386450827676,1.3017073668905241,7.380427447624398,31.224282709138254,53.53209660759033,1.1203278394975391,True
q3_peak_base_inverse_U120,8,ENP9,0,0.0,0.0,0.0,0.0,95.13205532655968,95.13205532655968,0.0,True
q3_peak_base_inverse_U120,8,ENP11,0.00018708579829191134,0.00018708579829191134,0.2752177824681584,0.018946881563022513,0.12409101716415416,43.92777006304324,44.327078862675556,0.0,True
q3_peak_base_inverse_U120,8,ENP12,0.924851736182012,0.924851736182012,422.8260974293774,50.7608786136852,198.2062402036466,40.336715057805435,661.3690526908294,23.827421357177833,True
q3_peak_base_inverse_U120,8,ENP13,0.4987462850091379,0.4987462850091379,299.05015665953874,27.903654811568448,149.03746590975462,0,448.08762256929333,10.266313174285282,True
q3_peak_base_inverse_U120,8,ENP14,0.11667090680781306,0.11667090680781306,78.11284768474682,5.163552540958393,39.01364850610161,0,117.12649619084843,0.07412041621012681,True
q3_peak_base_inverse_U120,8,ENP15,0.5232709981744339,0.5232709981744339,372.42985328895605,40.907003833314704,176.4232995300762,0,548.8531528190323,17.811003705685728,True
q3_peak_base_inverse_U120,8,ENP16,0.8462704904076193,0.8462704904076193,204.55931795644037,22.129034629899397,73.50803347630551,0,278.0673514327459,7.907370889722374,True
q3_peak_base_inverse_U120,8,ENP17,0.7759811221386504,0.7759811221386504,226.51035534985334,23.71606393571171,93.45015961702727,0,319.9605149668806,15.607231024265662,True
q3_peak_base_inverse_U120,8,PAN_MAIN,0.09050690275828624,0.013576035413742936,9.11323398823238,0.0,0.0,0,9.11323398823238,1.3453238752914802,True
q3_peak_base_inverse_U120,8,UNSURVEYED_OTHER,0.6180719840745643,0.6180719840745643,64.10872558861912,8.884562423173206,31.25445947963238,0,95.36318506825151,4.043627997855228,True
q3_peak_base_inverse_U160,8,ENP1,0.8787267007305369,0.8787267007305369,501.5054618145237,60.61859379057319,245.35558429708078,66.1001840665598,812.9612301781643,31.48300845440529,True
q3_peak_base_inverse_U160,8,ENP2,0.7670910068861497,0.7670910068861497,92.86242673020261,8.246112759115084,46.39208551247561,0,139.25451224267823,6.655492785052992,True
q3_peak_base_inverse_U160,8,ENP3410,0.19207691938710295,0.19207691938710295,158.2856908626947,17.80499207187422,76.29707837139044,32.74037774319428,267.32314697727946,8.926090439366847,True
q3_peak_base_inverse_U160,8,ENP5,0.05935931224515803,0.05935931224515803,31.093637052385475,2.35089498353405,15.489477186071568,0,46.58311423845704,0.0,True
q3_peak_base_inverse_U160,8,ENP6,0.20566590478459817,0.20566590478459817,60.498350085586715,5.9161091087496,30.055973452808715,77.34724836850688,167.90157190690232,5.425120880103138,True
q3_peak_base_inverse_U160,8,ENP7,0.001884980202812062,0.001884980202812062,0.5563456024984627,0.04089537073036889,0.2611145868749887,35.529898686002305,36.347358875375754,0.0,True
q3_peak_base_inverse_U160,8,ENP8,0.08552429819371499,0.08552429819371499,14.927386450827676,1.3017073668905241,7.380427447624398,31.224282709138254,53.53209660759033,1.1203278394975391,True
q3_peak_base_inverse_U160,8,ENP9,0,0.0,0.0,0.0,0.0,95.13205532655968,95.13205532655968,0.0,True
q3_peak_base_inverse_U160,8,ENP11,0.00018708579829191134,0.00018708579829191134,0.2752177824681584,0.018946881563022513,0.12409101716415416,43.92777006304324,44.327078862675556,0.0,True
q3_peak_base_inverse_U160,8,ENP12,0.924851736182012,0.924851736182012,392.2425279339029,50.7608786136852,183.86972134031552,40.336715057805435,616.4489643320239,33.40527753398153,True
q3_peak_base_inverse_U160,8,ENP13,0.4987462850091379,0.4987462850091379,289.74182604693254,27.903654811568448,144.845940959075,0,434.58776700600754,13.477545344515615,True
q3_peak_base_inverse_U160,8,ENP14,0.11667090680781306,0.11667090680781306,76.12529929703071,5.163552540958393,38.02096271259203,0,114.14626200962275,0.7202090199852575,True
q3_peak_base_inverse_U160,8,ENP15,0.5232709981744339,0.5232709981744339,356.6729679410573,40.907003833314704,168.12258635124397,0,524.7955542923013,23.69145324112365,True
q3_peak_base_inverse_U160,8,ENP16,0.8462704904076193,0.8462704904076193,192.93092768426084,22.129034629899397,69.32939175055955,0,262.2603194348204,11.799218530477344,True
q3_peak_base_inverse_U160,8,ENP17,0.7759811221386504,0.7759811221386504,220.10959463641518,23.71606393571171,90.8094321791257,0,310.91902681554086,17.785007422254633,True
q3_peak_base_inverse_U160,8,PAN_MAIN,0.09050690275828624,0.013576035413742936,9.11323398823238,0.0,0.0,0,9.11323398823238,1.3453238752914802,True
q3_peak_base_inverse_U160,8,UNSURVEYED_OTHER,0.6180719840745643,0.6180719840745643,63.70953647262586,8.884562423173206,31.05984572095962,0,94.76938219358547,4.165924633944784,True
q3_peak_base_inverse_U200,8,ENP1,0.8787267007305369,0.8787267007305369,489.64921148886725,60.61859379057319,239.17783061341376,66.1001840665598,794.9272261688408,40.15937638994723,True
q3_peak_base_inverse_U200,8,ENP2,0.7670910068861497,0.7670910068861497,92.86242673020261,8.246112759115084,46.39208551247561,0,139.25451224267823,6.655492785052992,True
q3_peak_base_inverse_U200,8,ENP3410,0.19207691938710295,0.19207691938710295,156.50382546396534,17.80499207187422,75.43818125167508,32.74037774319428,264.6823844588347,11.255201277777648,True
q3_peak_base_inverse_U200,8,ENP5,0.05935931224515803,0.05935931224515803,31.050124816246637,2.35089498353405,15.467801311105509,0,46.51792612735215,0.07163096319138593,True
q3_peak_base_inverse_U200,8,ENP6,0.20566590478459817,0.20566590478459817,60.498350085586715,5.9161091087496,30.055973452808715,77.34724836850688,167.90157190690232,5.425120880103138,True
q3_peak_base_inverse_U200,8,ENP7,0.001884980202812062,0.001884980202812062,0.5168490664988807,0.04089537073036889,0.24257732939652693,35.529898686002305,36.289325081897715,0.024562328894179357,True
q3_peak_base_inverse_U200,8,ENP8,0.08552429819371499,0.08552429819371499,14.927386450827676,1.3017073668905241,7.380427447624398,31.224282709138254,53.53209660759033,1.1203278394975391,True
q3_peak_base_inverse_U200,8,ENP9,0,0.0,0.0,0.0,0.0,95.13205532655968,95.13205532655968,0.0,True
q3_peak_base_inverse_U200,8,ENP11,0.00018708579829191134,0.00018708579829191134,0.2623210889972792,0.018946881563022513,0.11827611742728535,43.92777006304324,44.30836726946781,0.011200967558054286,True
q3_peak_base_inverse_U200,8,ENP12,0.924851736182012,0.924851736182012,385.63847226852255,50.7608786136852,180.7739686148129,40.336715057805435,606.7491559411409,39.46653029312274,True
q3_peak_base_inverse_U200,8,ENP13,0.4987462850091379,0.4987462850091379,282.7464010258899,27.903654811568448,141.3488313653174,0,424.09523239120733,19.61835301689587,True
q3_peak_base_inverse_U200,8,ENP14,0.11667090680781306,0.11667090680781306,72.39732566415545,5.163552540958393,36.15901736987461,0,108.55634303403005,3.085591059241646,True
q3_peak_base_inverse_U200,8,ENP15,0.5232709981744339,0.5232709981744339,352.9485440667747,40.907003833314704,167.1948318823006,0,520.1433759490753,25.44490882467585,True
q3_peak_base_inverse_U200,8,ENP16,0.8462704904076193,0.8462704904076193,183.34197597610944,22.129034629899397,65.88361870923778,0,249.22559468534723,19.025526971522282,True
q3_peak_base_inverse_U200,8,ENP17,0.7759811221386504,0.7759811221386504,214.11242367010703,23.71606393571171,88.33521159355254,0,302.44763526365955,21.992804779264436,True
q3_peak_base_inverse_U200,8,PAN_MAIN,0.09050690275828624,0.013576035413742936,9.11323398823238,0.0,0.0,0,9.11323398823238,1.3453238752914802,True
q3_peak_base_inverse_U200,8,UNSURVEYED_OTHER,0.6180719840745643,0.6180719840745643,62.624133502266794,8.884562423173206,30.53068712601506,0,93.15482062828185,5.298047747963528,True
q3_peak_base_inverse_U240,8,ENP1,0.8787267007305369,0.8787267007305369,487.8918257320338,60.61859379057319,238.69527470973983,66.1001840665598,792.6872845083334,43.642333486177,True
q3_peak_base_inverse_U240,8,ENP2,0.7670910068861497,0.7670910068861497,92.86242673020261,8.246112759115084,46.39208551247561,0,139.25451224267823,6.655492785052992,True
q3_peak_base_inverse_U240,8,ENP3410,0.19207691938710295,0.19207691938710295,155.97623258393642,17.80499207187422,75.18387023280559,32.74037774319428,263.9004805599363,12.412329017170794,True
q3_peak_base_inverse_U240,8,ENP5,0.05935931224515803,0.05935931224515803,30.78749585669233,2.35089498353405,15.3369711586031,0,46.12446701529543,1.2038288618259056,True
q3_peak_base_inverse_U240,8,ENP6,0.20566590478459817,0.20566590478459817,60.498350085586715,5.9161091087496,30.055973452808715,77.34724836850688,167.90157190690232,5.425120880103137,True
q3_peak_base_inverse_U240,8,ENP7,0.001884980202812062,0.001884980202812062,0.5168490664988807,0.04089537073036889,0.24257732939652693,35.529898686002305,36.289325081897715,0.024562328894179357,True
q3_peak_base_inverse_U240,8,ENP8,0.08552429819371499,0.08552429819371499,14.927386450827678,1.3017073668905241,7.380427447624398,31.224282709138254,53.53209660759033,1.1203278394975391,True
q3_peak_base_inverse_U240,8,ENP9,0,0.0,0.0,0.0,0.0,95.13205532655968,95.13205532655968,0.0,True
q3_peak_base_inverse_U240,8,ENP11,0.00018708579829191134,0.00018708579829191134,0.2623210889972792,0.018946881563022513,0.11827611742728535,43.92777006304324,44.30836726946781,0.011200967558054286,True
q3_peak_base_inverse_U240,8,ENP12,0.924851736182012,0.924851736182012,385.63847226852255,50.7608786136852,180.7739686148129,40.336715057805435,606.7491559411409,39.46653029312274,True
q3_peak_base_inverse_U240,8,ENP13,0.4987462850091379,0.4987462850091379,282.7464010258899,27.903654811568448,141.34883136531738,0,424.0952323912073,19.61835301689587,True
q3_peak_base_inverse_U240,8,ENP14,0.11667090680781306,0.11667090680781306,72.39732566415545,5.163552540958393,36.15901736987461,0,108.55634303403005,3.085591059241646,True
q3_peak_base_inverse_U240,8,ENP15,0.5232709981744339,0.5232709981744339,352.52290021885386,40.907003833314704,166.9932006451382,0,519.516100863992,29.32024042394631,True
q3_peak_base_inverse_U240,8,ENP16,0.8462704904076193,0.8462704904076193,183.34197597610944,22.129034629899397,65.88361870923778,0,249.22559468534723,19.025526971522282,True
q3_peak_base_inverse_U240,8,ENP17,0.7759811221386504,0.7759811221386504,214.1076906104395,23.71606393571171,88.3332589005698,0,302.4409495110093,22.011683090012614,True
q3_peak_base_inverse_U240,8,PAN_MAIN,0.09050690275828624,0.013576035413742936,9.11323398823238,0.0,0.0,0,9.11323398823238,1.3453238752914802,True
q3_peak_base_inverse_U240,8,UNSURVEYED_OTHER,0.6180719840745643,0.6180719840745643,62.52344908850351,8.884562423173206,30.48160118800425,0,93.00505027650776,6.239991842471129,True
parameter_fire_rate_2.0,8,ENP1,0.8787267007305369,0.8787267007305369,487.8918257320338,30.309296895286597,119.34763735486992,66.1001840665598,673.3396471534635,36.473737474684846,True
parameter_fire_rate_2.0,8,ENP2,0.7670910068861497,0.7670910068861497,92.86242673020261,4.123056379557542,23.196042756237805,0,116.05846948644042,5.546867342906585,True
parameter_fire_rate_2.0,8,ENP3410,0.19207691938710295,0.19207691938710295,155.97623258393642,8.90249603593711,37.591935116402794,32.74037774319428,226.3085454435335,10.393799602400462,True
parameter_fire_rate_2.0,8,ENP5,0.05935931224515803,0.05935931224515803,30.78749585669233,1.175447491767025,7.66848557930155,0,38.455981435993884,1.0036846679906108,True
parameter_fire_rate_2.0,8,ENP6,0.20566590478459817,0.20566590478459817,60.498350085586715,2.9580545543748,15.027986726404357,77.34724836850688,152.87358518049797,4.524792310581434,True
parameter_fire_rate_2.0,8,ENP7,0.001884980202812062,0.001884980202812062,0.5168490664988807,0.020447685365184445,0.12128866469826347,35.529898686002305,36.16803641719945,0.020639457514469123,True
parameter_fire_rate_2.0,8,ENP8,0.08552429819371499,0.08552429819371499,14.927386450827678,0.6508536834452621,3.690213723812199,31.224282709138254,49.841882883778126,0.9350004386458779,True
parameter_fire_rate_2.0,8,ENP9,0,0.0,0.0,0.0,0.0,95.13205532655968,95.13205532655968,0.0,True
parameter_fire_rate_2.0,8,ENP11,0.00018708579829191134,0.00018708579829191134,0.2623210889972792,0.009473440781511256,0.05913805871364267,43.92777006304324,44.249229210754166,0.009460535768444944,True
parameter_fire_rate_2.0,8,ENP12,0.924851736182012,0.924851736182012,385.63847226852255,25.3804393068426,90.38698430740645,40.336715057805435,516.3621716337344,33.16853894125725,True
parameter_fire_rate_2.0,8,ENP13,0.4987462850091379,0.4987462850091379,282.7464010258899,13.951827405784224,70.67441568265869,0,353.4208167085486,16.349003280735086,True
parameter_fire_rate_2.0,8,ENP14,0.11667090680781306,0.11667090680781306,72.39732566415545,2.5817762704791964,18.079508684937306,0,90.47683434909275,2.5717015084833212,True
parameter_fire_rate_2.0,8,ENP15,0.5232709981744339,0.5232709981744339,352.52290021885386,20.453501916657352,83.4966003225691,0,436.019500541423,24.607892929867784,True
parameter_fire_rate_2.0,8,ENP16,0.8462704904076193,0.8462704904076193,183.34197597610944,11.064517314949699,32.94180935461889,0,216.28378533072834,16.51079615842777,True
parameter_fire_rate_2.0,8,ENP17,0.7759811221386504,0.7759811221386504,214.1076906104395,11.858031967855855,44.1666294502849,0,258.2743200607244,18.79723130302568,True
parameter_fire_rate_2.0,8,PAN_MAIN,0.09050690275828624,0.013576035413742936,9.11323398823238,0.0,0.0,0,9.11323398823238,1.3453238752914802,True
parameter_fire_rate_2.0,8,UNSURVEYED_OTHER,0.6180719840745643,0.6180719840745643,62.52344908850351,4.442281211586603,15.240800594002126,0,77.76424968250564,5.217440152035406,True
parameter_fire_rate_4.0,8,ENP1,0.8787267007305369,0.8787267007305369,487.8918257320338,60.61859379057319,238.69527470973983,66.1001840665598,792.6872845083334,43.642333486177,True
parameter_fire_rate_4.0,8,ENP2,0.7670910068861497,0.7670910068861497,92.86242673020261,8.246112759115084,46.39208551247561,0,139.25451224267823,6.655492785052992,True
parameter_fire_rate_4.0,8,ENP3410,0.19207691938710295,0.19207691938710295,155.97623258393642,17.80499207187422,75.18387023280559,32.74037774319428,263.9004805599363,12.412329017170794,True
parameter_fire_rate_4.0,8,ENP5,0.05935931224515803,0.05935931224515803,30.78749585669233,2.35089498353405,15.3369711586031,0,46.12446701529543,1.2038288618259056,True
parameter_fire_rate_4.0,8,ENP6,0.20566590478459817,0.20566590478459817,60.498350085586715,5.9161091087496,30.055973452808715,77.34724836850688,167.90157190690232,5.425120880103137,True
parameter_fire_rate_4.0,8,ENP7,0.001884980202812062,0.001884980202812062,0.5168490664988807,0.04089537073036889,0.24257732939652693,35.529898686002305,36.289325081897715,0.024562328894179357,True
parameter_fire_rate_4.0,8,ENP8,0.08552429819371499,0.08552429819371499,14.927386450827678,1.3017073668905241,7.380427447624398,31.224282709138254,53.53209660759033,1.1203278394975391,True
parameter_fire_rate_4.0,8,ENP9,0,0.0,0.0,0.0,0.0,95.13205532655968,95.13205532655968,0.0,True
parameter_fire_rate_4.0,8,ENP11,0.00018708579829191134,0.00018708579829191134,0.2623210889972792,0.018946881563022513,0.11827611742728535,43.92777006304324,44.30836726946781,0.011200967558054286,True
parameter_fire_rate_4.0,8,ENP12,0.924851736182012,0.924851736182012,385.63847226852255,50.7608786136852,180.7739686148129,40.336715057805435,606.7491559411409,39.46653029312274,True
parameter_fire_rate_4.0,8,ENP13,0.4987462850091379,0.4987462850091379,282.7464010258899,27.903654811568448,141.34883136531738,0,424.0952323912073,19.61835301689587,True
parameter_fire_rate_4.0,8,ENP14,0.11667090680781306,0.11667090680781306,72.39732566415545,5.163552540958393,36.15901736987461,0,108.55634303403005,3.085591059241646,True
parameter_fire_rate_4.0,8,ENP15,0.5232709981744339,0.5232709981744339,352.52290021885386,40.907003833314704,166.9932006451382,0,519.516100863992,29.32024042394631,True
parameter_fire_rate_4.0,8,ENP16,0.8462704904076193,0.8462704904076193,183.34197597610944,22.129034629899397,65.88361870923778,0,249.22559468534723,19.025526971522282,True
parameter_fire_rate_4.0,8,ENP17,0.7759811221386504,0.7759811221386504,214.1076906104395,23.71606393571171,88.3332589005698,0,302.4409495110093,22.011683090012614,True
parameter_fire_rate_4.0,8,PAN_MAIN,0.09050690275828624,0.013576035413742936,9.11323398823238,0.0,0.0,0,9.11323398823238,1.3453238752914802,True
parameter_fire_rate_4.0,8,UNSURVEYED_OTHER,0.6180719840745643,0.6180719840745643,62.52344908850351,8.884562423173206,30.48160118800425,0,93.00505027650776,6.239991842471129,True
parameter_fire_rate_8.0,8,ENP1,0.8787267007305369,0.8787267007305369,491.3669286596479,121.23718758114639,480.7908549962616,66.1001840665598,1038.2579677224694,49.76859822389612,True
parameter_fire_rate_8.0,8,ENP2,0.7670910068861497,0.7670910068861497,92.86242673020261,16.492225518230168,92.78417102495122,0,185.64659775515383,8.872743669345805,True
parameter_fire_rate_8.0,8,ENP3410,0.19207691938710295,0.19207691938710295,158.27858202110258,35.60998414374844,152.58730351629998,32.74037774319428,343.60626328059686,11.836741546438876,True
parameter_fire_rate_8.0,8,ENP5,0.05935931224515803,0.05935931224515803,31.093637052385475,4.7017899670681,30.978954372143136,0,62.07259142452861,0.0,True
parameter_fire_rate_8.0,8,ENP6,0.20566590478459817,0.20566590478459817,60.498350085586715,11.8322182174992,60.11194690561743,77.34724836850688,197.95754535971102,7.225778019146545,True
parameter_fire_rate_8.0,8,ENP7,0.001884980202812062,0.001884980202812062,0.5168490664988807,0.08179074146073778,0.48515465879305386,35.529898686002305,36.53190241129424,0.032408071653599824,True
parameter_fire_rate_8.0,8,ENP8,0.08552429819371499,0.08552429819371499,14.927386450827676,2.6034147337810483,14.760854895248796,31.224282709138254,60.91252405521473,1.4909826412008618,True
parameter_fire_rate_8.0,8,ENP9,0,0.0,0.0,0.0,0.0,95.13205532655968,95.13205532655968,0.0,True
parameter_fire_rate_8.0,8,ENP11,0.00018708579829191134,0.00018708579829191134,0.2623210889972792,0.037893763126045026,0.2365522348545707,43.92777006304324,44.426643386895094,0.014681831137272972,True
parameter_fire_rate_8.0,8,ENP12,0.924851736182012,0.924851736182012,388.53383754895754,101.5217572273704,364.262431295816,40.336715057805435,793.132983902579,47.04935465357526,True
parameter_fire_rate_8.0,8,ENP13,0.4987462850091379,0.4987462850091379,283.54212234055734,55.807309623136895,283.493246883166,0,567.0353692237234,23.97055190254046,True
parameter_fire_rate_8.0,8,ENP14,0.11667090680781306,0.11667090680781306,72.39732566415545,10.327105081916786,72.31803473974922,0,144.71536040390467,4.1133701607582935,True
parameter_fire_rate_8.0,8,ENP15,0.5232709981744339,0.5232709981744339,352.9914582217945,81.81400766662941,334.4303213905047,0,687.4217796122991,33.517669381031695,True
parameter_fire_rate_8.0,8,ENP16,0.8462704904076193,0.8462704904076193,187.5218843803154,44.258069259798795,134.77132298127248,0,322.29320736158786,18.934016118819635,True
parameter_fire_rate_8.0,8,ENP17,0.7759811221386504,0.7759811221386504,216.779623908546,47.43212787142342,178.25555883891343,0,395.03518274745943,25.424701823078273,True
parameter_fire_rate_8.0,8,PAN_MAIN,0.09050690275828624,0.013576035413742936,9.11323398823238,0.0,0.0,0,9.11323398823238,1.3453238752914802,True
parameter_fire_rate_8.0,8,UNSURVEYED_OTHER,0.6180719840745643,0.6180719840745643,62.999889279440914,17.76912484634641,61.427753199797294,0,124.42764247923822,6.403078082085829,True
parameter_water_visits_2,8,ENP1,0.8787267007305369,0.8787267007305369,487.8918257320338,60.61859379057319,238.69527470973983,33.0500920332799,759.6371924750536,43.642333486177,True
parameter_water_visits_2,8,ENP2,0.7670910068861497,0.7670910068861497,92.86242673020261,8.246112759115084,46.39208551247561,0,139.25451224267823,6.655492785052992,True
parameter_water_visits_2,8,ENP3410,0.19207691938710295,0.19207691938710295,155.97623258393642,17.80499207187422,75.18387023280559,16.37018887159714,247.53029168833916,12.412329017170794,True
parameter_water_visits_2,8,ENP5,0.05935931224515803,0.05935931224515803,30.78749585669233,2.35089498353405,15.3369711586031,0,46.12446701529543,1.2038288618259056,True
parameter_water_visits_2,8,ENP6,0.20566590478459817,0.20566590478459817,60.498350085586715,5.9161091087496,30.055973452808715,38.67362418425344,129.22794772264888,5.425120880103137,True
parameter_water_visits_2,8,ENP7,0.001884980202812062,0.001884980202812062,0.5168490664988807,0.04089537073036889,0.24257732939652693,17.764949343001152,18.52437573889656,0.024562328894179357,True
parameter_water_visits_2,8,ENP8,0.08552429819371499,0.08552429819371499,14.927386450827678,1.3017073668905241,7.380427447624398,15.612141354569127,37.9199552530212,1.1203278394975391,True
parameter_water_visits_2,8,ENP9,0,0.0,0.0,0.0,0.0,47.56602766327984,47.56602766327984,0.0,True
parameter_water_visits_2,8,ENP11,0.00018708579829191134,0.00018708579829191134,0.2623210889972792,0.018946881563022513,0.11827611742728535,21.96388503152162,22.344482237946185,0.011200967558054286,True
parameter_water_visits_2,8,ENP12,0.924851736182012,0.924851736182012,385.63847226852255,50.7608786136852,180.7739686148129,20.168357528902717,586.5807984122381,39.46653029312274,True
parameter_water_visits_2,8,ENP13,0.4987462850091379,0.4987462850091379,282.7464010258899,27.903654811568448,141.34883136531738,0,424.0952323912073,19.61835301689587,True
parameter_water_visits_2,8,ENP14,0.11667090680781306,0.11667090680781306,72.39732566415545,5.163552540958393,36.15901736987461,0,108.55634303403005,3.085591059241646,True
parameter_water_visits_2,8,ENP15,0.5232709981744339,0.5232709981744339,352.52290021885386,40.907003833314704,166.9932006451382,0,519.516100863992,29.32024042394631,True
parameter_water_visits_2,8,ENP16,0.8462704904076193,0.8462704904076193,183.34197597610944,22.129034629899397,65.88361870923778,0,249.22559468534723,19.025526971522282,True
parameter_water_visits_2,8,ENP17,0.7759811221386504,0.7759811221386504,214.1076906104395,23.71606393571171,88.3332589005698,0,302.4409495110093,22.011683090012614,True
parameter_water_visits_2,8,PAN_MAIN,0.09050690275828624,0.013576035413742936,9.11323398823238,0.0,0.0,0,9.11323398823238,1.3453238752914802,True
parameter_water_visits_2,8,UNSURVEYED_OTHER,0.6180719840745643,0.6180719840745643,62.52344908850351,8.884562423173206,30.48160118800425,0,93.00505027650776,6.239991842471129,True
parameter_water_visits_4,8,ENP1,0.8787267007305369,0.8787267007305369,487.8918257320338,60.61859379057319,238.69527470973983,66.1001840665598,792.6872845083334,43.642333486177,True
parameter_water_visits_4,8,ENP2,0.7670910068861497,0.7670910068861497,92.86242673020261,8.246112759115084,46.39208551247561,0,139.25451224267823,6.655492785052992,True
parameter_water_visits_4,8,ENP3410,0.19207691938710295,0.19207691938710295,155.97623258393642,17.80499207187422,75.18387023280559,32.74037774319428,263.9004805599363,12.412329017170794,True
parameter_water_visits_4,8,ENP5,0.05935931224515803,0.05935931224515803,30.78749585669233,2.35089498353405,15.3369711586031,0,46.12446701529543,1.2038288618259056,True
parameter_water_visits_4,8,ENP6,0.20566590478459817,0.20566590478459817,60.498350085586715,5.9161091087496,30.055973452808715,77.34724836850688,167.90157190690232,5.425120880103137,True
parameter_water_visits_4,8,ENP7,0.001884980202812062,0.001884980202812062,0.5168490664988807,0.04089537073036889,0.24257732939652693,35.529898686002305,36.289325081897715,0.024562328894179357,True
parameter_water_visits_4,8,ENP8,0.08552429819371499,0.08552429819371499,14.927386450827678,1.3017073668905241,7.380427447624398,31.224282709138254,53.53209660759033,1.1203278394975391,True
parameter_water_visits_4,8,ENP9,0,0.0,0.0,0.0,0.0,95.13205532655968,95.13205532655968,0.0,True
parameter_water_visits_4,8,ENP11,0.00018708579829191134,0.00018708579829191134,0.2623210889972792,0.018946881563022513,0.11827611742728535,43.92777006304324,44.30836726946781,0.011200967558054286,True
parameter_water_visits_4,8,ENP12,0.924851736182012,0.924851736182012,385.63847226852255,50.7608786136852,180.7739686148129,40.336715057805435,606.7491559411409,39.46653029312274,True
parameter_water_visits_4,8,ENP13,0.4987462850091379,0.4987462850091379,282.7464010258899,27.903654811568448,141.34883136531738,0,424.0952323912073,19.61835301689587,True
parameter_water_visits_4,8,ENP14,0.11667090680781306,0.11667090680781306,72.39732566415545,5.163552540958393,36.15901736987461,0,108.55634303403005,3.085591059241646,True
parameter_water_visits_4,8,ENP15,0.5232709981744339,0.5232709981744339,352.52290021885386,40.907003833314704,166.9932006451382,0,519.516100863992,29.32024042394631,True
parameter_water_visits_4,8,ENP16,0.8462704904076193,0.8462704904076193,183.34197597610944,22.129034629899397,65.88361870923778,0,249.22559468534723,19.025526971522282,True
parameter_water_visits_4,8,ENP17,0.7759811221386504,0.7759811221386504,214.1076906104395,23.71606393571171,88.3332589005698,0,302.4409495110093,22.011683090012614,True
parameter_water_visits_4,8,PAN_MAIN,0.09050690275828624,0.013576035413742936,9.11323398823238,0.0,0.0,0,9.11323398823238,1.3453238752914802,True
parameter_water_visits_4,8,UNSURVEYED_OTHER,0.6180719840745643,0.6180719840745643,62.52344908850351,8.884562423173206,30.48160118800425,0,93.00505027650776,6.239991842471129,True
parameter_water_visits_8,8,ENP1,0.8787267007305369,0.8787267007305369,487.8918257320338,60.61859379057319,238.69527470973983,132.2003681331196,858.7874685748932,43.642333486177,True
parameter_water_visits_8,8,ENP2,0.7670910068861497,0.7670910068861497,92.86242673020261,8.246112759115084,46.39208551247561,0,139.25451224267823,6.655492785052992,True
parameter_water_visits_8,8,ENP3410,0.19207691938710295,0.19207691938710295,155.97623258393642,17.80499207187422,75.18387023280559,65.48075548638856,296.6408583031306,12.412329017170794,True
parameter_water_visits_8,8,ENP5,0.05935931224515803,0.05935931224515803,30.78749585669233,2.35089498353405,15.3369711586031,0,46.12446701529543,1.2038288618259056,True
parameter_water_visits_8,8,ENP6,0.20566590478459817,0.20566590478459817,60.498350085586715,5.9161091087496,30.055973452808715,154.69449673701376,245.2488202754092,5.425120880103137,True
parameter_water_visits_8,8,ENP7,0.001884980202812062,0.001884980202812062,0.5168490664988807,0.04089537073036889,0.24257732939652693,71.05979737200461,71.81922376790001,0.024562328894179357,True
parameter_water_visits_8,8,ENP8,0.08552429819371499,0.08552429819371499,14.927386450827678,1.3017073668905241,7.380427447624398,62.44856541827651,84.75637931672858,1.1203278394975391,True
parameter_water_visits_8,8,ENP9,0,0.0,0.0,0.0,0.0,190.26411065311936,190.26411065311936,0.0,True
parameter_water_visits_8,8,ENP11,0.00018708579829191134,0.00018708579829191134,0.2623210889972792,0.018946881563022513,0.11827611742728535,87.85554012608648,88.23613733251105,0.011200967558054286,True
parameter_water_visits_8,8,ENP12,0.924851736182012,0.924851736182012,385.63847226852255,50.7608786136852,180.7739686148129,80.67343011561087,647.0858709989463,39.46653029312274,True
parameter_water_visits_8,8,ENP13,0.4987462850091379,0.4987462850091379,282.7464010258899,27.903654811568448,141.34883136531738,0,424.0952323912073,19.61835301689587,True
parameter_water_visits_8,8,ENP14,0.11667090680781306,0.11667090680781306,72.39732566415545,5.163552540958393,36.15901736987461,0,108.55634303403005,3.085591059241646,True
parameter_water_visits_8,8,ENP15,0.5232709981744339,0.5232709981744339,352.52290021885386,40.907003833314704,166.9932006451382,0,519.516100863992,29.32024042394631,True
parameter_water_visits_8,8,ENP16,0.8462704904076193,0.8462704904076193,183.34197597610944,22.129034629899397,65.88361870923778,0,249.22559468534723,19.025526971522282,True
parameter_water_visits_8,8,ENP17,0.7759811221386504,0.7759811221386504,214.1076906104395,23.71606393571171,88.3332589005698,0,302.4409495110093,22.011683090012614,True
parameter_water_visits_8,8,PAN_MAIN,0.09050690275828624,0.013576035413742936,9.11323398823238,0.0,0.0,0,9.11323398823238,1.3453238752914802,True
parameter_water_visits_8,8,UNSURVEYED_OTHER,0.6180719840745643,0.6180719840745643,62.52344908850351,8.884562423173206,30.48160118800425,0,93.00505027650776,6.239991842471129,True
parameter_water_onsite_hours_0.25,8,ENP1,0.8787267007305369,0.8787267007305369,487.8918257320338,60.61859379057319,238.69527470973983,58.10018406655981,784.6872845083334,43.642333486177,True
parameter_water_onsite_hours_0.25,8,ENP2,0.7670910068861497,0.7670910068861497,92.86242673020261,8.246112759115084,46.39208551247561,0,139.25451224267823,6.655492785052992,True
parameter_water_onsite_hours_0.25,8,ENP3410,0.19207691938710295,0.19207691938710295,155.97623258393642,17.80499207187422,75.18387023280559,28.74037774319428,259.9004805599363,12.412329017170794,True
parameter_water_onsite_hours_0.25,8,ENP5,0.05935931224515803,0.05935931224515803,30.78749585669233,2.35089498353405,15.3369711586031,0,46.12446701529543,1.2038288618259056,True
parameter_water_onsite_hours_0.25,8,ENP6,0.20566590478459817,0.20566590478459817,60.498350085586715,5.9161091087496,30.055973452808715,71.34724836850688,161.90157190690232,5.425120880103137,True
parameter_water_onsite_hours_0.25,8,ENP7,0.001884980202812062,0.001884980202812062,0.5168490664988807,0.04089537073036889,0.24257732939652693,33.529898686002305,34.289325081897715,0.024562328894179357,True
parameter_water_onsite_hours_0.25,8,ENP8,0.08552429819371499,0.08552429819371499,14.927386450827678,1.3017073668905241,7.380427447624398,29.224282709138254,51.53209660759033,1.1203278394975391,True
parameter_water_onsite_hours_0.25,8,ENP9,0,0.0,0.0,0.0,0.0,91.13205532655968,91.13205532655968,0.0,True
parameter_water_onsite_hours_0.25,8,ENP11,0.00018708579829191134,0.00018708579829191134,0.2623210889972792,0.018946881563022513,0.11827611742728535,41.92777006304324,42.30836726946781,0.011200967558054286,True
parameter_water_onsite_hours_0.25,8,ENP12,0.924851736182012,0.924851736182012,385.63847226852255,50.7608786136852,180.7739686148129,34.33671505780543,600.7491559411409,39.46653029312274,True
parameter_water_onsite_hours_0.25,8,ENP13,0.4987462850091379,0.4987462850091379,282.7464010258899,27.903654811568448,141.34883136531738,0,424.0952323912073,19.61835301689587,True
parameter_water_onsite_hours_0.25,8,ENP14,0.11667090680781306,0.11667090680781306,72.39732566415545,5.163552540958393,36.15901736987461,0,108.55634303403005,3.085591059241646,True
parameter_water_onsite_hours_0.25,8,ENP15,0.5232709981744339,0.5232709981744339,352.52290021885386,40.907003833314704,166.9932006451382,0,519.516100863992,29.32024042394631,True
parameter_water_onsite_hours_0.25,8,ENP16,0.8462704904076193,0.8462704904076193,183.34197597610944,22.129034629899397,65.88361870923778,0,249.22559468534723,19.025526971522282,True
parameter_water_onsite_hours_0.25,8,ENP17,0.7759811221386504,0.7759811221386504,214.1076906104395,23.71606393571171,88.3332589005698,0,302.4409495110093,22.011683090012614,True
parameter_water_onsite_hours_0.25,8,PAN_MAIN,0.09050690275828624,0.013576035413742936,9.11323398823238,0.0,0.0,0,9.11323398823238,1.3453238752914802,True
parameter_water_onsite_hours_0.25,8,UNSURVEYED_OTHER,0.6180719840745643,0.6180719840745643,62.52344908850351,8.884562423173206,30.48160118800425,0,93.00505027650776,6.239991842471129,True
parameter_water_onsite_hours_0.5,8,ENP1,0.8787267007305369,0.8787267007305369,487.8918257320338,60.61859379057319,238.69527470973983,66.1001840665598,792.6872845083334,43.642333486177,True
parameter_water_onsite_hours_0.5,8,ENP2,0.7670910068861497,0.7670910068861497,92.86242673020261,8.246112759115084,46.39208551247561,0,139.25451224267823,6.655492785052992,True
parameter_water_onsite_hours_0.5,8,ENP3410,0.19207691938710295,0.19207691938710295,155.97623258393642,17.80499207187422,75.18387023280559,32.74037774319428,263.9004805599363,12.412329017170794,True
parameter_water_onsite_hours_0.5,8,ENP5,0.05935931224515803,0.05935931224515803,30.78749585669233,2.35089498353405,15.3369711586031,0,46.12446701529543,1.2038288618259056,True
parameter_water_onsite_hours_0.5,8,ENP6,0.20566590478459817,0.20566590478459817,60.498350085586715,5.9161091087496,30.055973452808715,77.34724836850688,167.90157190690232,5.425120880103137,True
parameter_water_onsite_hours_0.5,8,ENP7,0.001884980202812062,0.001884980202812062,0.5168490664988807,0.04089537073036889,0.24257732939652693,35.529898686002305,36.289325081897715,0.024562328894179357,True
parameter_water_onsite_hours_0.5,8,ENP8,0.08552429819371499,0.08552429819371499,14.927386450827678,1.3017073668905241,7.380427447624398,31.224282709138254,53.53209660759033,1.1203278394975391,True
parameter_water_onsite_hours_0.5,8,ENP9,0,0.0,0.0,0.0,0.0,95.13205532655968,95.13205532655968,0.0,True
parameter_water_onsite_hours_0.5,8,ENP11,0.00018708579829191134,0.00018708579829191134,0.2623210889972792,0.018946881563022513,0.11827611742728535,43.92777006304324,44.30836726946781,0.011200967558054286,True
parameter_water_onsite_hours_0.5,8,ENP12,0.924851736182012,0.924851736182012,385.63847226852255,50.7608786136852,180.7739686148129,40.336715057805435,606.7491559411409,39.46653029312274,True
parameter_water_onsite_hours_0.5,8,ENP13,0.4987462850091379,0.4987462850091379,282.7464010258899,27.903654811568448,141.34883136531738,0,424.0952323912073,19.61835301689587,True
parameter_water_onsite_hours_0.5,8,ENP14,0.11667090680781306,0.11667090680781306,72.39732566415545,5.163552540958393,36.15901736987461,0,108.55634303403005,3.085591059241646,True
parameter_water_onsite_hours_0.5,8,ENP15,0.5232709981744339,0.5232709981744339,352.52290021885386,40.907003833314704,166.9932006451382,0,519.516100863992,29.32024042394631,True
parameter_water_onsite_hours_0.5,8,ENP16,0.8462704904076193,0.8462704904076193,183.34197597610944,22.129034629899397,65.88361870923778,0,249.22559468534723,19.025526971522282,True
parameter_water_onsite_hours_0.5,8,ENP17,0.7759811221386504,0.7759811221386504,214.1076906104395,23.71606393571171,88.3332589005698,0,302.4409495110093,22.011683090012614,True
parameter_water_onsite_hours_0.5,8,PAN_MAIN,0.09050690275828624,0.013576035413742936,9.11323398823238,0.0,0.0,0,9.11323398823238,1.3453238752914802,True
parameter_water_onsite_hours_0.5,8,UNSURVEYED_OTHER,0.6180719840745643,0.6180719840745643,62.52344908850351,8.884562423173206,30.48160118800425,0,93.00505027650776,6.239991842471129,True
parameter_water_onsite_hours_1.0,8,ENP1,0.8787267007305369,0.8787267007305369,487.8918257320338,60.61859379057319,238.69527470973983,82.1001840665598,808.6872845083334,43.642333486177,True
parameter_water_onsite_hours_1.0,8,ENP2,0.7670910068861497,0.7670910068861497,92.86242673020261,8.246112759115084,46.39208551247561,0,139.25451224267823,6.655492785052992,True
parameter_water_onsite_hours_1.0,8,ENP3410,0.19207691938710295,0.19207691938710295,155.97623258393642,17.80499207187422,75.18387023280559,40.74037774319428,271.9004805599363,12.412329017170794,True
parameter_water_onsite_hours_1.0,8,ENP5,0.05935931224515803,0.05935931224515803,30.78749585669233,2.35089498353405,15.3369711586031,0,46.12446701529543,1.2038288618259056,True
parameter_water_onsite_hours_1.0,8,ENP6,0.20566590478459817,0.20566590478459817,60.498350085586715,5.9161091087496,30.055973452808715,89.34724836850688,179.90157190690232,5.425120880103137,True
parameter_water_onsite_hours_1.0,8,ENP7,0.001884980202812062,0.001884980202812062,0.5168490664988807,0.04089537073036889,0.24257732939652693,39.529898686002305,40.289325081897715,0.024562328894179357,True
parameter_water_onsite_hours_1.0,8,ENP8,0.08552429819371499,0.08552429819371499,14.927386450827678,1.3017073668905241,7.380427447624398,35.22428270913825,57.532096607590326,1.1203278394975391,True
parameter_water_onsite_hours_1.0,8,ENP9,0,0.0,0.0,0.0,0.0,103.13205532655968,103.13205532655968,0.0,True
parameter_water_onsite_hours_1.0,8,ENP11,0.00018708579829191134,0.00018708579829191134,0.2623210889972792,0.018946881563022513,0.11827611742728535,47.92777006304324,48.30836726946781,0.011200967558054286,True
parameter_water_onsite_hours_1.0,8,ENP12,0.924851736182012,0.924851736182012,385.63847226852255,50.7608786136852,180.7739686148129,52.336715057805435,618.7491559411409,39.46653029312274,True
parameter_water_onsite_hours_1.0,8,ENP13,0.4987462850091379,0.4987462850091379,282.7464010258899,27.903654811568448,141.34883136531738,0,424.0952323912073,19.61835301689587,True
parameter_water_onsite_hours_1.0,8,ENP14,0.11667090680781306,0.11667090680781306,72.39732566415545,5.163552540958393,36.15901736987461,0,108.55634303403005,3.085591059241646,True
parameter_water_onsite_hours_1.0,8,ENP15,0.5232709981744339,0.5232709981744339,352.52290021885386,40.907003833314704,166.9932006451382,0,519.516100863992,29.32024042394631,True
parameter_water_onsite_hours_1.0,8,ENP16,0.8462704904076193,0.8462704904076193,183.34197597610944,22.129034629899397,65.88361870923778,0,249.22559468534723,19.025526971522282,True
parameter_water_onsite_hours_1.0,8,ENP17,0.7759811221386504,0.7759811221386504,214.1076906104395,23.71606393571171,88.3332589005698,0,302.4409495110093,22.011683090012614,True
parameter_water_onsite_hours_1.0,8,PAN_MAIN,0.09050690275828624,0.013576035413742936,9.11323398823238,0.0,0.0,0,9.11323398823238,1.3453238752914802,True
parameter_water_onsite_hours_1.0,8,UNSURVEYED_OTHER,0.6180719840745643,0.6180719840745643,62.52344908850351,8.884562423173206,30.48160118800425,0,93.00505027650776,6.239991842471129,True
joint_N45_U0,8,ENP1,0.8787267007305369,0.4246339044726528,245.74836915021373,60.61859379057319,314.90894975173785,66.1001840665598,626.7575029685114,0.0,True
joint_N45_U0,8,ENP2,0.7670910068861497,0.2510903830432189,39.361858229401435,8.246112759115084,61.56426315240102,0,100.92612138180246,0.0,True
joint_N45_U0,8,ENP3410,0.19207691938710295,0.02881153790806544,23.607585983210086,17.80499207187422,94.43595294891492,32.74037774319428,150.7839166753193,0.0,True
joint_N45_U0,8,ENP5,0.05935931224515803,0.008903896836773704,4.569453397667563,2.35089498353405,15.489477186071568,0,20.05893058373913,0.0,True
joint_N45_U0,8,ENP6,0.20566590478459817,0.030849885717689724,12.49300684444181,5.9161091087496,44.719474629341235,77.34724836850688,134.55972984228993,0.0,True
joint_N45_U0,8,ENP7,0.001884980202812062,0.0002827470304218093,0.0834518403747694,0.04089537073036889,0.2611145868749887,35.529898686002305,35.874465113252064,0.0,True
joint_N45_U0,8,ENP8,0.08552429819371499,0.012828644729057247,3.078471295694287,1.3017073668905241,10.147091777612632,31.224282709138254,44.44984578244517,0.0,True
joint_N45_U0,8,ENP9,0,0.0,0.0,0.0,0.0,95.13205532655968,95.13205532655968,0.0,True
joint_N45_U0,8,ENP11,0.00018708579829191134,2.80628697437867e-05,0.04128266737022377,0.018946881563022513,0.12409101716415416,43.92777006304324,44.09314374757762,0.0,True
joint_N45_U0,8,ENP12,0.924851736182012,0.22212356107239328,65.84186259733342,50.7608786136852,255.2190214409147,40.336715057805435,361.39759909605357,0.0,True
joint_N45_U0,8,ENP13,0.4987462850091379,0.07481194275137068,40.73851970688476,27.903654811568448,175.33445743240028,0,216.07297713928506,0.0,True
joint_N45_U0,8,ENP14,0.11667090680781306,0.01750063602117196,11.221029950408795,5.163552540958393,39.16838357429909,0,50.38941352470789,0.0,True
joint_N45_U0,8,ENP15,0.5232709981744339,0.0784906497261651,24.111664402325676,40.907003833314704,213.91669893202095,0,238.02836333434664,0.0,True
joint_N45_U0,8,ENP16,0.8462704904076193,0.3214495075344565,58.61300272333459,22.129034629899397,90.02682409094204,0,148.63982681427663,0.0,True
joint_N45_U0,8,ENP17,0.7759811221386504,0.2174831806876912,58.20054867508322,23.71606393571171,132.90533142496437,0,191.10588010004759,0.0,True
joint_N45_U0,8,PAN_MAIN,0.09050690275828624,0.013576035413742936,18.489310185380752,0.0,0.0,0,18.489310185380752,0.0,True
joint_N45_U0,8,UNSURVEYED_OTHER,0.6180719840745643,0.09271079761118466,2.6011435749142575,8.884562423173206,40.63977477417066,0,43.24091834908492,0.0,True
joint_N45_U80,8,ENP1,0.8787267007305369,0.7242317723385338,428.0708514447387,60.61859379057319,251.00172315808337,66.1001840665598,745.1727586693819,19.558481671345056,True
joint_N45_U80,8,ENP2,0.7670910068861497,0.7670910068861497,92.86242673020261,8.246112759115084,46.39208551247561,0,139.25451224267823,6.655492785052992,True
joint_N45_U80,8,ENP3410,0.19207691938710295,0.028811537908065437,19.4338274030396,17.80499207187422,76.29707837139044,32.74037774319428,128.47128351762433,3.639916566461216,True
joint_N45_U80,8,ENP5,0.05935931224515803,0.008903896836773704,4.569453397667563,2.35089498353405,15.489477186071568,0,20.05893058373913,0.0,True
joint_N45_U80,8,ENP6,0.20566590478459817,0.030849885717689724,6.928523626537376,5.9161091087496,30.055973452808715,77.34724836850688,114.33174544785297,2.4075020061414256,True
joint_N45_U80,8,ENP7,0.001884980202812062,0.0002827470304218093,0.0834518403747694,0.04089537073036889,0.2611145868749887,35.529898686002305,35.874465113252064,0.0,True
joint_N45_U80,8,ENP8,0.08552429819371499,0.012828644729057247,2.239107967624151,1.3017073668905241,7.380427447624398,31.224282709138254,40.8438181243868,0.4831057573724551,True
joint_N45_U80,8,ENP9,0,0.0,0.0,0.0,0.0,95.13205532655968,95.13205532655968,0.0,True
joint_N45_U80,8,ENP11,0.00018708579829191134,2.80628697437867e-05,0.04128266737022377,0.018946881563022513,0.12409101716415416,43.92777006304324,44.09314374757762,0.0,True
joint_N45_U80,8,ENP12,0.924851736182012,0.38957561975261373,116.68158027853599,50.7608786136852,188.6117493268308,40.336715057805435,345.63004466317227,15.860884253735485,True
joint_N45_U80,8,ENP13,0.4987462850091379,0.07481194275137068,32.77144783502928,27.903654811568448,147.23327233380016,0,180.00472016882944,4.892050055030759,True
joint_N45_U80,8,ENP14,0.11667090680781306,0.017500636021171963,11.147353442778451,5.163552540958393,38.18189340341971,0,49.32924684619816,0.254437619589619,True
joint_N45_U80,8,ENP15,0.5232709981744339,0.0784906497261651,17.89161415762213,40.907003833314704,176.42329953007624,0,194.31491368769838,6.739285454942275,True
joint_N45_U80,8,ENP16,0.8462704904076193,0.43483494268720196,78.13981810164215,22.129034629899397,71.87136472275311,0,150.01118282439526,4.433996586239068,True
joint_N45_U80,8,ENP17,0.7759811221386504,0.46139433848154754,101.34547091546288,23.71606393571171,93.33495696504836,0,194.68042788051125,12.369137145936953,True
joint_N45_U80,8,PAN_MAIN,0.09050690275828624,0.013576035413742936,9.11323398823238,0.0,0.0,0,9.11323398823238,1.3453238752914802,True
joint_N45_U80,8,UNSURVEYED_OTHER,0.6180719840745643,0.09271079761118466,2.6011435749142575,8.884562423173206,31.082373550242593,0,33.683517125156854,1.3603862228612147,True
joint_N45_U120,8,ENP1,0.8787267007305369,0.8146058855464418,442.50671157095326,60.61859379057319,240.3954274981308,66.1001840665598,749.0023231356439,34.9831423065611,True
joint_N45_U120,8,ENP2,0.7670910068861497,0.7670910068861497,92.86242673020261,8.246112759115084,46.39208551247561,0,139.25451224267823,6.655492785052992,True
joint_N45_U120,8,ENP3410,0.19207691938710295,0.028811537908065437,19.426718561447476,17.80499207187422,76.29365175814998,32.74037774319428,128.46074806279174,3.6455585377315662,True
joint_N45_U120,8,ENP5,0.05935931224515803,0.008903896836773704,4.569453397667563,2.35089498353405,15.48947718607157,0,20.058930583739134,0.0,True
joint_N45_U120,8,ENP6,0.20566590478459817,0.030849885717689724,6.928523626537376,5.9161091087496,30.055973452808715,77.34724836850688,114.33174544785297,2.4075020061414256,True
joint_N45_U120,8,ENP7,0.001884980202812062,0.0002827470304218093,0.07752735997483214,0.04089537073036889,0.24257732939652693,35.529898686002305,35.85000337537367,0.010353230679634302,True
joint_N45_U120,8,ENP8,0.08552429819371499,0.012828644729057247,2.239107967624151,1.3017073668905241,7.380427447624398,31.224282709138254,40.8438181243868,0.4831057573724551,True
joint_N45_U120,8,ENP9,0,0.0,0.0,0.0,0.0,95.13205532655968,95.13205532655968,0.0,True
joint_N45_U120,8,ENP11,0.00018708579829191134,2.80628697437867e-05,0.03934816334959188,0.018946881563022513,0.11827611742728535,43.92777006304324,44.08539434382012,0.004638879176044025,True
joint_N45_U120,8,ENP12,0.924851736182012,0.49892118223629883,145.25959123528165,50.7608786136852,182.07284035035963,40.336715057805435,367.66914664344677,23.22154945797801,True
joint_N45_U120,8,ENP13,0.4987462850091379,0.07481194275137068,31.06811299769282,27.903654811568448,141.746623441583,0,172.81473643927583,7.917125861139321,True
joint_N45_U120,8,ENP14,0.11667090680781306,0.01750063602117196,9.61410749660169,5.163552540958393,36.15901736987461,0,45.7731248664763,1.3755132692799477,True
joint_N45_U120,8,ENP15,0.5232709981744339,0.08408169127135422,17.955422397439484,40.907003833314704,167.21516069525234,0,185.17058309269183,9.754932492015062,True
joint_N45_U120,8,ENP16,0.8462704904076193,0.537574630538544,88.23985836766845,22.129034629899397,66.72469610949672,0,154.96455447716517,10.874040068900236,True
joint_N45_U120,8,ENP17,0.7759811221386504,0.46139433848154754,95.7145209695419,23.71606393571171,88.49873314495598,0,184.2132541144979,15.71182001491985,True
joint_N45_U120,8,PAN_MAIN,0.09050690275828624,0.013576035413742936,9.11323398823238,0.0,0.0,0,9.11323398823238,1.3453238752914802,True
joint_N45_U120,8,UNSURVEYED_OTHER,0.6180719840745643,0.09271079761118466,2.5769704960385402,8.884562423173206,30.684865197479578,0,33.261835693518115,1.60990145776085,True
joint_N45_U160,8,ENP1,0.8787267007305369,0.8403894708159468,455.5390855835976,60.61859379057319,238.69527470973983,66.1001840665598,760.3345443598972,42.36486262825961,True
joint_N45_U160,8,ENP2,0.7670910068861497,0.7670910068861497,92.86242673020261,8.246112759115084,46.39208551247561,0,139.25451224267823,6.655492785052992,True
joint_N45_U160,8,ENP3410,0.19207691938710295,0.028811537908065437,18.721713931250935,17.80499207187422,75.18387023280559,32.74037774319428,126.64596190725081,5.362508504637075,True
joint_N45_U160,8,ENP5,0.05935931224515803,0.008903896836773704,4.497887427165056,2.35089498353405,15.3369711586031,0,19.834858585768156,0.5222441694132504,True
joint_N45_U160,8,ENP6,0.20566590478459817,0.030849885717689724,6.928523626537376,5.9161091087496,30.055973452808715,77.34724836850688,114.33174544785297,2.4075020061414256,True
joint_N45_U160,8,ENP7,0.001884980202812062,0.0002827470304218093,0.07752735997483212,0.04089537073036889,0.24257732939652693,35.529898686002305,35.85000337537367,0.010353230679634302,True
joint_N45_U160,8,ENP8,0.08552429819371499,0.012828644729057247,2.239107967624151,1.3017073668905241,7.380427447624398,31.224282709138254,40.8438181243868,0.4831057573724551,True
joint_N45_U160,8,ENP9,0,0.0,0.0,0.0,0.0,95.13205532655968,95.13205532655968,0.0,True
joint_N45_U160,8,ENP11,0.00018708579829191134,2.80628697437867e-05,0.03934816334959188,0.018946881563022513,0.11827611742728535,43.92777006304324,44.08539434382012,0.004638879176044025,True
joint_N45_U160,8,ENP12,0.924851736182012,0.49892118223629883,142.5411968219466,50.7608786136852,180.7739686148129,40.336715057805435,363.6518804945649,26.864679096209954,True
joint_N45_U160,8,ENP13,0.4987462850091379,0.07481194275137068,31.06811299769282,27.903654811568448,141.34883136531738,0,172.4169443630102,8.463703891604682,True
joint_N45_U160,8,ENP14,0.11667090680781306,0.01750063602117196,9.614107496601688,5.163552540958393,36.15901736987461,0,45.7731248664763,1.3755132692799474,True
joint_N45_U160,8,ENP15,0.5232709981744339,0.08408169127135422,17.732037782373826,40.907003833314704,166.9932006451382,0,184.725238427512,12.372207120334814,True
joint_N45_U160,8,ENP16,0.8462704904076193,0.5375746305385442,84.31812817035413,22.129034629899397,65.88361870923778,0,150.2017468795919,14.2769690226573,True
joint_N45_U160,8,ENP17,0.7759811221386504,0.4663610727664114,96.42898538907792,23.71606393571171,88.3332589005698,0,184.76224428964773,16.39915483263893,True
joint_N45_U160,8,PAN_MAIN,0.09050690275828624,0.013576035413742936,9.11323398823238,0.0,0.0,0,9.11323398823238,1.3453238752914802,True
joint_N45_U160,8,UNSURVEYED_OTHER,0.6180719840745643,0.09271079761118466,2.5610917510602533,8.884562423173206,30.48160118800425,0,33.04269293906451,2.5056299414145404,True
joint_N45_U200,8,ENP1,0.8787267007305369,0.8403894708159468,455.5390855835976,60.61859379057319,238.69527470973983,66.1001840665598,760.3345443598972,42.36486262825961,True
joint_N45_U200,8,ENP2,0.7670910068861497,0.7670910068861497,92.86242673020261,8.246112759115084,46.39208551247561,0,139.25451224267823,6.655492785052992,True
joint_N45_U200,8,ENP3410,0.19207691938710295,0.028811537908065437,18.721713931250935,17.80499207187422,75.18387023280559,32.74037774319428,126.64596190725081,5.362508504637075,True
joint_N45_U200,8,ENP5,0.05935931224515803,0.008903896836773704,4.497887427165056,2.35089498353405,15.3369711586031,0,19.834858585768156,0.5222441694132504,True
joint_N45_U200,8,ENP6,0.20566590478459817,0.030849885717689724,6.928523626537376,5.9161091087496,30.055973452808715,77.34724836850688,114.33174544785297,2.4075020061414256,True
joint_N45_U200,8,ENP7,0.001884980202812062,0.0002827470304218093,0.07752735997483212,0.04089537073036889,0.24257732939652693,35.529898686002305,35.85000337537367,0.010353230679634302,True
joint_N45_U200,8,ENP8,0.08552429819371499,0.012828644729057247,2.239107967624151,1.3017073668905241,7.380427447624398,31.224282709138254,40.8438181243868,0.4831057573724551,True
joint_N45_U200,8,ENP9,0,0.0,0.0,0.0,0.0,95.13205532655968,95.13205532655968,0.0,True
joint_N45_U200,8,ENP11,0.00018708579829191134,2.80628697437867e-05,0.03934816334959188,0.018946881563022513,0.11827611742728535,43.92777006304324,44.08539434382012,0.004638879176044025,True
joint_N45_U200,8,ENP12,0.924851736182012,0.49892118223629883,142.5411968219466,50.7608786136852,180.7739686148129,40.336715057805435,363.6518804945649,26.864679096209954,True
joint_N45_U200,8,ENP13,0.4987462850091379,0.07481194275137068,31.06811299769282,27.903654811568448,141.34883136531738,0,172.4169443630102,8.463703891604682,True
joint_N45_U200,8,ENP14,0.11667090680781306,0.01750063602117196,9.614107496601688,5.163552540958393,36.15901736987461,0,45.7731248664763,1.3755132692799474,True
joint_N45_U200,8,ENP15,0.5232709981744339,0.08408169127135422,17.732037782373826,40.907003833314704,166.9932006451382,0,184.725238427512,12.372207120334814,True
joint_N45_U200,8,ENP16,0.8462704904076193,0.5375746305385442,84.31812817035413,22.129034629899397,65.88361870923778,0,150.2017468795919,14.2769690226573,True
joint_N45_U200,8,ENP17,0.7759811221386504,0.4663610727664114,96.42898538907792,23.71606393571171,88.3332589005698,0,184.76224428964773,16.39915483263893,True
joint_N45_U200,8,PAN_MAIN,0.09050690275828624,0.013576035413742936,9.11323398823238,0.0,0.0,0,9.11323398823238,1.3453238752914802,True
joint_N45_U200,8,UNSURVEYED_OTHER,0.6180719840745643,0.09271079761118466,2.5610917510602533,8.884562423173206,30.48160118800425,0,33.04269293906451,2.5056299414145404,True
joint_N45_U240,8,ENP1,0.8787267007305369,0.8403894708159468,455.5390855835976,60.61859379057319,238.69527470973983,66.1001840665598,760.3345443598972,42.36486262825961,True
joint_N45_U240,8,ENP2,0.7670910068861497,0.7670910068861497,92.86242673020261,8.246112759115084,46.39208551247561,0,139.25451224267823,6.655492785052992,True
joint_N45_U240,8,ENP3410,0.19207691938710295,0.028811537908065437,18.721713931250935,17.80499207187422,75.18387023280559,32.74037774319428,126.64596190725081,5.362508504637075,True
joint_N45_U240,8,ENP5,0.05935931224515803,0.008903896836773704,4.497887427165056,2.35089498353405,15.3369711586031,0,19.834858585768156,0.5222441694132504,True
joint_N45_U240,8,ENP6,0.20566590478459817,0.030849885717689724,6.928523626537376,5.9161091087496,30.055973452808715,77.34724836850688,114.33174544785297,2.4075020061414256,True
joint_N45_U240,8,ENP7,0.001884980202812062,0.0002827470304218093,0.07752735997483212,0.04089537073036889,0.24257732939652693,35.529898686002305,35.85000337537367,0.010353230679634302,True
joint_N45_U240,8,ENP8,0.08552429819371499,0.012828644729057247,2.239107967624151,1.3017073668905241,7.380427447624398,31.224282709138254,40.8438181243868,0.4831057573724551,True
joint_N45_U240,8,ENP9,0,0.0,0.0,0.0,0.0,95.13205532655968,95.13205532655968,0.0,True
joint_N45_U240,8,ENP11,0.00018708579829191134,2.80628697437867e-05,0.03934816334959188,0.018946881563022513,0.11827611742728535,43.92777006304324,44.08539434382012,0.004638879176044025,True
joint_N45_U240,8,ENP12,0.924851736182012,0.49892118223629883,142.5411968219466,50.7608786136852,180.7739686148129,40.336715057805435,363.6518804945649,26.864679096209954,True
joint_N45_U240,8,ENP13,0.4987462850091379,0.07481194275137068,31.06811299769282,27.903654811568448,141.34883136531738,0,172.4169443630102,8.463703891604682,True
joint_N45_U240,8,ENP14,0.11667090680781306,0.01750063602117196,9.614107496601688,5.163552540958393,36.15901736987461,0,45.7731248664763,1.3755132692799474,True
joint_N45_U240,8,ENP15,0.5232709981744339,0.08408169127135422,17.732037782373826,40.907003833314704,166.9932006451382,0,184.725238427512,12.372207120334814,True
joint_N45_U240,8,ENP16,0.8462704904076193,0.5375746305385442,84.31812817035413,22.129034629899397,65.88361870923778,0,150.2017468795919,14.2769690226573,True
joint_N45_U240,8,ENP17,0.7759811221386504,0.46636107276641364,96.42898538907843,23.71606393571171,88.3332589005698,0,184.76224428964824,16.399154832638988,True
joint_N45_U240,8,PAN_MAIN,0.09050690275828624,0.013576035413742936,9.11323398823238,0.0,0.0,0,9.11323398823238,1.3453238752914802,True
joint_N45_U240,8,UNSURVEYED_OTHER,0.6180719840745643,0.09271079761118466,2.5610917510602533,8.884562423173206,30.48160118800425,0,33.04269293906451,2.5056299414145404,True
joint_N50_U0,8,ENP1,0.8787267007305369,0.7483872138168697,517.6486232749069,60.61859379057319,314.90894975173785,66.1001840665598,898.6577570932045,0.0,True
joint_N50_U0,8,ENP2,0.7670910068861497,0.7670910068861497,123.23237494144026,8.246112759115084,61.56426315240102,0,184.79663809384127,0.0,True
joint_N50_U0,8,ENP3410,0.19207691938710295,0.028811537908065434,24.200984418849785,17.80499207187422,94.43595294891492,32.74037774319428,151.377315110959,0.0,True
joint_N50_U0,8,ENP5,0.05935931224515803,0.008903896836773704,4.569453397667563,2.35089498353405,15.489477186071568,0,20.05893058373913,0.0,True
joint_N50_U0,8,ENP6,0.20566590478459817,0.030849885717689724,12.49300684444181,5.9161091087496,44.719474629341235,77.34724836850688,134.55972984228993,0.0,True
joint_N50_U0,8,ENP7,0.001884980202812062,0.0002827470304218093,0.0834518403747694,0.04089537073036889,0.2611145868749887,35.529898686002305,35.874465113252064,0.0,True
joint_N50_U0,8,ENP8,0.08552429819371499,0.012828644729057247,3.078471295694287,1.3017073668905241,10.147091777612632,31.224282709138254,44.44984578244517,0.0,True
joint_N50_U0,8,ENP9,0,0.0,0.0,0.0,0.0,95.13205532655968,95.13205532655968,0.0,True
joint_N50_U0,8,ENP11,0.00018708579829191134,2.80628697437867e-05,0.04128266737022377,0.018946881563022513,0.12409101716415416,43.92777006304324,44.09314374757762,0.0,True
joint_N50_U0,8,ENP12,0.924851736182012,0.41766184556855707,172.16656864556856,50.7608786136852,255.2190214409147,40.336715057805435,467.7223051442887,0.0,True
joint_N50_U0,8,ENP13,0.4987462850091379,0.07481194275137068,40.73851970688476,27.903654811568448,175.33445743240028,0,216.07297713928506,0.0,True
joint_N50_U0,8,ENP14,0.11667090680781306,0.017500636021171963,11.457162888355137,5.163552540958393,39.16838357429909,0,50.62554646265423,0.0,True
joint_N50_U0,8,ENP15,0.5232709981744339,0.0784906497261651,24.111664402325676,40.907003833314704,213.91669893202095,0,238.02836333434664,0.0,True
joint_N50_U0,8,ENP16,0.8462704904076193,0.43483494268720196,89.66108317871247,22.129034629899397,90.02682409094204,0,179.68790726965452,0.0,True
joint_N50_U0,8,ENP17,0.7759811221386504,0.4703942451969062,164.22745994794678,23.71606393571171,132.90533142496437,0,297.13279137291113,0.0,True
joint_N50_U0,8,PAN_MAIN,0.09050690275828624,0.013576035413742936,18.489310185380752,0.0,0.0,0,18.489310185380752,0.0,True
joint_N50_U0,8,UNSURVEYED_OTHER,0.6180719840745643,0.09271079761118466,2.6011435749142575,8.884562423173206,40.63977477417066,0,43.24091834908492,0.0,True
joint_N50_U80,8,ENP1,0.8787267007305369,0.8787267007305369,544.1381728801432,60.61859379057319,266.2131312833632,66.1001840665598,876.4514882300663,17.923316174364402,True
joint_N50_U80,8,ENP2,0.7670910068861497,0.7670910068861497,98.46874317009987,8.246112759115084,49.19288149474472,0,147.6616246648446,4.879474095511365,True
joint_N50_U80,8,ENP3410,0.19207691938710295,0.028811537908065437,25.334951948490776,17.80499207187422,84.88665733817567,32.74037774319428,142.96198702986072,1.140585077548234,True
joint_N50_U80,8,ENP5,0.05935931224515803,0.008903896836773704,4.569453397667563,2.35089498353405,15.489477186071568,0,20.05893058373913,0.0,True
joint_N50_U80,8,ENP6,0.20566590478459817,0.030849885717689724,6.928523626537376,5.9161091087496,30.055973452808715,77.34724836850688,114.33174544785297,2.4075020061414256,True
joint_N50_U80,8,ENP7,0.001884980202812062,0.0002827470304218093,0.0834518403747694,0.04089537073036889,0.2611145868749887,35.529898686002305,35.874465113252064,0.0,True
joint_N50_U80,8,ENP8,0.08552429819371499,0.012828644729057247,2.239107967624151,1.3017073668905241,7.380427447624398,31.224282709138254,40.8438181243868,0.4831057573724551,True
joint_N50_U80,8,ENP9,0,0.0,0.0,0.0,0.0,95.13205532655968,95.13205532655968,0.0,True
joint_N50_U80,8,ENP11,0.00018708579829191134,2.80628697437867e-05,0.04128266737022377,0.018946881563022513,0.12409101716415416,43.92777006304324,44.09314374757762,0.0,True
joint_N50_U80,8,ENP12,0.924851736182012,0.6986494313330248,281.88071862397805,50.7608786136852,198.34448730349823,40.336715057805435,520.5619209852817,17.402944859877962,True
joint_N50_U80,8,ENP13,0.4987462850091379,0.07481194275137068,39.96116277700082,27.903654811568448,149.49930400553663,0,189.46046678253745,3.4971034027609,True
joint_N50_U80,8,ENP14,0.11667090680781306,0.017500636021171963,11.147353442778451,5.163552540958393,39.01364850610161,0,50.16100194888006,0.07412041621012681,True
joint_N50_U80,8,ENP15,0.5232709981744339,0.2069002002545076,102.75256085621827,40.907003833314704,184.27327520202502,0,287.02583605824327,7.024721587964315,True
joint_N50_U80,8,ENP16,0.8462704904076193,0.70544668696006,149.4579824897321,22.129034629899397,73.50803347630551,0,222.96601596603762,6.890071137963886,True
joint_N50_U80,8,ENP17,0.7759811221386504,0.7200415225803428,195.99244459018132,23.71606393571171,93.45015961702727,0,289.4426042072086,15.607231024265662,True
joint_N50_U80,8,PAN_MAIN,0.09050690275828624,0.013576035413742936,9.11323398823238,0.0,0.0,0,9.11323398823238,1.3453238752914802,True
joint_N50_U80,8,UNSURVEYED_OTHER,0.6180719840745643,0.09271079761118466,2.6011435749142575,8.884562423173206,31.25851815669433,0,33.85966173160859,1.3245005847277682,True
joint_N50_U120,8,ENP1,0.8787267007305369,0.8787267007305369,508.1226385871147,60.61859379057319,248.59295935489538,66.1001840665598,822.8157820085698,28.59976751145817,True
joint_N50_U120,8,ENP2,0.7670910068861497,0.7670910068861497,92.86242673020261,8.246112759115084,46.39208551247561,0,139.25451224267823,6.655492785052992,True
joint_N50_U120,8,ENP3410,0.19207691938710295,0.028811537908065437,21.328144728584334,17.80499207187422,76.29707837139044,32.74037774319428,130.36560084316906,3.4102812957782356,True
joint_N50_U120,8,ENP5,0.05935931224515803,0.008903896836773704,4.569453397667563,2.35089498353405,15.489477186071568,0,20.05893058373913,0.0,True
joint_N50_U120,8,ENP6,0.20566590478459817,0.030849885717689724,6.928523626537376,5.9161091087496,30.055973452808715,77.34724836850688,114.33174544785297,2.4075020061414256,True
joint_N50_U120,8,ENP7,0.001884980202812062,0.001884980202812062,0.5563456024984627,0.04089537073036889,0.2611145868749887,35.529898686002305,36.347358875375754,0.0,True
joint_N50_U120,8,ENP8,0.08552429819371499,0.012828644729057247,2.239107967624151,1.3017073668905241,7.380427447624398,31.224282709138254,40.8438181243868,0.4831057573724551,True
joint_N50_U120,8,ENP9,0,0.0,0.0,0.0,0.0,95.13205532655968,95.13205532655968,0.0,True
joint_N50_U120,8,ENP11,0.00018708579829191134,2.80628697437867e-05,0.04128266737022377,0.018946881563022513,0.12409101716415416,43.92777006304324,44.09314374757762,0.0,True
joint_N50_U120,8,ENP12,0.924851736182012,0.8066022820224394,315.233004705939,50.7608786136852,183.86972134031552,40.336715057805435,539.4394411040599,29.470581799891054,True
joint_N50_U120,8,ENP13,0.4987462850091379,0.07481194275137068,32.77144783502928,27.903654811568448,144.845940959075,0,177.61738879410427,5.552287146838941,True
joint_N50_U120,8,ENP14,0.11667090680781306,0.01750063602117196,9.737867225859004,5.163552540958393,38.02096271259203,0,47.758829938451036,0.5436986691134449,True
joint_N50_U120,8,ENP15,0.5232709981744339,0.28567470079093077,152.37285021249693,40.907003833314704,170.65610428474423,0,323.02895449724116,13.928215766748815,True
joint_N50_U120,8,ENP16,0.8462704904076193,0.7583875069768024,164.15983221497513,22.129034629899397,71.05935607397448,0,235.21918828894962,8.453390180214777,True
joint_N50_U120,8,ENP17,0.7759811221386504,0.7759811221386504,220.10959463641518,23.71606393571171,90.8094321791257,0,310.91902681554086,17.785007422254633,True
joint_N50_U120,8,PAN_MAIN,0.09050690275828624,0.013576035413742936,9.11323398823238,0.0,0.0,0,9.11323398823238,1.3453238752914802,True
joint_N50_U120,8,UNSURVEYED_OTHER,0.6180719840745643,0.09271079761118466,2.6011435749142575,8.884562423173206,31.05984572095962,0,33.660989295873875,1.3653457838435525,True
joint_N50_U160,8,ENP1,0.8787267007305369,0.8787267007305369,490.097308346143,60.61859379057319,239.56856813271884,66.1001840665598,795.7660605454216,39.232210934758484,True
joint_N50_U160,8,ENP2,0.7670910068861497,0.7670910068861497,92.86242673020261,8.246112759115084,46.39208551247561,0,139.25451224267823,6.655492785052992,True
joint_N50_U160,8,ENP3410,0.19207691938710295,0.05344894213741252,36.83321885700704,17.80499207187422,75.6504492021652,32.74037774319428,145.22404580236653,5.258886634433849,True
joint_N50_U160,8,ENP5,0.05935931224515803,0.008903896836773704,4.569453397667563,2.35089498353405,15.48947718607157,0,20.058930583739134,0.0,True
joint_N50_U160,8,ENP6,0.20566590478459817,0.030849885717689724,6.928523626537376,5.9161091087496,30.055973452808715,77.34724836850688,114.33174544785297,2.4075020061414256,True
joint_N50_U160,8,ENP7,0.001884980202812062,0.001884980202812062,0.5168490664988807,0.04089537073036889,0.24257732939652693,35.529898686002305,36.289325081897715,0.024562328894179357,True
joint_N50_U160,8,ENP8,0.08552429819371499,0.012828644729057247,2.239107967624151,1.3017073668905241,7.380427447624398,31.224282709138254,40.8438181243868,0.4831057573724551,True
joint_N50_U160,8,ENP9,0,0.0,0.0,0.0,0.0,95.13205532655968,95.13205532655968,0.0,True
joint_N50_U160,8,ENP11,0.00018708579829191134,2.80628697437867e-05,0.03934816334959188,0.018946881563022513,0.11827611742728535,43.92777006304324,44.08539434382012,0.004638879176044025,True
joint_N50_U160,8,ENP12,0.924851736182012,0.8066022820224394,309.83120947725774,50.7608786136852,181.3375466965644,40.336715057805435,531.5054712316276,33.71906007074109,True
joint_N50_U160,8,ENP13,0.4987462850091379,0.07481194275137068,31.06811299769282,27.903654811568448,141.746623441583,0,172.81473643927583,7.917125861139321,True
joint_N50_U160,8,ENP14,0.11667090680781306,0.01750063602117196,9.614107496601688,5.163552540958393,36.15901736987461,0,45.7731248664763,1.3755132692799474,True
joint_N50_U160,8,ENP15,0.5232709981744339,0.37006313633961774,211.5020435261263,40.907003833314704,167.21516069525234,0,378.71720422137867,20.79474396430539,True
joint_N50_U160,8,ENP16,0.8462704904076193,0.7583875069768024,148.86409399852732,22.129034629899397,65.88361870923778,0,214.74771270776512,17.630710799977376,True
joint_N50_U160,8,ENP17,0.7759811221386504,0.7759811221386504,214.50877745770404,23.71606393571171,88.49873314495598,0,303.00751060266003,21.432915417893405,True
joint_N50_U160,8,PAN_MAIN,0.09050690275828624,0.013576035413742936,9.11323398823238,0.0,0.0,0,9.11323398823238,1.3453238752914802,True
joint_N50_U160,8,UNSURVEYED_OTHER,0.6180719840745643,0.09699380701346338,2.7490702185210236,8.884562423173206,30.586048151669132,0,33.33511837019016,1.718207415542578,True
joint_N50_U200,8,ENP1,0.8787267007305369,0.8787267007305369,487.8918257320338,60.61859379057319,238.69527470973983,66.1001840665598,792.6872845083334,43.642333486177,True
joint_N50_U200,8,ENP2,0.7670910068861497,0.7670910068861497,92.86242673020261,8.246112759115084,46.39208551247561,0,139.25451224267823,6.655492785052992,True
joint_N50_U200,8,ENP3410,0.19207691938710295,0.0732752351995664,50.650238619197694,17.80499207187422,75.18387023280559,32.74037774319428,158.57448659519756,7.27217201140354,True
joint_N50_U200,8,ENP5,0.05935931224515803,0.008903896836773704,4.497887427165056,2.35089498353405,15.3369711586031,0,19.834858585768156,0.5222441694132504,True
joint_N50_U200,8,ENP6,0.20566590478459817,0.030849885717689724,6.928523626537376,5.9161091087496,30.055973452808715,77.34724836850688,114.33174544785297,2.4075020061414256,True
joint_N50_U200,8,ENP7,0.001884980202812062,0.001884980202812062,0.5168490664988807,0.04089537073036889,0.24257732939652693,35.529898686002305,36.289325081897715,0.024562328894179357,True
joint_N50_U200,8,ENP8,0.08552429819371499,0.012828644729057247,2.239107967624151,1.3017073668905241,7.380427447624398,31.224282709138254,40.8438181243868,0.4831057573724551,True
joint_N50_U200,8,ENP9,0,0.0,0.0,0.0,0.0,95.13205532655968,95.13205532655968,0.0,True
joint_N50_U200,8,ENP11,0.00018708579829191134,2.80628697437867e-05,0.03934816334959188,0.018946881563022513,0.11827611742728535,43.92777006304324,44.08539434382012,0.004638879176044025,True
joint_N50_U200,8,ENP12,0.924851736182012,0.8066022820224394,308.6289490405586,50.7608786136852,180.7739686148129,40.336715057805435,529.739632713177,35.53183455903226,True
joint_N50_U200,8,ENP13,0.4987462850091379,0.07481194275137068,31.06811299769282,27.903654811568448,141.34883136531738,0,172.4169443630102,8.463703891604682,True
joint_N50_U200,8,ENP14,0.11667090680781306,0.01750063602117196,9.614107496601688,5.163552540958393,36.15901736987461,0,45.7731248664763,1.3755132692799474,True
joint_N50_U200,8,ENP15,0.5232709981744339,0.3611955748258067,204.49037821586532,40.907003833314704,166.9932006451382,0,371.4835788610035,23.1399333202635,True
joint_N50_U200,8,ENP16,0.8462704904076193,0.7583875069768024,148.86409399852732,22.129034629899397,65.88361870923778,0,214.74771270776512,17.630710799977376,True
joint_N50_U200,8,ENP17,0.7759811221386504,0.7759811221386504,214.1076906104395,23.71606393571171,88.3332589005698,0,302.4409495110093,22.011683090012614,True
joint_N50_U200,8,PAN_MAIN,0.09050690275828624,0.013576035413742936,9.11323398823238,0.0,0.0,0,9.11323398823238,1.3453238752914802,True
joint_N50_U200,8,UNSURVEYED_OTHER,0.6180719840745643,0.09779663527867567,2.7697414757883205,8.884562423173206,30.48160118800425,0,33.25134266379257,2.5517108054272724,True
joint_N50_U240,8,ENP1,0.8787267007305369,0.8787267007305369,487.8918257320338,60.61859379057319,238.69527470973983,66.1001840665598,792.6872845083334,43.642333486177,True
joint_N50_U240,8,ENP2,0.7670910068861497,0.7670910068861497,92.86242673020261,8.246112759115084,46.39208551247561,0,139.25451224267823,6.655492785052992,True
joint_N50_U240,8,ENP3410,0.19207691938710295,0.0732752351995664,50.650238619197694,17.80499207187422,75.18387023280559,32.74037774319428,158.57448659519756,7.27217201140354,True
joint_N50_U240,8,ENP5,0.05935931224515803,0.008903896836773704,4.497887427165056,2.35089498353405,15.3369711586031,0,19.834858585768156,0.5222441694132504,True
joint_N50_U240,8,ENP6,0.20566590478459817,0.030849885717689724,6.928523626537376,5.9161091087496,30.055973452808715,77.34724836850688,114.33174544785297,2.4075020061414256,True
joint_N50_U240,8,ENP7,0.001884980202812062,0.001884980202812062,0.5168490664988807,0.04089537073036889,0.24257732939652693,35.529898686002305,36.289325081897715,0.024562328894179357,True
joint_N50_U240,8,ENP8,0.08552429819371499,0.012828644729057247,2.239107967624151,1.3017073668905241,7.380427447624398,31.224282709138254,40.8438181243868,0.4831057573724551,True
joint_N50_U240,8,ENP9,0,0.0,0.0,0.0,0.0,95.13205532655968,95.13205532655968,0.0,True
joint_N50_U240,8,ENP11,0.00018708579829191134,2.80628697437867e-05,0.03934816334959188,0.018946881563022513,0.11827611742728535,43.92777006304324,44.08539434382012,0.004638879176044025,True
joint_N50_U240,8,ENP12,0.924851736182012,0.8066022820224394,308.6289490405586,50.7608786136852,180.7739686148129,40.336715057805435,529.739632713177,35.53183455903226,True
joint_N50_U240,8,ENP13,0.4987462850091379,0.07481194275137068,31.06811299769282,27.903654811568448,141.34883136531738,0,172.4169443630102,8.463703891604682,True
joint_N50_U240,8,ENP14,0.11667090680781306,0.01750063602117196,9.614107496601688,5.163552540958393,36.15901736987461,0,45.7731248664763,1.3755132692799474,True
joint_N50_U240,8,ENP15,0.5232709981744339,0.36119557482580567,204.4903782158646,40.907003833314704,166.9932006451382,0,371.4835788610028,23.13993332026346,True
joint_N50_U240,8,ENP16,0.8462704904076193,0.7583875069768024,148.86409399852732,22.129034629899397,65.88361870923778,0,214.74771270776512,17.630710799977376,True
joint_N50_U240,8,ENP17,0.7759811221386504,0.7759811221386504,214.1076906104395,23.71606393571171,88.3332589005698,0,302.4409495110093,22.011683090012614,True
joint_N50_U240,8,PAN_MAIN,0.09050690275828624,0.013576035413742936,9.11323398823238,0.0,0.0,0,9.11323398823238,1.3453238752914802,True
joint_N50_U240,8,UNSURVEYED_OTHER,0.6180719840745643,0.09779663527867567,2.7697414757883205,8.884562423173206,30.48160118800425,0,33.25134266379257,2.5517108054272724,True
joint_N55_U0,8,ENP1,0.8787267007305369,0.8232656474010676,596.0678519175755,60.61859379057319,314.90894975173785,66.1001840665598,977.0769857358731,0.0,True
joint_N55_U0,8,ENP2,0.7670910068861497,0.7670910068861497,123.23237494144026,8.246112759115084,61.56426315240102,0,184.79663809384127,0.0,True
joint_N55_U0,8,ENP3410,0.19207691938710295,0.028811537908065437,25.334951948490776,17.80499207187422,94.43595294891492,32.74037774319428,152.51128264059997,0.0,True
joint_N55_U0,8,ENP5,0.05935931224515803,0.008903896836773704,4.569453397667563,2.35089498353405,15.489477186071568,0,20.05893058373913,0.0,True
joint_N55_U0,8,ENP6,0.20566590478459817,0.030849885717689724,12.49300684444181,5.9161091087496,44.719474629341235,77.34724836850688,134.55972984228993,0.0,True
joint_N55_U0,8,ENP7,0.001884980202812062,0.001884980202812062,0.5563456024984627,0.04089537073036889,0.2611145868749887,35.529898686002305,36.347358875375754,0.0,True
joint_N55_U0,8,ENP8,0.08552429819371499,0.012828644729057247,3.078471295694287,1.3017073668905241,10.147091777612632,31.224282709138254,44.44984578244517,0.0,True
joint_N55_U0,8,ENP9,0,0.0,0.0,0.0,0.0,95.13205532655968,95.13205532655968,0.0,True
joint_N55_U0,8,ENP11,0.00018708579829191134,2.80628697437867e-05,0.04128266737022377,0.018946881563022513,0.12409101716415416,43.92777006304324,44.09314374757762,0.0,True
joint_N55_U0,8,ENP12,0.924851736182012,0.6582190529062614,324.0031274337175,50.7608786136852,255.21902144091473,40.336715057805435,619.5588639324377,0.0,True
joint_N55_U0,8,ENP13,0.4987462850091379,0.07481194275137068,40.73851970688476,27.903654811568448,175.33445743240028,0,216.07297713928506,0.0,True
joint_N55_U0,8,ENP14,0.11667090680781306,0.017500636021171963,11.457162888355137,5.163552540958393,39.1683835742991,0,50.625546462654235,0.0,True
joint_N55_U0,8,ENP15,0.5232709981744339,0.20892761805603705,125.08459997142707,40.907003833314704,213.91669893202095,0,339.001298903448,0.0,True
joint_N55_U0,8,ENP16,0.8462704904076193,0.7307035384291881,198.90868455046945,22.129034629899397,90.02682409094204,0,288.9355086414115,0.0,True
joint_N55_U0,8,ENP17,0.7759811221386504,0.7759811221386504,322.14427425625786,23.71606393571171,132.90533142496437,0,455.04960568122226,0.0,True
joint_N55_U0,8,PAN_MAIN,0.09050690275828624,0.013576035413742936,18.489310185380752,0.0,0.0,0,18.489310185380752,0.0,True
joint_N55_U0,8,UNSURVEYED_OTHER,0.6180719840745643,0.09271079761118466,2.6011435749142575,8.884562423173206,40.63977477417066,0,43.24091834908492,0.0,True
joint_N55_U80,8,ENP1,0.8787267007305369,0.8787267007305369,556.0689589035871,60.61859379057319,272.05012648838886,66.1001840665598,894.2192694585358,14.95056640388253,True
joint_N55_U80,8,ENP2,0.7670910068861497,0.7670910068861497,98.56782344238266,8.246112759115084,49.24237988312625,0,147.8102033255089,4.855383610597909,True
joint_N55_U80,8,ENP3410,0.19207691938710295,0.1269044416325754,114.23361521657156,17.80499207187422,84.88665733817567,32.74037774319428,231.8606502979415,2.0371637332857757,True
joint_N55_U80,8,ENP5,0.05935931224515803,0.05935931224515803,31.093637052385475,2.35089498353405,15.489477186071568,0,46.58311423845704,0.0,True
joint_N55_U80,8,ENP6,0.20566590478459817,0.030849885717689724,6.928523626537376,5.9161091087496,30.10437139345191,77.34724836850688,114.38014338849617,2.3986649194000043,True
joint_N55_U80,8,ENP7,0.001884980202812062,0.001884980202812062,0.5563456024984627,0.04089537073036889,0.2611145868749887,35.529898686002305,36.347358875375754,0.0,True
joint_N55_U80,8,ENP8,0.08552429819371499,0.012828644729057247,2.239107967624151,1.3017073668905241,7.380427447624398,31.224282709138254,40.8438181243868,0.4831057573724551,True
joint_N55_U80,8,ENP9,0,0.0,0.0,0.0,0.0,95.13205532655968,95.13205532655968,0.0,True
joint_N55_U80,8,ENP11,0.00018708579829191134,2.80628697437867e-05,0.04128266737022377,0.018946881563022513,0.12409101716415416,43.92777006304324,44.09314374757762,0.0,True
joint_N55_U80,8,ENP12,0.924851736182012,0.8634121807440358,382.2922271548104,50.7608786136852,201.18442497533252,40.336715057805435,623.8133671879484,21.088697140665722,True
joint_N55_U80,8,ENP13,0.4987462850091379,0.10500894425625557,49.22123231009962,27.903654811568448,149.49930400553663,0,198.72053631563625,4.452115289197454,True
joint_N55_U80,8,ENP14,0.11667090680781306,0.017500636021171963,11.535485873883923,5.163552540958393,39.01364850610161,0,50.54913437998553,0.02468875924057382,True
joint_N55_U80,8,ENP15,0.5232709981744339,0.4534546416056626,340.2938660922338,40.907003833314704,193.13228337516296,0,533.4261494673967,6.347269096504489,True
joint_N55_U80,8,ENP16,0.8462704904076193,0.8462704904076193,216.0805830335107,22.129034629899397,77.64817995037137,0,293.72876298388206,5.168011917331675,True
joint_N55_U80,8,ENP17,0.7759811221386504,0.7759811221386504,226.51035534985334,23.71606393571171,93.45015961702727,0,319.9605149668806,15.607231024265662,True
joint_N55_U80,8,PAN_MAIN,0.09050690275828624,0.013576035413742936,9.11323398823238,0.0,0.0,0,9.11323398823238,1.3453238752914802,True
joint_N55_U80,8,UNSURVEYED_OTHER,0.6180719840745643,0.176281519241768,7.695559841929781,8.884562423173206,31.72298397780107,0,39.41854381973085,1.2417784729642667,True
joint_N55_U120,8,ENP1,0.8787267007305369,0.8787267007305369,513.0461385228537,60.61859379057319,251.00172315808337,66.1001840665598,830.1480457474968,26.856241578429383,True
joint_N55_U120,8,ENP2,0.7670910068861497,0.7670910068861497,96.1100725823992,8.246112759115084,48.014540033582136,0,144.12461261598133,5.604477124618261,True
joint_N55_U120,8,ENP3410,0.19207691938710295,0.1553922030369728,133.68126468742568,17.80499207187422,80.46185849547493,32.74037774319428,246.88350092609488,4.607748878680439,True
joint_N55_U120,8,ENP5,0.05935931224515803,0.05935931224515803,31.093637052385475,2.35089498353405,15.489477186071568,0,46.58311423845704,0.0,True
joint_N55_U120,8,ENP6,0.20566590478459817,0.030849885717689724,6.928523626537376,5.9161091087496,30.055973452808715,77.34724836850688,114.33174544785297,2.4075020061414256,True
joint_N55_U120,8,ENP7,0.001884980202812062,0.001884980202812062,0.5563456024984627,0.04089537073036889,0.2611145868749887,35.529898686002305,36.347358875375754,0.0,True
joint_N55_U120,8,ENP8,0.08552429819371499,0.08552429819371499,14.927386450827678,1.3017073668905241,7.380427447624398,31.224282709138254,53.53209660759033,1.1203278394975391,True
joint_N55_U120,8,ENP9,0,0.0,0.0,0.0,0.0,95.13205532655968,95.13205532655968,0.0,True
joint_N55_U120,8,ENP11,0.00018708579829191134,2.80628697437867e-05,0.04128266737022377,0.018946881563022513,0.12409101716415416,43.92777006304324,44.09314374757762,0.0,True
joint_N55_U120,8,ENP12,0.924851736182012,0.8902192279157182,379.63444739223877,50.7608786136852,190.60937838757442,40.336715057805435,610.5805408376186,27.864506539435688,True
joint_N55_U120,8,ENP13,0.4987462850091379,0.28110042255319745,158.35516567899376,27.903654811568448,147.23327233380016,0,305.5884380127939,7.953629875928007,True
joint_N55_U120,8,ENP14,0.11667090680781306,0.017500636021171963,11.147353442778451,5.163552540958393,39.01364850610161,0,50.16100194888006,0.07412041621012681,True
joint_N55_U120,8,ENP15,0.5232709981744339,0.4747945898732188,326.3113013011593,40.907003833314704,176.4232995300762,0,502.7346008312355,15.92322115835553,True
joint_N55_U120,8,ENP16,0.8462704904076193,0.8462704904076193,200.00477026805453,22.129034629899397,71.87136472275311,0,271.87613499080766,9.149860935730773,True
joint_N55_U120,8,ENP17,0.7759811221386504,0.7759811221386504,226.23111993983449,23.71606393571171,93.33495696504836,0,319.56607690488283,15.687664897081827,True
joint_N55_U120,8,PAN_MAIN,0.09050690275828624,0.013576035413742936,9.11323398823238,0.0,0.0,0,9.11323398823238,1.3453238752914802,True
joint_N55_U120,8,UNSURVEYED_OTHER,0.6180719840745643,0.18438236523275298,8.1219252881899,8.884562423173206,31.082373550242593,0,39.20429883843249,1.4053748745995167,True
joint_N55_U160,8,ENP1,0.8787267007305369,0.8787267007305369,493.83352785733166,60.61859379057319,243.14481209712355,66.1001840665598,803.078524021015,35.138430129746375,True
joint_N55_U160,8,ENP2,0.7670910068861497,0.7670910068861497,92.86242673020261,8.246112759115084,46.39208551247561,0,139.25451224267823,6.655492785052992,True
joint_N55_U160,8,ENP3410,0.19207691938710295,0.19016581120415976,156.2329708524169,17.80499207187422,76.29707837139044,32.74037774319428,265.27042696700164,8.836015116663546,True
joint_N55_U160,8,ENP5,0.05935931224515803,0.05935931224515803,31.093637052385475,2.35089498353405,15.489477186071568,0,46.58311423845704,0.0,True
joint_N55_U160,8,ENP6,0.20566590478459817,0.06621677737694845,14.871513973430375,5.9161091087496,30.055973452808715,77.34724836850688,122.27473579474596,3.103200423472228,True
joint_N55_U160,8,ENP7,0.001884980202812062,0.001884980202812062,0.5563456024984627,0.04089537073036889,0.2611145868749887,35.529898686002305,36.347358875375754,0.0,True
joint_N55_U160,8,ENP8,0.08552429819371499,0.08552429819371499,14.927386450827678,1.3017073668905241,7.380427447624398,31.224282709138254,53.53209660759033,1.1203278394975391,True
joint_N55_U160,8,ENP9,0,0.0,0.0,0.0,0.0,95.13205532655968,95.13205532655968,0.0,True
joint_N55_U160,8,ENP11,0.00018708579829191134,2.80628697437867e-05,0.04128266737022377,0.018946881563022513,0.12409101716415416,43.92777006304324,44.09314374757762,0.0,True
joint_N55_U160,8,ENP12,0.924851736182012,0.924851736182012,392.2425279339029,50.7608786136852,183.86972134031552,40.336715057805435,616.4489643320239,33.40527753398153,True
joint_N55_U160,8,ENP13,0.4987462850091379,0.3258230155176017,171.1497344748242,27.903654811568448,144.845940959075,0,315.99567543389924,10.78543524958528,True
joint_N55_U160,8,ENP14,0.11667090680781306,0.01750063602117196,9.614107496601688,5.163552540958393,37.959150619964944,0,47.573258116566635,0.6095693458101308,True
joint_N55_U160,8,ENP15,0.5232709981744339,0.5232709981744339,352.9914582217945,40.907003833314704,167.21516069525234,0,520.2066189170469,25.36450543146853,True
joint_N55_U160,8,ENP16,0.8462704904076193,0.8462704904076193,190.93680933278148,22.129034629899397,68.61280880532567,0,259.5496181381071,12.906029439921157,True
joint_N55_U160,8,ENP17,0.7759811221386504,0.7759811221386504,216.86123671901018,23.71606393571171,89.46927461588372,0,306.3305113348939,19.30815839880861,True
joint_N55_U160,8,PAN_MAIN,0.09050690275828624,0.013576035413742936,9.11323398823238,0.0,0.0,0,9.11323398823238,1.3453238752914802,True
joint_N55_U160,8,UNSURVEYED_OTHER,0.6180719840745643,0.18518519349796528,8.157984030781467,8.884562423173206,31.058167774245618,0,39.21615180502708,1.4222344307005943,True
joint_N55_U200,8,ENP1,0.8787267007305369,0.8787267007305369,487.8918257320338,60.61859379057319,238.69527470973983,66.1001840665598,792.6872845083334,43.642333486177,True
joint_N55_U200,8,ENP2,0.7670910068861497,0.7670910068861497,92.86242673020261,8.246112759115084,46.39208551247561,0,139.25451224267823,6.655492785052992,True
joint_N55_U200,8,ENP3410,0.19207691938710295,0.19016581120415976,153.92598340782354,17.80499207187422,75.18387023280559,32.74037774319428,261.8502313838234,12.31729312850255,True
joint_N55_U200,8,ENP5,0.05935931224515803,0.05935931224515803,30.792535435876907,2.35089498353405,15.33948165445392,0,46.13201709033083,1.0915473314304402,True
joint_N55_U200,8,ENP6,0.20566590478459817,0.06621677737694845,14.871513973430375,5.9161091087496,30.055973452808715,77.34724836850688,122.27473579474596,3.103200423472228,True
joint_N55_U200,8,ENP7,0.001884980202812062,0.001884980202812062,0.5168490664988807,0.04089537073036889,0.24257732939652693,35.529898686002305,36.289325081897715,0.024562328894179357,True
joint_N55_U200,8,ENP8,0.08552429819371499,0.08552429819371499,14.927386450827678,1.3017073668905241,7.380427447624398,31.224282709138254,53.53209660759033,1.1203278394975391,True
joint_N55_U200,8,ENP9,0,0.0,0.0,0.0,0.0,95.13205532655968,95.13205532655968,0.0,True
joint_N55_U200,8,ENP11,0.00018708579829191134,2.80628697437867e-05,0.03934816334959188,0.018946881563022513,0.11827611742728535,43.92777006304324,44.08539434382012,0.004638879176044025,True
joint_N55_U200,8,ENP12,0.924851736182012,0.924851736182012,385.63847226852255,50.7608786136852,180.7739686148129,40.336715057805435,606.7491559411409,39.46653029312274,True
joint_N55_U200,8,ENP13,0.4987462850091379,0.3918972590007624,206.60037156198274,27.903654811568448,141.34883136531738,0,347.9492029273001,17.34388880361485,True
joint_N55_U200,8,ENP14,0.11667090680781306,0.01750063602117196,9.61410749660169,5.163552540958393,36.15901736987461,0,45.7731248664763,1.3755132692799477,True
joint_N55_U200,8,ENP15,0.5232709981744339,0.5232709981744339,352.62519267620684,40.907003833314704,167.0890126239729,0,519.7142053001797,28.062712426833283,True
joint_N55_U200,8,ENP16,0.8462704904076193,0.8462704904076193,183.34197597610944,22.129034629899397,65.88361870923778,0,249.22559468534723,19.025526971522282,True
joint_N55_U200,8,ENP17,0.7759811221386504,0.7759811221386504,214.1076906104395,23.71606393571171,88.3332589005698,0,302.4409495110093,22.011683090012614,True
joint_N55_U200,8,PAN_MAIN,0.09050690275828624,0.013576035413742936,9.11323398823238,0.0,0.0,0,9.11323398823238,1.3453238752914802,True
joint_N55_U200,8,UNSURVEYED_OTHER,0.6180719840745643,0.32030366011535355,17.307506375253965,8.884562423173206,30.489373910937417,0,47.79688028619138,3.4094250681197673,True
joint_N55_U240,8,ENP1,0.8787267007305369,0.8787267007305369,487.8918257320338,60.61859379057319,238.69527470973983,66.1001840665598,792.6872845083334,43.642333486177,True
joint_N55_U240,8,ENP2,0.7670910068861497,0.7670910068861497,92.86242673020261,8.246112759115084,46.39208551247561,0,139.25451224267823,6.655492785052992,True
joint_N55_U240,8,ENP3410,0.19207691938710295,0.19016581120415976,153.92598340782354,17.80499207187422,75.18387023280559,32.74037774319428,261.8502313838234,12.31729312850255,True
joint_N55_U240,8,ENP5,0.05935931224515803,0.05935931224515803,30.78749585669233,2.35089498353405,15.3369711586031,0,46.12446701529543,1.2038288618259056,True
joint_N55_U240,8,ENP6,0.20566590478459817,0.06621677737694845,14.871513973430375,5.9161091087496,30.055973452808715,77.34724836850688,122.27473579474596,3.103200423472228,True
joint_N55_U240,8,ENP7,0.001884980202812062,0.001884980202812062,0.5168490664988807,0.04089537073036889,0.24257732939652693,35.529898686002305,36.289325081897715,0.024562328894179357,True
joint_N55_U240,8,ENP8,0.08552429819371499,0.08552429819371499,14.927386450827678,1.3017073668905241,7.380427447624398,31.224282709138254,53.53209660759033,1.1203278394975391,True
joint_N55_U240,8,ENP9,0,0.0,0.0,0.0,0.0,95.13205532655968,95.13205532655968,0.0,True
joint_N55_U240,8,ENP11,0.00018708579829191134,2.80628697437867e-05,0.03934816334959188,0.018946881563022513,0.11827611742728535,43.92777006304324,44.08539434382012,0.004638879176044025,True
joint_N55_U240,8,ENP12,0.924851736182012,0.924851736182012,385.63847226852255,50.7608786136852,180.7739686148129,40.336715057805435,606.7491559411409,39.46653029312274,True
joint_N55_U240,8,ENP13,0.4987462850091379,0.39221117885326434,206.8290940236754,27.903654811568448,141.34883136531738,0,348.1779253889928,17.35121608233589,True
joint_N55_U240,8,ENP14,0.11667090680781306,0.01750063602117196,9.614107496601688,5.163552540958393,36.15901736987461,0,45.7731248664763,1.3755132692799474,True
joint_N55_U240,8,ENP15,0.5232709981744339,0.5232709981744339,352.52290021885386,40.907003833314704,166.9932006451382,0,519.516100863992,29.320240423946306,True
joint_N55_U240,8,ENP16,0.8462704904076193,0.8462704904076193,183.34197597610944,22.129034629899397,65.88361870923778,0,249.22559468534723,19.025526971522282,True
joint_N55_U240,8,ENP17,0.7759811221386504,0.7759811221386504,214.1076906104395,23.71606393571171,88.3332589005698,0,302.4409495110093,22.011683090012614,True
joint_N55_U240,8,PAN_MAIN,0.09050690275828624,0.013576035413742936,9.11323398823238,0.0,0.0,0,9.11323398823238,1.3453238752914802,True
joint_N55_U240,8,UNSURVEYED_OTHER,0.6180719840745643,0.32030366011535355,17.292211148291056,8.884562423173206,30.48160118800425,0,47.77381233629531,4.082998792747206,True
joint_N57_U0,8,ENP1,0.8787267007305369,0.8787267007305369,643.6721574005395,60.61859379057319,314.90894975173785,66.1001840665598,1024.6812912188373,0.0,True
joint_N57_U0,8,ENP2,0.7670910068861497,0.7670910068861497,123.23237494144026,8.246112759115084,61.56426315240102,0,184.79663809384127,0.0,True
joint_N57_U0,8,ENP3410,0.19207691938710295,0.038619211753804734,35.64879556009068,17.80499207187422,94.43595294891492,32.74037774319428,162.82512625219988,0.0,True
joint_N57_U0,8,ENP5,0.05935931224515803,0.05372425906413548,27.8924655318012,2.35089498353405,15.489477186071568,0,43.38194271787277,0.0,True
joint_N57_U0,8,ENP6,0.20566590478459817,0.030849885717689724,12.49300684444181,5.9161091087496,44.719474629341235,77.34724836850688,134.55972984228993,0.0,True
joint_N57_U0,8,ENP7,0.001884980202812062,0.001884980202812062,0.5563456024984627,0.04089537073036889,0.2611145868749887,35.529898686002305,36.347358875375754,0.0,True
joint_N57_U0,8,ENP8,0.08552429819371499,0.012828644729057247,3.078471295694287,1.3017073668905241,10.147091777612632,31.224282709138254,44.44984578244517,0.0,True
joint_N57_U0,8,ENP9,0,0.0,0.0,0.0,0.0,95.13205532655968,95.13205532655968,0.0,True
joint_N57_U0,8,ENP11,0.00018708579829191134,2.80628697437867e-05,0.04128266737022377,0.018946881563022513,0.12409101716415416,43.92777006304324,44.09314374757762,0.0,True
joint_N57_U0,8,ENP12,0.924851736182012,0.7263739110306981,376.75444428044085,50.7608786136852,255.21902144091473,40.336715057805435,672.310180779161,0.0,True
joint_N57_U0,8,ENP13,0.4987462850091379,0.07481194275137068,40.73851970688476,27.903654811568448,175.33445743240028,0,216.07297713928506,0.0,True
joint_N57_U0,8,ENP14,0.11667090680781306,0.017500636021171963,11.535485873883923,5.163552540958393,39.1683835742991,0,50.70386944818302,0.0,True
joint_N57_U0,8,ENP15,0.5232709981744339,0.29627459138689144,209.18821827594363,40.907003833314704,213.91669893202095,0,423.1049172079646,0.0,True
joint_N57_U0,8,ENP16,0.8462704904076193,0.7734080892292603,216.25118702814143,22.129034629899397,90.02682409094204,0,306.2780111190835,0.0,True
joint_N57_U0,8,ENP17,0.7759811221386504,0.7759811221386504,322.14427425625786,23.71606393571171,132.90533142496437,0,455.04960568122226,0.0,True
joint_N57_U0,8,PAN_MAIN,0.09050690275828624,0.013576035413742936,18.489310185380752,0.0,0.0,0,18.489310185380752,0.0,True
joint_N57_U0,8,UNSURVEYED_OTHER,0.6180719840745643,0.16825647789035372,7.084221724685909,8.884562423173206,40.63977477417066,0,47.72399649885657,0.0,True
joint_N57_U80,8,ENP1,0.8787267007305369,0.8787267007305369,556.0689589035871,60.61859379057319,272.05012648838886,66.1001840665598,894.2192694585358,14.95056640388253,True
joint_N57_U80,8,ENP2,0.7670910068861497,0.7670910068861497,98.56782344238266,8.246112759115084,49.24237988312625,0,147.8102033255089,4.855383610597909,True
joint_N57_U80,8,ENP3410,0.19207691938710295,0.16850408772288675,160.728196197344,17.80499207187422,84.88665733817567,32.74037774319428,278.355231278714,2.0371637332857757,True
joint_N57_U80,8,ENP5,0.05935931224515803,0.05935931224515803,31.093637052385475,2.35089498353405,15.489477186071568,0,46.58311423845704,0.0,True
joint_N57_U80,8,ENP6,0.20566590478459817,0.030849885717689724,6.928523626537376,5.9161091087496,30.10437139345191,77.34724836850688,114.38014338849617,2.3986649194000043,True
joint_N57_U80,8,ENP7,0.001884980202812062,0.001884980202812062,0.5563456024984627,0.04089537073036889,0.2611145868749887,35.529898686002305,36.347358875375754,0.0,True
joint_N57_U80,8,ENP8,0.08552429819371499,0.08552429819371499,14.927386450827678,1.3017073668905241,7.380427447624398,31.224282709138254,53.53209660759033,1.1203278394975391,True
joint_N57_U80,8,ENP9,0,0.0,0.0,0.0,0.0,95.13205532655968,95.13205532655968,0.0,True
joint_N57_U80,8,ENP11,0.00018708579829191134,2.80628697437867e-05,0.04128266737022377,0.018946881563022513,0.12409101716415416,43.92777006304324,44.09314374757762,0.0,True
joint_N57_U80,8,ENP12,0.924851736182012,0.924851736182012,429.179349693997,50.7608786136852,201.18442497533252,40.336715057805435,670.7004897271349,22.08331191773021,True
joint_N57_U80,8,ENP13,0.4987462850091379,0.2658640269889686,169.93776729081537,27.903654811568448,149.49930400553663,0,319.437071296352,4.452115289197454,True
joint_N57_U80,8,ENP14,0.11667090680781306,0.017500636021171963,11.535485873883923,5.163552540958393,39.16838357429909,0,50.70386944818301,0.0,True
joint_N57_U80,8,ENP15,0.5232709981744339,0.45589102402278014,346.9399794569964,40.907003833314704,197.62956591410256,0,544.5695453710989,5.001105328302662,True
joint_N57_U80,8,ENP16,0.8462704904076193,0.8462704904076193,216.0805830335107,22.129034629899397,77.64817995037137,0,293.72876298388206,5.168011917331675,True
joint_N57_U80,8,ENP17,0.7759811221386504,0.7759811221386504,226.51035534985334,23.71606393571171,93.45015961702727,0,319.9605149668806,15.607231024265662,True
joint_N57_U80,8,PAN_MAIN,0.09050690275828624,0.013576035413742936,10.813174690315332,0.0,0.0,0,10.813174690315332,1.0846266062918009,True
joint_N57_U80,8,UNSURVEYED_OTHER,0.6180719840745643,0.17896211774872411,7.909187006451163,8.884562423173206,31.72476814353915,0,39.633955149990314,1.241491410216775,True
joint_N57_U120,8,ENP1,0.8787267007305369,0.8787267007305369,520.0567538633587,60.61859379057319,251.00172315808337,66.1001840665598,837.1586610880018,25.435150421782502,True
joint_N57_U120,8,ENP2,0.7670910068861497,0.7670910068861497,98.46874317009987,8.246112759115084,49.192881494744725,0,147.6616246648446,4.879474095511365,True
joint_N57_U120,8,ENP3410,0.19207691938710295,0.19031629680278803,165.08930615568073,17.80499207187422,80.46185849547493,32.74037774319428,278.29154239434996,6.148596654569114,True
joint_N57_U120,8,ENP5,0.05935931224515803,0.05935931224515803,31.093637052385475,2.35089498353405,15.489477186071568,0,46.58311423845704,0.0,True
joint_N57_U120,8,ENP6,0.20566590478459817,0.06621677737694845,14.871513973430375,5.9161091087496,30.055973452808715,77.34724836850688,122.27473579474596,3.103200423472228,True
joint_N57_U120,8,ENP7,0.001884980202812062,0.001884980202812062,0.5563456024984627,0.04089537073036889,0.2611145868749887,35.529898686002305,36.347358875375754,0.0,True
joint_N57_U120,8,ENP8,0.08552429819371499,0.08552429819371499,14.927386450827678,1.3017073668905241,7.380427447624398,31.224282709138254,53.53209660759033,1.1203278394975391,True
joint_N57_U120,8,ENP9,0,0.0,0.0,0.0,0.0,95.13205532655968,95.13205532655968,0.0,True
joint_N57_U120,8,ENP11,0.00018708579829191134,2.80628697437867e-05,0.04128266737022377,0.018946881563022513,0.12409101716415416,43.92777006304324,44.09314374757762,0.0,True
joint_N57_U120,8,ENP12,0.924851736182012,0.924851736182012,422.8260974293774,50.7608786136852,198.2062402036466,40.336715057805435,661.3690526908294,23.82742135717783,True
joint_N57_U120,8,ENP13,0.4987462850091379,0.4306400341080909,250.98638011318263,27.903654811568448,147.23327233380016,0,398.21965244698276,10.125198157777099,True
joint_N57_U120,8,ENP14,0.11667090680781306,0.017500636021171963,11.147353442778451,5.163552540958393,39.01364850610161,0,50.16100194888006,0.07412041621012681,True
joint_N57_U120,8,ENP15,0.5232709981744339,0.5232709981744339,372.42985328895605,40.907003833314704,176.4232995300762,0,548.8531528190323,17.811003705685728,True
joint_N57_U120,8,ENP16,0.8462704904076193,0.8462704904076193,200.00477026805453,22.129034629899397,71.87136472275311,0,271.87613499080766,9.149860935730773,True
joint_N57_U120,8,ENP17,0.7759811221386504,0.7759811221386504,226.51035534985334,23.71606393571171,93.45015961702727,0,319.9605149668806,15.607231024265662,True
joint_N57_U120,8,PAN_MAIN,0.09050690275828624,0.013576035413742936,9.11323398823238,0.0,0.0,0,9.11323398823238,1.3453238752914802,True
joint_N57_U120,8,UNSURVEYED_OTHER,0.6180719840745643,0.18451432486582553,8.13292241988639,8.884562423173206,31.24000086401896,0,39.37292328390535,1.373091093028545,True
joint_N57_U160,8,ENP1,0.8787267007305369,0.8787267007305369,501.5054618145237,60.61859379057319,245.35558429708078,66.1001840665598,812.9612301781643,31.48300845440529,True
joint_N57_U160,8,ENP2,0.7670910068861497,0.7670910068861497,92.86242673020261,8.246112759115084,46.39208551247561,0,139.25451224267823,6.655492785052992,True
joint_N57_U160,8,ENP3410,0.19207691938710295,0.19207691938710295,158.28569086269468,17.80499207187422,76.29707837139044,32.74037774319428,267.3231469772794,8.926090439366847,True
joint_N57_U160,8,ENP5,0.05935931224515803,0.05935931224515803,31.093637052385475,2.35089498353405,15.489477186071568,0,46.58311423845704,0.0,True
joint_N57_U160,8,ENP6,0.20566590478459817,0.20566590478459817,60.498350085586715,5.9161091087496,30.055973452808715,77.34724836850688,167.90157190690232,5.425120880103137,True
joint_N57_U160,8,ENP7,0.001884980202812062,0.001884980202812062,0.5563456024984627,0.04089537073036889,0.2611145868749887,35.529898686002305,36.347358875375754,0.0,True
joint_N57_U160,8,ENP8,0.08552429819371499,0.08552429819371499,14.927386450827678,1.3017073668905241,7.380427447624398,31.224282709138254,53.53209660759033,1.1203278394975391,True
joint_N57_U160,8,ENP9,0,0.0,0.0,0.0,0.0,95.13205532655968,95.13205532655968,0.0,True
joint_N57_U160,8,ENP11,0.00018708579829191134,0.00018708579829191134,0.2752177824681584,0.018946881563022513,0.12409101716415416,43.92777006304324,44.327078862675556,0.0,True
joint_N57_U160,8,ENP12,0.924851736182012,0.924851736182012,392.2425279339029,50.7608786136852,183.86972134031552,40.336715057805435,616.4489643320239,33.40527753398153,True
joint_N57_U160,8,ENP13,0.4987462850091379,0.4987462850091379,289.74182604693254,27.903654811568448,144.845940959075,0,434.58776700600754,13.477545344515615,True
joint_N57_U160,8,ENP14,0.11667090680781306,0.05367244738752097,35.71854244807564,5.163552540958393,38.02096271259203,0,73.73950516066768,0.28932598037563606,True
joint_N57_U160,8,ENP15,0.5232709981744339,0.5232709981744339,354.8961925193932,40.907003833314704,168.11745009698225,0,523.0136426163755,24.234703817363314,True
joint_N57_U160,8,ENP16,0.8462704904076193,0.8462704904076193,192.93092768426084,22.129034629899397,69.32939175055955,0,262.2603194348204,11.799218530477344,True
joint_N57_U160,8,ENP17,0.7759811221386504,0.7759811221386504,218.36801450585142,23.71606393571171,90.09091782716305,0,308.45893233301445,18.543329046965894,True
joint_N57_U160,8,PAN_MAIN,0.09050690275828624,0.013576035413742936,9.11323398823238,0.0,0.0,0,9.11323398823238,1.3453238752914802,True
joint_N57_U160,8,UNSURVEYED_OTHER,0.6180719840745643,0.46394940141896557,37.95730190684607,8.884562423173206,31.058167774245618,0,69.01546968109169,3.2952354726033173,True
joint_N57_U200,8,ENP1,0.8787267007305369,0.8787267007305369,489.6492114888673,60.61859379057319,239.1778306134138,66.1001840665598,794.9272261688409,40.15937638994719,True
joint_N57_U200,8,ENP2,0.7670910068861497,0.7670910068861497,92.86242673020261,8.246112759115084,46.39208551247561,0,139.25451224267823,6.655492785052992,True
joint_N57_U200,8,ENP3410,0.19207691938710295,0.19207691938710295,156.5038254639653,17.80499207187422,75.43818125167508,32.74037774319428,264.6823844588347,11.255201277777648,True
joint_N57_U200,8,ENP5,0.05935931224515803,0.05935931224515803,31.050124816246637,2.35089498353405,15.46780131110551,0,46.51792612735215,0.07163096319138593,True
joint_N57_U200,8,ENP6,0.20566590478459817,0.20566590478459817,60.498350085586715,5.9161091087496,30.055973452808715,77.34724836850688,167.90157190690232,5.425120880103137,True
joint_N57_U200,8,ENP7,0.001884980202812062,0.001884980202812062,0.5168490664988807,0.04089537073036889,0.24257732939652693,35.529898686002305,36.289325081897715,0.024562328894179357,True
joint_N57_U200,8,ENP8,0.08552429819371499,0.08552429819371499,14.927386450827678,1.3017073668905241,7.380427447624398,31.224282709138254,53.53209660759033,1.1203278394975391,True
joint_N57_U200,8,ENP9,0,0.0,0.0,0.0,0.0,95.13205532655968,95.13205532655968,0.0,True
joint_N57_U200,8,ENP11,0.00018708579829191134,0.00018708579829191134,0.2623210889972792,0.018946881563022513,0.11827611742728535,43.92777006304324,44.30836726946781,0.011200967558054286,True
joint_N57_U200,8,ENP12,0.924851736182012,0.924851736182012,385.63847226852255,50.7608786136852,180.7739686148129,40.336715057805435,606.7491559411409,39.46653029312274,True
joint_N57_U200,8,ENP13,0.4987462850091379,0.4987462850091379,282.7464010258899,27.903654811568448,141.34883136531738,0,424.0952323912073,19.61835301689587,True
joint_N57_U200,8,ENP14,0.11667090680781306,0.11667090680781306,72.39732566415545,5.163552540958393,36.15901736987461,0,108.55634303403005,3.085591059241646,True
joint_N57_U200,8,ENP15,0.5232709981744339,0.5232709981744339,352.9485440667747,40.907003833314704,167.19483188230063,0,520.1433759490753,25.44490882467585,True
joint_N57_U200,8,ENP16,0.8462704904076193,0.8462704904076193,183.34197597610944,22.129034629899397,65.88361870923778,0,249.22559468534723,19.025526971522282,True
joint_N57_U200,8,ENP17,0.7759811221386504,0.7759811221386504,214.11242367010703,23.71606393571171,88.33521159355254,0,302.44763526365955,21.992804779264436,True
joint_N57_U200,8,PAN_MAIN,0.09050690275828624,0.013576035413742936,9.11323398823238,0.0,0.0,0,9.11323398823238,1.3453238752914802,True
joint_N57_U200,8,UNSURVEYED_OTHER,0.6180719840745643,0.6180719840745643,62.624133502266794,8.884562423173206,30.53068712601506,0,93.15482062828185,5.298047747963528,True
joint_N57_U240,8,ENP1,0.8787267007305369,0.8787267007305369,487.8918257320338,60.61859379057319,238.69527470973983,66.1001840665598,792.6872845083334,43.642333486177,True
joint_N57_U240,8,ENP2,0.7670910068861497,0.7670910068861497,92.86242673020261,8.246112759115084,46.39208551247561,0,139.25451224267823,6.655492785052992,True
joint_N57_U240,8,ENP3410,0.19207691938710295,0.19207691938710295,155.97623258393642,17.80499207187422,75.18387023280559,32.74037774319428,263.9004805599363,12.412329017170794,True
joint_N57_U240,8,ENP5,0.05935931224515803,0.05935931224515803,30.78749585669233,2.35089498353405,15.3369711586031,0,46.12446701529543,1.2038288618259056,True
joint_N57_U240,8,ENP6,0.20566590478459817,0.20566590478459817,60.498350085586715,5.9161091087496,30.055973452808715,77.34724836850688,167.90157190690232,5.425120880103137,True
joint_N57_U240,8,ENP7,0.001884980202812062,0.001884980202812062,0.5168490664988807,0.04089537073036889,0.24257732939652693,35.529898686002305,36.289325081897715,0.024562328894179357,True
joint_N57_U240,8,ENP8,0.08552429819371499,0.08552429819371499,14.927386450827678,1.3017073668905241,7.380427447624398,31.224282709138254,53.53209660759033,1.1203278394975391,True
joint_N57_U240,8,ENP9,0,0.0,0.0,0.0,0.0,95.13205532655968,95.13205532655968,0.0,True
joint_N57_U240,8,ENP11,0.00018708579829191134,0.00018708579829191134,0.2623210889972792,0.018946881563022513,0.11827611742728535,43.92777006304324,44.30836726946781,0.011200967558054286,True
joint_N57_U240,8,ENP12,0.924851736182012,0.924851736182012,385.63847226852255,50.7608786136852,180.7739686148129,40.336715057805435,606.7491559411409,39.46653029312274,True
joint_N57_U240,8,ENP13,0.4987462850091379,0.4987462850091379,282.7464010258899,27.903654811568448,141.34883136531738,0,424.0952323912073,19.61835301689587,True
joint_N57_U240,8,ENP14,0.11667090680781306,0.11667090680781306,72.39732566415545,5.163552540958393,36.15901736987461,0,108.55634303403005,3.085591059241646,True
joint_N57_U240,8,ENP15,0.5232709981744339,0.5232709981744339,352.52290021885386,40.907003833314704,166.9932006451382,0,519.516100863992,29.32024042394631,True
joint_N57_U240,8,ENP16,0.8462704904076193,0.8462704904076193,183.34197597610944,22.129034629899397,65.88361870923778,0,249.22559468534723,19.025526971522282,True
joint_N57_U240,8,ENP17,0.7759811221386504,0.7759811221386504,214.1076906104395,23.71606393571171,88.3332589005698,0,302.4409495110093,22.011683090012614,True
joint_N57_U240,8,PAN_MAIN,0.09050690275828624,0.013576035413742936,9.11323398823238,0.0,0.0,0,9.11323398823238,1.3453238752914802,True
joint_N57_U240,8,UNSURVEYED_OTHER,0.6180719840745643,0.6180719840745643,62.52344908850351,8.884562423173206,30.48160118800425,0,93.00505027650776,6.239991842471129,True
joint_N59_U0,8,ENP1,0.8787267007305369,0.8787267007305369,643.6721574005395,60.61859379057319,314.90894975173785,66.1001840665598,1024.6812912188373,0.0,True
joint_N59_U0,8,ENP2,0.7670910068861497,0.7670910068861497,123.23237494144026,8.246112759115084,61.56426315240102,0,184.79663809384127,0.0,True
joint_N59_U0,8,ENP3410,0.19207691938710295,0.11083894945301437,104.42312904651715,17.80499207187422,94.43595294891492,32.74037774319428,231.59945973862634,0.0,True
joint_N59_U0,8,ENP5,0.05935931224515803,0.05935931224515803,31.093637052385475,2.35089498353405,15.489477186071568,0,46.58311423845704,0.0,True
joint_N59_U0,8,ENP6,0.20566590478459817,0.030849885717689724,12.49300684444181,5.9161091087496,44.719474629341235,77.34724836850688,134.55972984228993,0.0,True
joint_N59_U0,8,ENP7,0.001884980202812062,0.001884980202812062,0.5563456024984627,0.04089537073036889,0.2611145868749887,35.529898686002305,36.347358875375754,0.0,True
joint_N59_U0,8,ENP8,0.08552429819371499,0.012828644729057247,3.078471295694287,1.3017073668905241,10.147091777612632,31.224282709138254,44.44984578244517,0.0,True
joint_N59_U0,8,ENP9,0,0.0,0.0,0.0,0.0,95.13205532655968,95.13205532655968,0.0,True
joint_N59_U0,8,ENP11,0.00018708579829191134,2.80628697437867e-05,0.04128266737022377,0.018946881563022513,0.12409101716415416,43.92777006304324,44.09314374757762,0.0,True
joint_N59_U0,8,ENP12,0.924851736182012,0.8066022820224394,438.1510572819699,50.7608786136852,255.21902144091473,40.336715057805435,733.7067937806901,0.0,True
joint_N59_U0,8,ENP13,0.4987462850091379,0.07481194275137068,40.73851970688476,27.903654811568448,175.33445743240028,0,216.07297713928506,0.0,True
joint_N59_U0,8,ENP14,0.11667090680781306,0.017500636021171963,11.535485873883923,5.163552540958393,39.1683835742991,0,50.70386944818302,0.0,True
joint_N59_U0,8,ENP15,0.5232709981744339,0.37076030224086604,281.5392175840173,40.907003833314704,213.91669893202095,0,495.45591651603826,0.0,True
joint_N59_U0,8,ENP16,0.8462704904076193,0.8462704904076193,250.52806969409235,22.129034629899397,90.02682409094204,0,340.5548937850344,0.0,True
joint_N59_U0,8,ENP17,0.7759811221386504,0.7759811221386504,322.14427425625786,23.71606393571171,132.90533142496437,0,455.04960568122226,0.0,True
joint_N59_U0,8,PAN_MAIN,0.09050690275828624,0.013576035413742936,18.489310185380752,0.0,0.0,0,18.489310185380752,0.0,True
joint_N59_U0,8,UNSURVEYED_OTHER,0.6180719840745643,0.16825647789035372,7.084221724685909,8.884562423173206,40.63977477417066,0,47.72399649885657,0.0,True
joint_N59_U80,8,ENP1,0.8787267007305369,0.8787267007305369,556.0689589035871,60.61859379057319,272.05012648838886,66.1001840665598,894.2192694585358,14.95056640388253,True
joint_N59_U80,8,ENP2,0.7670910068861497,0.7670910068861497,111.00460982664059,8.246112759115084,55.45553279926937,0,166.46014262590995,2.0144552961552677,True
joint_N59_U80,8,ENP3410,0.19207691938710295,0.19031629680278803,174.26898061629498,17.80499207187422,84.88665733817567,32.74037774319428,291.89601569766495,3.4167641493919714,True
joint_N59_U80,8,ENP5,0.05935931224515803,0.05935931224515803,31.093637052385475,2.35089498353405,15.489477186071568,0,46.58311423845704,0.0,True
joint_N59_U80,8,ENP6,0.20566590478459817,0.06621677737694845,14.871513973430375,5.9161091087496,30.10437139345191,77.34724836850688,122.32313373538916,3.094363336730807,True
joint_N59_U80,8,ENP7,0.001884980202812062,0.001884980202812062,0.5563456024984627,0.04089537073036889,0.2611145868749887,35.529898686002305,36.347358875375754,0.0,True
joint_N59_U80,8,ENP8,0.08552429819371499,0.08552429819371499,14.927386450827678,1.3017073668905241,7.380427447624398,31.224282709138254,53.53209660759033,1.1203278394975391,True
joint_N59_U80,8,ENP9,0,0.0,0.0,0.0,0.0,95.13205532655968,95.13205532655968,0.0,True
joint_N59_U80,8,ENP11,0.00018708579829191134,2.80628697437867e-05,0.04128266737022377,0.018946881563022513,0.12409101716415416,43.92777006304324,44.09314374757762,0.0,True
joint_N59_U80,8,ENP12,0.924851736182012,0.924851736182012,442.8825201728225,50.7608786136852,207.60799702064898,40.336715057805435,690.827232251277,19.006805702764467,True
joint_N59_U80,8,ENP13,0.4987462850091379,0.442687013292283,272.7173016920277,27.903654811568448,149.49930400553663,0,422.2166056975643,8.114865359333209,True
joint_N59_U80,8,ENP14,0.11667090680781306,0.017500636021171963,11.535485873883923,5.163552540958393,39.16838357429909,0,50.70386944818301,0.0,True
joint_N59_U80,8,ENP15,0.5232709981744339,0.5232709981744339,417.2252208634458,40.907003833314704,197.6432594268529,0,614.8684802902987,6.11639381431592,True
joint_N59_U80,8,ENP16,0.8462704904076193,0.8462704904076193,216.0805830335107,22.129034629899397,77.64817995037137,0,293.72876298388206,5.168011917331675,True
joint_N59_U80,8,ENP17,0.7759811221386504,0.7759811221386504,227.41732443350224,23.71606393571171,95.68786474886407,0,323.1051891823663,15.130788431192245,True
joint_N59_U80,8,PAN_MAIN,0.09050690275828624,0.013576035413742936,14.105102447465207,0.0,0.0,0,14.105102447465207,0.5801776874492831,True
joint_N59_U80,8,UNSURVEYED_OTHER,0.6180719840745643,0.1845219928778702,8.13365910806433,8.884562423173206,31.72476814353915,0,39.85842725160348,1.286480061955077,True
joint_N59_U120,8,ENP1,0.8787267007305369,0.8787267007305369,521.8921812311911,60.61859379057319,255.3295443737649,66.1001840665598,843.3219096715158,24.185825272298953,True
joint_N59_U120,8,ENP2,0.7670910068861497,0.7670910068861497,98.46874317009987,8.246112759115084,49.19288149474472,0,147.6616246648446,4.879474095511365,True
joint_N59_U120,8,ENP3410,0.19207691938710295,0.19207691938710295,176.10560572705063,17.80499207187422,84.88665733817567,32.74037774319428,293.7326408084206,3.506839472095273,True
joint_N59_U120,8,ENP5,0.05935931224515803,0.05935931224515803,31.093637052385475,2.35089498353405,15.489477186071568,0,46.58311423845704,0.0,True
joint_N59_U120,8,ENP6,0.20566590478459817,0.20566590478459817,60.498350085586715,5.9161091087496,30.055973452808715,77.34724836850688,167.90157190690232,5.425120880103137,True
joint_N59_U120,8,ENP7,0.001884980202812062,0.001884980202812062,0.5563456024984627,0.04089537073036889,0.2611145868749887,35.529898686002305,36.347358875375754,0.0,True
joint_N59_U120,8,ENP8,0.08552429819371499,0.08552429819371499,14.927386450827678,1.3017073668905241,7.380427447624398,31.224282709138254,53.53209660759033,1.1203278394975391,True
joint_N59_U120,8,ENP9,0,0.0,0.0,0.0,0.0,95.13205532655968,95.13205532655968,0.0,True
joint_N59_U120,8,ENP11,0.00018708579829191134,0.00018708579829191134,0.2752177824681584,0.018946881563022513,0.12409101716415416,43.92777006304324,44.327078862675556,0.0,True
joint_N59_U120,8,ENP12,0.924851736182012,0.924851736182012,422.8260974293774,50.7608786136852,198.2062402036466,40.336715057805435,661.3690526908294,23.82742135717783,True
joint_N59_U120,8,ENP13,0.4987462850091379,0.4987462850091379,298.5227907677266,27.903654811568448,149.49930400553666,0,448.02209477326323,10.279034953932785,True
joint_N59_U120,8,ENP14,0.11667090680781306,0.11667090680781306,78.11284768474682,5.163552540958393,39.01364850610161,0,117.12649619084843,0.07412041621012681,True
joint_N59_U120,8,ENP15,0.5232709981744339,0.5232709981744339,372.42985328895605,40.907003833314704,176.42329953007624,0,548.8531528190323,17.811003705685728,True
joint_N59_U120,8,ENP16,0.8462704904076193,0.8462704904076193,204.55931795644037,22.129034629899397,73.50803347630551,0,278.0673514327459,7.907370889722374,True
joint_N59_U120,8,ENP17,0.7759811221386504,0.7759811221386504,226.51035534985334,23.71606393571171,93.45015961702727,0,319.9605149668806,15.607231024265662,True
joint_N59_U120,8,PAN_MAIN,0.09050690275828624,0.013576035413742936,9.11323398823238,0.0,0.0,0,9.11323398823238,1.3453238752914802,True
joint_N59_U120,8,UNSURVEYED_OTHER,0.6180719840745643,0.5891537656958958,57.69419240680121,8.884562423173206,31.25445947963238,0,88.9486518864336,4.030906218207777,True
joint_N59_U160,8,ENP1,0.8787267007305369,0.8787267007305369,501.5054618145237,60.61859379057319,245.35558429708078,66.1001840665598,812.9612301781643,31.48300845440529,True
joint_N59_U160,8,ENP2,0.7670910068861497,0.7670910068861497,92.86242673020261,8.246112759115084,46.39208551247561,0,139.25451224267823,6.655492785052992,True
joint_N59_U160,8,ENP3410,0.19207691938710295,0.19207691938710295,158.28569086269468,17.80499207187422,76.29707837139044,32.74037774319428,267.3231469772794,8.926090439366847,True
joint_N59_U160,8,ENP5,0.05935931224515803,0.05935931224515803,31.093637052385475,2.35089498353405,15.489477186071568,0,46.58311423845704,0.0,True
joint_N59_U160,8,ENP6,0.20566590478459817,0.20566590478459817,60.498350085586715,5.9161091087496,30.055973452808715,77.34724836850688,167.90157190690232,5.425120880103137,True
joint_N59_U160,8,ENP7,0.001884980202812062,0.001884980202812062,0.5563456024984627,0.04089537073036889,0.2611145868749887,35.529898686002305,36.347358875375754,0.0,True
joint_N59_U160,8,ENP8,0.08552429819371499,0.08552429819371499,14.927386450827678,1.3017073668905241,7.380427447624398,31.224282709138254,53.53209660759033,1.1203278394975391,True
joint_N59_U160,8,ENP9,0,0.0,0.0,0.0,0.0,95.13205532655968,95.13205532655968,0.0,True
joint_N59_U160,8,ENP11,0.00018708579829191134,0.00018708579829191134,0.2752177824681584,0.018946881563022513,0.12409101716415416,43.92777006304324,44.327078862675556,0.0,True
joint_N59_U160,8,ENP12,0.924851736182012,0.924851736182012,392.2425279339029,50.7608786136852,183.86972134031552,40.336715057805435,616.4489643320239,33.40527753398153,True
joint_N59_U160,8,ENP13,0.4987462850091379,0.4987462850091379,289.74182604693254,27.903654811568448,144.845940959075,0,434.58776700600754,13.477545344515615,True
joint_N59_U160,8,ENP14,0.11667090680781306,0.11667090680781306,76.12529929703071,5.163552540958393,38.02096271259203,0,114.14626200962275,0.7202090199852575,True
joint_N59_U160,8,ENP15,0.5232709981744339,0.5232709981744339,354.9070351599414,40.907003833314704,169.88851913236064,0,524.7955542923021,23.69145324112341,True
joint_N59_U160,8,ENP16,0.8462704904076193,0.8462704904076193,192.93092768426084,22.129034629899397,69.32939175055955,0,262.2603194348204,11.799218530477344,True
joint_N59_U160,8,ENP17,0.7759811221386504,0.7759811221386504,220.10959463641518,23.71606393571171,90.8094321791257,0,310.91902681554086,17.785007422254633,True
joint_N59_U160,8,PAN_MAIN,0.09050690275828624,0.013576035413742936,9.11323398823238,0.0,0.0,0,9.11323398823238,1.3453238752914802,True
joint_N59_U160,8,UNSURVEYED_OTHER,0.6180719840745643,0.6180719840745643,63.70953647262586,8.884562423173206,31.05984572095962,0,94.76938219358547,4.165924633944784,True
joint_N59_U200,8,ENP1,0.8787267007305369,0.8787267007305369,489.6492114888673,60.61859379057319,239.1778306134138,66.1001840665598,794.9272261688409,40.15937638994719,True
joint_N59_U200,8,ENP2,0.7670910068861497,0.7670910068861497,92.86242673020261,8.246112759115084,46.39208551247561,0,139.25451224267823,6.655492785052992,True
joint_N59_U200,8,ENP3410,0.19207691938710295,0.19207691938710295,156.5038254639653,17.80499207187422,75.43818125167508,32.74037774319428,264.6823844588347,11.255201277777648,True
joint_N59_U200,8,ENP5,0.05935931224515803,0.05935931224515803,31.050124816246637,2.35089498353405,15.46780131110551,0,46.51792612735215,0.07163096319138593,True
joint_N59_U200,8,ENP6,0.20566590478459817,0.20566590478459817,60.498350085586715,5.9161091087496,30.055973452808715,77.34724836850688,167.90157190690232,5.425120880103137,True
joint_N59_U200,8,ENP7,0.001884980202812062,0.001884980202812062,0.5168490664988807,0.04089537073036889,0.24257732939652693,35.529898686002305,36.289325081897715,0.024562328894179357,True
joint_N59_U200,8,ENP8,0.08552429819371499,0.08552429819371499,14.927386450827678,1.3017073668905241,7.380427447624398,31.224282709138254,53.53209660759033,1.1203278394975391,True
joint_N59_U200,8,ENP9,0,0.0,0.0,0.0,0.0,95.13205532655968,95.13205532655968,0.0,True
joint_N59_U200,8,ENP11,0.00018708579829191134,0.00018708579829191134,0.2623210889972792,0.018946881563022513,0.11827611742728535,43.92777006304324,44.30836726946781,0.011200967558054286,True
joint_N59_U200,8,ENP12,0.924851736182012,0.924851736182012,385.63847226852255,50.7608786136852,180.7739686148129,40.336715057805435,606.7491559411409,39.46653029312274,True
joint_N59_U200,8,ENP13,0.4987462850091379,0.4987462850091379,282.7464010258899,27.903654811568448,141.34883136531738,0,424.0952323912073,19.61835301689587,True
joint_N59_U200,8,ENP14,0.11667090680781306,0.11667090680781306,72.39732566415545,5.163552540958393,36.15901736987461,0,108.55634303403005,3.085591059241646,True
joint_N59_U200,8,ENP15,0.5232709981744339,0.5232709981744339,352.9485440667747,40.907003833314704,167.19483188230063,0,520.1433759490753,25.44490882467585,True
joint_N59_U200,8,ENP16,0.8462704904076193,0.8462704904076193,183.34197597610944,22.129034629899397,65.88361870923778,0,249.22559468534723,19.025526971522282,True
joint_N59_U200,8,ENP17,0.7759811221386504,0.7759811221386504,214.11242367010703,23.71606393571171,88.33521159355254,0,302.44763526365955,21.992804779264436,True
joint_N59_U200,8,PAN_MAIN,0.09050690275828624,0.013576035413742936,9.11323398823238,0.0,0.0,0,9.11323398823238,1.3453238752914802,True
joint_N59_U200,8,UNSURVEYED_OTHER,0.6180719840745643,0.6180719840745643,62.624133502266794,8.884562423173206,30.53068712601506,0,93.15482062828185,5.298047747963528,True
joint_N59_U240,8,ENP1,0.8787267007305369,0.8787267007305369,487.8918257320338,60.61859379057319,238.69527470973983,66.1001840665598,792.6872845083334,43.642333486177,True
joint_N59_U240,8,ENP2,0.7670910068861497,0.7670910068861497,92.86242673020261,8.246112759115084,46.39208551247561,0,139.25451224267823,6.655492785052992,True
joint_N59_U240,8,ENP3410,0.19207691938710295,0.19207691938710295,155.97623258393642,17.80499207187422,75.18387023280559,32.74037774319428,263.9004805599363,12.412329017170794,True
joint_N59_U240,8,ENP5,0.05935931224515803,0.05935931224515803,30.78749585669233,2.35089498353405,15.3369711586031,0,46.12446701529543,1.2038288618259056,True
joint_N59_U240,8,ENP6,0.20566590478459817,0.20566590478459817,60.498350085586715,5.9161091087496,30.055973452808715,77.34724836850688,167.90157190690232,5.425120880103137,True
joint_N59_U240,8,ENP7,0.001884980202812062,0.001884980202812062,0.5168490664988807,0.04089537073036889,0.24257732939652693,35.529898686002305,36.289325081897715,0.024562328894179357,True
joint_N59_U240,8,ENP8,0.08552429819371499,0.08552429819371499,14.927386450827678,1.3017073668905241,7.380427447624398,31.224282709138254,53.53209660759033,1.1203278394975391,True
joint_N59_U240,8,ENP9,0,0.0,0.0,0.0,0.0,95.13205532655968,95.13205532655968,0.0,True
joint_N59_U240,8,ENP11,0.00018708579829191134,0.00018708579829191134,0.2623210889972792,0.018946881563022513,0.11827611742728535,43.92777006304324,44.30836726946781,0.011200967558054286,True
joint_N59_U240,8,ENP12,0.924851736182012,0.924851736182012,385.63847226852255,50.7608786136852,180.7739686148129,40.336715057805435,606.7491559411409,39.46653029312274,True
joint_N59_U240,8,ENP13,0.4987462850091379,0.4987462850091379,282.7464010258899,27.903654811568448,141.34883136531738,0,424.0952323912073,19.61835301689587,True
joint_N59_U240,8,ENP14,0.11667090680781306,0.11667090680781306,72.39732566415545,5.163552540958393,36.15901736987461,0,108.55634303403005,3.085591059241646,True
joint_N59_U240,8,ENP15,0.5232709981744339,0.5232709981744339,352.52290021885386,40.907003833314704,166.9932006451382,0,519.516100863992,29.32024042394631,True
joint_N59_U240,8,ENP16,0.8462704904076193,0.8462704904076193,183.34197597610944,22.129034629899397,65.88361870923778,0,249.22559468534723,19.025526971522282,True
joint_N59_U240,8,ENP17,0.7759811221386504,0.7759811221386504,214.1076906104395,23.71606393571171,88.3332589005698,0,302.4409495110093,22.011683090012614,True
joint_N59_U240,8,PAN_MAIN,0.09050690275828624,0.013576035413742936,9.11323398823238,0.0,0.0,0,9.11323398823238,1.3453238752914802,True
joint_N59_U240,8,UNSURVEYED_OTHER,0.6180719840745643,0.6180719840745643,62.52344908850351,8.884562423173206,30.48160118800425,0,93.00505027650776,6.239991842471129,True
joint_N62_U0,8,ENP1,0.8787267007305369,0.8787267007305369,643.6721574005395,60.61859379057319,314.90894975173785,66.1001840665598,1024.6812912188373,0.0,True
joint_N62_U0,8,ENP2,0.7670910068861497,0.7670910068861497,123.23237494144026,8.246112759115084,61.56426315240102,0,184.79663809384127,0.0,True
joint_N62_U0,8,ENP3410,0.19207691938710295,0.16850408772288675,167.59797996773173,17.80499207187422,94.43595294891492,32.74037774319428,294.774310659841,0.0,True
joint_N62_U0,8,ENP5,0.05935931224515803,0.05935931224515803,31.093637052385475,2.35089498353405,15.489477186071568,0,46.58311423845704,0.0,True
joint_N62_U0,8,ENP6,0.20566590478459817,0.030849885717689724,12.49300684444181,5.9161091087496,44.719474629341235,77.34724836850688,134.55972984228993,0.0,True
joint_N62_U0,8,ENP7,0.001884980202812062,0.001884980202812062,0.5563456024984627,0.04089537073036889,0.2611145868749887,35.529898686002305,36.347358875375754,0.0,True
joint_N62_U0,8,ENP8,0.08552429819371499,0.012828644729057247,3.078471295694287,1.3017073668905241,10.147091777612632,31.224282709138254,44.44984578244517,0.0,True
joint_N62_U0,8,ENP9,0,0.0,0.0,0.0,0.0,95.13205532655968,95.13205532655968,0.0,True
joint_N62_U0,8,ENP11,0.00018708579829191134,2.80628697437867e-05,0.04128266737022377,0.018946881563022513,0.12409101716415416,43.92777006304324,44.09314374757762,0.0,True
joint_N62_U0,8,ENP12,0.924851736182012,0.8864076548728825,509.71900708464057,50.7608786136852,255.21902144091473,40.336715057805435,805.2747435833608,0.0,True
joint_N62_U0,8,ENP13,0.4987462850091379,0.2658640269889686,177.76689303086468,27.903654811568448,175.33445743240028,0,353.10135046326496,0.0,True
joint_N62_U0,8,ENP14,0.11667090680781306,0.017500636021171963,11.535485873883923,5.163552540958393,39.1683835742991,0,50.70386944818302,0.0,True
joint_N62_U0,8,ENP15,0.5232709981744339,0.45355714100375877,368.9430782367127,40.907003833314704,213.91669893202095,0,582.8597771687337,0.0,True
joint_N62_U0,8,ENP16,0.8462704904076193,0.8462704904076193,250.52806969409235,22.129034629899397,90.02682409094204,0,340.5548937850344,0.0,True
joint_N62_U0,8,ENP17,0.7759811221386504,0.7759811221386504,322.14427425625786,23.71606393571171,132.90533142496437,0,455.04960568122226,0.0,True
joint_N62_U0,8,PAN_MAIN,0.09050690275828624,0.013576035413742936,18.489310185380752,0.0,0.0,0,18.489310185380752,0.0,True
joint_N62_U0,8,UNSURVEYED_OTHER,0.6180719840745643,0.17896211774872411,7.909187006451163,8.884562423173206,40.63977477417066,0,48.54896178062182,0.0,True
joint_N62_U80,8,ENP1,0.8787267007305369,0.8787267007305369,569.6333029584982,60.61859379057319,278.68632053731864,66.1001840665598,914.4198075623766,11.901202766476892,True
joint_N62_U80,8,ENP2,0.7670910068861497,0.7670910068861497,111.00460982664059,8.246112759115084,55.45553279926937,0,166.46014262590995,2.0144552961552677,True
joint_N62_U80,8,ENP3410,0.19207691938710295,0.19207691938710295,176.7112090956094,17.80499207187422,85.1785710760573,32.74037774319428,294.630157914861,3.3733459230307288,True
joint_N62_U80,8,ENP5,0.05935931224515803,0.05935931224515803,31.093637052385475,2.35089498353405,15.489477186071568,0,46.58311423845704,0.0,True
joint_N62_U80,8,ENP6,0.20566590478459817,0.20566590478459817,60.59576817657121,5.9161091087496,30.10437139345191,77.34724836850688,168.04738793853,5.398496009237585,True
joint_N62_U80,8,ENP7,0.001884980202812062,0.001884980202812062,0.5563456024984627,0.04089537073036889,0.2611145868749887,35.529898686002305,36.347358875375754,0.0,True
joint_N62_U80,8,ENP8,0.08552429819371499,0.08552429819371499,14.927386450827678,1.3017073668905241,7.380427447624398,31.224282709138254,53.53209660759033,1.1203278394975391,True
joint_N62_U80,8,ENP9,0,0.0,0.0,0.0,0.0,95.13205532655968,95.13205532655968,0.0,True
joint_N62_U80,8,ENP11,0.00018708579829191134,0.00018708579829191134,0.2752177824681584,0.018946881563022513,0.12409101716415416,43.92777006304324,44.327078862675556,0.0,True
joint_N62_U80,8,ENP12,0.924851736182012,0.924851736182012,454.3668236459859,50.7608786136852,207.60799702064898,40.336715057805435,702.3115357244403,17.299341326832806,True
joint_N62_U80,8,ENP13,0.4987462850091379,0.4987462850091379,299.05015665953874,27.903654811568448,149.49930400553663,0,448.54946066507534,10.176650422852921,True
joint_N62_U80,8,ENP14,0.11667090680781306,0.11667090680781306,78.4226571303235,5.163552540958393,39.16838357429909,0,117.5910407046226,0.0,True
joint_N62_U80,8,ENP15,0.5232709981744339,0.5232709981744339,417.22522086344577,40.907003833314704,197.6432594268529,0,614.8684802902986,6.11639381431592,True
joint_N62_U80,8,ENP16,0.8462704904076193,0.8462704904076193,222.834857773731,22.129034629899397,80.07531677636531,0,302.9101745500963,3.7851472773307266,True
joint_N62_U80,8,ENP17,0.7759811221386504,0.7759811221386504,231.93424533204006,23.71606393571171,95.68786474886407,0,327.6221100809041,14.446439796599435,True
joint_N62_U80,8,PAN_MAIN,0.09050690275828624,0.013576035413742936,14.105102447465205,0.0,0.0,0,14.105102447465205,0.5801776874492831,True
joint_N62_U80,8,UNSURVEYED_OTHER,0.6180719840745643,0.6180719840745643,65.07341637445715,8.884562423173206,31.72476814353915,0,96.7981845179963,3.7880218402209076,True
joint_N62_U120,8,ENP1,0.8787267007305369,0.8787267007305369,521.8921812311911,60.61859379057319,255.3295443737649,66.1001840665598,843.3219096715158,24.185825272298953,True
joint_N62_U120,8,ENP2,0.7670910068861497,0.7670910068861497,98.46874317009987,8.246112759115084,49.19288149474472,0,147.6616246648446,4.879474095511365,True
joint_N62_U120,8,ENP3410,0.19207691938710295,0.19207691938710295,176.10560572705063,17.80499207187422,84.88665733817567,32.74037774319428,293.7326408084206,3.506839472095273,True
joint_N62_U120,8,ENP5,0.05935931224515803,0.05935931224515803,31.093637052385475,2.35089498353405,15.489477186071568,0,46.58311423845704,0.0,True
joint_N62_U120,8,ENP6,0.20566590478459817,0.20566590478459817,60.498350085586715,5.9161091087496,30.055973452808715,77.34724836850688,167.90157190690232,5.425120880103137,True
joint_N62_U120,8,ENP7,0.001884980202812062,0.001884980202812062,0.5563456024984627,0.04089537073036889,0.2611145868749887,35.529898686002305,36.347358875375754,0.0,True
joint_N62_U120,8,ENP8,0.08552429819371499,0.08552429819371499,14.927386450827678,1.3017073668905241,7.380427447624398,31.224282709138254,53.53209660759033,1.1203278394975391,True
joint_N62_U120,8,ENP9,0,0.0,0.0,0.0,0.0,95.13205532655968,95.13205532655968,0.0,True
joint_N62_U120,8,ENP11,0.00018708579829191134,0.00018708579829191134,0.2752177824681584,0.018946881563022513,0.12409101716415416,43.92777006304324,44.327078862675556,0.0,True
joint_N62_U120,8,ENP12,0.924851736182012,0.924851736182012,422.8260974293774,50.7608786136852,198.2062402036466,40.336715057805435,661.3690526908294,23.82742135717783,True
joint_N62_U120,8,ENP13,0.4987462850091379,0.4987462850091379,299.0501566595388,27.903654811568448,149.03746590975462,0,448.08762256929344,10.266313174285282,True
joint_N62_U120,8,ENP14,0.11667090680781306,0.11667090680781306,78.11284768474682,5.163552540958393,39.01364850610161,0,117.12649619084843,0.07412041621012681,True
joint_N62_U120,8,ENP15,0.5232709981744339,0.5232709981744339,372.42985328895605,40.907003833314704,176.4232995300762,0,548.8531528190323,17.811003705685728,True
joint_N62_U120,8,ENP16,0.8462704904076193,0.8462704904076193,204.55931795644037,22.129034629899397,73.50803347630551,0,278.0673514327459,7.907370889722374,True
joint_N62_U120,8,ENP17,0.7759811221386504,0.7759811221386504,226.51035534985334,23.71606393571171,93.45015961702727,0,319.9605149668806,15.607231024265662,True
joint_N62_U120,8,PAN_MAIN,0.09050690275828624,0.013576035413742936,9.11323398823238,0.0,0.0,0,9.11323398823238,1.3453238752914802,True
joint_N62_U120,8,UNSURVEYED_OTHER,0.6180719840745643,0.6180719840745643,64.10872558861912,8.884562423173206,31.25445947963238,0,95.36318506825151,4.0436279978552285,True
joint_N62_U160,8,ENP1,0.8787267007305369,0.8787267007305369,501.5054618145237,60.61859379057319,245.35558429708078,66.1001840665598,812.9612301781643,31.48300845440529,True
joint_N62_U160,8,ENP2,0.7670910068861497,0.7670910068861497,92.86242673020261,8.246112759115084,46.39208551247561,0,139.25451224267823,6.655492785052992,True
joint_N62_U160,8,ENP3410,0.19207691938710295,0.19207691938710295,158.28569086269468,17.80499207187422,76.29707837139044,32.74037774319428,267.3231469772794,8.926090439366847,True
joint_N62_U160,8,ENP5,0.05935931224515803,0.05935931224515803,31.093637052385475,2.35089498353405,15.489477186071568,0,46.58311423845704,0.0,True
joint_N62_U160,8,ENP6,0.20566590478459817,0.20566590478459817,60.498350085586715,5.9161091087496,30.055973452808715,77.34724836850688,167.90157190690232,5.425120880103137,True
joint_N62_U160,8,ENP7,0.001884980202812062,0.001884980202812062,0.5563456024984627,0.04089537073036889,0.2611145868749887,35.529898686002305,36.347358875375754,0.0,True
joint_N62_U160,8,ENP8,0.08552429819371499,0.08552429819371499,14.927386450827678,1.3017073668905241,7.380427447624398,31.224282709138254,53.53209660759033,1.1203278394975391,True
joint_N62_U160,8,ENP9,0,0.0,0.0,0.0,0.0,95.13205532655968,95.13205532655968,0.0,True
joint_N62_U160,8,ENP11,0.00018708579829191134,0.00018708579829191134,0.2752177824681584,0.018946881563022513,0.12409101716415416,43.92777006304324,44.327078862675556,0.0,True
joint_N62_U160,8,ENP12,0.924851736182012,0.924851736182012,392.2425279339029,50.7608786136852,183.86972134031552,40.336715057805435,616.4489643320239,33.40527753398153,True
joint_N62_U160,8,ENP13,0.4987462850091379,0.4987462850091379,289.74182604693254,27.903654811568448,144.845940959075,0,434.58776700600754,13.477545344515615,True
joint_N62_U160,8,ENP14,0.11667090680781306,0.11667090680781306,76.12529929703071,5.163552540958393,38.02096271259203,0,114.14626200962275,0.7202090199852575,True
joint_N62_U160,8,ENP15,0.5232709981744339,0.5232709981744339,354.9070351599414,40.907003833314704,169.88851913236064,0,524.7955542923021,23.69145324112341,True
joint_N62_U160,8,ENP16,0.8462704904076193,0.8462704904076193,192.93092768426084,22.129034629899397,69.32939175055955,0,262.2603194348204,11.799218530477344,True
joint_N62_U160,8,ENP17,0.7759811221386504,0.7759811221386504,220.10959463641518,23.71606393571171,90.8094321791257,0,310.91902681554086,17.785007422254633,True
joint_N62_U160,8,PAN_MAIN,0.09050690275828624,0.013576035413742936,9.11323398823238,0.0,0.0,0,9.11323398823238,1.3453238752914802,True
joint_N62_U160,8,UNSURVEYED_OTHER,0.6180719840745643,0.6180719840745643,63.70953647262586,8.884562423173206,31.05984572095962,0,94.76938219358547,4.165924633944784,True
joint_N62_U200,8,ENP1,0.8787267007305369,0.8787267007305369,489.6492114888673,60.61859379057319,239.1778306134138,66.1001840665598,794.9272261688409,40.15937638994719,True
joint_N62_U200,8,ENP2,0.7670910068861497,0.7670910068861497,92.86242673020261,8.246112759115084,46.39208551247561,0,139.25451224267823,6.655492785052992,True
joint_N62_U200,8,ENP3410,0.19207691938710295,0.19207691938710295,156.5038254639653,17.80499207187422,75.43818125167508,32.74037774319428,264.6823844588347,11.255201277777648,True
joint_N62_U200,8,ENP5,0.05935931224515803,0.05935931224515803,31.050124816246637,2.35089498353405,15.46780131110551,0,46.51792612735215,0.07163096319138593,True
joint_N62_U200,8,ENP6,0.20566590478459817,0.20566590478459817,60.498350085586715,5.9161091087496,30.055973452808715,77.34724836850688,167.90157190690232,5.425120880103137,True
joint_N62_U200,8,ENP7,0.001884980202812062,0.001884980202812062,0.5168490664988807,0.04089537073036889,0.24257732939652693,35.529898686002305,36.289325081897715,0.024562328894179357,True
joint_N62_U200,8,ENP8,0.08552429819371499,0.08552429819371499,14.927386450827678,1.3017073668905241,7.380427447624398,31.224282709138254,53.53209660759033,1.1203278394975391,True
joint_N62_U200,8,ENP9,0,0.0,0.0,0.0,0.0,95.13205532655968,95.13205532655968,0.0,True
joint_N62_U200,8,ENP11,0.00018708579829191134,0.00018708579829191134,0.2623210889972792,0.018946881563022513,0.11827611742728535,43.92777006304324,44.30836726946781,0.011200967558054286,True
joint_N62_U200,8,ENP12,0.924851736182012,0.924851736182012,385.63847226852255,50.7608786136852,180.7739686148129,40.336715057805435,606.7491559411409,39.46653029312274,True
joint_N62_U200,8,ENP13,0.4987462850091379,0.4987462850091379,282.7464010258899,27.903654811568448,141.34883136531738,0,424.0952323912073,19.61835301689587,True
joint_N62_U200,8,ENP14,0.11667090680781306,0.11667090680781306,72.39732566415545,5.163552540958393,36.15901736987461,0,108.55634303403005,3.085591059241646,True
joint_N62_U200,8,ENP15,0.5232709981744339,0.5232709981744339,352.9485440667747,40.907003833314704,167.19483188230063,0,520.1433759490753,25.44490882467585,True
joint_N62_U200,8,ENP16,0.8462704904076193,0.8462704904076193,183.34197597610944,22.129034629899397,65.88361870923778,0,249.22559468534723,19.025526971522282,True
joint_N62_U200,8,ENP17,0.7759811221386504,0.7759811221386504,214.11242367010703,23.71606393571171,88.33521159355254,0,302.44763526365955,21.992804779264436,True
joint_N62_U200,8,PAN_MAIN,0.09050690275828624,0.013576035413742936,9.11323398823238,0.0,0.0,0,9.11323398823238,1.3453238752914802,True
joint_N62_U200,8,UNSURVEYED_OTHER,0.6180719840745643,0.6180719840745643,62.624133502266794,8.884562423173206,30.53068712601506,0,93.15482062828185,5.298047747963528,True
joint_N62_U240,8,ENP1,0.8787267007305369,0.8787267007305369,487.8918257320338,60.61859379057319,238.69527470973983,66.1001840665598,792.6872845083334,43.642333486177,True
joint_N62_U240,8,ENP2,0.7670910068861497,0.7670910068861497,92.86242673020261,8.246112759115084,46.39208551247561,0,139.25451224267823,6.655492785052992,True
joint_N62_U240,8,ENP3410,0.19207691938710295,0.19207691938710295,155.97623258393642,17.80499207187422,75.18387023280559,32.74037774319428,263.9004805599363,12.412329017170794,True
joint_N62_U240,8,ENP5,0.05935931224515803,0.05935931224515803,30.78749585669233,2.35089498353405,15.3369711586031,0,46.12446701529543,1.2038288618259056,True
joint_N62_U240,8,ENP6,0.20566590478459817,0.20566590478459817,60.498350085586715,5.9161091087496,30.055973452808715,77.34724836850688,167.90157190690232,5.425120880103137,True
joint_N62_U240,8,ENP7,0.001884980202812062,0.001884980202812062,0.5168490664988807,0.04089537073036889,0.24257732939652693,35.529898686002305,36.289325081897715,0.024562328894179357,True
joint_N62_U240,8,ENP8,0.08552429819371499,0.08552429819371499,14.927386450827678,1.3017073668905241,7.380427447624398,31.224282709138254,53.53209660759033,1.1203278394975391,True
joint_N62_U240,8,ENP9,0,0.0,0.0,0.0,0.0,95.13205532655968,95.13205532655968,0.0,True
joint_N62_U240,8,ENP11,0.00018708579829191134,0.00018708579829191134,0.2623210889972792,0.018946881563022513,0.11827611742728535,43.92777006304324,44.30836726946781,0.011200967558054286,True
joint_N62_U240,8,ENP12,0.924851736182012,0.924851736182012,385.63847226852255,50.7608786136852,180.7739686148129,40.336715057805435,606.7491559411409,39.46653029312274,True
joint_N62_U240,8,ENP13,0.4987462850091379,0.4987462850091379,282.7464010258899,27.903654811568448,141.34883136531738,0,424.0952323912073,19.61835301689587,True
joint_N62_U240,8,ENP14,0.11667090680781306,0.11667090680781306,72.39732566415545,5.163552540958393,36.15901736987461,0,108.55634303403005,3.085591059241646,True
joint_N62_U240,8,ENP15,0.5232709981744339,0.5232709981744339,352.52290021885386,40.907003833314704,166.9932006451382,0,519.516100863992,29.32024042394631,True
joint_N62_U240,8,ENP16,0.8462704904076193,0.8462704904076193,183.34197597610944,22.129034629899397,65.88361870923778,0,249.22559468534723,19.025526971522282,True
joint_N62_U240,8,ENP17,0.7759811221386504,0.7759811221386504,214.1076906104395,23.71606393571171,88.3332589005698,0,302.4409495110093,22.011683090012614,True
joint_N62_U240,8,PAN_MAIN,0.09050690275828624,0.013576035413742936,9.11323398823238,0.0,0.0,0,9.11323398823238,1.3453238752914802,True
joint_N62_U240,8,UNSURVEYED_OTHER,0.6180719840745643,0.6180719840745643,62.52344908850351,8.884562423173206,30.48160118800425,0,93.00505027650776,6.239991842471129,True
joint_N67_U0,8,ENP1,0.8787267007305369,0.8787267007305369,643.6721574005395,60.61859379057319,314.90894975173785,66.1001840665598,1024.6812912188373,0.0,True
joint_N67_U0,8,ENP2,0.7670910068861497,0.7670910068861497,123.23237494144026,8.246112759115084,61.56426315240102,0,184.79663809384127,0.0,True
joint_N67_U0,8,ENP3410,0.19207691938710295,0.19207691938710295,195.91654587393762,17.80499207187422,94.43595294891492,32.74037774319428,323.09287656604687,0.0,True
joint_N67_U0,8,ENP5,0.05935931224515803,0.05935931224515803,31.093637052385475,2.35089498353405,15.489477186071568,0,46.58311423845704,0.0,True
joint_N67_U0,8,ENP6,0.20566590478459817,0.20566590478459817,90.01386815892918,5.9161091087496,44.719474629341235,77.34724836850688,212.0805911567773,0.0,True
joint_N67_U0,8,ENP7,0.001884980202812062,0.001884980202812062,0.5563456024984627,0.04089537073036889,0.2611145868749887,35.529898686002305,36.347358875375754,0.0,True
joint_N67_U0,8,ENP8,0.08552429819371499,0.08552429819371499,20.523141971295246,1.3017073668905241,10.147091777612632,31.224282709138254,61.89451645804613,0.0,True
joint_N67_U0,8,ENP9,0,0.0,0.0,0.0,0.0,95.13205532655968,95.13205532655968,0.0,True
joint_N67_U0,8,ENP11,0.00018708579829191134,0.00018708579829191134,0.2752177824681584,0.018946881563022513,0.12409101716415416,43.92777006304324,44.327078862675556,0.0,True
joint_N67_U0,8,ENP12,0.924851736182012,0.924851736182012,544.4493710931165,50.7608786136852,255.21902144091473,40.336715057805435,840.0051075918367,0.0,True
joint_N67_U0,8,ENP13,0.4987462850091379,0.4987462850091379,350.72937169682524,27.903654811568448,175.33445743240028,0,526.0638291292255,0.0,True
joint_N67_U0,8,ENP14,0.11667090680781306,0.11667090680781306,78.4226571303235,5.163552540958393,39.1683835742991,0,117.5910407046226,0.0,True
joint_N67_U0,8,ENP15,0.5232709981744339,0.5232709981744339,451.5784763776543,40.907003833314704,213.91669893202095,0,665.4951753096752,0.0,True
joint_N67_U0,8,ENP16,0.8462704904076193,0.8462704904076193,250.52806969409235,22.129034629899397,90.02682409094204,0,340.5548937850344,0.0,True
joint_N67_U0,8,ENP17,0.7759811221386504,0.7759811221386504,322.14427425625786,23.71606393571171,132.90533142496437,0,455.04960568122226,0.0,True
joint_N67_U0,8,PAN_MAIN,0.09050690275828624,0.013576035413742934,18.489310185380752,0.0,0.0,0,18.489310185380752,0.0,True
joint_N67_U0,8,UNSURVEYED_OTHER,0.6180719840745643,0.6180719840745643,83.35975769084831,8.884562423173206,40.63977477417066,0,123.99953246501897,0.0,True
joint_N67_U80,8,ENP1,0.8787267007305369,0.8787267007305369,569.6333029584982,60.61859379057319,278.68632053731864,66.1001840665598,914.4198075623766,11.901202766476892,True
joint_N67_U80,8,ENP2,0.7670910068861497,0.7670910068861497,111.00460982664059,8.246112759115084,55.45553279926937,0,166.46014262590995,2.0144552961552677,True
joint_N67_U80,8,ENP3410,0.19207691938710295,0.19207691938710295,176.7112090956094,17.80499207187422,85.1785710760573,32.74037774319428,294.630157914861,3.3733459230307288,True
joint_N67_U80,8,ENP5,0.05935931224515803,0.05935931224515803,31.093637052385475,2.35089498353405,15.489477186071568,0,46.58311423845704,0.0,True
joint_N67_U80,8,ENP6,0.20566590478459817,0.20566590478459817,60.59576817657121,5.9161091087496,30.10437139345191,77.34724836850688,168.04738793853,5.398496009237585,True
joint_N67_U80,8,ENP7,0.001884980202812062,0.001884980202812062,0.5563456024984627,0.04089537073036889,0.2611145868749887,35.529898686002305,36.347358875375754,0.0,True
joint_N67_U80,8,ENP8,0.08552429819371499,0.08552429819371499,14.927386450827678,1.3017073668905241,7.380427447624398,31.224282709138254,53.53209660759033,1.1203278394975391,True
joint_N67_U80,8,ENP9,0,0.0,0.0,0.0,0.0,95.13205532655968,95.13205532655968,0.0,True
joint_N67_U80,8,ENP11,0.00018708579829191134,0.00018708579829191134,0.2752177824681584,0.018946881563022513,0.12409101716415416,43.92777006304324,44.327078862675556,0.0,True
joint_N67_U80,8,ENP12,0.924851736182012,0.924851736182012,454.3668236459859,50.7608786136852,207.60799702064898,40.336715057805435,702.3115357244403,17.299341326832806,True
joint_N67_U80,8,ENP13,0.4987462850091379,0.4987462850091379,299.05015665953874,27.903654811568448,149.49930400553663,0,448.54946066507534,10.176650422852921,True
joint_N67_U80,8,ENP14,0.11667090680781306,0.11667090680781306,78.4226571303235,5.163552540958393,39.16838357429909,0,117.5910407046226,0.0,True
joint_N67_U80,8,ENP15,0.5232709981744339,0.5232709981744339,417.22522086344577,40.907003833314704,197.6432594268529,0,614.8684802902986,6.11639381431592,True
joint_N67_U80,8,ENP16,0.8462704904076193,0.8462704904076193,222.834857773731,22.129034629899397,80.07531677636531,0,302.9101745500963,3.7851472773307266,True
joint_N67_U80,8,ENP17,0.7759811221386504,0.7759811221386504,231.93424533204006,23.71606393571171,95.68786474886407,0,327.6221100809041,14.446439796599435,True
joint_N67_U80,8,PAN_MAIN,0.09050690275828624,0.013576035413742936,14.105102447465205,0.0,0.0,0,14.105102447465205,0.5801776874492831,True
joint_N67_U80,8,UNSURVEYED_OTHER,0.6180719840745643,0.6180719840745643,65.07341637445715,8.884562423173206,31.72476814353915,0,96.7981845179963,3.7880218402209076,True
joint_N67_U120,8,ENP1,0.8787267007305369,0.8787267007305369,521.8921812311911,60.61859379057319,255.3295443737649,66.1001840665598,843.3219096715158,24.185825272298953,True
joint_N67_U120,8,ENP2,0.7670910068861497,0.7670910068861497,98.46874317009987,8.246112759115084,49.19288149474472,0,147.6616246648446,4.879474095511365,True
joint_N67_U120,8,ENP3410,0.19207691938710295,0.19207691938710295,176.10560572705063,17.80499207187422,84.88665733817567,32.74037774319428,293.7326408084206,3.506839472095273,True
joint_N67_U120,8,ENP5,0.05935931224515803,0.05935931224515803,31.093637052385475,2.35089498353405,15.489477186071568,0,46.58311423845704,0.0,True
joint_N67_U120,8,ENP6,0.20566590478459817,0.20566590478459817,60.498350085586715,5.9161091087496,30.055973452808715,77.34724836850688,167.90157190690232,5.425120880103137,True
joint_N67_U120,8,ENP7,0.001884980202812062,0.001884980202812062,0.5563456024984627,0.04089537073036889,0.2611145868749887,35.529898686002305,36.347358875375754,0.0,True
joint_N67_U120,8,ENP8,0.08552429819371499,0.08552429819371499,14.927386450827678,1.3017073668905241,7.380427447624398,31.224282709138254,53.53209660759033,1.1203278394975391,True
joint_N67_U120,8,ENP9,0,0.0,0.0,0.0,0.0,95.13205532655968,95.13205532655968,0.0,True
joint_N67_U120,8,ENP11,0.00018708579829191134,0.00018708579829191134,0.2752177824681584,0.018946881563022513,0.12409101716415416,43.92777006304324,44.327078862675556,0.0,True
joint_N67_U120,8,ENP12,0.924851736182012,0.924851736182012,422.8260974293774,50.7608786136852,198.2062402036466,40.336715057805435,661.3690526908294,23.82742135717783,True
joint_N67_U120,8,ENP13,0.4987462850091379,0.4987462850091379,299.0501566595388,27.903654811568448,149.03746590975462,0,448.08762256929344,10.266313174285282,True
joint_N67_U120,8,ENP14,0.11667090680781306,0.11667090680781306,78.11284768474682,5.163552540958393,39.01364850610161,0,117.12649619084843,0.07412041621012681,True
joint_N67_U120,8,ENP15,0.5232709981744339,0.5232709981744339,372.42985328895605,40.907003833314704,176.4232995300762,0,548.8531528190323,17.811003705685728,True
joint_N67_U120,8,ENP16,0.8462704904076193,0.8462704904076193,204.55931795644037,22.129034629899397,73.50803347630551,0,278.0673514327459,7.907370889722374,True
joint_N67_U120,8,ENP17,0.7759811221386504,0.7759811221386504,226.51035534985334,23.71606393571171,93.45015961702727,0,319.9605149668806,15.607231024265662,True
joint_N67_U120,8,PAN_MAIN,0.09050690275828624,0.013576035413742936,9.11323398823238,0.0,0.0,0,9.11323398823238,1.3453238752914802,True
joint_N67_U120,8,UNSURVEYED_OTHER,0.6180719840745643,0.6180719840745643,64.10872558861912,8.884562423173206,31.25445947963238,0,95.36318506825151,4.0436279978552285,True
joint_N67_U160,8,ENP1,0.8787267007305369,0.8787267007305369,501.5054618145237,60.61859379057319,245.35558429708078,66.1001840665598,812.9612301781643,31.48300845440529,True
joint_N67_U160,8,ENP2,0.7670910068861497,0.7670910068861497,92.86242673020261,8.246112759115084,46.39208551247561,0,139.25451224267823,6.655492785052992,True
joint_N67_U160,8,ENP3410,0.19207691938710295,0.19207691938710295,158.28569086269468,17.80499207187422,76.29707837139044,32.74037774319428,267.3231469772794,8.926090439366847,True
joint_N67_U160,8,ENP5,0.05935931224515803,0.05935931224515803,31.093637052385475,2.35089498353405,15.489477186071568,0,46.58311423845704,0.0,True
joint_N67_U160,8,ENP6,0.20566590478459817,0.20566590478459817,60.498350085586715,5.9161091087496,30.055973452808715,77.34724836850688,167.90157190690232,5.425120880103137,True
joint_N67_U160,8,ENP7,0.001884980202812062,0.001884980202812062,0.5563456024984627,0.04089537073036889,0.2611145868749887,35.529898686002305,36.347358875375754,0.0,True
joint_N67_U160,8,ENP8,0.08552429819371499,0.08552429819371499,14.927386450827678,1.3017073668905241,7.380427447624398,31.224282709138254,53.53209660759033,1.1203278394975391,True
joint_N67_U160,8,ENP9,0,0.0,0.0,0.0,0.0,95.13205532655968,95.13205532655968,0.0,True
joint_N67_U160,8,ENP11,0.00018708579829191134,0.00018708579829191134,0.2752177824681584,0.018946881563022513,0.12409101716415416,43.92777006304324,44.327078862675556,0.0,True
joint_N67_U160,8,ENP12,0.924851736182012,0.924851736182012,392.2425279339029,50.7608786136852,183.86972134031552,40.336715057805435,616.4489643320239,33.40527753398153,True
joint_N67_U160,8,ENP13,0.4987462850091379,0.4987462850091379,289.74182604693254,27.903654811568448,144.845940959075,0,434.58776700600754,13.477545344515615,True
joint_N67_U160,8,ENP14,0.11667090680781306,0.11667090680781306,76.12529929703071,5.163552540958393,38.02096271259203,0,114.14626200962275,0.7202090199852575,True
joint_N67_U160,8,ENP15,0.5232709981744339,0.5232709981744339,354.9070351599414,40.907003833314704,169.88851913236064,0,524.7955542923021,23.69145324112341,True
joint_N67_U160,8,ENP16,0.8462704904076193,0.8462704904076193,192.93092768426084,22.129034629899397,69.32939175055955,0,262.2603194348204,11.799218530477344,True
joint_N67_U160,8,ENP17,0.7759811221386504,0.7759811221386504,220.10959463641518,23.71606393571171,90.8094321791257,0,310.91902681554086,17.785007422254633,True
joint_N67_U160,8,PAN_MAIN,0.09050690275828624,0.013576035413742936,9.11323398823238,0.0,0.0,0,9.11323398823238,1.3453238752914802,True
joint_N67_U160,8,UNSURVEYED_OTHER,0.6180719840745643,0.6180719840745643,63.70953647262586,8.884562423173206,31.05984572095962,0,94.76938219358547,4.165924633944784,True
joint_N67_U200,8,ENP1,0.8787267007305369,0.8787267007305369,489.6492114888673,60.61859379057319,239.1778306134138,66.1001840665598,794.9272261688409,40.15937638994719,True
joint_N67_U200,8,ENP2,0.7670910068861497,0.7670910068861497,92.86242673020261,8.246112759115084,46.39208551247561,0,139.25451224267823,6.655492785052992,True
joint_N67_U200,8,ENP3410,0.19207691938710295,0.19207691938710295,156.5038254639653,17.80499207187422,75.43818125167508,32.74037774319428,264.6823844588347,11.255201277777648,True
joint_N67_U200,8,ENP5,0.05935931224515803,0.05935931224515803,31.050124816246637,2.35089498353405,15.46780131110551,0,46.51792612735215,0.07163096319138593,True
joint_N67_U200,8,ENP6,0.20566590478459817,0.20566590478459817,60.498350085586715,5.9161091087496,30.055973452808715,77.34724836850688,167.90157190690232,5.425120880103137,True
joint_N67_U200,8,ENP7,0.001884980202812062,0.001884980202812062,0.5168490664988807,0.04089537073036889,0.24257732939652693,35.529898686002305,36.289325081897715,0.024562328894179357,True
joint_N67_U200,8,ENP8,0.08552429819371499,0.08552429819371499,14.927386450827678,1.3017073668905241,7.380427447624398,31.224282709138254,53.53209660759033,1.1203278394975391,True
joint_N67_U200,8,ENP9,0,0.0,0.0,0.0,0.0,95.13205532655968,95.13205532655968,0.0,True
joint_N67_U200,8,ENP11,0.00018708579829191134,0.00018708579829191134,0.2623210889972792,0.018946881563022513,0.11827611742728535,43.92777006304324,44.30836726946781,0.011200967558054286,True
joint_N67_U200,8,ENP12,0.924851736182012,0.924851736182012,385.63847226852255,50.7608786136852,180.7739686148129,40.336715057805435,606.7491559411409,39.46653029312274,True
joint_N67_U200,8,ENP13,0.4987462850091379,0.4987462850091379,282.7464010258899,27.903654811568448,141.34883136531738,0,424.0952323912073,19.61835301689587,True
joint_N67_U200,8,ENP14,0.11667090680781306,0.11667090680781306,72.39732566415545,5.163552540958393,36.15901736987461,0,108.55634303403005,3.085591059241646,True
joint_N67_U200,8,ENP15,0.5232709981744339,0.5232709981744339,352.9485440667747,40.907003833314704,167.19483188230063,0,520.1433759490753,25.44490882467585,True
joint_N67_U200,8,ENP16,0.8462704904076193,0.8462704904076193,183.34197597610944,22.129034629899397,65.88361870923778,0,249.22559468534723,19.025526971522282,True
joint_N67_U200,8,ENP17,0.7759811221386504,0.7759811221386504,214.11242367010703,23.71606393571171,88.33521159355254,0,302.44763526365955,21.992804779264436,True
joint_N67_U200,8,PAN_MAIN,0.09050690275828624,0.013576035413742936,9.11323398823238,0.0,0.0,0,9.11323398823238,1.3453238752914802,True
joint_N67_U200,8,UNSURVEYED_OTHER,0.6180719840745643,0.6180719840745643,62.624133502266794,8.884562423173206,30.53068712601506,0,93.15482062828185,5.298047747963528,True
joint_N67_U240,8,ENP1,0.8787267007305369,0.8787267007305369,487.8918257320338,60.61859379057319,238.69527470973983,66.1001840665598,792.6872845083334,43.642333486177,True
joint_N67_U240,8,ENP2,0.7670910068861497,0.7670910068861497,92.86242673020261,8.246112759115084,46.39208551247561,0,139.25451224267823,6.655492785052992,True
joint_N67_U240,8,ENP3410,0.19207691938710295,0.19207691938710295,155.97623258393642,17.80499207187422,75.18387023280559,32.74037774319428,263.9004805599363,12.412329017170794,True
joint_N67_U240,8,ENP5,0.05935931224515803,0.05935931224515803,30.78749585669233,2.35089498353405,15.3369711586031,0,46.12446701529543,1.2038288618259056,True
joint_N67_U240,8,ENP6,0.20566590478459817,0.20566590478459817,60.498350085586715,5.9161091087496,30.055973452808715,77.34724836850688,167.90157190690232,5.425120880103137,True
joint_N67_U240,8,ENP7,0.001884980202812062,0.001884980202812062,0.5168490664988807,0.04089537073036889,0.24257732939652693,35.529898686002305,36.289325081897715,0.024562328894179357,True
joint_N67_U240,8,ENP8,0.08552429819371499,0.08552429819371499,14.927386450827678,1.3017073668905241,7.380427447624398,31.224282709138254,53.53209660759033,1.1203278394975391,True
joint_N67_U240,8,ENP9,0,0.0,0.0,0.0,0.0,95.13205532655968,95.13205532655968,0.0,True
joint_N67_U240,8,ENP11,0.00018708579829191134,0.00018708579829191134,0.2623210889972792,0.018946881563022513,0.11827611742728535,43.92777006304324,44.30836726946781,0.011200967558054286,True
joint_N67_U240,8,ENP12,0.924851736182012,0.924851736182012,385.63847226852255,50.7608786136852,180.7739686148129,40.336715057805435,606.7491559411409,39.46653029312274,True
joint_N67_U240,8,ENP13,0.4987462850091379,0.4987462850091379,282.7464010258899,27.903654811568448,141.34883136531738,0,424.0952323912073,19.61835301689587,True
joint_N67_U240,8,ENP14,0.11667090680781306,0.11667090680781306,72.39732566415545,5.163552540958393,36.15901736987461,0,108.55634303403005,3.085591059241646,True
joint_N67_U240,8,ENP15,0.5232709981744339,0.5232709981744339,352.52290021885386,40.907003833314704,166.9932006451382,0,519.516100863992,29.32024042394631,True
joint_N67_U240,8,ENP16,0.8462704904076193,0.8462704904076193,183.34197597610944,22.129034629899397,65.88361870923778,0,249.22559468534723,19.025526971522282,True
joint_N67_U240,8,ENP17,0.7759811221386504,0.7759811221386504,214.1076906104395,23.71606393571171,88.3332589005698,0,302.4409495110093,22.011683090012614,True
joint_N67_U240,8,PAN_MAIN,0.09050690275828624,0.013576035413742936,9.11323398823238,0.0,0.0,0,9.11323398823238,1.3453238752914802,True
joint_N67_U240,8,UNSURVEYED_OTHER,0.6180719840745643,0.6180719840745643,62.52344908850351,8.884562423173206,30.48160118800425,0,93.00505027650776,6.239991842471129,True
profile_reference_peak,8,ENP1,0.8787267007305369,0.8787267007305369,487.8918257320338,60.61859379057319,238.69527470973983,66.1001840665598,792.6872845083334,43.642333486177,True
profile_reference_peak,8,ENP2,0.7670910068861497,0.7670910068861497,92.86242673020261,8.246112759115084,46.39208551247561,0,139.25451224267823,6.655492785052992,True
profile_reference_peak,8,ENP3410,0.19207691938710295,0.19207691938710295,155.97623258393642,17.80499207187422,75.18387023280559,32.74037774319428,263.9004805599363,12.412329017170794,True
profile_reference_peak,8,ENP5,0.05935931224515803,0.05935931224515803,30.78749585669233,2.35089498353405,15.3369711586031,0,46.12446701529543,1.2038288618259056,True
profile_reference_peak,8,ENP6,0.20566590478459817,0.20566590478459817,60.498350085586715,5.9161091087496,30.055973452808715,77.34724836850688,167.90157190690232,5.425120880103137,True
profile_reference_peak,8,ENP7,0.001884980202812062,0.001884980202812062,0.5168490664988807,0.04089537073036889,0.24257732939652693,35.529898686002305,36.289325081897715,0.024562328894179357,True
profile_reference_peak,8,ENP8,0.08552429819371499,0.08552429819371499,14.927386450827678,1.3017073668905241,7.380427447624398,31.224282709138254,53.53209660759033,1.1203278394975391,True
profile_reference_peak,8,ENP9,0,0.0,0.0,0.0,0.0,95.13205532655968,95.13205532655968,0.0,True
profile_reference_peak,8,ENP11,0.00018708579829191134,0.00018708579829191134,0.2623210889972792,0.018946881563022513,0.11827611742728535,43.92777006304324,44.30836726946781,0.011200967558054286,True
profile_reference_peak,8,ENP12,0.924851736182012,0.924851736182012,385.63847226852255,50.7608786136852,180.7739686148129,40.336715057805435,606.7491559411409,39.46653029312274,True
profile_reference_peak,8,ENP13,0.4987462850091379,0.4987462850091379,282.7464010258899,27.903654811568448,141.34883136531738,0,424.0952323912073,19.61835301689587,True
profile_reference_peak,8,ENP14,0.11667090680781306,0.11667090680781306,72.39732566415545,5.163552540958393,36.15901736987461,0,108.55634303403005,3.085591059241646,True
profile_reference_peak,8,ENP15,0.5232709981744339,0.5232709981744339,352.52290021885386,40.907003833314704,166.9932006451382,0,519.516100863992,29.32024042394631,True
profile_reference_peak,8,ENP16,0.8462704904076193,0.8462704904076193,183.34197597610944,22.129034629899397,65.88361870923778,0,249.22559468534723,19.025526971522282,True
profile_reference_peak,8,ENP17,0.7759811221386504,0.7759811221386504,214.1076906104395,23.71606393571171,88.3332589005698,0,302.4409495110093,22.011683090012614,True
profile_reference_peak,8,PAN_MAIN,0.09050690275828624,0.013576035413742936,9.11323398823238,0.0,0.0,0,9.11323398823238,1.3453238752914802,True
profile_reference_peak,8,UNSURVEYED_OTHER,0.6180719840745643,0.6180719840745643,62.52344908850351,8.884562423173206,30.48160118800425,0,93.00505027650776,6.239991842471129,True
profile_reference_q2,1,ENP1,0.8787267007305369,0.8787267007305369,487.8918257320338,0.0,0.0,0,487.8918257320338,29.30514146319269,True
profile_reference_q2,1,ENP2,0.7670910068861497,0.7670910068861497,92.86242673020261,0.0,0.0,0,92.86242673020261,4.438241900760177,True
profile_reference_q2,1,ENP3410,0.19207691938710295,0.19207691938710295,155.97623258393642,0.0,0.0,0,155.97623258393642,8.375270187630129,True
profile_reference_q2,1,ENP5,0.05935931224515803,0.05935931224515803,30.78749585669233,0.0,0.0,0,30.78749585669233,0.8035404741553158,True
profile_reference_q2,1,ENP6,0.20566590478459817,0.20566590478459817,60.498350085586715,0.0,0.0,0,60.498350085586715,3.6244637410597305,True
profile_reference_q2,1,ENP7,0.001884980202812062,0.001884980202812062,0.5168490664988807,0.0,0.0,0,0.5168490664988807,0.01671658613475889,True
profile_reference_q2,1,ENP8,0.08552429819371499,0.08552429819371499,14.927386450827678,0.0,0.0,0,14.927386450827678,0.7496730377942166,True
profile_reference_q2,1,ENP9,0,0.0,0.0,0.0,0.0,0,0.0,0.0,True
profile_reference_q2,1,ENP11,0.00018708579829191134,0.00018708579829191134,0.2623210889972792,0.0,0.0,0,0.2623210889972792,0.007720103978835602,True
profile_reference_q2,1,ENP12,0.924851736182012,0.924851736182012,385.63847226852255,0.0,0.0,0,385.63847226852255,26.870547589391773,True
profile_reference_q2,1,ENP13,0.4987462850091379,0.4987462850091379,282.7464010258899,0.0,0.0,0,282.7464010258899,13.079653544574303,True
profile_reference_q2,1,ENP14,0.11667090680781306,0.11667090680781306,72.39732566415545,0.0,0.0,0,72.39732566415545,2.0578119577249976,True
profile_reference_q2,1,ENP15,0.5232709981744339,0.5232709981744339,352.52290021885386,0.0,0.0,0,352.52290021885386,19.89554543578926,True
profile_reference_q2,1,ENP16,0.8462704904076193,0.8462704904076193,183.34197597610944,0.0,0.0,0,183.34197597610944,13.996065345333257,True
profile_reference_q2,1,ENP17,0.7759811221386504,0.7759811221386504,214.1076906104395,0.0,0.0,0,214.1076906104395,15.582779516038745,True
profile_reference_q2,1,PAN_MAIN,0.09050690275828624,0.013576035413742936,9.11323398823238,0.0,0.0,0,9.11323398823238,1.3453238752914802,True
profile_reference_q2,1,UNSURVEYED_OTHER,0.6180719840745643,0.6180719840745643,62.52344908850351,0.0,0.0,0,62.52344908850351,4.1948884615996835,True
q2_scarce_adaptive,1,ENP1,0.8787267007305369,0.8787267007305369,487.8918257320338,0.0,0.0,0,487.8918257320338,29.30514146319269,True
q2_scarce_adaptive,1,ENP2,0.7670910068861497,0.7670910068861497,92.86242673020261,0.0,0.0,0,92.86242673020261,4.438241900760177,True
q2_scarce_adaptive,1,ENP3410,0.19207691938710295,0.028811537908065437,18.721713931250935,0.0,0.0,0,18.721713931250935,1.3254496750964107,True
q2_scarce_adaptive,1,ENP5,0.05935931224515803,0.008903896836773704,4.497887427165056,0.0,0.0,0,4.497887427165056,0.12195578174266047,True
q2_scarce_adaptive,1,ENP6,0.20566590478459817,0.030849885717689724,6.928523626537376,0.0,0.0,0,6.928523626537376,0.6068448670980187,True
q2_scarce_adaptive,1,ENP7,0.001884980202812062,0.0002827470304218093,0.07752735997483212,0.0,0.0,0,0.07752735997483212,0.0025074879202138336,True
q2_scarce_adaptive,1,ENP8,0.08552429819371499,0.012828644729057247,2.239107967624151,0.0,0.0,0,2.239107967624151,0.11245095566913246,True
q2_scarce_adaptive,1,ENP9,0,0.0,0.0,0.0,0.0,0,0.0,0.0,True
q2_scarce_adaptive,1,ENP11,0.00018708579829191134,2.80628697437867e-05,0.03934816334959188,0.0,0.0,0,0.03934816334959188,0.0011580155968253403,True
q2_scarce_adaptive,1,ENP12,0.924851736182012,0.7668042894574616,287.4763157299256,0.0,0.0,0,287.4763157299256,21.66842400012255,True
q2_scarce_adaptive,1,ENP13,0.4987462850091379,0.07481194275137068,31.06811299769282,0.0,0.0,0,31.06811299769282,1.9250044192831148,True
q2_scarce_adaptive,1,ENP14,0.11667090680781306,0.01750063602117196,9.614107496601688,0.0,0.0,0,9.614107496601688,0.3477341677632994,True
q2_scarce_adaptive,1,ENP15,0.5232709981744339,0.1958878890321051,78.54337893334852,0.0,0.0,0,78.54337893334852,7.263044588325451,True
q2_scarce_adaptive,1,ENP16,0.8462704904076193,0.7583875069768024,148.86409399852732,0.0,0.0,0,148.86409399852732,12.601249173788352,True
q2_scarce_adaptive,1,ENP17,0.7759811221386504,0.7200415225803428,187.32871312567082,0.0,0.0,0,187.32871312567082,14.684395802265074,True
q2_scarce_adaptive,1,PAN_MAIN,0.09050690275828624,0.013576035413742936,9.11323398823238,0.0,0.0,0,9.11323398823238,1.3453238752914802,True
q2_scarce_adaptive,1,UNSURVEYED_OTHER,0.6180719840745643,0.09699380701346338,2.7336827331967526,0.0,0.0,0,2.7336827331967526,0.4952311049390512,True
q2_scarce_retained,1,ENP1,0.8787267007305369,0.49816000549101797,276.5913387901296,0.0,0.0,0,276.5913387901296,16.6134128166157,True
q2_scarce_retained,1,ENP2,0.7670910068861497,0.4348724806982927,52.64474946689119,0.0,0.0,0,52.64474946689119,2.5160890272425545,True
q2_scarce_retained,1,ENP3410,0.19207691938710295,0.10889055622985902,88.42467267227066,0.0,0.0,0,88.42467267227066,4.74803444482792,True
q2_scarce_retained,1,ENP5,0.05935931224515803,0.033651458740706686,17.453776119780947,0.0,0.0,0,17.453776119780947,0.45553609180724947,True
q2_scarce_retained,1,ENP6,0.20566590478459817,0.11659430420360979,34.29719204592058,0.0,0.0,0,34.29719204592058,2.0547490768713876,True
q2_scarce_retained,1,ENP7,0.001884980202812062,0.0010686163825483546,0.2930075228066441,0.0,0.0,0,0.2930075228066441,0.009476819850539874,True
q2_scarce_retained,1,ENP8,0.08552429819371499,0.04848468223666888,8.46250251657164,0.0,0.0,0,8.46250251657164,0.4249980389961501,True
q2_scarce_retained,1,ENP9,0,0.0,0.0,0.0,0.0,0,0.0,0.0,True
q2_scarce_retained,1,ENP11,0.00018708579829191134,0.00010606103379686601,0.14871276248537146,0.0,0.0,0,0.14871276248537146,0.004376613385357126,True
q2_scarce_retained,1,ENP12,0.924851736182012,0.524308804537044,218.62276781065486,0.0,0.0,0,218.62276781065486,15.233214290119601,True
q2_scarce_retained,1,ENP13,0.4987462850091379,0.28274485328853827,160.29210057065933,0.0,0.0,0,160.29210057065933,7.415002043489533,True
q2_scarce_retained,1,ENP14,0.11667090680781306,0.06614204339950408,41.04285453077433,0.0,0.0,0,41.04285453077433,1.166596639555308,True
q2_scarce_retained,1,ENP15,0.5232709981744339,0.29664818777801333,199.8491792302847,0.0,0.0,0,199.8491792302847,11.279007472175186,True
q2_scarce_retained,1,ENP16,0.8462704904076193,0.47976021645622413,103.93861900755009,0.0,0.0,0,103.93861900755009,7.934526154135749,True
q2_scarce_retained,1,ENP17,0.7759811221386504,0.43991238657496595,121.38004710849586,0.0,0.0,0,121.38004710849586,8.834052183485015,True
q2_scarce_retained,1,PAN_MAIN,0.09050690275828624,0.013576035413742936,9.11323398823238,0.0,0.0,0,9.11323398823238,1.3453238752914802,True
q2_scarce_retained,1,UNSURVEYED_OTHER,0.6180719840745643,0.3503919281438189,35.445243345117696,0.0,0.0,0,35.445243345117696,2.3781292378249064,True
peak_N55_adaptive,8,ENP1,0.8787267007305369,0.8787267007305369,487.8918257320338,60.61859379057319,238.69527470973983,66.1001840665598,792.6872845083334,43.642333486177,True
peak_N55_adaptive,8,ENP2,0.7670910068861497,0.7670910068861497,92.86242673020261,8.246112759115084,46.39208551247561,0,139.25451224267823,6.655492785052992,True
peak_N55_adaptive,8,ENP3410,0.19207691938710295,0.19016581120415976,153.92598340782354,17.80499207187422,75.18387023280559,32.74037774319428,261.8502313838234,12.31729312850255,True
peak_N55_adaptive,8,ENP5,0.05935931224515803,0.05935931224515803,30.78749585669233,2.35089498353405,15.3369711586031,0,46.12446701529543,1.2038288618259056,True
peak_N55_adaptive,8,ENP6,0.20566590478459817,0.06621677737694845,14.871513973430375,5.9161091087496,30.055973452808715,77.34724836850688,122.27473579474596,3.103200423472228,True
peak_N55_adaptive,8,ENP7,0.001884980202812062,0.001884980202812062,0.5168490664988807,0.04089537073036889,0.24257732939652693,35.529898686002305,36.289325081897715,0.024562328894179357,True
peak_N55_adaptive,8,ENP8,0.08552429819371499,0.08552429819371499,14.927386450827678,1.3017073668905241,7.380427447624398,31.224282709138254,53.53209660759033,1.1203278394975391,True
peak_N55_adaptive,8,ENP9,0,0.0,0.0,0.0,0.0,95.13205532655968,95.13205532655968,0.0,True
peak_N55_adaptive,8,ENP11,0.00018708579829191134,2.80628697437867e-05,0.03934816334959188,0.018946881563022513,0.11827611742728535,43.92777006304324,44.08539434382012,0.004638879176044025,True
peak_N55_adaptive,8,ENP12,0.924851736182012,0.924851736182012,385.63847226852255,50.7608786136852,180.7739686148129,40.336715057805435,606.7491559411409,39.46653029312274,True
peak_N55_adaptive,8,ENP13,0.4987462850091379,0.39221117885326434,206.8290940236754,27.903654811568448,141.34883136531738,0,348.1779253889928,17.35121608233589,True
peak_N55_adaptive,8,ENP14,0.11667090680781306,0.01750063602117196,9.614107496601688,5.163552540958393,36.15901736987461,0,45.7731248664763,1.3755132692799474,True
peak_N55_adaptive,8,ENP15,0.5232709981744339,0.5232709981744339,352.52290021885386,40.907003833314704,166.9932006451382,0,519.516100863992,29.320240423946306,True
peak_N55_adaptive,8,ENP16,0.8462704904076193,0.8462704904076193,183.34197597610944,22.129034629899397,65.88361870923778,0,249.22559468534723,19.025526971522282,True
peak_N55_adaptive,8,ENP17,0.7759811221386504,0.7759811221386504,214.1076906104395,23.71606393571171,88.3332589005698,0,302.4409495110093,22.011683090012614,True
peak_N55_adaptive,8,PAN_MAIN,0.09050690275828624,0.013576035413742936,9.11323398823238,0.0,0.0,0,9.11323398823238,1.3453238752914802,True
peak_N55_adaptive,8,UNSURVEYED_OTHER,0.6180719840745643,0.32030366011535355,17.292211148291056,8.884562423173206,30.48160118800425,0,47.77381233629531,4.082998792747206,True
peak_N55_retained,8,ENP1,0.8787267007305369,0.7937384936596168,440.70417173329787,60.61859379057319,238.69527470973983,66.1001840665598,745.4996305095975,40.80801488763453,True
peak_N55_retained,8,ENP2,0.7670910068861497,0.6928999196217235,83.88100947556207,8.246112759115084,46.39208551247561,0,130.27309498803768,6.226237339214083,True
peak_N55_retained,8,ENP3410,0.19207691938710295,0.1734997292495503,140.89060887184826,17.80499207187422,75.18387023280559,32.74037774319428,248.81485684784812,11.602294228891965,True
peak_N55_retained,8,ENP5,0.05935931224515803,0.053618230841253015,27.809807718971747,2.35089498353405,15.3369711586031,0,43.146778877574846,1.1261124749782059,True
peak_N55_retained,8,ENP6,0.20566590478459817,0.1857744226107549,54.64710384457878,5.9161091087496,30.055973452808715,77.34724836850688,162.05032566589438,5.074571983967243,True
peak_N55_retained,8,ENP7,0.001884980202812062,0.0017026697214439733,0.46686074197033245,0.04089537073036889,0.24257732939652693,35.529898686002305,36.239336757369166,0.02294554328523105,True
peak_N55_retained,8,ENP8,0.08552429819371499,0.07725260602999696,13.483647675556725,1.3017073668905241,7.380427447624398,31.224282709138254,52.088357832319375,1.0478213738142137,True
peak_N55_retained,8,ENP9,0,0.0,0.0,0.0,0.0,95.13205532655968,95.13205532655968,0.0,True
peak_N55_retained,8,ENP11,0.00018708579829191134,0.00016899133666687744,0.23695006179139644,0.018946881563022513,0.11827611742728535,43.92777006304324,44.28299624226192,0.010454298775807377,True
peak_N55_retained,8,ENP12,0.924851736182012,0.8354024332312869,348.3405020254163,50.7608786136852,180.7739686148129,40.336715057805435,569.4511856980347,36.867679409523,True
peak_N55_retained,8,ENP13,0.4987462850091379,0.45050881537157084,255.39988969424593,27.903654811568448,141.34883136531738,0,396.7487210595633,18.35332225939411,True
peak_N55_retained,8,ENP14,0.11667090680781306,0.10538679403567244,65.39524082957514,5.163552540958393,36.15901736987461,0,101.55425819944975,2.8865647309978906,True
peak_N55_retained,8,ENP15,0.5232709981744339,0.47266156078043664,318.42778370978056,40.907003833314704,166.9932006451382,0,485.42098435491874,27.395993972939387,True
peak_N55_retained,8,ENP16,0.8462704904076193,0.7644213652848956,165.60960730437668,22.129034629899397,65.88361870923778,0,231.49322601361445,17.671863200114846,True
peak_N55_retained,8,ENP17,0.7759811221386504,0.7009302055833471,193.39974042530386,23.71606393571171,88.3332589005698,0,281.73299932587366,20.504556367735276,True
peak_N55_retained,8,PAN_MAIN,0.09050690275828624,0.013576035413742936,9.11323398823238,0.0,0.0,0,9.11323398823238,1.3453238752914802,True
peak_N55_retained,8,UNSURVEYED_OTHER,0.6180719840745643,0.5582936369234044,56.47634043287232,8.884562423173206,30.48160118800425,0,86.95794162087657,5.834272921084701,True
peak_N59_U120_adaptive,8,ENP1,0.8787267007305369,0.8787267007305369,521.8921812311911,60.61859379057319,255.3295443737649,66.1001840665598,843.3219096715158,24.185825272298953,True
peak_N59_U120_adaptive,8,ENP2,0.7670910068861497,0.7670910068861497,98.46874317009987,8.246112759115084,49.19288149474472,0,147.6616246648446,4.879474095511365,True
peak_N59_U120_adaptive,8,ENP3410,0.19207691938710295,0.19207691938710295,176.10560572705063,17.80499207187422,84.88665733817567,32.74037774319428,293.7326408084206,3.506839472095273,True
peak_N59_U120_adaptive,8,ENP5,0.05935931224515803,0.05935931224515803,31.093637052385475,2.35089498353405,15.489477186071568,0,46.58311423845704,0.0,True
peak_N59_U120_adaptive,8,ENP6,0.20566590478459817,0.20566590478459817,60.498350085586715,5.9161091087496,30.055973452808715,77.34724836850688,167.90157190690232,5.425120880103137,True
peak_N59_U120_adaptive,8,ENP7,0.001884980202812062,0.001884980202812062,0.5563456024984627,0.04089537073036889,0.2611145868749887,35.529898686002305,36.347358875375754,0.0,True
peak_N59_U120_adaptive,8,ENP8,0.08552429819371499,0.08552429819371499,14.927386450827678,1.3017073668905241,7.380427447624398,31.224282709138254,53.53209660759033,1.1203278394975391,True
peak_N59_U120_adaptive,8,ENP9,0,0.0,0.0,0.0,0.0,95.13205532655968,95.13205532655968,0.0,True
peak_N59_U120_adaptive,8,ENP11,0.00018708579829191134,0.00018708579829191134,0.2752177824681584,0.018946881563022513,0.12409101716415416,43.92777006304324,44.327078862675556,0.0,True
peak_N59_U120_adaptive,8,ENP12,0.924851736182012,0.924851736182012,422.8260974293774,50.7608786136852,198.2062402036466,40.336715057805435,661.3690526908294,23.82742135717783,True
peak_N59_U120_adaptive,8,ENP13,0.4987462850091379,0.4987462850091379,298.5227907677266,27.903654811568448,149.49930400553666,0,448.02209477326323,10.279034953932785,True
peak_N59_U120_adaptive,8,ENP14,0.11667090680781306,0.11667090680781306,78.11284768474682,5.163552540958393,39.01364850610161,0,117.12649619084843,0.07412041621012681,True
peak_N59_U120_adaptive,8,ENP15,0.5232709981744339,0.5232709981744339,372.42985328895605,40.907003833314704,176.42329953007624,0,548.8531528190323,17.811003705685728,True
peak_N59_U120_adaptive,8,ENP16,0.8462704904076193,0.8462704904076193,204.55931795644037,22.129034629899397,73.50803347630551,0,278.0673514327459,7.907370889722374,True
peak_N59_U120_adaptive,8,ENP17,0.7759811221386504,0.7759811221386504,226.51035534985334,23.71606393571171,93.45015961702727,0,319.9605149668806,15.607231024265662,True
peak_N59_U120_adaptive,8,PAN_MAIN,0.09050690275828624,0.013576035413742936,9.11323398823238,0.0,0.0,0,9.11323398823238,1.3453238752914802,True
peak_N59_U120_adaptive,8,UNSURVEYED_OTHER,0.6180719840745643,0.5891537656958958,57.69419240680121,8.884562423173206,31.25445947963238,0,88.9486518864336,4.030906218207777,True
peak_N59_U120_retained,8,ENP1,0.8787267007305369,0.8768212770944741,520.7605145858421,60.61859379057319,255.3295443737649,66.1001840665598,842.1902430261667,24.150609720739844,True
peak_N59_U120_retained,8,ENP2,0.7670910068861497,0.7654276531558978,98.25522437012063,8.246112759115084,49.19288149474472,0,147.44810586486534,4.872418372971619,True
peak_N59_U120_retained,8,ENP3410,0.19207691938710295,0.1916604213999153,175.7237398029624,17.80499207187422,84.88665733817567,32.74037774319428,293.35077488433234,3.5017085058362993,True
peak_N59_U120_retained,8,ENP5,0.05935931224515803,0.05923059800843536,31.026213869589828,2.35089498353405,15.489477186071568,0,46.51569105566139,0.0,True
peak_N59_U120_retained,8,ENP6,0.20566590478459817,0.20521994055501117,60.36716596872758,5.9161091087496,30.055973452808715,77.34724836850688,167.77038779004317,5.417261623209582,True
peak_N59_U120_retained,8,ENP7,0.001884980202812062,0.001880892827489379,0.5551392273422976,0.04089537073036889,0.2611145868749887,35.529898686002305,36.34615250021959,0.0,True
peak_N59_U120_retained,8,ENP8,0.08552429819371499,0.0853388480200711,14.89501803076669,1.3017073668905241,7.380427447624398,31.224282709138254,53.49972818752934,1.1187022547459384,True
peak_N59_U120_retained,8,ENP9,0,0.0,0.0,0.0,0.0,95.13205532655968,95.13205532655968,0.0,True
peak_N59_U120_retained,8,ENP11,0.00018708579829191134,0.00018668012301000544,0.2746210025281115,0.018946881563022513,0.12409101716415416,43.92777006304324,44.32648208273551,0.0,True
peak_N59_U120_retained,8,ENP12,0.924851736182012,0.9228462954044528,421.90924485244267,50.7608786136852,198.2062402036466,40.336715057805435,660.4522001138947,23.792244070345554,True
peak_N59_U120_retained,8,ENP13,0.4987462850091379,0.49766480773177185,297.03559609078036,27.903654811568448,149.49930400553666,0,446.534900096317,10.427157895369536,True
peak_N59_U120_retained,8,ENP14,0.11667090680781306,0.1164179185882817,77.9434684384636,5.163552540958393,39.01364850610161,0,116.9571169445652,0.07401322901815777,True
peak_N59_U120_retained,8,ENP15,0.5232709981744339,0.5221363417139453,371.62227950675253,40.907003833314704,176.42329953007624,0,548.0455790368287,17.784796878680062,True
peak_N59_U120_retained,8,ENP16,0.8462704904076193,0.8444354445468475,204.11575324048596,22.129034629899397,73.50803347630551,0,277.62378671679147,7.894757288360784,True
peak_N59_U120_retained,8,ENP17,0.7759811221386504,0.7742984911567623,226.01919218781697,23.71606393571171,93.45015961702727,0,319.4693518048442,15.583272765099515,True
peak_N59_U120_retained,8,PAN_MAIN,0.09050690275828624,0.013576035413742936,9.11323398823238,0.0,0.0,0,9.11323398823238,1.3453238752914802,True
peak_N59_U120_retained,8,UNSURVEYED_OTHER,0.6180719840745643,0.6167317619483164,63.969712763684065,8.884562423173206,31.25445947963238,0,95.22417224331645,4.037733520331579,True
drought_N59_U120_adaptive,8,ENP1,0.8787267007305369,0.8787267007305369,513.0461385228537,60.61859379057319,251.00172315808337,164.2003681331196,928.2482298140566,26.856241578429383,True
drought_N59_U120_adaptive,8,ENP2,0.7670910068861497,0.7670910068861497,96.1100725823992,8.246112759115084,48.014540033582136,0,144.12461261598133,5.604477124618261,True
drought_N59_U120_adaptive,8,ENP3410,0.19207691938710295,0.13510710237259677,119.27928518315956,17.80499207187422,79.09376575253714,81.48075548638856,279.85380642208526,3.735219994840957,True
drought_N59_U120_adaptive,8,ENP5,0.05935931224515803,0.05935931224515803,31.093637052385475,2.35089498353405,15.489477186071568,0,46.58311423845704,0.0,True
drought_N59_U120_adaptive,8,ENP6,0.20566590478459817,0.030849885717689724,6.928523626537376,5.9161091087496,30.055973452808715,178.69449673701376,215.67899381635985,2.4075020061414256,True
drought_N59_U120_adaptive,8,ENP7,0.001884980202812062,0.001884980202812062,0.5563456024984627,0.04089537073036889,0.2611145868749887,79.05979737200461,79.87725756137806,0.0,True
drought_N59_U120_adaptive,8,ENP8,0.08552429819371499,0.08552429819371499,14.927386450827678,1.3017073668905241,7.380427447624398,70.4485654182765,92.75637931672858,1.1203278394975391,True
drought_N59_U120_adaptive,8,ENP9,0,0.0,0.0,0.0,0.0,206.26411065311936,206.26411065311936,0.0,True
drought_N59_U120_adaptive,8,ENP11,0.00018708579829191134,2.80628697437867e-05,0.04128266737022377,0.018946881563022513,0.12409101716415416,95.85554012608648,96.02091381062085,0.0,True
drought_N59_U120_adaptive,8,ENP12,0.924851736182012,0.8902192279157182,375.46338958017054,50.7608786136852,190.6093783875744,104.67343011561087,670.7461980833559,28.737035423275174,True
drought_N59_U120_adaptive,8,ENP13,0.4987462850091379,0.21017119975319815,99.95776371963939,27.903654811568448,147.23327233380016,0,247.19103605343955,7.953629875928007,True
drought_N59_U120_adaptive,8,ENP14,0.11667090680781306,0.017500636021171963,11.147353442778451,5.163552540958393,39.01364850610161,0,50.16100194888006,0.07412041621012681,True
drought_N59_U120_adaptive,8,ENP15,0.5232709981744339,0.4747945898732188,326.3113013011593,40.907003833314704,176.4232995300762,0,502.7346008312355,15.92322115835553,True
drought_N59_U120_adaptive,8,ENP16,0.8462704904076193,0.8462704904076193,200.00477026805453,22.129034629899397,71.87136472275311,0,271.87613499080766,9.149860935730773,True
drought_N59_U120_adaptive,8,ENP17,0.7759811221386504,0.7759811221386504,226.23111993983449,23.71606393571171,93.33495696504836,0,319.56607690488283,15.687664897081827,True
drought_N59_U120_adaptive,8,PAN_MAIN,0.09050690275828624,0.013576035413742936,9.11323398823238,0.0,0.0,0,9.11323398823238,1.3453238752914802,True
drought_N59_U120_adaptive,8,UNSURVEYED_OTHER,0.6180719840745643,0.18438236523275298,8.1219252881899,8.884562423173206,31.082373550242593,0,39.20429883843249,1.4053748745995167,True
drought_N59_U120_retained,8,ENP1,0.8787267007305369,0.7114524804397055,415.3827891295946,60.61859379057319,251.00172315808337,164.2003681331196,830.5848804207975,23.423380057302296,True
drought_N59_U120_retained,8,ENP2,0.7670910068861497,0.621067732570809,77.41926718566546,8.246112759115084,47.77061680340286,0,125.18988398906832,5.029605136594773,True
drought_N59_U120_retained,8,ENP3410,0.19207691938710295,0.15551319951876233,128.15446177833792,17.80499207187422,76.29707837139044,81.48075548638856,285.9322956361169,7.779569419368717,True
drought_N59_U120_retained,8,ENP5,0.05935931224515803,0.04805968670225144,25.17465918404501,2.35089498353405,15.48947718607157,0,40.66413637011658,0.0,True
drought_N59_U120_retained,8,ENP6,0.20566590478459817,0.16651538866320215,48.98189755144262,5.9161091087496,30.055973452808715,178.69449673701376,257.7323677412651,4.735168764440645,True
drought_N59_U120_retained,8,ENP7,0.001884980202812062,0.001526155788546618,0.4504397767248802,0.04089537073036889,0.2611145868749887,79.05979737200461,79.77135173560448,0.0,True
drought_N59_U120_retained,8,ENP8,0.08552429819371499,0.06924391171589336,12.085812469445017,1.3017073668905241,7.380427447624398,70.4485654182765,89.91480533534592,0.9776202459239817,True
drought_N59_U120_retained,8,ENP9,0,0.0,0.0,0.0,0.0,206.26411065311936,206.26411065311936,0.0,True
drought_N59_U120_retained,8,ENP11,0.00018708579829191134,0.00015147218713072757,0.22282738630259327,0.018946881563022513,0.12409101716415416,95.85554012608648,96.20245852955323,0.0,True
drought_N59_U120_retained,8,ENP12,0.924851736182012,0.7487971643500039,326.4388754512227,50.7608786136852,188.6117493268308,104.67343011561087,619.7240548936643,26.035032431555727,True
drought_N59_U120_retained,8,ENP13,0.4987462850091379,0.40380505256622445,238.4530616384478,27.903654811568448,147.23327233380016,0,385.68633397224795,10.037528275832711,True
drought_N59_U120_retained,8,ENP14,0.11667090680781306,0.09446145880688585,63.24330328567514,5.163552540958393,39.01364850610161,0,102.25695179177674,0.0647106169285167,True
drought_N59_U120_retained,8,ENP15,0.5232709981744339,0.4236612467606383,301.5341888347555,40.907003833314704,176.42329953007624,0,477.95748836483176,15.510346533862643,True
drought_N59_U120_retained,8,ENP16,0.8462704904076193,0.6851746271313724,161.93190646043146,22.129034629899397,71.87136472275311,0,233.80327118318456,7.8685369634132085,True
drought_N59_U120_retained,8,ENP17,0.7759811221386504,0.6282655274512061,183.1658140125233,23.71606393571171,93.33495696504836,0,276.5007709775717,13.573566634145562,True
drought_N59_U120_retained,8,PAN_MAIN,0.09050690275828624,0.013576035413742936,9.11323398823238,0.0,0.0,0,9.11323398823238,1.3453238752914802,True
drought_N59_U120_retained,8,UNSURVEYED_OTHER,0.6180719840745643,0.500415937964064,51.61921569491085,8.884562423173206,31.082373550242593,0,82.70158924515344,3.6196110453397425,True
