{"type": "FeatureCollection", "features": [{"type": "Feature", "properties": {"source": "NPS IRMA 754058 YELL_Boundary"}, "geometry": {"type": "MultiPolygon", "coordinates": [[[[-12367855.2857, 5638550.961800002], [-12367792.2545, 5638497.5429000035], [-12367593.031399999, 5638250.081500001], [-12367543.0724, 5638219.3116], [-12367452.824000001, 5638115.8598000035], [-12367452.3532, 5638115.320200004], [-12367444.461, 5638106.2733], [-12367437.5803, 5638098.384199999], [-12367413.5979, 5638059.4309], [-12367378.4932, 5638019.551600002], [-12367345.3487, 5637944.3961], [-12367314.839499999, 5637925.9102], [-12367297.9333, 5637901.7924000025], [-12367288.9199, 5637888.933700003], [-12367251.3917, 5637835.392499998], [-12367210.8636, 5637825.344499998], [-12367190.916299999, 5637819.671700001], [-12367167.517, 5637803.034199998], [-12367098.0492, 5637814.295000002], [-12367004.8969, 5637783.788400002], [-12366974.9923, 5637764.430500001], [-12366919.9068, 5637747.457500003], [-12366854.5778, 5637703.116499998], [-12366850.507, 5637700.960600004], [-12366798.3559, 5637664.702600002], [-12366784.3151, 5637666.006899998], [-12366741.263500001, 5637675.707699999], [-12366729.508000001, 5637678.355599999], [-12366696.934999999, 5637685.692500003], [-12366635.9385, 5637688.799400002], [-12366599.2587, 5637689.245800003], [-12366511.8529, 5637701.094700001], [-12366500.4025, 5637706.560999997], [-12366443.9235, 5637737.0326000005], [-12366411.294599999, 5637740.194700003], [-12366384.8842, 5637743.224399999], [-12366268.3738, 5637753.479099996], [-12366161.8867, 5637721.975100003], [-12366160.9195, 5637721.717699997], [-12366044.0045, 5637691.508400001], [-12366023.186999999, 5637672.044299997], [-12365968.467799999, 5637638.1237], [-12365901.0668, 5637557.735799998], [-12365766.7685, 5637345.0788], [-12365712.302000001, 5637160.512500003], [-12365718.313299999, 5637103.207999997], [-12365736.2425, 5637032.434799999], [-12365736.8704, 5636985.3391999975], [-12365738.0725, 5636894.982299998], [-12365714.021200001, 5636871.683700003], [-12365683.672699999, 5636842.284400001], [-12365662.923, 5636806.225400001], [-12365629.6706, 5636775.9256], [-12365592.189199999, 5636729.905199997], [-12365584.7053, 5636720.7148], [-12365550.3332, 5636637.452100001], [-12365540.431200001, 5636534.114299998], [-12365476.4481, 5636462.2086], [-12365435.1496, 5636443.768299997], [-12365434.8925, 5636443.493799999], [-12365405.1489, 5636411.784000002], [-12365370.4173, 5636374.759499997], [-12365364.5732, 5636368.529299997], [-12365314.9691, 5636315.6504999995], [-12365226.1917, 5636321.915299997], [-12365128.253600001, 5636295.638800003], [-12365090.5321, 5636285.5178999975], [-12365063.3135, 5636281.072700001], [-12365041.4814, 5636282.703199998], [-12365021.9526, 5636259.969400004], [-12364996.2033, 5636229.9868], [-12364955.8614, 5636146.078199998], [-12364938.3126, 5636109.577100001], [-12364902.001400001, 5636034.050700001], [-12364844.8577, 5635997.189099997], [-12364816.798999999, 5635948.925099999], [-12364807.150899999, 5635932.329599999], [-12364770.1941, 5635868.760399997], [-12364752.1496, 5635837.7214], [-12364746.0636, 5635827.253200002], [-12364650.161, 5635732.734099999], [-12364664.1439, 5635690.263499998], [-12364703.2959, 5635571.345799997], [-12364721.7469, 5635355.161600001], [-12364703.2423, 5635314.4208], [-12364694.1653, 5635294.441], [-12364674.307799999, 5635264.575599998], [-12364596.624699999, 5635146.884900004], [-12364519.302299999, 5634826.049199998], [-12364528.872299999, 5634726.415399998], [-12364508.8649, 5634682.8882], [-12364473.8809, 5634606.787100002], [-12364452.460099999, 5634592.019900002], [-12364444.1262, 5634586.274400003], [-12364333.7934, 5634290.482199997], [-12364330.697700001, 5634262.135399997], [-12364314.106800001, 5634110.124200001], [-12364294.89, 5633934.048199996], [-12364336.0174, 5633807.1426], [-12364336.025899999, 5633674.8483000025], [-12364280.9353, 5633538.160899997], [-12364230.3719, 5633412.719899997], [-12364155.942200001, 5633343.1197], [-12364094.4913, 5633330.032300003], [-12364053.2548, 5633325.325599998], [-12364028.702, 5633315.5], [-12364001.121199999, 5633308.603699997], [-12363916.9536, 5633287.5847999975], [-12363902.3735, 5633283.943800002], [-12363890.953499999, 5633278.172700003], [-12363792.4626, 5633228.459700003], [-12363792.3708, 5633228.4135000035], [-12363792.045699999, 5633228.249399997], [-12363756.3636, 5633140.723499998], [-12363727.083, 5633068.9001], [-12363681.9639, 5633032.238200001], [-12363681.5812, 5633031.927699998], [-12363653.1976, 5632965.051100001], [-12363594.8574, 5632916.817100003], [-12363534.127, 5632845.490800001], [-12363453.783599999, 5632559.641800001], [-12363367.4046, 5632444.675099999], [-12363358.8543, 5632433.291599996], [-12363321.0536, 5632417.7883], [-12363276.5766, 5632399.544399999], [-12363271.7804, 5632397.578599997], [-12363254.4228, 5632341.483499996], [-12363185.296500001, 5632300.240999997], [-12363161.9428, 5632263.104500003], [-12362752.7577, 5632009.769199997], [-12362725.897599999, 5631993.141199999], [-12362588.9408, 5631926.932499997], [-12362479.0147, 5631961.232500002], [-12362442.1292, 5631954.376699999], [-12362414.6632, 5631961.723399997], [-12362184.5846, 5632023.550800003], [-12362070.6353, 5632054.173299998], [-12362037.000300001, 5632084.0418], [-12362016.9618, 5632078.656900004], [-12361990.2687, 5632085.5836], [-12361982.714499999, 5632139.544799998], [-12361953.6406, 5632192.193599999], [-12361924.3352, 5632296.545900002], [-12361934.9114, 5632355.219700001], [-12361928.442400001, 5632389.4142], [-12361921.6703, 5632407.357000001], [-12361916.2556, 5632421.696199998], [-12361910.216699999, 5632491.045299999], [-12361926.1547, 5632539.544500001], [-12361917.3264, 5632573.206100002], [-12361889.2916, 5632649.496600002], [-12361875.259300001, 5632749.799400002], [-12361871.425099999, 5632838.167099997], [-12361833.0159, 5632945.587899998], [-12361792.147599999, 5632978.808799997], [-12361670.6702, 5633077.641500004], [-12361580.2143, 5633139.501199998], [-12361549.7828, 5633156.784000002], [-12361481.4804, 5633179.409100004], [-12361097.4687, 5633294.943800002], [-12361007.4544, 5633345.629600003], [-12361004.031100001, 5633350.188000001], [-12360997.2218, 5633359.2742], [-12360972.6628, 5633392.049800001], [-12360916.6238, 5633466.823700003], [-12360774.3986, 5633582.735299997], [-12360601.447900001, 5633676.346600004], [-12360564.6865, 5633711.685199998], [-12360524.7245, 5633728.930399999], [-12360427.402800001, 5633751.159500003], [-12360368.4472, 5633764.6303], [-12360286.5255, 5633834.954099998], [-12360163.6926, 5633961.8398], [-12360154.251600001, 5633971.596600004], [-12360107.248399999, 5634009.485299997], [-12360007.5335, 5634113.316699997], [-12359921.833, 5634188.867799997], [-12359856.953, 5634229.644000001], [-12359809.2694, 5634259.615999997], [-12359749.436, 5634307.004900001], [-12359602.3521, 5634311.684100002], [-12359560.983, 5634322.0506], [-12359461.0604, 5634298.977300003], [-12359286.9495, 5634299.9782000035], [-12359256.3902, 5634299.584399998], [-12359132.4505, 5634272.733000003], [-12359095.9231, 5634264.818700001], [-12359088.0695, 5634263.117799997], [-12359002.8946, 5634254.941799998], [-12358980.968, 5634262.540799998], [-12358952.2085, 5634272.505999997], [-12358871.6811, 5634300.409000002], [-12358773.9993, 5634295.343599997], [-12358767.7732, 5634295.022], [-12358764.5249, 5634297.881800003], [-12358723.6252, 5634333.9103000015], [-12358722.627500001, 5634334.7892], [-12358692.7138, 5634361.141800001], [-12358651.690499999, 5634382.811300002], [-12358582.4219, 5634434.318400003], [-12358552.9166, 5634456.258199997], [-12358515.237399999, 5634478.098099999], [-12358509.7612, 5634481.349100001], [-12358508.455400001, 5634502.793300003], [-12358506.3871, 5634536.766800001], [-12358505.203200001, 5634579.700400002], [-12358584.9549, 5634681.444399998], [-12358708.708, 5634913.263999999], [-12358724.8385, 5634943.439499997], [-12358724.8837, 5634987.090300001], [-12358699.161, 5635096.787600003], [-12358428.3762, 5635285.176100001], [-12358331.4052, 5635480.269000001], [-12358346.1779, 5635669.418099999], [-12358353.495000001, 5635763.095700003], [-12358382.4355, 5635875.5722], [-12358385.7064, 5635888.2848000005], [-12358389.4493, 5635996.738399997], [-12358391.002799999, 5636041.753399998], [-12358342.6184, 5636092.903700002], [-12358277.4611, 5636161.785899997], [-12358210.0924, 5636194.740199998], [-12358191.8475, 5636203.663199998], [-12358160.0453, 5636242.022100002], [-12358120.558899999, 5636289.658799998], [-12358085.096, 5636305.125600003], [-12357995.1986, 5636396.101300001], [-12357678.764, 5636521.037799999], [-12357642.1603, 5636561.4690999985], [-12357616.0425, 5636590.318400003], [-12357614.1287, 5636592.4296], [-12357524.620099999, 5636751.138599999], [-12357524.6018, 5636815.236199997], [-12357524.593899999, 5636847.624700002], [-12357534.052299999, 5636907.682099998], [-12357534.697900001, 5637065.534999996], [-12357504.870099999, 5637057.073799998], [-12357489.9736, 5637024.985299997], [-12357416.103, 5637022.0363000035], [-12357280.0053, 5636961.128600001], [-12357074.0813, 5636946.565099999], [-12357056.0942, 5636946.0163], [-12356965.0482, 5636942.203000002], [-12356945.5173, 5636913.419799998], [-12356856.6599, 5636904.427900001], [-12356787.123100001, 5636882.758599997], [-12356717.7399, 5636874.505000003], [-12356717.205400001, 5636874.441399999], [-12356676.4024, 5636869.5876], [-12356618.3803, 5636881.1611], [-12356581.8618, 5636934.956299998], [-12356550.5078, 5636981.143799998], [-12356515.108199999, 5636942.376400001], [-12356511.3334, 5636938.241700001], [-12356504.0321, 5636930.246200003], [-12356503.482, 5636929.6439], [-12356474.028, 5636897.389799997], [-12356301.2534, 5636826.399099998], [-12356296.398699999, 5636824.4058], [-12356281.0945, 5636818.116800003], [-12356280.99, 5636818.074199997], [-12356273.2367, 5636814.888599999], [-12356243.4307, 5636802.641900003], [-12356112.2316, 5636721.944300003], [-12355994.4144, 5636601.6171], [-12355934.1612, 5636558.884400003], [-12355933.373599999, 5636558.3257], [-12355924.966699999, 5636552.362000003], [-12355879.457, 5636485.282899998], [-12355876.9445, 5636481.582000002], [-12355827.7138, 5636409.020199999], [-12355817.557799999, 5636394.050999999], [-12355800.2839, 5636388.5823], [-12355716.0321, 5636361.909199998], [-12355713.928199999, 5636361.243799999], [-12355678.4095, 5636349.998999998], [-12355574.212299999, 5636250.7456], [-12355574.18, 5636250.7139], [-12355570.2722, 5636246.991700001], [-12355495.6283, 5636175.8901999965], [-12355361.6576, 5636122.2136999965], [-12355360.5999, 5636121.789999999], [-12355290.3853, 5636093.6620000005], [-12355119.114599999, 5636051.560500003], [-12355108.0472, 5636060.004600003], [-12355092.4069, 5636071.937899999], [-12355063.2089, 5636056.524300002], [-12355027.7859, 5636073.472199999], [-12354993.557300001, 5636055.401600003], [-12354972.4034, 5636062.095299996], [-12354940.7564, 5636030.8913], [-12354845.988699999, 5635978.167000003], [-12354798.6334, 5635990.4538], [-12354788.8353, 5635989.549099997], [-12354756.001600001, 5635986.512800001], [-12354735.1351, 5635994.8605], [-12354718.9018, 5635981.888599999], [-12354692.4024, 5635992.227899998], [-12354596.7518, 5635980.4419], [-12354542.1708, 5635944.840499997], [-12354493.5591, 5635977.136100002], [-12354469.3958, 5636002.9177], [-12354471.094, 5635947.594400004], [-12354453.629700001, 5635912.016599998], [-12354465.472, 5635850.9663999975], [-12354446.1221, 5635826.311800003], [-12354453.9529, 5635773.831299998], [-12354476.747000001, 5635731.7195999995], [-12354476.7651, 5635681.467200004], [-12354476.7796, 5635633.860799998], [-12354463.6556, 5635570.450000003], [-12354463.4737, 5635556.192400001], [-12354462.8757, 5635509.406099997], [-12354444.8418, 5635476.384199999], [-12354433.64, 5635455.869900003], [-12354420.411899999, 5635401.547399998], [-12354379.967799999, 5635381.950400002], [-12354329.9825, 5635364.663099997], [-12354303.535500001, 5635337.150300004], [-12354277.847, 5635290.1184], [-12354258.295, 5635231.404200003], [-12354220.4133, 5635174.4614999965], [-12354208.6657, 5635164.824900001], [-12354200.7894, 5635158.363799997], [-12354133.485100001, 5635103.151000001], [-12354126.4694, 5635069.920299999], [-12354059.3928, 5635008.476599999], [-12354050.317499999, 5635000.1633], [-12353959.8317, 5634917.275899999], [-12353895.6246, 5634839.5757], [-12353827.739799999, 5634705.243799999], [-12353844.162, 5634677.833400004], [-12353868.3658, 5634637.444600001], [-12353842.5037, 5634594.420900002], [-12353829.7073, 5634546.1822], [-12353817.754, 5634501.121100001], [-12353812.4107, 5634480.977300003], [-12353798.0748, 5634426.929799996], [-12353780.0522, 5634417.7086], [-12353773.3353, 5634414.271700002], [-12353743.6742, 5634399.095899999], [-12353724.7334, 5634397.5942], [-12353699.6463, 5634395.6054000035], [-12353659.6346, 5634392.433399998], [-12353625.7735, 5634381.712700002], [-12353619.0242, 5634383.465999998], [-12353618.8393, 5634383.513899997], [-12353618.0103, 5634383.729099996], [-12353582.611499999, 5634392.917199999], [-12353546.135499999, 5634361.072800003], [-12353539.8503, 5634355.584899999], [-12353536.7457, 5634352.874799997], [-12353534.6206, 5634353.4454], [-12353530.3192, 5634354.6027000025], [-12353454.777800001, 5634374.9086000025], [-12353404.2432, 5634342.578500003], [-12353377.0032, 5634341.383500002], [-12353341.4511, 5634318.861000001], [-12353271.8988, 5634319.152800001], [-12353245.9211, 5634303.010499999], [-12353238.0842, 5634298.140799999], [-12353222.5875, 5634300.601599999], [-12353160.7084, 5634310.431400001], [-12353139.5734, 5634309.411200002], [-12353124.9614, 5634308.706500001], [-12353118.4426, 5634308.392800003], [-12353116.9541, 5634315.588100001], [-12353113.617899999, 5634331.7192], [-12353106.7819, 5634364.776000001], [-12353052.007100001, 5634363.092299998], [-12353051.418200001, 5634363.231200002], [-12353051.2312, 5634363.276100002], [-12353050.401999999, 5634363.475900002], [-12353031.8459, 5634367.945], [-12352974.9751, 5634381.645000003], [-12352951.4243, 5634377.7951000035], [-12352866.1279, 5634403.147699997], [-12352815.4331, 5634418.2148], [-12352811.4044, 5634419.4130000025], [-12352809.550900001, 5634421.164499998], [-12352783.1147, 5634446.141999997], [-12352721.9658, 5634503.9196000025], [-12352645.527800001, 5634544.3461000025], [-12352644.0342, 5634545.152099997], [-12352637.9522, 5634646.457000002], [-12352576.7206, 5634693.874799997], [-12352553.8411, 5634644.387400001], [-12352528.310800001, 5634630.036700003], [-12352483.6606, 5634592.0722], [-12352417.8496, 5634562.289800003], [-12352323.536899999, 5634545.115999997], [-12352310.2305, 5634542.694700003], [-12352227.5787, 5634497.597999997], [-12352204.77, 5634503.619999997], [-12352172.3376, 5634496.250299998], [-12352174.6536, 5634481.592699997], [-12352158.7345, 5634470.088399999], [-12352096.2322, 5634424.895000003], [-12352041.1048, 5634368.052699998], [-12352035.8138, 5634332.484300002], [-12351983.6551, 5634249.419399999], [-12351914.754999999, 5634246.071199998], [-12351904.2009, 5634245.559], [-12351914.724100001, 5634230.761299998], [-12352064.743700001, 5634019.807499997], [-12352044.9122, 5633973.4199], [-12352030.761500001, 5633940.331699997], [-12352032.700100001, 5633877.263999999], [-12351972.151999999, 5633815.372000001], [-12351913.632199999, 5633663.842100002], [-12351901.296500001, 5633631.902500004], [-12351849.2031, 5633599.8411], [-12351846.5374, 5633598.203500003], [-12351716.885499999, 5633543.513999999], [-12351687.1775, 5633571.307700001], [-12351546.3869, 5633505.2597], [-12351344.0504, 5633499.567699999], [-12351200.2912, 5633495.525399998], [-12351189.298, 5633469.2086], [-12351138.4507, 5633449.3473000005], [-12351108.0901, 5633413.616700001], [-12351046.9515, 5633341.6477999985], [-12351014.9797, 5633328.188000001], [-12350979.754700001, 5633225.3314], [-12350951.0918, 5633189.1548999995], [-12350947.7146, 5633152.2073], [-12350932.469, 5633104.365800001], [-12350773.452399999, 5633054.6325], [-12350764.3547, 5633051.7863000035], [-12350685.4452, 5633093.420900002], [-12350626.5888, 5633059.9738000035], [-12350593.8289, 5633091.163900003], [-12350537.7961, 5633096.069300003], [-12350526.107, 5633112.2095], [-12350469.8577, 5633112.193400003], [-12350321.698800001, 5633154.731700003], [-12350215.669599999, 5633212.459200002], [-12350203.4364, 5633227.0845], [-12350193.7908, 5633238.624499999], [-12350123.0326, 5633323.277599998], [-12350093.020100001, 5633418.902400002], [-12350092.4144, 5633420.832199998], [-12350080.3616, 5633459.241099998], [-12350061.2787, 5633420.816], [-12350060.3198, 5633418.885200001], [-12350038.775899999, 5633375.510399997], [-12349996.0282, 5633321.078599997], [-12349981.558899999, 5633281.6193], [-12349979.2758, 5633275.392800003], [-12349931.353799999, 5633144.698600002], [-12349921.5054, 5633117.840999998], [-12349902.4842, 5633065.9661], [-12349896.6833, 5632943.191100001], [-12349895.9464, 5632927.601599999], [-12349893.066399999, 5632868.394000001], [-12349878.594999999, 5632849.275399998], [-12349826.479899999, 5632777.936700001], [-12349971.0659, 5632556.530699998], [-12349918.969, 5632462.185999997], [-12349927.55, 5632426.992299996], [-12349943.908, 5632359.920199998], [-12349862.4498, 5632330.9551], [-12349854.5858, 5632281.104000002], [-12349850.4882, 5632255.145000003], [-12349801.140700001, 5632222.9794000015], [-12349776.3772, 5632188.141900003], [-12349744.0097, 5632167.451200001], [-12349744.012400001, 5632087.2685], [-12349710.009, 5632054.025600001], [-12349696.2974, 5632012.901799999], [-12349633.3495, 5631927.454999998], [-12349537.3507, 5631797.1435], [-12349454.6367, 5631741.132799998], [-12349395.3632, 5631734.085600004], [-12349339.1202, 5631788.098899998], [-12349293.6018, 5631866.401799999], [-12349273.2733, 5631901.370200001], [-12349188.2749, 5631948.630000003], [-12349065.046, 5631972.6076000035], [-12349013.0919, 5631982.718199998], [-12348967.329599999, 5632096.350299999], [-12348861.7732, 5632108.861400001], [-12348719.598000001, 5632185.453500003], [-12348641.2906, 5632143.656499997], [-12348653.681400001, 5632083.876000002], [-12348718.7681, 5632022.960500002], [-12348729.6404, 5632008.211099997], [-12348833.2914, 5631867.595200002], [-12348848.9012, 5631820.788699999], [-12348827.408599999, 5631714.669799998], [-12348800.2325, 5631580.463299997], [-12348834.6056, 5631394.3838], [-12349009.8674, 5631162.954999998], [-12349015.0348, 5631145.991400003], [-12349032.3112, 5631089.290600002], [-12348996.0032, 5630957.847000003], [-12349046.2342, 5630854.4899], [-12349063.8636, 5630832.2469], [-12349070.3016, 5630824.126500003], [-12349163.2251, 5630706.866700001], [-12349213.313900001, 5630577.6065], [-12349252.5271, 5630516.426399998], [-12349270.2114, 5630407.454700001], [-12349430.2225, 5630243.978799999], [-12349432.924800001, 5630175.001599997], [-12349327.213100001, 5630068.881999999], [-12349332.2253, 5630008.371299997], [-12349339.386599999, 5629921.882600002], [-12349269.3856, 5629899.053099997], [-12349063.943500001, 5629831.965599999], [-12349041.5491, 5629824.652099997], [-12349015.7894, 5629740.091799997], [-12348984.1325, 5629636.159900002], [-12348942.460099999, 5629591.7038], [-12348887.0975, 5629454.1543999985], [-12348887.326000001, 5629441.028399996], [-12348888.451200001, 5629376.298299998], [-12348668.2985, 5629229.9375], [-12348621.0035, 5629286.976400003], [-12348552.4054, 5629369.7146999985], [-12348496.8829, 5629355.285599999], [-12348479.056200001, 5629350.6526999995], [-12348369.4602, 5629322.169], [-12348337.7918, 5629334.048699997], [-12348282.0029, 5629292.237800002], [-12348122.5188, 5629218.4045], [-12348053.0037, 5629236.758199997], [-12348037.371399999, 5629218.054899998], [-12347988.9179, 5629198.106200002], [-12347935.689399999, 5629152.5380000025], [-12347908.5381, 5629132.214100003], [-12347861.8438, 5629132.271600001], [-12347779.0681, 5629119.290100001], [-12347745.656100001, 5629126.278300002], [-12347615.8846, 5629077.463600002], [-12347560.9797, 5629032.932099998], [-12347494.1077, 5628978.703299999], [-12347395.628899999, 5628921.103600003], [-12347367.5724, 5628901.998199999], [-12347340.4982, 5628883.563000001], [-12347270.0616, 5628835.604500003], [-12347260.689199999, 5628829.222999997], [-12347104.947999999, 5628723.182599999], [-12347176.6076, 5628572.529100001], [-12347178.7282, 5628568.070500001], [-12347210.9019, 5628500.430100001], [-12347004.2907, 5628314.5852999985], [-12346973.4145, 5628258.2236], [-12346795.355999999, 5628137.434500001], [-12346585.1186, 5627994.812200002], [-12346774.6679, 5627741.813100003], [-12346791.6139, 5627719.207999997], [-12346793.7938, 5627715.573399998], [-12346918.298799999, 5627507.885499999], [-12346892.4099, 5627428.119499996], [-12346927.974399999, 5627326.738399997], [-12346939.9044, 5627163.764899999], [-12346950.4949, 5627019.1281], [-12346797.1006, 5626795.773599997], [-12346737.4404, 5626708.906199999], [-12346732.9443, 5626707.003200002], [-12346411.7841, 5626571.066600002], [-12346307.5478, 5626482.511399999], [-12346340.7102, 5626348.317900002], [-12346427.4969, 5626186.644900002], [-12346229.576200001, 5626186.451399997], [-12345747.0472, 5626185.990900002], [-12345739.866799999, 5626185.986500002], [-12345659.8622, 5626185.979699999], [-12345094.315000001, 5626184.894100003], [-12344615.9368, 5626183.974399999], [-12344528.7675, 5626183.958999999], [-12343962.1524, 5626183.377400003], [-12343482.697, 5626182.601199999], [-12343467.748300001, 5626182.575599998], [-12343417.5271, 5626182.497900002], [-12342859.289, 5626180.545599997], [-12342361.9132, 5626178.986199997], [-12342301.696600001, 5626179.011699997], [-12341742.1248, 5626178.258100003], [-12341223.932799999, 5626176.3977999985], [-12341194.6634, 5626176.321599998], [-12341167.237399999, 5626176.299699999], [-12340603.129700001, 5626176.942199998], [-12340091.733199999, 5626177.637900002], [-12340038.6349, 5626177.6435], [-12339472.5136, 5626178.0568], [-12338926.143199999, 5626178.443099998], [-12338922.627, 5626178.443400003], [-12338918.755199999, 5626178.4432], [-12338851.0643, 5626178.449000001], [-12338840.061700001, 5626243.038699999], [-12338814.8102, 5626258.443800002], [-12338718.6885, 5626367.6479], [-12338704.568599999, 5626421.649599999], [-12338673.4747, 5626540.568499997], [-12338681.2328, 5626657.783], [-12338697.0839, 5626781.941600002], [-12338630.7173, 5626933.633699998], [-12338657.3493, 5626981.742600001], [-12338624.338399999, 5627149.010499999], [-12338551.3215, 5627282.821500003], [-12338530.7371, 5627330.432300001], [-12338498.2095, 5627363.124399997], [-12338473.4838, 5627466.846500002], [-12338523.8286, 5627581.386799999], [-12338499.316399999, 5627776.031199999], [-12338516.5044, 5627851.947899997], [-12338457.0715, 5628191.816699997], [-12338424.2347, 5628259.512599997], [-12338412.2251, 5628281.294], [-12338368.0985, 5628361.325599998], [-12338297.810899999, 5628620.847900003], [-12338038.436900001, 5628510.627099998], [-12337971.9313, 5628509.806100003], [-12337867.105, 5628545.089599997], [-12337811.196, 5628622.425800003], [-12337839.1405, 5628762.821800001], [-12337725.6655, 5628892.8500000015], [-12337635.1982, 5628998.3561], [-12337635.3349, 5629182.600900002], [-12337665.4035, 5629264.191500001], [-12337382.9132, 5629613.0726], [-12337324.1546, 5629763.055100001], [-12337244.714, 5629852.487000003], [-12337098.607, 5630052.712700002], [-12337033.7691, 5630096.026600003], [-12336934.720800001, 5630083.891900003], [-12336860.2229, 5630155.542499997], [-12336740.3305, 5630207.941200003], [-12336670.500500001, 5630215.350699998], [-12336654.883200001, 5630216.113300003], [-12336547.9838, 5630294.144199997], [-12336378.7513, 5630216.886399999], [-12336305.0995, 5630207.857500002], [-12336029.137400001, 5630178.916500002], [-12335745.385400001, 5630037.160999998], [-12335660.9988, 5630066.364699997], [-12335626.4308, 5630047.7513], [-12335429.623599999, 5630110.122400001], [-12335366.8834, 5630081.801899999], [-12335231.8674, 5630115.019699998], [-12335036.735100001, 5630146.121600002], [-12334778.694, 5630153.013400003], [-12334790.494199999, 5630242.657499999], [-12334614.4052, 5630376.4750000015], [-12334377.832600001, 5630387.2761999965], [-12334370.675, 5630391.018100001], [-12334361.807500001, 5630395.653999999], [-12334259.3335, 5630449.225400001], [-12334243.7017, 5630457.3972999975], [-12334198.6606, 5630540.298799999], [-12334193.157, 5630550.4287], [-12334186.4136, 5630562.839900002], [-12334021.5437, 5630729.8279], [-12333958.7612, 5630765.688900001], [-12333943.7148, 5630774.283299997], [-12333907.6415, 5630836.393200003], [-12333818.6548, 5630903.718599997], [-12333744.6427, 5631017.060599998], [-12333557.194400001, 5631095.9921], [-12333402.772, 5631087.2355], [-12333083.3301, 5631200.823399998], [-12332906.081, 5631193.096500002], [-12332741.2567, 5631264.186499998], [-12332584.3636, 5631260.091799997], [-12332541.322700001, 5631351.6972], [-12332362.0073, 5631391.6127], [-12332235.104899999, 5631483.302299999], [-12332200.0803, 5631561.340999998], [-12332108.2743, 5631625.259000003], [-12332107.598000001, 5631625.6316], [-12332077.1158, 5631642.415100001], [-12331872.8049, 5631722.157200001], [-12331773.246100001, 5631744.7689], [-12331688.0621, 5631778.443400003], [-12331651.818300001, 5631747.661499999], [-12331602.7441, 5631733.0792], [-12331472.6294, 5631789.8521], [-12331397.4888, 5631848.126599997], [-12331292.4254, 5631929.605700001], [-12331260.8264, 5631954.1109], [-12331125.7148, 5632058.890000001], [-12331112.4936, 5632035.196999997], [-12331100.5998, 5632000.787799999], [-12331096.6351, 5631980.301399998], [-12331090.6882, 5631960.212800004], [-12331084.9395, 5631941.516400002], [-12331080.578499999, 5631923.4168], [-12331075.622499999, 5631904.123800002], [-12331066.504, 5631881.250500001], [-12331060.3589, 5631862.554200001], [-12331051.042100001, 5631846.8413999975], [-12331045.2933, 5631839.4821000025], [-12331040.734000001, 5631826.156000003], [-12331035.58, 5631798.509300001], [-12331030.425900001, 5631788.564499997], [-12331018.1358, 5631774.0449], [-12331011.1976, 5631765.890100002], [-12330999.1056, 5631754.155199997], [-12330977.4985, 5631738.641199999], [-12330962.631099999, 5631723.326099999], [-12330951.3321, 5631712.187899999], [-12330936.8611, 5631704.629799999], [-12330917.434500001, 5631674.994099997], [-12330897.215, 5631647.347400002], [-12330884.3299, 5631627.6567], [-12330876.9954, 5631614.5293999985], [-12330867.8768, 5631597.225400001], [-12330853.6042, 5631576.937799998], [-12330846.1851, 5631565.114799999], [-12330844.985399999, 5631563.2029], [-12330844.1095, 5631561.807300001], [-12330840.124400001, 5631555.456799999], [-12330834.2823, 5631547.1184], [-12330826.05, 5631535.368199997], [-12330818.5174, 5631519.456500001], [-12330812.173799999, 5631508.119400002], [-12330802.4607, 5631492.207500003], [-12330789.892900001, 5631468.180699997], [-12330782.7883, 5631457.233400002], [-12330771.497000001, 5631443.994800001], [-12330766.675999999, 5631440.303199999], [-12330758.3028, 5631431.137999997], [-12330749.929499999, 5631419.299900003], [-12330740.668200001, 5631403.5154], [-12330733.2815, 5631392.990999997], [-12330725.4899, 5631375.377099998], [-12330718.339499999, 5631365.199699998], [-12330712.376699999, 5631356.543700002], [-12330708.951200001, 5631347.378399998], [-12330707.997200001, 5631341.594300002], [-12330705.5613, 5631333.610399999], [-12330699.9588, 5631323.997000001], [-12330696.954599999, 5631317.479599997], [-12330690.053, 5631309.332800001], [-12330683.2325, 5631299.638099998], [-12330678.0361, 5631292.468900003], [-12330669.754099999, 5631284.159000002], [-12330665.856800001, 5631279.5154], [-12330664.801199999, 5631276.908399999], [-12330657.8997, 5631271.5315999985], [-12330653.1092, 5631269.087399997], [-12330649.6177, 5631265.421300001], [-12330644.7562, 5631261.836800002], [-12330633.0843, 5631252.4169000015], [-12330622.934999999, 5631247.5798999965], [-12330613.8004, 5631239.432899997], [-12330605.934700001, 5631232.3046], [-12330595.4047, 5631227.339900002], [-12330590.0761, 5631222.248300001], [-12330582.8448, 5631214.610600002], [-12330570.322900001, 5631206.1206], [-12330568.0165, 5631202.772100002], [-12330565.499400001, 5631199.676399998], [-12330559.7345, 5631198.9432], [-12330554.2945, 5631194.462399997], [-12330545.931400001, 5631188.0264], [-12330540.3289, 5631183.708700001], [-12330535.6868, 5631180.2289], [-12330525.3978, 5631175.228299998], [-12330516.1326, 5631169.858900003], [-12330507.9319, 5631164.889399998], [-12330501.030299999, 5631160.164300002], [-12330494.2099, 5631157.231399998], [-12330487.2271, 5631152.0988000035], [-12330483.411, 5631149.0031], [-12330478.7016, 5631147.292300001], [-12330474.1552, 5631146.550700001], [-12330471.0692, 5631143.7075999975], [-12330469.283, 5631140.856200002], [-12330466.5224, 5631138.982500002], [-12330462.6248, 5631137.678999998], [-12330458.078, 5631134.257299997], [-12330409.455699999, 5631098.341200002], [-12330363.614799999, 5631069.749600001], [-12330331.7121, 5631051.413699999], [-12330292.066, 5631030.591799997], [-12330262.0216, 5631016.917599998], [-12330243.747299999, 5630998.581699997], [-12330217.7295, 5630969.679399997], [-12330199.1452, 5630944.195799999], [-12330183.039099999, 5630920.265799999], [-12330172.1983, 5630897.5792], [-12330159.189399999, 5630864.9476], [-12330155.1628, 5630845.057800002], [-12330145.561, 5630828.8972999975], [-12330137.1982, 5630800.3059], [-12330136.8884, 5630776.997699998], [-12330134.1009, 5630739.082900003], [-12330132.8619, 5630711.423699997], [-12330135.9592, 5630683.1428999975], [-12330135.0299, 5630655.7946000025], [-12330131.6229, 5630626.2705999985], [-12330123.5698, 5630594.882200003], [-12330115.207, 5630563.804399997], [-12330109.302299999, 5630543.980099998], [-12330107.1538, 5630536.766900003], [-12330098.171500001, 5630516.876999997], [-12330088.569699999, 5630497.919699997], [-12330082.375, 5630485.7993], [-12330070.6184, 5630455.081200004], [-12330064.4104, 5630425.819300003], [-12330056.9767, 5630400.024899997], [-12330048.6139, 5630377.648800001], [-12330031.5784, 5630331.032200001], [-12330018.879099999, 5630308.656400003], [-12330000.295, 5630285.037199996], [-12329984.4985, 5630265.4582], [-12329973.9676, 5630251.784000002], [-12329963.7463, 5630238.109899998], [-12329951.356800001, 5630216.666299999], [-12329940.4136, 5630199.335199997], [-12329922.8611, 5630175.954400003], [-12329919.133299999, 5630172.404299997], [-12329899.897599999, 5630162.0239999965], [-12329874.9738, 5630145.236299999], [-12329840.286, 5630120.770800002], [-12329814.6039, 5630100.539300002], [-12329792.7719, 5630079.3279], [-12329782.7218, 5630069.563500002], [-12329741.9551, 5630041.859099999], [-12329697.3299, 5630015.556699999], [-12329673.524, 5630004.7161], [-12329629.0735, 5629979.400799997], [-12329597.0973, 5629961.189599998], [-12329594.8512, 5629959.964299999], [-12329563.8589, 5629939.833899997], [-12329531.1405, 5629908.454000004], [-12329486.693500001, 5629864.1501], [-12329453.155000001, 5629837.063900001], [-12329416.3939, 5629816.458499998], [-12329395.857099999, 5629805.945200004], [-12329375.5414, 5629793.1259], [-12329329.175, 5629756.134800002], [-12329289.6412, 5629727.366999999], [-12329248.5833, 5629694.244199999], [-12329218.0846, 5629671.5869999975], [-12329181.8729, 5629642.556999996], [-12329148.5588, 5629625.784000002], [-12329092.6745, 5629601.240599997], [-12329062.058699999, 5629584.215400003], [-12329029.9919, 5629567.4221], [-12328974.4544, 5629522.851300001], [-12328946.1699, 5629493.0956000015], [-12328913.5206, 5629456.261], [-12328891.7515, 5629430.7102999985], [-12328877.5035, 5629411.752800003], [-12328865.839200001, 5629399.1435], [-12328863.105, 5629393.4223000035], [-12328859.5813, 5629388.636], [-12328854.1733, 5629384.110200003], [-12328844.5999, 5629375.001699999], [-12328826.6469, 5629355.495800003], [-12328819.3941, 5629342.5891999975], [-12328804.8588, 5629324.869999997], [-12328799.7339, 5629317.992899999], [-12328795.5918, 5629310.4494], [-12328786.721900001, 5629294.680100001], [-12328775.5886, 5629273.873599999], [-12328764.2537, 5629262.054700002], [-12328756.2885, 5629251.408699997], [-12328751.3213, 5629239.681500003], [-12328747.2952, 5629231.628700003], [-12328738.6448, 5629219.517800003], [-12328735.987300001, 5629209.6723000035], [-12328732.0574, 5629193.7962], [-12328721.2672, 5629173.9859], [-12328716.0822, 5629167.423799999], [-12328711.0056, 5629160.998899996], [-12328688.390999999, 5629139.021700002], [-12328674.0948, 5629120.694799997], [-12328658.576000001, 5629104.549099997], [-12328644.0867, 5629090.808499999], [-12328641.679, 5629088.179099999], [-12328630.872000001, 5629076.377300002], [-12328626.5173, 5629072.616300002], [-12328608.8511, 5629057.359399997], [-12328587.6199, 5629037.406900004], [-12328571.8401, 5629027.859200001], [-12328561.4054, 5629022.030699998], [-12328540.8366, 5629011.523000002], [-12328514.1587, 5628999.431599997], [-12328493.0097, 5628990.279600002], [-12328466.814399999, 5628978.387800001], [-12328457.7434, 5628974.2698], [-12328452.522, 5628970.377800003], [-12328424.855700001, 5628949.754500002], [-12328394.4221, 5628925.086099997], [-12328368.1868, 5628900.374600001], [-12328350.544300001, 5628881.4793], [-12328329.333700001, 5628857.810400002], [-12328314.8627, 5628843.092100002], [-12328302.5723, 5628828.970200002], [-12328293.4537, 5628822.4067], [-12328286.317200001, 5628813.058499999], [-12328280.3705, 5628801.522399999], [-12328273.432599999, 5628793.566500001], [-12328265.1067, 5628782.826099999], [-12328251.0324, 5628763.533], [-12328242.3102, 5628753.786899999], [-12328236.363400001, 5628744.239799999], [-12328231.011, 5628737.875200003], [-12328227.2447, 5628731.1127], [-12328221.6942, 5628722.162299998], [-12328215.945500001, 5628715.200900003], [-12328208.611, 5628704.858199999], [-12328202.2676, 5628696.504299998], [-12328193.9419, 5628690.5374], [-12328184.8234, 5628685.565200001], [-12328180.660500001, 5628682.581699997], [-12328178.876400001, 5628678.404799998], [-12328175.5065, 5628670.448899999], [-12328166.9827, 5628661.498599999], [-12328155.485199999, 5628654.934799999], [-12328141.609000001, 5628645.188900001], [-12328134.2746, 5628638.028700002], [-12328121.9841, 5628624.901299998], [-12328117.0284, 5628617.939800002], [-12328108.7027, 5628613.961900003], [-12328096.809, 5628610.381800003], [-12328092.4478, 5628603.420500003], [-12328084.1221, 5628596.856600001], [-12328072.624699999, 5628590.094300002], [-12328067.6939, 5628586.560400002], [-12328065.6866, 5628585.121799998], [-12328062.811, 5628578.5986], [-12328061.1273, 5628574.779100001], [-12328058.5502, 5628571.994499996], [-12328050.4857, 5628569.949299999], [-12328047.9779, 5628569.6052], [-12328038.8991, 5628568.3596], [-12328032.978500001, 5628563.8396999985], [-12328020.3944, 5628557.156499997], [-12328012.333700001, 5628552.2971], [-12328008.937800001, 5628550.249899998], [-12327995.2289, 5628542.569799997], [-12327982.3956, 5628537.586199999], [-12327973.0158, 5628533.0088], [-12327953.0856, 5628522.489100002], [-12327930.5953, 5628509.934699997], [-12327906.7741, 5628500.3992], [-12327895.0362, 5628496.803900003], [-12327877.7927, 5628491.5222999975], [-12327876.0758, 5628491.110100001], [-12327839.4991, 5628482.3323], [-12327806.847199999, 5628473.8596], [-12327762.686, 5628464.186300002], [-12327750.102, 5628462.557700001], [-12327741.072, 5628461.3891], [-12327732.2738, 5628460.547499999], [-12327720.860100001, 5628459.455600001], [-12327714.456799999, 5628458.843099996], [-12327682.434, 5628461.081900001], [-12327651.339200001, 5628463.882200003], [-12327626.5262, 5628464.2766999975], [-12327610.09, 5628463.961599998], [-12327590.2256, 5628464.853799999], [-12327560.746399999, 5628468.089299999], [-12327532.5647, 5628470.397600003], [-12327524.011500001, 5628471.443599999], [-12327497.1688, 5628474.725699998], [-12327480.0415, 5628477.016800001], [-12327478.4035, 5628477.0358000025], [-12327458.0935, 5628477.271399997], [-12327434.369199999, 5628476.634999998], [-12327405.3165, 5628475.998499997], [-12327382.4803, 5628475.998400003], [-12327371.9503, 5628475.743799999], [-12327350.0023, 5628474.089000002], [-12327333.509399999, 5628468.869999997], [-12327318.0315, 5628465.687600002], [-12327309.2777, 5628463.0145], [-12327303.3149, 5628459.959399998], [-12327290.374400001, 5628458.431900002], [-12327277.053199999, 5628453.976599999], [-12327265.3814, 5628452.067100003], [-12327250.0305, 5628448.248300001], [-12327229.3511, 5628445.495499998], [-12327205.761599999, 5628441.9155], [-12327205.4005, 5628441.8627], [-12327183.9561, 5628438.732900001], [-12327171.3939, 5628435.240199998], [-12327167.5031, 5628434.158500001], [-12327143.1206, 5628429.583800003], [-12327114.773699999, 5628424.611199997], [-12327092.1753, 5628421.627899997], [-12327079.0921, 5628419.638700001], [-12327059.6655, 5628414.865400001], [-12327038.4549, 5628412.279700004], [-12327017.6406, 5628408.699299999], [-12327009.9968, 5628406.877599999], [-12326998.325, 5628405.604599997], [-12326979.4217, 5628405.477300003], [-12326953.1601, 5628406.495700002], [-12326928.1672, 5628408.659599997], [-12326900.8905, 5628411.205700003], [-12326874.629, 5628412.0967999995], [-12326848.621100001, 5628414.006099999], [-12326824.77, 5628412.733099997], [-12326816.5235, 5628409.168899998], [-12326809.292100001, 5628402.295000002], [-12326803.3294, 5628397.457900003], [-12326792.7994, 5628394.784599997], [-12326784.045400001, 5628392.238700002], [-12326770.9782, 5628384.982799999], [-12326761.716699999, 5628376.836099997], [-12326746.4927, 5628369.580300003], [-12326737.3423, 5628365.140900001], [-12326715.915, 5628352.778800003], [-12326715.058400001, 5628352.284599997], [-12326713.554499999, 5628351.417000003], [-12326697.3493, 5628342.951200001], [-12326689.568599999, 5628338.886299998], [-12326661.4912, 5628321.081], [-12326658.5634, 5628319.101099998], [-12326638.5283, 5628305.551100001], [-12326621.020399999, 5628292.312399998], [-12326609.094999999, 5628287.093500003], [-12326597.9305, 5628279.073799998], [-12326574.0002, 5628262.7086], [-12326551.4019, 5628245.4043999985], [-12326512.9451, 5628217.1608000025], [-12326505.8226, 5628210.977600001], [-12326501.4205, 5628207.155699998], [-12326492.631299999, 5628199.525300004], [-12326484.9945, 5628192.895400003], [-12326473.806, 5628181.258599997], [-12326468.739500001, 5628175.989200003], [-12326453.4758, 5628158.884000003], [-12326447.132399999, 5628153.513700001], [-12326438.771200001, 5628148.503600001], [-12326432.8598, 5628144.961000003], [-12326420.371199999, 5628135.811800003], [-12326407.287999999, 5628118.706500001], [-12326395.3942, 5628107.3693], [-12326382.7075, 5628093.844400004], [-12326380.5555, 5628091.063699998], [-12326369.624200001, 5628076.938000001], [-12326364.5151, 5628071.626400001], [-12326353.1711, 5628059.832800001], [-12326344.1985, 5628050.3873], [-12326341.079, 5628047.103299998], [-12326335.3303, 5628039.943099998], [-12326333.2151, 5628039.342600003], [-12326324.824000001, 5628036.959600002], [-12326315.308899999, 5628028.009199999], [-12326301.0363, 5628014.682999998], [-12326291.7194, 5627999.964500003], [-12326278.8345, 5627983.456100002], [-12326267.139, 5627969.931000002], [-12326260.0819, 5627961.2192], [-12326254.3729, 5627956.000100002], [-12326249.9324, 5627949.253600001], [-12326245.7458, 5627939.197400004], [-12326234.3278, 5627919.975900002], [-12326223.417100001, 5627905.973499998], [-12326217.708, 5627899.481399998], [-12326212.8871, 5627890.061499998], [-12326201.2152, 5627876.059199996], [-12326193.095800001, 5627866.130199999], [-12326180.9164, 5627852.000600003], [-12326166.1998, 5627834.688299999], [-12326154.1474, 5627822.7227], [-12326144.6323, 5627806.810900003], [-12326132.7067, 5627795.354500003], [-12326115.3257, 5627777.660400003], [-12326097.4375, 5627758.566399999], [-12326080.437199999, 5627742.0178999975], [-12326064.0713, 5627728.270199999], [-12326052.1458, 5627711.7217999995], [-12326045.515700001, 5627699.6526999995], [-12326043.264899999, 5627695.555500001], [-12326037.0484, 5627685.753600001], [-12326029.4364, 5627675.4428], [-12326023.727400001, 5627665.7685], [-12326015.480999999, 5627652.784500003], [-12326002.033, 5627628.598399997], [-12325993.5328, 5627611.2863000035], [-12325987.9506, 5627596.392800003], [-12325984.398400001, 5627586.7184000015], [-12325975.390700001, 5627572.9706000015], [-12325970.0623, 5627559.859300002], [-12325965.7488, 5627552.858099997], [-12325956.487599999, 5627540.637800001], [-12325950.2709, 5627532.490900002], [-12325945.3232, 5627522.434699997], [-12325942.857, 5627511.412199996], [-12325942.532, 5627509.9597999975], [-12325939.1066, 5627501.176600002], [-12325933.7782, 5627493.666199997], [-12325926.6736, 5627485.773900002], [-12325916.7779, 5627477.372500002], [-12325910.434500001, 5627467.188900001], [-12325906.2478, 5627457.514399998], [-12325894.4492, 5627443.257399999], [-12325887.0909, 5627432.310099997], [-12325872.1205, 5627420.726400003], [-12325855.5431, 5627410.015500002], [-12325855.3739, 5627409.906300001], [-12325832.9183, 5627399.340899996], [-12325810.7165, 5627388.011699997], [-12325794.7543, 5627380.3434000015], [-12325789.783300001, 5627377.955300003], [-12325773.798, 5627372.990900002], [-12325759.335, 5627364.716700003], [-12325752.6545, 5627361.066500001], [-12325752.4432, 5627360.950999998], [-12325746.521499999, 5627357.715499997], [-12325730.789900001, 5627349.441299997], [-12325715.0582, 5627342.440200001], [-12325697.677299999, 5627336.584600002], [-12325681.565200001, 5627329.074100003], [-12325662.9157, 5627321.309100002], [-12325648.326000001, 5627312.271300003], [-12325632.2137, 5627304.124399997], [-12325624.982099999, 5627295.977600001], [-12325612.977400001, 5627285.523500003], [-12325594.3437, 5627276.970799997], [-12325592.533300001, 5627275.056299999], [-12325587.009, 5627269.213799998], [-12325575.511599999, 5627260.462399997], [-12325560.0497, 5627249.920900002], [-12325541.0756, 5627248.968900003], [-12325540.2267, 5627248.926200002], [-12325529.324099999, 5627251.5119], [-12325511.483199999, 5627247.732900001], [-12325499.3911, 5627244.749499999], [-12325490.7117, 5627243.700199999], [-12325482.938000001, 5627242.760499999], [-12325466.0883, 5627236.3957], [-12325447.7292, 5627227.4824], [-12325447.6529, 5627227.445200004], [-12325419.504099999, 5627213.124700002], [-12325407.412, 5627211.931299999], [-12325393.5359, 5627207.157799996], [-12325385.0119, 5627201.190800004], [-12325364.990600001, 5627192.240500003], [-12325343.5816, 5627185.676799998], [-12325316.2259, 5627180.306500003], [-12325289.6629, 5627174.140699998], [-12325258.1442, 5627171.1570999995], [-12325224.6433, 5627170.958300002], [-12325193.3228, 5627172.1516999975], [-12325181.732900001, 5627172.371100001], [-12325172.3103, 5627172.549500003], [-12325148.720800001, 5627172.549500003], [-12325139.2953, 5627169.465499997], [-12325130.4837, 5627166.5825999975], [-12325122.2105, 5627162.432099998], [-12325113.4353, 5627158.029600002], [-12325111.057, 5627156.8364999965], [-12325106.752799999, 5627153.447899997], [-12325098.3944, 5627146.867799997], [-12325086.476300001, 5627132.968699999], [-12325056.5436, 5627089.608999997], [-12325022.2496, 5627033.718699999], [-12325011.347, 5627016.016900003], [-12325003.615899999, 5626999.508299999], [-12324995.6868, 5626988.7678999975], [-12324989.3433, 5626975.640600003], [-12324984.1895, 5626962.9111], [-12324978.638799999, 5626950.778300002], [-12324967.1414, 5626936.258699998], [-12324957.487, 5626923.391000003], [-12324953.86, 5626918.556699999], [-12324935.8211, 5626889.318800002], [-12324919.566100001, 5626868.633299999], [-12324902.3201, 5626855.108400002], [-12324882.6952, 5626839.594400004], [-12324864.2597, 5626826.268100001], [-12324843.6437, 5626811.151799999], [-12324832.150600001, 5626804.337099999], [-12324819.321, 5626796.7299000025], [-12324809.155000001, 5626790.701899998], [-12324793.415199999, 5626781.1559000015], [-12324770.0165, 5626768.7852], [-12324753.913800001, 5626760.570900001], [-12324731.6455, 5626748.310099997], [-12324710.4327, 5626737.161799997], [-12324678.5175, 5626724.8301], [-12324654.3334, 5626718.067599997], [-12324627.2432, 5626715.297600001], [-12324627.2368, 5626715.296800002], [-12324622.7736, 5626714.818400003], [-12324595.8552, 5626710.708400004], [-12324572.4641, 5626708.122699998], [-12324542.1347, 5626707.923799999], [-12324511.409, 5626707.724799998], [-12324511.386300001, 5626707.7272000015], [-12324511.2941, 5626707.726599999], [-12324509.269000001, 5626707.949299999], [-12324509.2609, 5626707.950099997], [-12324484.846, 5626710.509499997], [-12324483.675, 5626710.761399999], [-12324477.5496, 5626712.078400001], [-12324472.4935, 5626713.165399998], [-12324470.9698, 5626713.492899999], [-12324460.139800001, 5626720.047499999], [-12324458.3665, 5626721.1325], [-12324448.3715, 5626728.2114999965], [-12324447.740699999, 5626728.534999996], [-12324447.4681, 5626722.344499998], [-12324446.9808, 5626711.2826000005], [-12324446.866, 5626708.674199998], [-12324446.8289, 5626707.221600004], [-12324446.4131, 5626690.969300002], [-12324446.0877, 5626678.250699997], [-12324445.597199999, 5626659.0757], [-12324444.966699999, 5626634.426600002], [-12324443.111, 5626561.875], [-12324441.0185, 5626480.070799999], [-12324439.6683, 5626427.284500003], [-12324438.3419, 5626375.430200003], [-12324437.3438, 5626336.408], [-12324436.935600001, 5626320.445699997], [-12324436.498100001, 5626303.343599997], [-12324434.362, 5626219.828299999], [-12324434.3176, 5626217.7315], [-12324235.8651, 5626217.878700003], [-12324034.528099999, 5626218.024700001], [-12323449.9202, 5626213.019400001], [-12323159.5836, 5626210.539399996], [-12323136.6317, 5626210.344899997], [-12323108.3763, 5626210.041500002], [-12322870.4698, 5626207.097499996], [-12322869.973000001, 5626207.101300001], [-12322582.0888, 5626212.9738000035], [-12322294.3509, 5626214.724299997], [-12321968.895399999, 5626216.721199997], [-12321718.9144, 5626218.940800004], [-12321431.1808, 5626221.521200001], [-12321143.203, 5626224.0803999975], [-12320867.924800001, 5626226.470399998], [-12320569.443300001, 5626228.1472999975], [-12320140.691100001, 5626226.607900001], [-12319990.851599999, 5626225.768200003], [-12319432.0195, 5626222.438900001], [-12319340.1248, 5626221.926100001], [-12318877.4614, 5626218.741300002], [-12318872.136500001, 5626218.712099999], [-12318674.1029, 5626217.597400002], [-12318671.0053, 5626217.5814], [-12318284.913800001, 5626228.0506], [-12318282.995900001, 5626227.860600002], [-12317716.4753, 5626229.380999997], [-12317512.165199999, 5626229.5929000005], [-12317148.478, 5626230.239399999], [-12316581.2182, 5626231.798], [-12316376.4808, 5626232.009900004], [-12316013.015700001, 5626232.670400001], [-12316009.7489, 5626232.679499999], [-12315445.0067, 5626233.8178], [-12315241.883200001, 5626233.966600001], [-12314876.2507, 5626234.442500003], [-12314308.2489, 5626235.589000002], [-12314108.1008, 5626235.7333], [-12313738.9731, 5626237.203199998], [-12313736.7545, 5626237.2095], [-12313171.4081, 5626239.255500004], [-12312973.785, 5626239.8081], [-12312602.967500001, 5626241.0911], [-12312035.1844, 5626243.4912], [-12311839.6886, 5626244.034900002], [-12311498.7927, 5626244.739399999], [-12311465.8795, 5626244.861599997], [-12311463.6483, 5626244.865699999], [-12311276.6169, 5626244.936099999], [-12310898.1684, 5626245.303300001], [-12310704.2721, 5626245.399899997], [-12310330.487599999, 5626246.071599998], [-12309763.603500001, 5626247.618600003], [-12309570.702, 5626247.797899999], [-12309195.139, 5626250.574100003], [-12309190.5037, 5626250.609499998], [-12308625.5143, 5626255.0358000025], [-12308457.305100001, 5626256.020000003], [-12308055.933400001, 5626258.392800003], [-12307486.8511, 5626262.271899998], [-12307327.1544, 5626263.0075], [-12306920.234299999, 5626256.508900002], [-12306190.074000001, 5626263.876800001], [-12305044.275, 5626260.6526999995], [-12303898.4759, 5626257.428300001], [-12302752.6802, 5626254.202200003], [-12302356.8173, 5626253.088100001], [-12301606.884, 5626250.977600001], [-12300461.0909, 5626247.752400003], [-12300084.2828, 5626246.689900003], [-12299315.302000001, 5626244.522100002], [-12298169.5133, 5626241.296400003], [-12297811.748300001, 5626240.286700003], [-12297023.7272, 5626238.066500001], [-12295877.945, 5626234.8411], [-12295539.2192, 5626233.884000003], [-12294732.1624, 5626231.611500002], [-12293586.383299999, 5626228.383699998], [-12293266.6942, 5626227.484200001], [-12292440.6034, 5626225.159000002], [-12291294.824900001, 5626221.929200001], [-12290994.1721, 5626221.707000002], [-12290152.749699999, 5626221.333499998], [-12289007.0568, 5626220.645800002], [-12288708.469700001, 5626220.4673999995], [-12287861.363499999, 5626219.957900003], [-12286715.6733, 5626219.266000003], [-12286435.9464, 5626219.096000001], [-12285569.9831, 5626218.573700003], [-12284424.289900001, 5626217.8816], [-12284163.4263, 5626217.7249], [-12283278.5998, 5626217.189400002], [-12282132.9096, 5626216.497299999], [-12281890.9062, 5626216.349299997], [-12280987.2196, 5626215.800999999], [-12279841.5294, 5626215.1043], [-12279618.3862, 5626214.969300002], [-12278695.8396, 5626214.407899998], [-12277550.1492, 5626213.711400002], [-12277345.866, 5626213.690099999], [-12276407.2917, 5626213.058600001], [-12275261.743900001, 5626212.116999999], [-12275060.1512, 5626211.951499999], [-12274116.1959, 5626211.1756], [-12272970.6488, 5626210.234300002], [-12272787.6331, 5626210.083400004], [-12271825.1099, 5626209.298500001], [-12270679.5747, 5626208.3627], [-12270515.119199999, 5626208.229000002], [-12269534.036, 5626207.426899999], [-12268388.497499999, 5626206.491099998], [-12268242.6019, 5626206.374899998], [-12267242.9619, 5626205.555200003], [-12266097.4264, 5626204.619400002], [-12265970.0912, 5626204.511799999], [-12264951.8879, 5626203.679399997], [-12264584.6444, 5626204.576099999], [-12263792.2422, 5626206.887100004], [-12263697.5742, 5626206.879500002], [-12262648.988699999, 5626202.639300004], [-12261504.5046, 5626197.586300001], [-12261411.8465, 5626197.180299997], [-12260360.0175, 5626192.533200003], [-12259215.5361, 5626187.4802], [-12259139.3261, 5626187.144299999], [-12258071.052299999, 5626182.4274], [-12256926.574099999, 5626177.370200001], [-12256866.8059, 5626177.370800003], [-12256317.4809, 5626177.3379999995], [-12255961.5275, 5626177.329099998], [-12255794.5307, 5626215.601599999], [-12255514.501699999, 5626442.021300003], [-12255451.1713, 5626472.3303999975], [-12255376.839, 5626567.790799998], [-12255011.6239, 5626534.003300004], [-12254889.501899999, 5626475.076200001], [-12254806.439199999, 5626466.317699999], [-12254594.4329, 5626434.1435], [-12254590.4346, 5626433.5396], [-12254440.3895, 5626464.164899997], [-12254319.3279, 5626390.1696000025], [-12254190.4, 5626253.854699999], [-12254163.2763, 5626225.176600002], [-12254089.4875, 5626234.921599999], [-12254013.4257, 5626219.744400002], [-12253769.1173, 5626219.738799997], [-12253725.534400001, 5626210.244800001], [-12253444.586199999, 5626340.186700001], [-12253358.7533, 5626417.054499999], [-12253218.8424, 5626545.685400002], [-12253103.752999999, 5626586.763599999], [-12253034.8467, 5626551.056100003], [-12252992.2973, 5626678.637400001], [-12252921.629, 5626719.435900003], [-12252859.754700001, 5626712.912799999], [-12252648.0866, 5626819.722900003], [-12252534.9114, 5626893.462099999], [-12252453.7752, 5626885.385799997], [-12252352.017099999, 5626938.647200003], [-12252321.9935, 5626938.910099998], [-12252125.0287, 5626940.631899998], [-12251859.6372, 5626984.947700001], [-12251805.3829, 5627032.686899997], [-12251655.3726, 5627162.376900002], [-12251584.1758, 5627289.319399998], [-12251442.7839, 5627434.858000003], [-12251247.933899999, 5627395.083400004], [-12251151.9666, 5627354.209600002], [-12251026.2242, 5627409.2949], [-12250900.1976, 5627491.427500002], [-12250726.4322, 5627662.105499998], [-12250627.5919, 5627995.735200003], [-12250569.1754, 5628091.211099997], [-12250535.3768, 5628112.7689], [-12250202.3948, 5628325.1492], [-12250152.138700001, 5628362.917800002], [-12250049.2975, 5628363.640799999], [-12249888.741799999, 5628363.928800002], [-12249576.4233, 5628533.074900001], [-12249476.001899999, 5628618.197400004], [-12249449.0174, 5628680.197400004], [-12249416.933699999, 5628753.916100003], [-12249343.5795, 5628922.461199999], [-12249231.6195, 5629249.470700003], [-12249110.3815, 5629603.568899997], [-12249017.862, 5629818.840800002], [-12248999.7261, 5629861.044100001], [-12248862.1518, 5629891.954599999], [-12248839.786899999, 5629891.4135000035], [-12248263.2677, 5629877.453900002], [-12248108.233199999, 5629873.695500001], [-12248039.491700001, 5629892.567400001], [-12247759.5615, 5630070.285599999], [-12247747.6549, 5630051.079800002], [-12247687.0846, 5629953.378600001], [-12247607.4772, 5629822.096500002], [-12247579.0318, 5629775.185599998], [-12247118.468600001, 5629666.2311], [-12246954.836, 5629627.533200003], [-12246805.6339, 5629679.751599997], [-12246582.6479, 5629820.724200003], [-12246549.242600001, 5629841.843000002], [-12246418.9769, 5629924.194499999], [-12246220.125, 5629960.093500003], [-12246088.7577, 5629821.201700002], [-12246057.3801, 5629788.024700001], [-12246068.0973, 5629750.406199999], [-12245981.397300001, 5629641.011600003], [-12245935.8063, 5629583.487999998], [-12245912.3323, 5629531.251599997], [-12245735.259300001, 5629498.613799997], [-12245614.792399999, 5629241.685599998], [-12245525.547899999, 5629051.3398], [-12245411.802299999, 5628937.8653], [-12245224.5604, 5628759.614299998], [-12245183.4692, 5628683.773800001], [-12245205.112300001, 5628599.546800002], [-12245296.9735, 5628242.098499998], [-12245416.9538, 5628084.912900001], [-12245469.6371, 5628017.251800001], [-12245631.6503, 5627809.390699998], [-12245635.104600001, 5627757.604199998], [-12245583.1121, 5627485.5458], [-12245558.5835, 5627456.171400003], [-12245417.8033, 5627287.568499997], [-12245236.8611, 5626971.649300002], [-12245134.2044, 5626938.470299996], [-12245102.16, 5626892.850900002], [-12245053.6694, 5626823.813100003], [-12244878.3427, 5626433.693899997], [-12244930.2498, 5626328.388400003], [-12244951.1032, 5626286.082800001], [-12245089.8158, 5626169.602799997], [-12245152.673799999, 5626116.819700003], [-12245221.374200001, 5626069.301200002], [-12245344.362300001, 5625924.934600003], [-12245343.8289, 5625801.559699997], [-12245343.6298, 5625755.7951000035], [-12245343.6951, 5625701.077100001], [-12245339.4575, 5625402.193599999], [-12245336.1457, 5625164.7993], [-12245327.6931, 5624605.8532000035], [-12245321.5183, 5624275.328699999], [-12245317.026, 5624031.078900002], [-12245315.7953, 5623961.8510000035], [-12245312.4082, 5623537.3627], [-12245311.7606, 5623456.061700001], [-12245327.1507, 5622894.663999997], [-12245328.737, 5622836.8320999965], [-12245342.195799999, 5622333.586800002], [-12245349.757100001, 5622051.014399998], [-12245362.785799999, 5617440.506700002], [-12245362.785799999, 5617440.4987], [-12245272.9206, 5617424.183799997], [-12245227.8127, 5617415.990199998], [-12245191.596, 5617408.537900001], [-12245153.5537, 5617402.400899999], [-12245114.2034, 5617387.749399997], [-12245041.0297, 5617368.428900003], [-12244977.858199999, 5617339.316500001], [-12244918.887699999, 5617313.088299997], [-12244895.0308, 5617301.461300001], [-12244876.7688, 5617294.152099997], [-12244865.4589, 5617295.428300001], [-12244854.1309, 5617298.1206], [-12244848.468, 5617299.467600003], [-12244841.427099999, 5617297.963100001], [-12244831.6165, 5617292.175700001], [-12244824.629099999, 5617286.422600001], [-12244816.282200001, 5617276.403800003], [-12244807.4791, 5617259.3369999975], [-12244805.251600001, 5617255.019400001], [-12244795.5634, 5617239.318499997], [-12244788.6807, 5617225.0669], [-12244779.0448, 5617205.1175], [-12244766.6382, 5617180.883400001], [-12244762.5963, 5617165.251900002], [-12244754.319699999, 5617149.5669], [-12244743.2544, 5617131.015000001], [-12244728.0783, 5617102.497900002], [-12244715.583700001, 5617085.344999999], [-12244703.0202, 5617073.856700003], [-12244683.478, 5617055.191500001], [-12244647.4584, 5617019.339000002], [-12244640.254900001, 5617012.168499999], [-12244606.7477, 5616982.007700004], [-12244589.9319, 5616971.8838], [-12244573.0291, 5616968.840599999], [-12244549.0864, 5616964.292999998], [-12244528.001400001, 5616956.948100001], [-12244521.1754, 5616954.954499997], [-12244502.6819, 5616949.551100001], [-12244486.211, 5616945.201899998], [-12244485.796799999, 5616945.091799997], [-12244456.190299999, 5616941.8913], [-12244422.3147, 5616941.4695999995], [-12244395.4611, 5616943.968199998], [-12244358.6577, 5616952.008900002], [-12244326.1401, 5616955.853], [-12244292.2468, 5616956.8473000005], [-12244272.4507, 5616959.432700001], [-12244246.991999999, 5616963.364699997], [-12244202.8839, 5616991.1435], [-12244182.982099999, 5617002.2271], [-12244158.845800001, 5617013.257600002], [-12244136.1912, 5617018.642099999], [-12244107.909400001, 5617022.538099997], [-12244096.5816, 5617025.228699997], [-12244095.1701, 5617025.2114999965], [-12244068.352, 5617024.876400001], [-12244042.998, 5617020.3116], [-12244031.6789, 5617017.321800001], [-12244009.227, 5617011.389799997], [-12243990.9126, 5617008.327799998], [-12243951.548999999, 5616995.088299997], [-12243916.3853, 5616984.733099997], [-12243892.4428, 5616980.185599998], [-12243877.004999999, 5616972.9098000005], [-12243862.995299999, 5616964.235100001], [-12243851.7565, 5616959.844999999], [-12243839.1062, 5616955.437600002], [-12243823.5794, 5616955.244099997], [-12243806.624200001, 5616956.447800003], [-12243789.5801, 5616964.733900003], [-12243712.971099999, 5616994.935699999], [-12243656.977400001, 5617016.9223000035], [-12243517.194600001, 5617071.803199999], [-12243490.2699, 5617079.965099998], [-12243460.557500001, 5617085.256999999], [-12243436.5436, 5617086.372599997], [-12243377.313900001, 5617081.379900001], [-12243323.7647, 5617073.623800002], [-12243288.5844, 5617064.6831], [-12243251.955699999, 5617058.555799998], [-12243208.2173, 5617056.589100003], [-12243103.8541, 5617048.194399998], [-12243047.4296, 5617044.649300002], [-12242990.9872, 5617042.521899998], [-12242957.183, 5617036.429200001], [-12242920.6089, 5617026.053400002], [-12242889.7333, 5617011.498499997], [-12242870.1677, 5616995.670599997], [-12242856.248399999, 5616979.915100001], [-12242775.3969, 5616898.156300001], [-12242755.8504, 5616880.9124], [-12242740.412700001, 5616873.6351], [-12242726.333999999, 5616870.623400003], [-12242709.3967, 5616870.4092999995], [-12242698.0511, 5616874.516099997], [-12242682.4897, 5616877.151799999], [-12242669.696800001, 5616884.071999997], [-12242642.807599999, 5616889.398100004], [-12242606.002, 5616897.4309], [-12242572.126400001, 5616897.002800003], [-12242543.843600001, 5616900.894199997], [-12242521.2067, 5616904.857799999], [-12242507.0023, 5616911.759000003], [-12242477.1475, 5616928.378399998], [-12242413.1844, 5616962.979599997], [-12242376.271, 5616979.509199999], [-12242310.9853, 5617007.011], [-12242293.8254, 5617015.348999999], [-12242259.8497, 5617031.8583], [-12242206.3862, 5617057.8369999975], [-12242205.873, 5617058.0869999975], [-12242183.9298, 5617073.567500003], [-12242154.593600001, 5617094.263999999], [-12242117.6623, 5617112.208499998], [-12242097.668200001, 5617130.3684], [-12242074.9045, 5617144.245399997], [-12242063.5588, 5617148.350900002], [-12242042.278900001, 5617156.578699999], [-12242009.6523, 5617168.912299998], [-12241958.533300001, 5617192.342299998], [-12241932.9287, 5617207.5978000015], [-12241908.842500001, 5617214.373400003], [-12241882.9162, 5617223.907499999], [-12241879.0579, 5617225.326700002], [-12241842.2323, 5617234.7729], [-12241805.4611, 5617239.970200002], [-12241796.9921, 5617239.863300003], [-12241788.576200001, 5617235.506200001], [-12241777.8372, 5617222.749399997], [-12241734.3358, 5617171.072800003], [-12241695.8192, 5617091.258599997], [-12241683.5296, 5617058.523100004], [-12241669.8462, 5617024.354099996], [-12241663.9585, 5617014.365599997], [-12241650.4988, 5616991.527800001], [-12241631.0791, 5616964.3675], [-12241615.8584, 5616940.094700001], [-12241599.2807, 5616911.553000003], [-12241590.9919, 5616897.283200003], [-12241586.9377, 5616883.066500001], [-12241584.348299999, 5616864.620700002], [-12241578.1544, 5616796.552100003], [-12241572.8322, 5616770.989500001], [-12241566.2422, 5616734.077600002], [-12241556.776700001, 5616701.379600003], [-12241552.8838, 5616674.417000003], [-12241549.0099, 5616646.0397000015], [-12241543.5975, 5616627.558200002], [-12241534.0051, 5616604.773199998], [-12241524.413800001, 5616581.988300003], [-12241503.7818, 5616539.233400002], [-12241477.4515, 5616500.654700004], [-12241459.3911, 5616477.761500001], [-12241430.2198, 5616440.562799998], [-12241375.9148, 5616381.797799997], [-12241347.9746, 5616358.778999999], [-12241312.9792, 5616335.669], [-12241297.6516, 5616319.8926], [-12241265.4068, 5616302.484700002], [-12241220.5494, 5616277.831200004], [-12241203.774500001, 5616264.8697], [-12241139.537700001, 5616210.226599999], [-12241106.1172, 5616174.390000001], [-12241092.238, 5616155.799199998], [-12241082.6122, 5616135.847400002], [-12241075.826299999, 5616114.515900001], [-12241068.949900001, 5616100.264300004], [-12241059.3955, 5616074.648800001], [-12241047.0012, 5616050.411499999], [-12241031.7471, 5616028.9714], [-12240976.1796, 5615958.859099999], [-12240942.815000001, 5615918.775700003], [-12240921.9881, 5615891.5983000025], [-12240910.806200001, 5615882.9575999975], [-12240888.388500001, 5615869.922700003], [-12240874.4024, 5615859.829999998], [-12240863.2739, 5615846.939900003], [-12240852.146200001, 5615834.051200002], [-12240835.5186, 5615809.759599999], [-12240831.4476, 5615796.962399997], [-12240827.4311, 5615779.9142], [-12240823.487, 5615757.203699999], [-12240821.0269, 5615728.846600004], [-12240821.243999999, 5615711.853699997], [-12240830.4712, 5615652.490800001], [-12240836.4068, 5615629.906499997], [-12240848.0764, 5615600.314999998], [-12240854.1021, 5615570.6511999965], [-12240854.4462, 5615543.746799998], [-12240845.0195, 5615508.219800003], [-12240834.0735, 5615481.170999996], [-12240828.5364, 5615472.603100002], [-12240809.1591, 5615442.614100002], [-12240795.2463, 5615426.856600001], [-12240785.4758, 5615418.2337], [-12240765.935899999, 5615400.987899996], [-12240747.8621, 5615379.511799999], [-12240656.5155, 5615238.133599997], [-12240647.0901, 5615202.607699998], [-12240641.7533, 5615178.4639], [-12240634.030000001, 5615120.301700003], [-12240626.161, 5615073.466600001], [-12240603.2947, 5614985.371200003], [-12240596.6746, 5614951.298199996], [-12240568.0922, 5614862.671999998], [-12240562.7378, 5614846.067599997], [-12240542.0968, 5614804.735399999], [-12240524.7242, 5614770.512100004], [-12240485.6557, 5614693.550800003], [-12240445.6228, 5614623.647], [-12240367.9096, 5614520.687200002], [-12240291.5354, 5614423.408799998], [-12240233.107099999, 5614357.516800001], [-12240189.982099999, 5614308.813699998], [-12240156.772, 5614257.4070999995], [-12240088.541000001, 5614185.724299997], [-12240042.868700001, 5614115.7491], [-12239958.110199999, 5614025.537699997], [-12239918.9658, 5613983.874200001], [-12239917.2681, 5613982.092], [-12239870.3346, 5613932.8389], [-12239846.5601, 5613907.888499998], [-12239811.5957, 5613883.364399999], [-12239782.147300001, 5613868.823899999], [-12239738.6625, 5613848.435099997], [-12239700.8762, 5613823.875100002], [-12239676.9804, 5613816.485399999], [-12239626.1853, 5613815.826200001], [-12239602.2171, 5613814.099100001], [-12239578.3212, 5613806.7095], [-12239558.659, 5613799.373300001], [-12239544.659400001, 5613790.696800001], [-12239534.9289, 5613779.242700003], [-12239523.860399999, 5613762.1071000025], [-12239517.0988, 5613739.363899998], [-12239484.462299999, 5613644.071099997], [-12239473.5405, 5613615.610699996], [-12239461.1342, 5613592.794], [-12239447.2815, 5613572.791299999], [-12239434.7658, 5613558.469999999], [-12239412.466400001, 5613536.939999998], [-12239388.6818, 5613521.056900002], [-12239363.5046, 5613503.737499997], [-12239342.5787, 5613485.0594], [-12239332.9407, 5613466.5261999965], [-12239317.7501, 5613440.842299998], [-12239302.6885, 5613405.249700002], [-12239283.4493, 5613365.353699997], [-12239276.724399999, 5613339.7804000005], [-12239272.9495, 5613304.3342999965], [-12239270.4581, 5613278.814499997], [-12239262.2863, 5613256.055200003], [-12239251.201000001, 5613240.336099997], [-12239234.783599999, 5613200.4772000015], [-12239229.5249, 5613170.6765], [-12239228.2981, 5613156.500600003], [-12239225.6042, 5613146.555500001], [-12239222.9114, 5613136.608900003], [-12239218.8248, 5613125.229500003], [-12239213.3291, 5613113.831200004], [-12239209.2424, 5613102.450199999], [-12239201.0337, 5613082.520900004], [-12239192.826000001, 5613062.593199998], [-12239186.120299999, 5613035.603699997], [-12239183.756900001, 5613000.177699998], [-12239182.7316, 5612970.431199998], [-12239177.3449, 5612950.539899997], [-12239167.7258, 5612930.592100002], [-12239152.6475, 5612896.4169000015], [-12239136.2312, 5612856.559299998], [-12239108.6017, 5612810.893600002], [-12239093.4869, 5612779.548], [-12239072.710099999, 5612749.546099998], [-12239050.468600001, 5612723.771600001], [-12239039.292, 5612715.130900003], [-12239021.1714, 5612697.9059000015], [-12239002.9963, 5612684.926100001], [-12238983.4474, 5612669.097900003], [-12238961.15, 5612647.570100002], [-12238941.7673, 5612619.001000002], [-12238924.3212, 5612596.114600003], [-12238895.9838, 5612558.941399999], [-12238892.859000001, 5612553.320500001], [-12238864.2709, 5612501.895499997], [-12238824.3529, 5612424.923600003], [-12238782.8397, 5612362.0891999975], [-12238770.5109, 5612333.612599999], [-12238748.4919, 5612290.8527000025], [-12238735.550999999, 5612261.073799998], [-12238729.311700001, 5612246.715400003], [-12238682.3794, 5612166.820500001], [-12238667.2298, 5612138.307999998], [-12238648.1431, 5612087.093099996], [-12238615.2259, 5612014.462099999], [-12238592.036899999, 5611953.285099998], [-12238568.737599999, 5611900.599100001], [-12238531.7929, 5611812.345799997], [-12238522.3609, 5611778.245499998], [-12238503.5345, 5611707.216300003], [-12238485.9147, 5611651.7764], [-12238483.5181, 5611619.185000002], [-12238482.4584, 5611592.2751], [-12238479.8033, 5611579.499799997], [-12238478.5031, 5611570.989100002], [-12238470.1318, 5611563.800899997], [-12238464.5258, 5611560.896399997], [-12238454.6519, 5611560.767300002], [-12238403.943500001, 5611554.439499997], [-12238333.559500001, 5611542.192400001], [-12238281.4219, 5611537.260899998], [-12238222.2133, 5611533.653499998], [-12238189.8059, 5611530.396700002], [-12238161.6678, 5611524.364399999], [-12238141.974100001, 5611519.858999997], [-12238123.6543, 5611518.2016], [-12238098.263500001, 5611517.868199997], [-12238065.763700001, 5611521.687899999], [-12238044.5673, 5611524.240199998], [-12238029.069600001, 5611522.620399997], [-12237991.093899999, 5611513.628399998], [-12237945.9728, 5611511.618900001], [-12237900.9619, 5611501.117200002], [-12237850.272599999, 5611493.370899998], [-12237823.526999999, 5611488.7729], [-12237812.3159, 5611482.962200001], [-12237799.7323, 5611474.3024], [-12237791.435800001, 5611461.453100003], [-12237778.962299999, 5611444.301399998], [-12237759.5483, 5611418.565300003], [-12237737.2576, 5611397.037299998], [-12237716.3584, 5611376.943400003], [-12237695.441599999, 5611358.265100002], [-12237664.742800001, 5611332.379699998], [-12237638.1833, 5611313.626000002], [-12237617.3276, 5611300.695200004], [-12237598.9464, 5611293.2902000025], [-12237596.835900001, 5611292.5825999975], [-12237563.8306, 5611281.502700001], [-12237527.2489, 5611273.942100003], [-12237490.7415, 5611260.718900003], [-12237392.373100001, 5611231.108599998], [-12237385.4556, 5611229.551899999], [-12237285.4683, 5611207.044699997], [-12237219.2835, 5611197.675800003], [-12237208.0735, 5611191.865400001], [-12237201.077100001, 5611187.525300004], [-12237195.4901, 5611183.205700003], [-12237194.136300001, 5611178.941100001], [-12237192.7995, 5611173.261100002], [-12237136.5908, 5611049.363700002], [-12237109.1449, 5610990.9626], [-12237102.372299999, 5610969.640000001], [-12237091.479600001, 5610939.769699998], [-12237080.6996, 5610901.408299997], [-12237072.5164, 5610880.0669], [-12237065.5945, 5610870.066200003], [-12237058.747299999, 5610854.404799998], [-12237042.1395, 5610830.121799998], [-12237038.0941, 5610815.9133], [-12237036.907499999, 5610798.910499997], [-12237037.2069, 5610776.2676], [-12237044.6699, 5610745.225100003], [-12237061.175, 5610670.423900001], [-12237069.9739, 5610645.061099999], [-12237091.9717, 5610581.657399997], [-12237116.695799999, 5610525.366099998], [-12237132.546500001, 5610500.097900003], [-12237144.0725, 5610481.849100001], [-12237162.6886, 5610460.864200003], [-12237184.3301, 5610424.349200003], [-12237205.8971, 5610393.496399999], [-12237219.076299999, 5610356.8684], [-12237223.736, 5610324.3759], [-12237229.8063, 5610291.900799997], [-12237228.7689, 5610263.579700001], [-12237230.6646, 5610226.803000003], [-12237226.9911, 5610202.104999997], [-12237221.5931, 5610165.820600003], [-12237216.1375, 5610151.594300002], [-12237210.794, 5610128.877499998], [-12237214.0813, 5610093.536799997], [-12237213.025, 5610066.630000003], [-12237210.577, 5610038.290899999], [-12237207.6982, 5610025.1259], [-12237201.2639, 5609995.705300003], [-12237190.5216, 5609954.5178999975], [-12237188.1928, 5609946.551200002], [-12237188.1004, 5609946.233400002], [-12237179.7236, 5609917.5757], [-12237171.6485, 5609885.362999998], [-12237156.941, 5609826.690800004], [-12237136.4581, 5609775.467], [-12237128.3496, 5609748.4684000015], [-12237127.2566, 5609724.3926], [-12237131.824000001, 5609698.977399997], [-12237137.8563, 5609669.336099997], [-12237142.2501, 5609647.749399997], [-12237143.889899999, 5609639.693400003], [-12237158.4404, 5609605.918899998], [-12237170.2636, 5609565.031900004], [-12237195.395100001, 5609477.615800001], [-12237200.3165, 5609425.315200001], [-12237196.4582, 5609396.957699999], [-12237198.4842, 5609350.281300001], [-12237190.3501, 5609263.256999999], [-12237187.3578, 5609231.251199998], [-12237177.1199, 5609151.862400003], [-12237165.8443, 5609044.1543999985], [-12237153.3085, 5608925.111000001], [-12237156.5211, 5608895.434500001], [-12237157.1067, 5608744.0163], [-12237169.0657, 5608585.675800003], [-12237176.253600001, 5608468.314300001], [-12237165.6438, 5608417.228500001], [-12237140.5679, 5608286.705300003], [-12237132.741, 5608238.487800002], [-12237123.7286, 5608173.274400003], [-12237114.510200001, 5608123.623899996], [-12237103.186900001, 5607992.509099998], [-12237101.9087, 5607977.712399997], [-12237101.0517, 5607967.788999997], [-12237101.3746, 5607943.254199997], [-12237101.7597, 5607914.025799997], [-12237101.2452, 5607846.097000003], [-12237097.294599999, 5607824.818000004], [-12237089.1337, 5607802.069399998], [-12237077.1525, 5607748.140500002], [-12237071.9594, 5607714.110799998], [-12237076.4322, 5607695.774700001], [-12237088.0294, 5607671.872599997], [-12237105.2294, 5607650.875399999], [-12237135.269000001, 5607618.729000002], [-12237162.684700001, 5607594.9199], [-12237173.786600001, 5607585.277999997], [-12237208.0363, 5607554.601400003], [-12237225.2919, 5607529.360600002], [-12237238.242899999, 5607509.7217999995], [-12237251.174800001, 5607491.497599997], [-12237254.2184, 5607474.559500001], [-12237255.9071, 5607453.356899999], [-12237253.4603, 5607425.0244999975], [-12237244.0181, 5607392.3554000035], [-12237226.453, 5607334.1096], [-12237202.0797, 5607257.378200002], [-12237202.8066, 5607202.206299998], [-12237204.701200001, 5607165.442100003], [-12237229.6758, 5607089.367600001], [-12237243.9368, 5607052.055], [-12237250.1229, 5607035.870700002], [-12237260.739500001, 5607007.385300003], [-12237270.5878, 5606980.959399998], [-12237289.2705, 5606954.3244], [-12237326.5426, 5606908.124300003], [-12237369.546500001, 5606854.927000001], [-12237396.892, 5606812.842200004], [-12237421.511500001, 5606763.647100002], [-12237462.0662, 5606682.120399997], [-12237482.4178, 5606635.6985], [-12237485.4045, 5606623.005599998], [-12237488.4289, 5606607.481899999], [-12237486.3895, 5606548.031099997], [-12237491.0282, 5606516.9651999995], [-12237497.1141, 5606483.0907000005], [-12237508.6523, 5606463.4353], [-12237541.561700001, 5606427.084399998], [-12237551.5415, 5606418.726099998], [-12237558.6838, 5606411.7465], [-12237558.832899999, 5606400.430500001], [-12237558.962000001, 5606390.529100001], [-12237560.6318, 5606370.743500002], [-12237553.8057, 5606353.6752], [-12237541.4704, 5606326.631800003], [-12237512.4783, 5606279.559600003], [-12237484.802099999, 5606239.580300003], [-12237468.3501, 5606203.993799999], [-12237457.5178, 5606169.895999998], [-12237449.560600001, 5606131.590800002], [-12237410.5053, 5606000.659199998], [-12237404.3948, 5605980.176600002], [-12237384.7381, 5605914.277099997], [-12237350.4616, 5605840.257700004], [-12237345.619199999, 5605822.363899998], [-12237342.6937, 5605811.551600002], [-12237339.7048, 5605800.5035], [-12237308.2672, 5605725.108400002], [-12237299.935899999, 5605711.435999997], [-12237291.756099999, 5605698.010399997], [-12237261.342500001, 5605648.093699999], [-12237251.66, 5605617.609200001], [-12237232.912700001, 5605558.590800002], [-12237227.7207, 5605524.570600003], [-12237223.957, 5605489.153700002], [-12237221.3244, 5605474.972499996], [-12237221.4545, 5605465.070500001], [-12237224.4223, 5605453.793399997], [-12237225.8694, 5605450.981899999], [-12237233.0673, 5605439.759999998], [-12237235.9607, 5605434.140299998], [-12237241.692400001, 5605427.142499998], [-12237244.548799999, 5605424.351300001], [-12237246.5594, 5605422.387100004], [-12237248.8335, 5605420.1633], [-12237255.957, 5605414.5988000035], [-12237271.6496, 5605400.659599997], [-12237278.7908, 5605393.680699997], [-12237283.0753, 5605389.4943], [-12237285.9875, 5605382.458800003], [-12237290.329, 5605374.029200003], [-12237291.7751, 5605371.218000002], [-12237296.2089, 5605355.7168999985], [-12237299.1778, 5605344.4384], [-12237300.680599999, 5605337.384000003], [-12237307.952, 5605320.504799999], [-12237323.9976, 5605279.692199998], [-12237337.186700001, 5605241.672200002], [-12237337.444, 5605240.166699998], [-12237341.7686, 5605214.853699997], [-12237349.394000001, 5605171.101400003], [-12237352.6601, 5605137.194300003], [-12237354.7273, 5605046.2553], [-12237356.004099999, 5604990.118100002], [-12237359.269000001, 5604956.2117], [-12237355.412999999, 5604927.868100002], [-12237343.619800001, 5604859.8125], [-12237337.2224, 5604810.2179000005], [-12237327.839200001, 5604773.3156], [-12237322.684999999, 5604736.468500003], [-12237324.503899999, 5604705.372500002], [-12237334.3603, 5604679.255000003], [-12237336.1893, 5604674.407399997], [-12237343.5352, 5604651.870899998], [-12237349.5453, 5604623.660400003], [-12237353.0341, 5604572.7817], [-12237358.2105, 5604500.709200002], [-12237360.0561, 5604486.829700001], [-12237367.598000001, 5604430.108099997], [-12237367.9142, 5604406.065399997], [-12237361.3686, 5604367.788099997], [-12237356.047600001, 5604343.670299999], [-12237357.809700001, 5604316.818300001], [-12237369.4581, 5604288.682700001], [-12237386.9297, 5604246.4794000015], [-12237407.275600001, 5604200.07], [-12237553.7731, 5603886.581900001], [-12237594.4437, 5603795.181100003], [-12237604.6995, 5603765.612599999], [-12237608.838399999, 5603735.5995000005], [-12237609.3727, 5603731.729699999], [-12237616.7544, 5603706.3675], [-12237622.574099999, 5603691.915600002], [-12237637.1537, 5603655.718500003], [-12237651.6185, 5603627.621200003], [-12237674.577100001, 5603596.807300001], [-12237683.2744, 5603578.534599997], [-12237709.5515, 5603509.575999998], [-12237741.7138, 5603456.031300001], [-12237754.224, 5603435.204099998], [-12237774.817, 5603397.270300001], [-12237817.7919, 5603317.2355], [-12237839.8765, 5603245.395900004], [-12237895.377, 5603205.109700002], [-12238062.485399999, 5603037.590599999], [-12238102.315499999, 5603009.8266], [-12238151.0634, 5602946.8235], [-12238153.9933, 5602940.782899998], [-12238174.2391, 5602899.043099999], [-12238177.479600001, 5602884.048900001], [-12238250.7444, 5602545.071599998], [-12238227.9618, 5602346.783399999], [-12238210.0905, 5602318.259599999], [-12238152.0262, 5602225.581799999], [-12238125.6224, 5602145.429799996], [-12238099.156100001, 5602065.0886999965], [-12237996.7466, 5601920.915100001], [-12237973.706799999, 5601858.798], [-12237984.592799999, 5601664.8037], [-12237980.691, 5601649.997000001], [-12237972.2607, 5601618.002300002], [-12237955.054200001, 5601552.703199998], [-12237955.8278, 5601385.8554000035], [-12237951.2703, 5601322.034699999], [-12237940.0549, 5601164.964500003], [-12237939.1521, 5601152.323100001], [-12237939.5784, 5601119.806999996], [-12237952.625, 5600984.235799998], [-12237970.1021, 5600833.1699], [-12237984.41, 5600708.932099998], [-12237997.7184, 5600661.0331000015], [-12238016.256299999, 5600644.308700003], [-12238043.229, 5600629.111000001], [-12238104.2377, 5600597.391400002], [-12238135.6587, 5600565.284400001], [-12238160.2191, 5600518.947300002], [-12238186.7232, 5600431.632700004], [-12238196.0629, 5600363.888899997], [-12238183.063000001, 5600280.299800001], [-12238157.6967, 5600172.513499998], [-12238139.684, 5600126.431299999], [-12238097.702, 5600019.031400003], [-12238060.9187, 5599922.408500001], [-12238050.055, 5599891.162799999], [-12238050.5361, 5599854.4092999995], [-12238065.2881, 5599803.706799999], [-12238118.7983, 5599698.376199998], [-12238227.4081, 5599473.5986], [-12238290.9594, 5599354.265100002], [-12238338.6631, 5599261.584700003], [-12238358.3644, 5599194.542199999], [-12238362.252799999, 5599181.311499998], [-12238380.3544, 5599089.658299997], [-12238393.843, 5599027.634300001], [-12238442.059999999, 5598895.381200001], [-12238468.262400001, 5598830.695299998], [-12238475.6183, 5598806.759900004], [-12238476.078, 5598771.424400002], [-12238449.865600001, 5598728.673699997], [-12238400.0948, 5598655.927000001], [-12238399.017099999, 5598652.241499998], [-12238383.9088, 5598600.5845], [-12238389.6629, 5598483.330499999], [-12238409.0615, 5598400.182700001], [-12238408.3323, 5598383.577200003], [-12238404.7155, 5598301.176299997], [-12238410.193500001, 5598205.126000002], [-12238416.2871, 5598169.867899999], [-12238413.8203, 5598142.977600001], [-12238401.4015, 5598123.026500002], [-12238374.9341, 5598100.063500002], [-12238365.7215, 5598093.302299999], [-12238302.3716, 5598046.813000001], [-12238234.184, 5597982.310599998], [-12238177.2284, 5597920.7826000005], [-12238107.7997, 5597843.543899998], [-12238031.385400001, 5597761.972099997], [-12238013.5921, 5597722.160700001], [-12238007.1034, 5597679.670999996], [-12238020.6107, 5597616.2421], [-12238025.8518, 5597538.5726], [-12238025.3118, 5597472.133199997], [-12237992.524799999, 5597393.964100003], [-12237949.917399999, 5597312.8391999975], [-12237902.8814, 5597247.205300003], [-12237834.887600001, 5597168.5748], [-12237748.6037, 5597088.2905], [-12237704.314100001, 5597028.344899997], [-12237663.0703, 5596989.076700002], [-12237612.4922, 5596940.9212], [-12237542.908599999, 5596876.4032000005], [-12237520.746, 5596847.844800003], [-12237504.254099999, 5596816.532799996], [-12237503.439199999, 5596771.296400003], [-12237521.1368, 5596710.756499998], [-12237533.125799999, 5596655.796499997], [-12237515.6899, 5596589.140600003], [-12237496.623, 5596539.4234], [-12237482.9106, 5596510.977600001], [-12237450.058, 5596438.4668999985], [-12237439.576200001, 5596421.180399999], [-12237419.6645, 5596388.3345], [-12237378.3683, 5596320.218999997], [-12237318.0219, 5596196.470200002], [-12237297.4, 5596158.041000001], [-12237294.256299999, 5596153.2183], [-12237249.0784, 5596083.9147000015], [-12237188.1766, 5596002.556599997], [-12237157.6607, 5595966.822099999], [-12237146.766800001, 5595938.4142], [-12237141.5059, 5595910.081699997], [-12237147.510499999, 5595881.896899998], [-12237161.816100001, 5595865.127899997], [-12237215.809500001, 5595829.0988000035], [-12237290.2654, 5595789.7355], [-12237296.6518, 5595786.3587], [-12237366.153099999, 5595749.121299997], [-12237428.8849, 5595715.616899997], [-12237466.8561, 5595695.336599998], [-12237598.7218, 5595627.830700003], [-12237711.002, 5595550.173500001], [-12237802.0658, 5595479.301600002], [-12237874.6372, 5595422.319300003], [-12237964.4019, 5595342.951399997], [-12238031.542100001, 5595270.351199999], [-12238102.0139, 5595158.2294000015], [-12238145.2883, 5595079.665899999], [-12238176.892900001, 5595032.0352], [-12238215.333999999, 5595000.038599998], [-12238293.0905, 5594977.036700003], [-12238356.6551, 5594962.3257], [-12238431.7045, 5594930.808300003], [-12238509.2931, 5594920.517499998], [-12238523.501899999, 5594910.812299997], [-12238567.7948, 5594861.934500001], [-12238610.8989, 5594796.086199999], [-12238651.0384, 5594741.5035], [-12238711.496100001, 5594640.556100003], [-12238749.443799999, 5594537.903700002], [-12238818.6032, 5594417.290100001], [-12238875.9294, 5594340.324600004], [-12238967.044300001, 5594263.799000002], [-12239059.4386, 5594197.181100003], [-12239182.8663, 5594098.259900004], [-12239186.0778, 5594095.685900003], [-12239284.3385, 5594010.7751], [-12239403.8599, 5593914.837800004], [-12239511.861, 5593838.5293999985], [-12239567.0599, 5593816.638300002], [-12239591.469999999, 5593807.580899999], [-12239622.239799999, 5593796.161399998], [-12239704.042, 5593785.915899999], [-12239755.1065, 5593756.907399997], [-12239810.7038, 5593703.938100003], [-12239853.7755, 5593639.502800003], [-12239940.2251, 5593486.621200003], [-12239997.6982, 5593396.943700001], [-12240084.989500001, 5593287.872500002], [-12240135.4395, 5593196.691799998], [-12240213.343, 5593050.770000003], [-12240268.4662, 5592924.332199998], [-12240288.5907, 5592892.098200001], [-12240351.1098, 5592847.6963], [-12240478.7443, 5592775.8772], [-12240569.65, 5592713.4727], [-12240578.241799999, 5592702.282300003], [-12240579.8291, 5592688.175899997], [-12240578.5845, 5592675.445900001], [-12240555.140700001, 5592637.001999997], [-12240506.647599999, 5592575.632799998], [-12240460.754999999, 5592531.251100004], [-12240405.2433, 5592468.379199997], [-12240366.9316, 5592381.715000004], [-12240353.6868, 5592316.562700003], [-12240344.4474, 5592268.4146], [-12240341.8346, 5592142.657700002], [-12240355.3889, 5592073.615400001], [-12240380.5114, 5591980.706600003], [-12240383.202, 5591880.449199997], [-12240376.4016, 5591816.106899999], [-12240370.6452, 5591761.633000001], [-12240334.4318, 5591621.325300001], [-12240308.8817, 5591527.7700999975], [-12240275.9701, 5591459.545299999], [-12240251.126899999, 5591310.915100001], [-12240231.499, 5591194.8398], [-12240190.7238, 5591081.317199998], [-12240156.261500001, 5591024.375299998], [-12240081.6184, 5590917.482000001], [-12240030.6317, 5590832.078500003], [-12240018.6171, 5590781.078299999], [-12240014.7755, 5590751.368600003], [-12240026.5064, 5590714.796700001], [-12240039.4806, 5590690.953599997], [-12240077.933699999, 5590656.140500002], [-12240149.1358, 5590592.089400001], [-12240233.002999999, 5590528.200199999], [-12240300.1441, 5590451.385399997], [-12240365.8583, 5590375.964400001], [-12240441.476599999, 5590296.433600001], [-12240452.952399999, 5590279.634000003], [-12240454.4853, 5590269.7676], [-12240454.557599999, 5590264.118199997], [-12240444.8149, 5590255.519299999], [-12240407.0164, 5590239.498099998], [-12240300.458, 5590207.055799998], [-12240219.286, 5590170.704099998], [-12240121.2269, 5590134.1329], [-12239998.000599999, 5590084.526299998], [-12239900.2344, 5590025.359899998], [-12239824.894299999, 5589973.5451000035], [-12239760.6496, 5589934.583899997], [-12239654.6066, 5589862.598099999], [-12239582.23, 5589799.521899998], [-12239557.161899999, 5589767.235100001], [-12239554.5394, 5589763.857500002], [-12239519.9957, 5589713.981700003], [-12239499.0331, 5589702.412100002], [-12239401.1464, 5589653.127800003], [-12239329.7061, 5589626.780699998], [-12239244.174899999, 5589601.663599998], [-12239196.5858, 5589581.2744999975], [-12239157.0942, 5589548.723200001], [-12239154.8077, 5589546.837800004], [-12239121.6188, 5589501.215999998], [-12239085.9265, 5589431.555399999], [-12239045.3193, 5589306.754000001], [-12239010.9081, 5589246.996399999], [-12238977.5746, 5589212.670500003], [-12238946.8182, 5589196.735799998], [-12238913.2119, 5589183.5889], [-12238847.1483, 5589177.080499999], [-12238733.041299999, 5589185.477600001], [-12238658.499499999, 5589181.681400001], [-12238579.864599999, 5589167.946199998], [-12238498.342, 5589159.820500001], [-12238366.3091, 5589139.735299997], [-12238262.2721, 5589131.313199997], [-12238092.4687, 5589093.784599997], [-12238023.8324, 5589068.877499998], [-12237898.1871, 5588990.973899998], [-12237710.872000001, 5588893.899300002], [-12237678.6384, 5588883.591700003], [-12237566.6809, 5588835.5185], [-12237409.8651, 5588774.1435], [-12237330.180399999, 5588733.553099997], [-12237303.6051, 5588709.973899998], [-12237280.1012, 5588689.117899999], [-12237250.9231, 5588660.491400003], [-12237184.257199999, 5588593.243500002], [-12237123.3677, 5588514.7761999965], [-12237064.3517, 5588401.0331000015], [-12236991.489599999, 5588270.163199998], [-12236951.5426, 5588204.681100003], [-12236858.5206, 5588108.846199997], [-12236781.993999999, 5588042.880500004], [-12236716.4437, 5587998.2403], [-12236663.4833, 5587959.414499998], [-12236581.8349, 5587855.258500002], [-12236493.564100001, 5587719.951800004], [-12236441.0535, 5587647.2465], [-12236368.5667, 5587595.453199998], [-12236276.778099999, 5587513.754199997], [-12236217.2923, 5587436.720299996], [-12236209.2062, 5587409.786700003], [-12236186.093899999, 5587348.768200003], [-12236143.680100001, 5587257.8433], [-12236137.5698, 5587231.855999999], [-12236123.7004, 5587172.866300002], [-12236087.4393, 5587042.494199999], [-12236045.3638, 5586926.1646], [-12236037.7662, 5586862.531999998], [-12236021.8397, 5586790.319700003], [-12236001.3948, 5586740.634300001], [-12235964.1239, 5586686.489100002], [-12235886.490699999, 5586599.336300001], [-12235801.8801, 5586507.8544000015], [-12235717.235, 5586419.194600001], [-12235663.256099999, 5586352.121699996], [-12235626.290199999, 5586275.3955999985], [-12235596.3019, 5586202.996699996], [-12235565.1147, 5586115.055], [-12235549.3629, 5586030.143600002], [-12235531.3058, 5585907.087399997], [-12235513.681499999, 5585751.572099999], [-12235494.873, 5585684.974399999], [-12235433.1019, 5585569.806999996], [-12235350.534, 5585431.776299998], [-12235235.9003, 5585272.143700004], [-12235144.446899999, 5585167.872699998], [-12235073.8658, 5585080.820699997], [-12235025.3751, 5585025.1206], [-12235018.613499999, 5585002.589100003], [-12235009.2148, 5584971.2663], [-12235007.4037, 5584963.106700003], [-12234997.274799999, 5584917.468800001], [-12234983.7003, 5584880.586300001], [-12234935.475499999, 5584805.1303], [-12234864.9569, 5584713.8467999995], [-12234790.1435, 5584628.150700003], [-12234748.613499999, 5584578.191799998], [-12234693.492600001, 5584492.761699997], [-12234628.5277, 5584407.201099999], [-12234572.8979, 5584359.872500002], [-12234515.5772, 5584333.694600001], [-12234416.0464, 5584308.355300002], [-12234340.3114, 5584291.806900002], [-12234266.0768, 5584268.2206000015], [-12234198.894299999, 5584243.317400001], [-12234144.4079, 5584215.763099998], [-12234085.9117, 5584172.629600003], [-12233995.659400001, 5584085.312700003], [-12233908.4506, 5583981.100900002], [-12233804.4448, 5583871.015799999], [-12233746.181200001, 5583810.9476], [-12233673.760200001, 5583757.744900003], [-12233625.0177, 5583721.799900003], [-12233493.7831, 5583649.448200002], [-12233381.8937, 5583602.763400003], [-12233248.930300001, 5583554.377899997], [-12233181.717799999, 5583532.292199999], [-12233094.8562, 5583507.113399997], [-12233010.5195, 5583503.139300004], [-12232941.537, 5583507.840999998], [-12232914.915, 5583500.421099998], [-12232896.8444, 5583484.648500003], [-12232883.185600001, 5583454.824900001], [-12232831.4008, 5583332.7491], [-12232786.1306, 5583248.865699999], [-12232754.306499999, 5583210.326800004], [-12232733.7357, 5583183.9529], [-12232708.6899, 5583151.841600001], [-12232664.192200001, 5583114.539800003], [-12232596.2138, 5583045.8706], [-12232550.6964, 5582980.330700003], [-12232510.9575, 5582903.581299998], [-12232448.6831, 5582726.330200002], [-12232446.3121, 5582709.878700003], [-12232419.1379, 5582521.309], [-12232369.868999999, 5582421.853699997], [-12232352.631000001, 5582345.417999998], [-12232360.297600001, 5582298.957800001], [-12232395.8619, 5582242.594400004], [-12232419.3916, 5582193.937200002], [-12232504.678, 5582127.376800001], [-12232471.684, 5581968.885499999], [-12232460.6677, 5581848.796599999], [-12232424.092500001, 5581746.701399997], [-12232289.199900001, 5581533.197999999], [-12232245.5415, 5581435.240900002], [-12232168.1611, 5581335.410400003], [-12232112.0795, 5581323.351499997], [-12232095.4205, 5581307.601400003], [-12232123.4652, 5581210.632700004], [-12232193.5497, 5581124.120200001], [-12232203.1822, 5581036.776299998], [-12232160.51, 5580866.882100001], [-12232156.8176, 5580725.744400002], [-12232100.029, 5580662.887199998], [-12232003.125500001, 5580615.001699999], [-12231995.2708, 5580612.064800002], [-12231943.4103, 5580600.063299999], [-12231888.778099999, 5580585.201700002], [-12231834.126899999, 5580571.750399999], [-12231793.436099999, 5580565.545900002], [-12231772.408, 5580561.023199998], [-12231752.8424, 5580552.287799999], [-12231716.6414, 5580526.393299997], [-12231687.4098, 5580504.827500001], [-12231655.3487, 5580484.633000001], [-12231641.4461, 5580473.155100003], [-12231627.562199999, 5580460.2651999965], [-12231610.964499999, 5580440.2853000015], [-12231595.8697, 5580413.270800002], [-12231584.5662, 5580395.739100002], [-12231576.5957, 5580383.377400003], [-12231565.5051, 5580371.937200002], [-12231543.226599999, 5580356.1105], [-12231509.7984, 5580333.0766], [-12231483.3812, 5580311.549000002], [-12231465.3008, 5580297.191], [-12231445.7752, 5580285.634900004], [-12231410.8643, 5580268.222499996], [-12231378.746399999, 5580252.258199997], [-12231343.8556, 5580233.435400002], [-12231312.533599999, 5580215.7255000025], [-12231280.3578, 5580147.9102], [-12231312.5348, 5580072.2129999995], [-12231331.0349, 5580041.394400001], [-12231338.8985, 5579980.8407000005], [-12231312.537, 5579918.982199997], [-12231235.0262, 5579866.5436], [-12231151.0167, 5579841.397], [-12231075.9674, 5579778.284100004], [-12230923.627700001, 5579712.687899999], [-12230892.721900001, 5579710.846699998], [-12230741.7126, 5579752.479699999], [-12230584.8445, 5579810.955499999], [-12230467.8255, 5579830.5515], [-12230462.2339, 5579831.488600001], [-12230404.509100001, 5579838.065399997], [-12230358.063299999, 5579841.649400003], [-12230314.5464, 5579836.810400002], [-12230250.5132, 5579790.773400001], [-12230186.773699999, 5579723.580499999], [-12230125.8664, 5579655.0151999965], [-12230095.5118, 5579613.680399999], [-12230097.329599999, 5579584.081100002], [-12230100.7482, 5579540.3992], [-12230088.6667, 5579499.320299998], [-12230054.2133, 5579449.464900002], [-12230037.8171, 5579415.379900001], [-12230022.9514, 5579271.285999998], [-12230002.5155, 5579224.450000003], [-12229977.6087, 5579195.889300004], [-12229924.7075, 5579158.4723000005], [-12229878.8551, 5579119.744000003], [-12229855.6482, 5579070.047399998], [-12229859.5198, 5578993.929899998], [-12229873.1921, 5578920.771200001], [-12229879.992600001, 5578836.232900001], [-12229875.195799999, 5578776.921800002], [-12229850.8591, 5578707.464400001], [-12229814.887400001, 5578666.053999998], [-12229741.4589, 5578588.855599999], [-12229719.344, 5578561.746200003], [-12229685.2501, 5578486.510300003], [-12229678.695700001, 5578452.566600002], [-12229685.1433, 5578393.415100001], [-12229677.2686, 5578358.118199997], [-12229677.070500001, 5578357.891000003], [-12229624.623399999, 5578298.064599998], [-12229540.8488, 5578257.394000001], [-12229479.563000001, 5578217.040100001], [-12229419.425900001, 5578195.037900001], [-12229344.9386, 5578193.989799999], [-12229322.6502, 5578179.572400004], [-12229289.2755, 5578138.015500002], [-12229275.6756, 5578121.082000002], [-12229208.1537, 5578024.220899999], [-12229188.656, 5578011.252999999], [-12229167.5955, 5578009.545299999], [-12229145.0098, 5578016.280699998], [-12229099.5638, 5578049.490900002], [-12229038.7765, 5578074.021300003], [-12229024.623399999, 5578080.874399997], [-12229005.9974, 5578105.998899996], [-12228988.3911, 5578130.012599997], [-12228984.501600001, 5578135.315899998], [-12228929.1169, 5578175.437700003], [-12228899.2465, 5578200.404200003], [-12228867.8521, 5578233.8125], [-12228799.9573, 5578263.883699998], [-12228771.5519, 5578284.638899997], [-12228728.695, 5578333.4004999995], [-12228715.7297, 5578355.7853000015], [-12228643.1003, 5578422.462099999], [-12228571.795699999, 5578494.799000002], [-12228539.192400001, 5578514.085000001], [-12228508.1732, 5578520.698399998], [-12228452.014899999, 5578515.670599997], [-12228378.9112, 5578516.045000002], [-12228341.203, 5578498.5842999965], [-12228318.9935, 5578478.5229], [-12228250.4652, 5578453.572899997], [-12228228.1569, 5578440.5603], [-12228208.315200001, 5578432.118500002], [-12228190.429499999, 5578424.509900004], [-12228140.2121, 5578396.998499997], [-12228058.9757, 5578376.097400002], [-12227985.7931, 5578382.109200001], [-12227902.873300001, 5578380.929300003], [-12227858.0394, 5578370.417800002], [-12227824.547899999, 5578353.015299998], [-12227748.975200001, 5578329.372199997], [-12227705.786600001, 5578301.958300002], [-12227655.7908, 5578258.931199998], [-12227552.5108, 5578206.680699997], [-12227488.1426, 5578186.0167], [-12227434.718, 5578186.663800001], [-12227376.7161, 5578212.634599999], [-12227298.7368, 5578259.476499997], [-12227230.2942, 5578327.611400001], [-12227210.3179, 5578348.482500002], [-12227179.3388, 5578352.271200001], [-12227158.2773, 5578350.558700003], [-12227131.673999999, 5578343.125600003], [-12227077.284400001, 5578312.726899996], [-12227018.8795, 5578268.165899999], [-12226972.0007, 5578204.023699999], [-12226927.3894, 5578177.994800001], [-12226852.0004, 5578141.652099997], [-12226800.1021, 5578133.8561], [-12226783.3386, 5578126.562700003], [-12226780.2684, 5578123.393100001], [-12226773.6415, 5578116.551200002], [-12226775.6508, 5578074.266199999], [-12226779.446800001, 5578005.208800003], [-12226781.335900001, 5577971.386], [-12226774.8526, 5577933.211300001], [-12226751.2829, 5577910.305799998], [-12226722.1529, 5577883.090300001], [-12226702.0998, 5577810.871299997], [-12226701.5599, 5577750.216600001], [-12226716.2573, 5577705.294699997], [-12226732.380800001, 5577658.983800001], [-12226731.5393, 5577619.480099998], [-12226715.138500001, 5577586.807300001], [-12226694.5422, 5577552.661700003], [-12226688.4219, 5577489.1074], [-12226681.1984, 5577404.383400001], [-12226664.157499999, 5577318.107699998], [-12226647.8993, 5577275.564900003], [-12226652.6794, 5577236.144400001], [-12226664.585, 5577189.774400003], [-12226660.873599999, 5577154.463500001], [-12226644.252500001, 5577137.301600002], [-12226588.445700001, 5577108.293099999], [-12226519.589200001, 5577107.304499999], [-12226487.309700001, 5577104.019500002], [-12226470.6284, 5577091.087399997], [-12226431.8871, 5577048.221199997], [-12226419.6642, 5577018.428199999], [-12226422.918200001, 5576987.4494], [-12226432.318, 5576919.8917], [-12226441.6965, 5576853.744199999], [-12226447.506299999, 5576742.417499997], [-12226434.483, 5576670.307800002], [-12226402.5342, 5576545.749399997], [-12226371.2659, 5576471.9683], [-12226331.3243, 5576414.986500002], [-12226278.7983, 5576353.590800002], [-12226231.7724, 5576300.737199999], [-12226150.2052, 5576206.491099998], [-12226112.7729, 5576170.696900003], [-12226054.0841, 5576147.288199998], [-12226010.8099, 5576126.921800002], [-12225971.8325, 5576100.975699998], [-12225943.6976, 5576090.895999998], [-12225910.3127, 5576078.936499998], [-12225887.9731, 5576068.742399998], [-12225823.583700001, 5576050.890100002], [-12225790.206799999, 5576026.435500003], [-12225702.8243, 5575946.204999998], [-12225657.1265, 5575899.010200001], [-12225623.873100001, 5575866.096000001], [-12225620.0415, 5575855.944300003], [-12225600.86, 5575805.128399998], [-12225583.7725, 5575723.095700003], [-12225573.039, 5575687.688600004], [-12225573.5066, 5575655.2623], [-12225577.985100001, 5575636.997199997], [-12225641.9603, 5575585.750399999], [-12225724.5861, 5575507.983000003], [-12225787.944699999, 5575401.736400001], [-12225844.0352, 5575312.304899998], [-12225879.1309, 5575216.930500001], [-12225879.7589, 5575173.230499998], [-12225874.6048, 5575140.7260000035], [-12225842.9399, 5575095.148699999], [-12225811.4164, 5575039.704099998], [-12225802.474, 5574977.534599997], [-12225815.1923, 5574874.7914], [-12225821.6822, 5574814.258199997], [-12225835.1162, 5574759.4639], [-12225849.0768, 5574668.021600001], [-12225844.3891, 5574603.096500002], [-12225826.734000001, 5574560.544299997], [-12225821.640999999, 5574523.813699998], [-12225824.8559, 5574495.662600003], [-12225840.794599999, 5574462.055], [-12225900.3239, 5574426.258000001], [-12225945.498399999, 5574400.180600002], [-12225952.7465, 5574395.997699998], [-12225972.7785, 5574370.9086000025], [-12226022.3913, 5574340.6076000035], [-12226099.2006, 5574275.4516], [-12226125.0924, 5574233.5288999975], [-12226134.6125, 5574157.534999996], [-12226181.898699999, 5574093.363799997], [-12226243.2325, 5574029.395000003], [-12226290.3762, 5573975.090899996], [-12226395.4362, 5573899.0647], [-12226522.547600001, 5573852.9592999965], [-12226601.7559, 5573816.032700002], [-12226617.4486, 5573799.340499997], [-12226702.2953, 5573761.0845], [-12226828.4001, 5573686.766999997], [-12226890.6689, 5573655.234200001], [-12226934.455400001, 5573638.944899999], [-12226959.8807, 5573629.440899998], [-12226987.0916, 5573593.175999999], [-12226994.097, 5573574.3483000025], [-12227030.917, 5573475.385700002], [-12227071.4518, 5573391.381999999], [-12227118.928399999, 5573313.116499998], [-12227130.747200001, 5573272.404299997], [-12227123.0407, 5573221.5449], [-12227116.9001, 5573159.430100001], [-12227127.1327, 5573131.383299999], [-12227156.0067, 5573076.818300001], [-12227180.1864, 5573056.0185], [-12227228.3632, 5573027.104699999], [-12227333.5847, 5572938.3904], [-12227356.8182, 5572885.1558], [-12227372.909400001, 5572840.275600001], [-12227380.5125, 5572799.505599998], [-12227404.629999999, 5572782.934500001], [-12227451.6802, 5572734.268299997], [-12227501.075, 5572619.384499997], [-12227517.7438, 5572533.636500001], [-12227519.382399999, 5572418.074100003], [-12227502.543200001, 5572317.7557], [-12227471.498300001, 5572228.511200003], [-12227470.5943, 5572193.258500002], [-12227482.389899999, 5572153.9604], [-12227501.4867, 5572095.032899998], [-12227508.1635, 5572020.423699997], [-12227525.3369, 5571998.115500003], [-12227569.1545, 5571979.007799998], [-12227687.6864, 5571941.230800003], [-12227745.7474, 5571908.229099996], [-12227817.0051, 5571835.949699998], [-12227881.439199999, 5571749.478100002], [-12227976.808699999, 5571660.629100002], [-12228005.3143, 5571631.434600003], [-12228063.5511, 5571585.749499999], [-12228103.371199999, 5571551.078699999], [-12228144.8533, 5571498.109099999], [-12228180.4398, 5571464.788199998], [-12228190.039, 5571461.569399998], [-12228208.6662, 5571455.322400004], [-12228227.807500001, 5571448.7673999965], [-12228228.4264, 5571448.5559], [-12228322.816399999, 5571428.752700001], [-12228380.6337, 5571412.658299997], [-12228458.3691, 5571378.523699999], [-12228524.8302, 5571347.047499999], [-12228576.557, 5571321.633299999], [-12228622.422899999, 5571299.0983000025], [-12228701.2438, 5571287.528700002], [-12228760.364500001, 5571278.496699996], [-12228804.0974, 5571265.020400003], [-12228852.280000001, 5571234.695299998], [-12228873.4439, 5571227.946199998], [-12228909.8578, 5571235.506300002], [-12228957.307599999, 5571257.317599997], [-12229008.794, 5571291.868299998], [-12229054.4606, 5571315.590099998], [-12229061.784400001, 5571319.394500002], [-12229076.916000001, 5571342.1581000015], [-12229089.4572, 5571349.381700002], [-12229099.2879, 5571349.519500002], [-12229109.2165, 5571342.612099998], [-12229113.765, 5571318.716600001], [-12229116.6303, 5571314.877599999], [-12229125.216400001, 5571303.373899996], [-12229177.5723, 5571275.923], [-12229236.811, 5571258.435599998], [-12229265.2129, 5571236.2842999995], [-12229293.751899999, 5571204.2700999975], [-12229336.552099999, 5571156.9526999965], [-12229367.7027, 5571139.067599997], [-12229397.3114, 5571131.028700002], [-12229440.8651, 5571130.2302], [-12229464.9158, 5571117.884199999], [-12229493.434700001, 5571087.277900003], [-12229523.2993, 5571060.920500003], [-12229536.3115, 5571034.325199999], [-12229556.6596, 5570985.283399999], [-12229579.5414, 5570956.008100003], [-12229614.826299999, 5570943.818999998], [-12229637.7269, 5570913.133299999], [-12229669.4853, 5570851.568099998], [-12229713.8038, 5570795.816200003], [-12229729.819400001, 5570755.171400003], [-12229741.740699999, 5570706.012000002], [-12229748.3007, 5570638.4573], [-12229751.7371, 5570593.408200003], [-12229758.4731, 5570513.172600001], [-12229747.5537, 5570490.4706000015], [-12229740.8466, 5570467.828100003], [-12229745.6089, 5570428.435500003], [-12229767.5155, 5570368.1448], [-12229867.4771, 5570249.757700004], [-12229913.1948, 5570194.0282000005], [-12229936.485100001, 5570135.166500002], [-12229951.0557, 5570097.321999997], [-12229964.3005, 5570053.822099999], [-12229984.3893, 5570023.100199997], [-12230036.754, 5569994.2381], [-12230127.1086, 5569960.271700002], [-12230196.3816, 5569927.418300003], [-12230254.772, 5569869.046700001], [-12230300.3685, 5569821.770800002], [-12230335.7058, 5569805.353600003], [-12230363.8462, 5569801.5185], [-12230410.1051, 5569807.800099999], [-12230437.5943, 5569812.133100003], [-12230449.3418, 5569813.984899998], [-12230467.594999999, 5569814.238499999], [-12230477.4823, 5569810.1483], [-12230496.0682, 5569786.452299997], [-12230525.048, 5569722.0336000025], [-12230534.4869, 5569648.888499998], [-12230550.4967, 5569608.247500002], [-12230580.2948, 5569586.115900002], [-12230608.689, 5569563.9639], [-12230626.024799999, 5569528.976999998], [-12230655.821800001, 5569506.8456000015], [-12230701.161, 5569477.884999998], [-12230732.4795, 5569447.32], [-12230752.9735, 5569387.012500003], [-12230757.3807, 5569372.983199999], [-12230866.3647, 5569209.632399999], [-12230913.14, 5569076.4208], [-12230967.2702, 5569020.809500001], [-12230969.0703, 5569004.966700003], [-12230986.4494, 5568851.991800003], [-12231055.1614, 5568757.131200001], [-12231074.0345, 5568712.304200001], [-12231067.6937, 5568662.9023], [-12231034.8934, 5568597.633900002], [-12231032.822900001, 5568544.063199997], [-12231068.906, 5568371.260399997], [-12231141.1769, 5568221.505999997], [-12231155.441300001, 5568103.3549000025], [-12231226.343899999, 5567950.766099997], [-12231257.9767, 5567794.819799997], [-12231289.52, 5567747.354099996], [-12231312.567699999, 5567732.834399998], [-12231417.0822, 5567660.361299999], [-12231520.0505, 5567523.718699999], [-12231588.6956, 5567330.251900002], [-12231654.909699999, 5567211.419299997], [-12231683.5376, 5567110.382200003], [-12231690.415, 5567079.483999997], [-12231698.2452, 5567020.425300002], [-12231711.6502, 5566964.260300003], [-12231719.21, 5566924.920299999], [-12231724.9597, 5566915.138800003], [-12231727.825, 5566910.951300003], [-12231734.842500001, 5566911.048299998], [-12231744.6107, 5566915.4092999995], [-12231764.1273, 5566925.5402000025], [-12231783.662700001, 5566934.260799997], [-12231796.296500001, 5566934.434500001], [-12231817.4484, 5566927.6822], [-12231847.079300001, 5566916.820900001], [-12231868.2122, 5566911.4771], [-12231896.323800001, 5566909.046899997], [-12231950.9904, 5566915.434299998], [-12231987.389800001, 5566922.980099998], [-12232037.6906, 5566940.576499999], [-12232128.3915, 5566981.268399999], [-12232174.5403, 5566994.5803999975], [-12232199.6906, 5567003.377899997], [-12232229.034400001, 5567013.643299997], [-12232263.8952, 5567031.0254999995], [-12232291.815299999, 5567042.678900003], [-12232325.370299999, 5567053.000500001], [-12232347.829, 5567053.308899999], [-12232367.4814, 5567053.579599999], [-12232388.6131, 5567048.234099999], [-12232405.572700001, 5567040.013999999], [-12232422.5713, 5567028.9771], [-12232433.8779, 5567023.4969], [-12232446.510400001, 5567023.670699999], [-12232469.0081, 5567021.160599999], [-12232491.5636, 5567014.427199997], [-12232512.7912, 5567002.038199998], [-12232536.9041, 5566984.055299997], [-12232556.7857, 5566967.422700003], [-12232575.263799999, 5566950.771300003], [-12232586.704, 5566935.431299999], [-12232596.7217, 5566921.482500002], [-12232619.621199999, 5566889.394199997], [-12232646.8143, 5566850.137699999], [-12232658.286899999, 5566833.575800002], [-12232675.5526, 5566812.335100003], [-12232676.1982, 5566811.538599998], [-12232691.1272, 5566793.172499999], [-12232713.892099999, 5566770.944499999], [-12232735.1196, 5566758.556000002], [-12232757.750799999, 5566746.187899999], [-12232783.1885, 5566733.857299998], [-12232801.493999999, 5566729.881200001], [-12232825.3552, 5566730.206699997], [-12232843.5649, 5566733.273699999], [-12232865.8509, 5566746.256700002], [-12232893.5996, 5566770.582999997], [-12232907.5591, 5566776.408799998], [-12232920.1728, 5566777.989200003], [-12232934.229, 5566776.773400001], [-12232959.628800001, 5566767.259400003], [-12233001.9682, 5566750.932300001], [-12233040.0772, 5566735.955499999], [-12233138.7909, 5566703.494000003], [-12233227.602699999, 5566676.529799998], [-12233258.6163, 5566667.092600003], [-12233277.0164, 5566656.073200002], [-12233288.3787, 5566646.3671], [-12233315.5629, 5566608.702799998], [-12233341.2666, 5566576.653399996], [-12233379.6973, 5566537.733000003], [-12233418.0147, 5566507.264200002], [-12233463.3497, 5566476.889300004], [-12233500.1486, 5566454.851300001], [-12233526.9687, 5566443.946699999], [-12233553.694400001, 5566440.083400004], [-12233576.1329, 5566441.796800002], [-12233594.3046, 5566447.678599998], [-12233605.437800001, 5566454.873300001], [-12233616.628800001, 5566457.841700003], [-12233630.6461, 5566459.440700002], [-12233657.3528, 5566456.985699996], [-12233696.7678, 5566449.069700003], [-12233774.194899999, 5566433.2157000005], [-12233833.3367, 5566419.931100003], [-12233871.366700001, 5566410.586300001], [-12233898.1114, 5566405.313199997], [-12233921.9726, 5566405.637199998], [-12233951.429, 5566407.444300003], [-12233983.6369, 5566413.515699998], [-12234035.4373, 5566424.077500001], [-12234056.4155, 5566429.995499998], [-12234080.2577, 5566431.726099998], [-12234099.9092, 5566431.9921], [-12234122.4045, 5566429.4789], [-12234156.2234, 5566420.0766], [-12234185.794300001, 5566413.432499997], [-12234232.188900001, 5566408.425499998], [-12234280.0062, 5566402.0273], [-12234316.594700001, 5566395.4789], [-12234348.9721, 5566388.872500002], [-12234382.6963, 5566386.509900004], [-12234423.4202, 5566385.650799997], [-12234452.9145, 5566384.640000001], [-12234467.0453, 5566377.7880000025], [-12234477.0406, 5566365.244999997], [-12234495.759, 5566330.281300001], [-12234507.327300001, 5566305.081600003], [-12234519.066, 5566267.206100002], [-12234532.0759, 5566239.208800003], [-12234547.798700001, 5566218.2918], [-12234567.7315, 5566197.431199998], [-12234579.2242, 5566177.866099998], [-12234602.2662, 5566134.508699998], [-12234635.5284, 5566061.710100003], [-12234665.7383, 5566007.181400001], [-12234701.4685, 5565959.770499997], [-12234738.5635, 5565915.195299998], [-12234765.625300001, 5565885.979999997], [-12234795.4767, 5565858.2092999965], [-12234839.607099999, 5565812.320100002], [-12234872.472, 5565769.097199999], [-12234896.8956, 5565727.168499999], [-12234918.6061, 5565678.161499999], [-12234930.2857, 5565644.5132], [-12234937.736499999, 5565612.216799997], [-12234948.137, 5565513.007700004], [-12234955.430599999, 5565443.434199996], [-12234962.9558, 5565405.5044], [-12234970.762699999, 5565346.453400001], [-12234975.725200001, 5565290.181100003], [-12234980.3672, 5565257.848499998], [-12234982.4666, 5565205.763700001], [-12234978.802099999, 5565164.868600003], [-12234979.2908, 5565128.255599998], [-12234982.8497, 5565071.9646999985], [-12234988.431200001, 5564969.224200003], [-12234993.3559, 5564915.770400003], [-12234992.235, 5564894.629799999], [-12234988.2308, 5564879.081900001], [-12234979.960900001, 5564867.703699999], [-12234978.5159, 5564866.104599997], [-12234960.0437, 5564845.654100001], [-12234942.6155, 5564826.359499998], [-12234907.3639, 5564775.883699998], [-12234899.9199, 5564765.223700002], [-12234870.882199999, 5564732.440700002], [-12234859.824900001, 5564719.616700001], [-12234857.149799999, 5564709.7217999995], [-12234861.4725, 5564701.329999998], [-12234872.830400001, 5564691.624300003], [-12234903.9118, 5564676.549400002], [-12234963.5291, 5564650.318499997], [-12234997.0964, 5564635.548699997], [-12235125.5701, 5564579.529799998], [-12235151.6691, 5564566.008400001], [-12235231.5698, 5564524.615699999], [-12235330.496100001, 5564473.831900001], [-12235354.501899999, 5564462.885799997], [-12235375.6083, 5564458.943499997], [-12235403.693, 5564457.910999998], [-12235430.3563, 5564458.267700002], [-12235457.0753, 5564454.4004999995], [-12235500.7837, 5564439.493199997], [-12235571.2868, 5564415.084100001], [-12235603.7119, 5564404.250600003], [-12235661.4533, 5564389.529799998], [-12235726.2479, 5564372.086900003], [-12235782.6224, 5564354.529799998], [-12235817.7804, 5564349.365800001], [-12235850.0932, 5564346.980099998], [-12235890.8817, 5564340.481700003], [-12235920.370299999, 5564339.4663999975], [-12235970.8894, 5564340.138899997], [-12236027.0211, 5564340.886799999], [-12236108.3934, 5564343.377300002], [-12236177.0808, 5564349.924099997], [-12236219.142900001, 5564353.3002], [-12236261.2419, 5564353.858599998], [-12236286.5569, 5564349.971199997], [-12236316.1378, 5564341.9130000025], [-12236368.301199999, 5564324.298100002], [-12236440.1478, 5564304.125399999], [-12236473.9388, 5564296.123800002], [-12236497.8314, 5564293.623899996], [-12236528.6669, 5564296.849600002], [-12236556.7885, 5564292.998099998], [-12236569.455400001, 5564290.348099999], [-12236576.564399999, 5564283.400700003], [-12236586.5541, 5564270.859200001], [-12236593.7375, 5564258.278399996], [-12236639.8661, 5564165.940800004], [-12236685.9947, 5564073.604099996], [-12236730.884399999, 5563968.576800004], [-12236762.608199999, 5563904.216600001], [-12236794.5345, 5563824.368600003], [-12236807.477699999, 5563800.599100001], [-12236818.8702, 5563788.075599998], [-12236845.8272, 5563765.900200002], [-12236936.6127, 5563692.4639], [-12237032.9364, 5563624.731399998], [-12237082.4915, 5563591.587899998], [-12237112.3094, 5563565.2258], [-12237127.4511, 5563554.950300001], [-12237144.877, 5563543.124600001], [-12237158.3411, 5563536.5891999975], [-12237159.0012, 5563536.2685], [-12237171.6672, 5563533.620300002], [-12237195.5029, 5563535.342299998], [-12237216.513500001, 5563538.434799999], [-12237241.678399999, 5563545.8072], [-12237329.6741, 5563577.947800003], [-12237381.315200001, 5563599.750299998], [-12237416.247299999, 5563611.475699998], [-12237452.638799999, 5563618.995099999], [-12237472.209800001, 5563624.886200003], [-12237491.873300001, 5563623.736500002], [-12237511.5913, 5563618.361699998], [-12237544.030000001, 5563606.115199998], [-12237584.962000001, 5563588.3451000005], [-12237600.469999999, 5563582.915799998], [-12237617.3081, 5563583.137900002], [-12237634.074099999, 5563588.991300002], [-12237649.3804, 5563599.049400002], [-12237666.0717, 5563610.534000002], [-12237678.6452, 5563614.923500001], [-12237699.6746, 5563616.608199999], [-12237733.3699, 5563615.6413], [-12237769.9439, 5563609.080799997], [-12237833.180100001, 5563602.8693], [-12237917.3901, 5563602.564300001], [-12237953.8905, 5563601.633500002], [-12237972.041299999, 5563608.9120000005], [-12238005.4793, 5563627.656499997], [-12238051.381900001, 5563659.238700002], [-12238101.4213, 5563696.507399999], [-12238151.442699999, 5563735.184], [-12238212.6348, 5563778.231399998], [-12238258.5387, 5563809.812700003], [-12238284.9258, 5563831.2809000015], [-12238304.315499999, 5563851.249200001], [-12238315.3773, 5563864.068599999], [-12238322.338100001, 5563868.382799998], [-12238332.1431, 5563869.919100001], [-12238343.3864, 5563868.6581000015], [-12238356.089200001, 5563863.191], [-12238388.618900001, 5563843.8999999985], [-12238442.472, 5563803.763599999], [-12238479.3754, 5563771.855300002], [-12238512.0689, 5563739.890900001], [-12238546.1103, 5563712.170400001], [-12238617.0007, 5563656.763999999], [-12238649.5473, 5563636.065700002], [-12238683.4619, 5563618.200300001], [-12238711.689199999, 5563605.8928999975], [-12238730.003600001, 5563600.497599997], [-12238760.9103, 5563598.084200002], [-12238797.4487, 5563594.334600002], [-12238822.742800001, 5563591.847499996], [-12238839.635400001, 5563587.8413999975], [-12238874.8793, 5563575.626100004], [-12238917.1014, 5563566.317400001], [-12238980.390999999, 5563555.872900002], [-12239018.3501, 5563550.732799999], [-12239082.9687, 5563545.9384], [-12239163.0954, 5563535.711400002], [-12239203.8795, 5563529.199500002], [-12239257.3997, 5563514.403300002], [-12239295.4666, 5563500.813199997], [-12239339.2375, 5563480.257700004], [-12239375.9015, 5563466.650300004], [-12239399.9723, 5563450.063199997], [-12239413.4841, 5563440.164800003], [-12239416.9729, 5563437.608999997], [-12239439.6954, 5563416.779799998], [-12239459.5393, 5563401.545900002], [-12239473.679, 5563393.280599996], [-12239538.6774, 5563358.9164], [-12239571.1305, 5563345.252999999], [-12239585.289099999, 5563335.578400001], [-12239603.747000001, 5563318.9196000025], [-12239617.995900001, 5563302.204599999], [-12239673.315000001, 5563256.448700003], [-12239766.879099999, 5563183.024099998], [-12239826.351599999, 5563141.546999998], [-12239863.2116, 5563112.450199999], [-12239900.1085, 5563080.5383], [-12239941.356800001, 5563037.417599998], [-12239959.8503, 5563017.942299999], [-12239973.9712, 5563011.083499998], [-12240000.702300001, 5563005.7951000035], [-12240040.024799999, 5563003.484700002], [-12240145.2585, 5563004.837800004], [-12240198.6128, 5563002.705899999], [-12240253.3342, 5563003.409599997], [-12240345.975499999, 5563001.783], [-12240385.2623, 5563002.286499999], [-12240417.4805, 5563006.924400002], [-12240452.4859, 5563013.005800001], [-12240501.5412, 5563017.857799999], [-12240551.9822, 5563024.136299998], [-12240620.6986, 5563027.8323], [-12240729.9798, 5563041.905000001], [-12240776.2476, 5563045.3116], [-12240836.5638, 5563047.490599997], [-12240874.4125, 5563050.791000001], [-12240912.2611, 5563054.0898], [-12240996.4299, 5563056.572099999], [-12241079.089, 5563067.483499996], [-12241137.86, 5563080.905699998], [-12241175.5842, 5563094.0603], [-12241223.023, 5563115.786499999], [-12241295.5943, 5563147.689400002], [-12241411.3599, 5563204.079400003], [-12241439.209800001, 5563221.330899999], [-12241458.6052, 5563241.293099999], [-12241471.001600001, 5563259.756800003], [-12241480.5929, 5563278.1844], [-12241486.134399999, 5563283.887599997], [-12241491.7293, 5563285.365599997], [-12241495.9739, 5563282.603399999], [-12241508.8336, 5563264.4617], [-12241523.1492, 5563242.1127], [-12241545.830699999, 5563224.094800003], [-12241569.8801, 5563208.909699999], [-12241609.4352, 5563188.289099999], [-12241641.9739, 5563167.580899999], [-12241667.5139, 5563145.374300003], [-12241673.5153, 5563139.796499997], [-12241695.9137, 5563118.979000002], [-12241704.414099999, 5563112.5594], [-12241855.9222, 5563005.5397000015], [-12241914.7612, 5562902.084600002], [-12242007.746399999, 5562671.511100002], [-12242024.887400001, 5562560.8336], [-12242025.012, 5562560.028099999], [-12242028.7334, 5562543.057899997], [-12242033.2441, 5562519.1778], [-12242040.6301, 5562489.702799998], [-12242057.8913, 5562456.127400003], [-12242078.0112, 5562418.3649], [-12242103.761599999, 5562379.2651999965], [-12242122.2485, 5562359.786899999], [-12242144.979899999, 5562337.544699997], [-12242167.629, 5562321.738600001], [-12242184.6175, 5562309.8847], [-12242228.5698, 5562273.832500003], [-12242265.5078, 5562237.689499997], [-12242283.9757, 5562219.618699998], [-12242295.3236, 5562209.906400003], [-12242306.7238, 5562195.969499998], [-12242318.1775, 5562177.809799999], [-12242342.434, 5562145.731899999], [-12242373.9352, 5562095.441799998], [-12242395.4555, 5562057.697999999], [-12242422.6419, 5562015.800499998], [-12242433.988699999, 5562006.088100001], [-12242456.5944, 5561993.701499999], [-12242487.6358, 5561980.0119], [-12242529.936099999, 5561963.649800003], [-12242572.166299999, 5561952.9177], [-12242611.5901, 5561942.149899997], [-12242658.0103, 5561932.8772], [-12242722.6871, 5561922.426799998], [-12242773.2817, 5561916.0222999975], [-12242798.516800001, 5561917.747400001], [-12242827.9439, 5561920.932999998], [-12242867.1563, 5561927.057599999], [-12242944.2139, 5561936.471000001], [-12242976.3942, 5561943.915600002], [-12243009.942499999, 5561954.190899998], [-12243051.9079, 5561964.572499998], [-12243105.010499999, 5561982.134300001], [-12243124.5471, 5561990.826899998], [-12243139.8915, 5561998.058499999], [-12243165.0396, 5562006.820100002], [-12243204.148400001, 5562021.390100002], [-12243237.626699999, 5562037.2973000035], [-12243282.102, 5562071.644000001], [-12243315.3878, 5562103.036200002], [-12243333.347, 5562125.787699997], [-12243349.9202, 5562147.116099998], [-12243377.386, 5562195.329499997], [-12243410.4279, 5562246.430500001], [-12243431.0888, 5562277.6657000035], [-12243461.291000001, 5562331.548], [-12243461.7261, 5562332.297200002], [-12243490.1427, 5562381.189000003], [-12243514.873300001, 5562423.737300001], [-12243529.9571, 5562452.087099999], [-12243560.318500001, 5562493.2984], [-12243595.5255, 5562541.643799998], [-12243597.571600001, 5562544.4529], [-12243607.951000001, 5562555.8423999995], [-12243615.319400001, 5562563.927100003], [-12243618.3383, 5562567.241400003], [-12243633.614599999, 5562580.1043], [-12243642.086199999, 5562575.986100003], [-12243651.9423, 5562573.292800002], [-12243664.657200001, 5562566.410899997], [-12243668.4956, 5562564.025700003], [-12243682.056400001, 5562555.601400003], [-12243706.6403, 5562540.331600003], [-12243711.3234, 5562537.422200002], [-12243827.3151, 5562462.8323], [-12243965.6763, 5562371.814099997], [-12243965.961199999, 5562371.626199998], [-12244027.8092, 5562332.9663999975], [-12244162.528, 5562248.754500002], [-12244336.120900001, 5562167.834100001], [-12244412.0909, 5562151.879900001], [-12244765.9567, 5562130.909699999], [-12244928.3596, 5562161.0713], [-12245051.2886, 5562206.2337], [-12245104.637400001, 5562204.073799998], [-12245142.9146, 5562172.161600001], [-12245227.928100001, 5562022.342299998], [-12245244.6095, 5562003.045900002], [-12245284.0132, 5561993.674599998], [-12245381.8941, 5562021.627499998], [-12245506.9483, 5562007.675300002], [-12245697.499499999, 5561800.223899998], [-12245756.9363, 5561758.7139], [-12245851.1895, 5561738.747000001], [-12245933.6371, 5561651.056400001], [-12245945.4069, 5561606.145400003], [-12245923.8666, 5561531.264399998], [-12245929.734299999, 5561510.2173999995], [-12245955.2086, 5561492.226400003], [-12246049.5274, 5561466.627300002], [-12246090.996, 5561402.370700002], [-12246151.986, 5561348.207500003], [-12246183.070799999, 5561330.284199998], [-12246216.7905, 5561326.471600004], [-12246219.819400001, 5561327.035899997], [-12246289.5868, 5561340.028700002], [-12246353.693500001, 5561376.005400002], [-12246474.765700001, 5561574.582800001], [-12246666.8743, 5561700.812299997], [-12246724.6604, 5561795.844800003], [-12246756.6056, 5561822.982299998], [-12246782.0109, 5561810.6193], [-12246802.1442, 5561770.033500001], [-12246810.8083, 5561516.713799998], [-12246823.621, 5561501.381499998], [-12246862.9023, 5561501.858400002], [-12246890.5196, 5561538.797399998], [-12246919.1644, 5561723.581600003], [-12246951.5483, 5561830.975599997], [-12246969.6678, 5561841.050399996], [-12246993.6194, 5561832.892800003], [-12247037.6863, 5561785.555399999], [-12247059.9815, 5561798.497199997], [-12247086.0791, 5561845.274700001], [-12247089.933, 5561874.8882], [-12247054.3007, 5561920.9201000035], [-12247048.1136, 5561968.716300003], [-12247091.5037, 5562094.549500003], [-12247282.8408, 5562221.5451000035], [-12247298.9287, 5562232.2227], [-12247321.3941, 5562231.085600004], [-12247334.546500001, 5562222.111299999], [-12247382.2302, 5562189.578299999], [-12247422.8162, 5562198.516400002], [-12247435.0401, 5562222.999600001], [-12247466.667100001, 5562286.340899996], [-12247553.2337, 5562322.584100001], [-12247628.0549, 5562402.3325999975], [-12247724.6536, 5562538.6669000015], [-12247725.9493, 5562541.574500002], [-12247765.6527, 5562630.682999998], [-12247868.7634, 5562671.188000001], [-12247861.9285, 5562738.852399997], [-12247790.5849, 5563050.5961000025], [-12247793.010499999, 5563126.664499998], [-12247814.2102, 5563150.8576000035], [-12247833.8213, 5563153.9092999995], [-12247884.619800001, 5563130.579599999], [-12247985.349399999, 5563002.240400001], [-12248142.881000001, 5562682.408799998], [-12248139.164, 5562671.310199998], [-12248098.9376, 5562571.318400003], [-12248077.847, 5562544.3554000035], [-12248047.7952, 5562505.935599998], [-12247997.1125, 5562284.266900003], [-12247969.4206, 5562252.959899999], [-12247920.535799999, 5562227.6963], [-12247919.214499999, 5562227.012800001], [-12247908.241799999, 5562205.760899998], [-12247904.4024, 5562174.738899998], [-12247919.2545, 5562105.925899997], [-12247835.9396, 5561914.850299999], [-12247836.9982, 5561826.161499999], [-12247860.42, 5561744.783699997], [-12247910.7474, 5561642.607900001], [-12247969.1401, 5561570.0973000005], [-12248011.614, 5561538.225100003], [-12248041.1415, 5561532.946900003], [-12248091.294300001, 5561563.114500001], [-12248134.8525, 5561558.003700003], [-12248233.2934, 5561421.208800003], [-12248257.2761, 5561410.232000001], [-12248344.3391, 5561404.234499998], [-12248342.2029, 5561347.893100001], [-12248356.565299999, 5561319.907799996], [-12248447.452100001, 5561228.075300001], [-12248479.918499999, 5561211.567400001], [-12248502.0332, 5561201.379000001], [-12248506.7231, 5561199.217600003], [-12248539.1393, 5561186.933799997], [-12248558.8796, 5561178.722099997], [-12248575.8302, 5561169.068400003], [-12248597.039900001, 5561155.242799997], [-12248625.3809, 5561131.647600003], [-12248636.7532, 5561119.112099998], [-12248648.1601, 5561103.7632], [-12248655.3068, 5561092.5847999975], [-12248661.1021, 5561077.167300001], [-12248665.4604, 5561064.548900001], [-12248668.4493, 5561049.098399997], [-12248668.732900001, 5561025.169], [-12248669.1494, 5560989.978699997], [-12248672.238499999, 5560966.0823], [-12248676.7636, 5560939.388300002], [-12248682.7081, 5560911.302599996], [-12248691.4913, 5560880.4366], [-12248700.1918, 5560856.6076000035], [-12248705.9527, 5560844.0053], [-12248717.375300001, 5560827.247900002], [-12248725.8922, 5560818.9036], [-12248738.684, 5560804.9782000035], [-12248762.798, 5560782.739799999], [-12248818.0559, 5560736.940200001], [-12248839.3313, 5560717.485699996], [-12248850.670400001, 5560707.7654], [-12248864.8479, 5560695.264799997], [-12248871.961199999, 5560686.901799999], [-12248880.544, 5560672.926399998], [-12248884.8686, 5560663.123499997], [-12248887.7576, 5560656.119499996], [-12248895.088, 5560629.459200002], [-12248901.1147, 5560594.336099997], [-12248907.190499999, 5560554.990999997], [-12248908.877, 5560531.080200002], [-12248909.2587, 5560498.706500001], [-12248906.7029, 5560477.5603], [-12248904.0802, 5560462.043700002], [-12248898.618900001, 5560449.308899999], [-12248891.7215, 5560439.373099998], [-12248875.0381, 5560426.5053], [-12248841.6055, 5560406.399099998], [-12248809.558699999, 5560387.717699997], [-12248785.878899999, 5560373.359700002], [-12248767.809500001, 5560359.067500003], [-12248751.176199999, 5560341.976599999], [-12248740.1044, 5560329.176200002], [-12248733.257100001, 5560315.016999997], [-12248730.5854, 5560303.724100001], [-12248730.7179, 5560292.464000002], [-12248735.109299999, 5560277.030500002], [-12248742.2728, 5560264.4476], [-12248750.1075, 5560254.682400003], [-12248757.936700001, 5560244.925099999], [-12248770.7438, 5560229.593099996], [-12248779.360100001, 5560212.804200001], [-12248789.3956, 5560194.623400003], [-12248799.5299, 5560167.997199997], [-12248813.9737, 5560132.9777000025], [-12248822.789, 5560099.298100002], [-12248837.1648, 5560069.908], [-12248845.814399999, 5560050.303000003], [-12248858.7041, 5560027.933499999], [-12248871.528099999, 5560011.193300001], [-12248889.9793, 5559993.112899996], [-12248908.7367, 5559979.6501], [-12248932.4256, 5559962.648800001], [-12248964.8861, 5559946.143299997], [-12248995.8944, 5559933.842299998], [-12249014.1952, 5559928.428900003], [-12249029.658599999, 5559925.797499999], [-12249036.655000001, 5559927.2892], [-12249046.4233, 5559931.626500003], [-12249067.3148, 5559944.5436], [-12249082.6945, 5559948.950000003], [-12249106.4902, 5559953.454800002], [-12249134.5594, 5559952.380400002], [-12249175.3035, 5559947.233000003], [-12249240.0748, 5559926.885700002], [-12249318.939, 5559901.073399998], [-12249359.8157, 5559884.6664], [-12249404.882199999, 5559869.715300001], [-12249438.6622, 5559860.261699997], [-12249490.7919, 5559841.171700001], [-12249518.9279, 5559834.4651999995], [-12249547.063900001, 5559827.759099998], [-12249568.1691, 5559822.378700003], [-12249592.1472, 5559811.400700003], [-12249628.8804, 5559789.3116], [-12249650.0846, 5559775.486299999], [-12249664.1943, 5559768.614299998], [-12249692.346, 5559760.501000002], [-12249741.6036, 5559747.0057], [-12249783.847199999, 5559733.427500002], [-12249816.2234, 5559723.955300003], [-12249851.3881, 5559715.924500003], [-12249873.8803, 5559711.9657000005], [-12249901.9494, 5559710.889799997], [-12249917.346, 5559713.885799997], [-12249929.9195, 5559718.255999997], [-12249950.811, 5559731.1712], [-12249978.634100001, 5559751.2053999975], [-12249992.4789, 5559766.852300003], [-12250013.2223, 5559792.432499997], [-12250029.8566, 5559809.521200001], [-12250047.9103, 5559825.216600001], [-12250063.2247, 5559835.250100002], [-12250081.3608, 5559843.909500003], [-12250095.3214, 5559849.7042], [-12250113.5401, 5559851.325599998], [-12250134.562800001, 5559852.9799000025], [-12250159.8433, 5559850.462399997], [-12250185.1241, 5559847.943599999], [-12250220.240899999, 5559844.133000001], [-12250244.118999999, 5559841.598399997], [-12250263.8046, 5559837.606600001], [-12250287.7315, 5559830.848499998], [-12250320.124499999, 5559819.967600003], [-12250349.7444, 5559806.239], [-12250396.261500001, 5559787.077299997], [-12250445.6651, 5559760.910599999], [-12250468.2718, 5559747.099399999], [-12250497.973000001, 5559726.333400004], [-12250526.271499999, 5559705.550099999], [-12250548.8616, 5559693.146399997], [-12250565.8079, 5559683.491300002], [-12250589.7504, 5559675.324699998], [-12250612.307, 5559665.735200003], [-12250633.4121, 5559660.351899996], [-12250661.4813, 5559659.2729], [-12250678.335099999, 5559661.352499999], [-12250686.6952, 5559662.383000001], [-12250723.049899999, 5559672.660400003], [-12250752.4071, 5559681.449199997], [-12250773.4164, 5559685.921099998], [-12250780.394000001, 5559687.406499997], [-12250802.7881, 5559691.890600003], [-12250837.787999999, 5559697.9309], [-12250874.2408, 5559699.763400003], [-12250917.690000001, 5559703.0858], [-12250942.9217, 5559704.787199996], [-12250961.139, 5559706.406999998], [-12250980.7435, 5559709.451300003], [-12250998.912999999, 5559715.2927], [-12251026.8352, 5559726.878899999], [-12251051.9522, 5559738.4322], [-12251072.9106, 5559745.715400003], [-12251092.4827, 5559751.574100003], [-12251128.869800001, 5559759.035700001], [-12251161.0822, 5559763.632700004], [-12251193.3102, 5559766.8222], [-12251221.364, 5559767.1492], [-12251246.6603, 5559763.219899997], [-12251271.9074, 5559763.513700001], [-12251298.5263, 5559766.6395], [-12251347.5046, 5559777.060800001], [-12251372.671799999, 5559784.390900001], [-12251393.6298, 5559791.672600001], [-12251413.202, 5559797.531199999], [-12251438.4014, 5559802.045500003], [-12251473.4682, 5559802.453500003], [-12251507.1646, 5559800.028399996], [-12251531.025899999, 5559798.8979], [-12251567.4786, 5559800.7272000015], [-12251595.4988, 5559803.866899997], [-12251622.0853, 5559809.805600002], [-12251643.0602, 5559815.68], [-12251672.3537, 5559830.094800003], [-12251698.859000001, 5559843.071199998], [-12251717.0287, 5559848.911200002], [-12251749.225499999, 5559854.9155], [-12251780.0678, 5559856.679099999], [-12251805.3317, 5559855.564400002], [-12251820.745099999, 5559857.149700001], [-12251837.5119, 5559862.974100001], [-12251858.4067, 5559875.884800002], [-12251875.061099999, 5559891.561800003], [-12251883.3476, 5559902.918300003], [-12251891.6833, 5559910.052900001], [-12251901.437199999, 5559915.7962], [-12251912.626, 5559918.740500003], [-12251928.0714, 5559917.511399999], [-12251943.5493, 5559913.4663999975], [-12251990.0319, 5559897.112599999], [-12252026.7272, 5559877.828500003], [-12252057.795400001, 5559859.887699999], [-12252093.1527, 5559834.9575999975], [-12252146.8577, 5559800.386399999], [-12252187.873399999, 5559771.298699997], [-12252230.339499999, 5559738.0053], [-12252265.7113, 5559711.668300003], [-12252285.5585, 5559693.596299998], [-12252299.7617, 5559678.276500002], [-12252309.7738, 5559661.501000002], [-12252321.2198, 5559641.9265], [-12252332.762400001, 5559613.907499999], [-12252341.4364, 5559591.484300002], [-12252350.238400001, 5559557.803800002], [-12252354.6879, 5559536.7412], [-12252356.4122, 5559508.6098000035], [-12252359.7161, 5559465.012000002], [-12252360.3596, 5559408.716799997], [-12252357.9562, 5559373.500100002], [-12252354.1023, 5559342.489100002], [-12252347.3953, 5559315.668499999], [-12252343.4135, 5559295.9169000015], [-12252336.722, 5559267.689300001], [-12252331.4176, 5559240.884400003], [-12252326.064199999, 5559218.301399998], [-12252319.2938, 5559197.111400001], [-12252304.218899999, 5559165.9714], [-12252300.2203, 5559147.6285], [-12252296.2708, 5559125.062600002], [-12252295.1743, 5559098.306999996], [-12252295.625, 5559058.901100002], [-12252297.4463, 5559022.326899998], [-12252299.444400001, 5558970.271700002], [-12252302.8129, 5558921.048100002], [-12252307.5196, 5558877.470299996], [-12252313.483, 5558846.5735], [-12252316.6745, 5558812.831699997], [-12252322.9773, 5558752.381899998], [-12252326.2324, 5558713.010600001], [-12252329.5362, 5558669.418200001], [-12252327.4067, 5558610.279600002], [-12252329.501699999, 5558549.784199998], [-12252329.935800001, 5558511.7880000025], [-12252331.6446, 5558485.066799998], [-12252333.3044, 5558462.566799998], [-12252339.1709, 5558440.1153], [-12252346.537999999, 5558409.237400003], [-12252359.7383, 5558358.722400002], [-12252374.3256, 5558309.630099997], [-12252387.382199999, 5558271.7817], [-12252397.4889, 5558246.563600004], [-12252411.818, 5558219.988700002], [-12252430.4673, 5558183.6118], [-12252454.7752, 5558143.0766], [-12252473.392, 5558109.513899997], [-12252494.797899999, 5558077.3895], [-12252518.9908, 5558046.705200002], [-12252534.6669, 5558029.996699996], [-12252551.6475, 5558011.8967999965], [-12252574.3746, 5557986.825000003], [-12252594.2808, 5557963.128600001], [-12252618.5227, 5557928.223899998], [-12252652.6932, 5557883.579999998], [-12252669.809799999, 5557858.4441], [-12252686.9274, 5557833.308600001], [-12252702.6581, 5557806.750399999], [-12252721.2405, 5557776.0013], [-12252741.2903, 5557739.6417], [-12252752.3453, 5557717.112199999], [-12252757.0844, 5557707.454700001], [-12252768.688299999, 5557673.812100001], [-12252787.463399999, 5557626.179200001], [-12252811.9593, 5557568.760499999], [-12252831.9756, 5557535.214000002], [-12252863.2753, 5557496.168499999], [-12252874.7011, 5557478.0057], [-12252884.7256, 5557459.825599998], [-12252892.0092, 5557435.9855], [-12252896.487599999, 5557412.112499997], [-12252896.7278, 5557391.006399997], [-12252897.2077, 5557348.794100001], [-12252882.2152, 5557310.626199998], [-12252871.3003, 5557283.764899999], [-12252846.6675, 5557230.0079], [-12252813.9106, 5557150.828199998], [-12252779.7667, 5557070.225100003], [-12252753.7335, 5557016.452100001], [-12252736.0649, 5556966.998300001], [-12252715.5922, 5556917.512100004], [-12252711.5946, 5556899.1723000035], [-12252709.046500001, 5556876.629299998], [-12252709.3827, 5556847.082199998], [-12252711.009, 5556827.399800003], [-12252713.9423, 5556816.176899999], [-12252722.5317, 5556800.7962], [-12252738.212299999, 5556778.461199999], [-12252775.261500001, 5556726.8204], [-12252805.219999999, 5556682.134099998], [-12252829.505199999, 5556643.012199998], [-12252846.667399999, 5556613.658299997], [-12252865.199900001, 5556587.134999998], [-12252885.2619, 5556549.371699996], [-12252905.4363, 5556501.760300003], [-12252918.3761, 5556473.766400002], [-12252925.5629, 5556458.369199999], [-12252937.0032, 5556438.801700003], [-12252951.2643, 5556417.857199997], [-12252968.3942, 5556391.318800002], [-12252978.4654, 5556368.919500001], [-12252988.5831, 5556342.299900003], [-12252990.4701, 5556334.731899999], [-12252995.930300001, 5556312.835699998], [-12253006.319600001, 5556262.298100002], [-12253020.9637, 5556207.590499997], [-12253026.718899999, 5556194.530100003], [-12253033.9192, 5556178.189199999], [-12253049.6618, 5556150.2277000025], [-12253069.6259, 5556120.9065999985], [-12253088.157200001, 5556094.3847], [-12253105.2058, 5556074.880500004], [-12253133.6456, 5556040.028099999], [-12253155.0447, 5556007.9113000035], [-12253204.8512, 5555943.754199997], [-12253231.809500001, 5555915.921499997], [-12253260.137, 5555890.917800002], [-12253285.6926, 5555863.068099998], [-12253305.5453, 5555843.5973000005], [-12253319.7565, 5555826.8741], [-12253328.3914, 5555807.273599997], [-12253332.820700001, 5555787.6263], [-12253334.5418, 5555759.5066], [-12253339.002500001, 5555737.0446000025], [-12253349.2304, 5555700.579099998], [-12253355.0301, 5555683.760899998], [-12253363.6329, 5555666.9755000025], [-12253373.6383, 5555650.205499999], [-12253387.8662, 5555632.076300003], [-12253413.3884, 5555607.0405], [-12253434.706, 5555581.957999997], [-12253453.234000001, 5555555.436099999], [-12253481.6394, 5555523.398800001], [-12253505.9727, 5555501.178199999], [-12253522.727400001, 5555485.877899997], [-12253579.4113, 5555433.056699999], [-12253602.145, 5555406.583700001], [-12253630.5505, 5555374.545500003], [-12253658.9069, 5555346.728500001], [-12253671.6672, 5555334.211900003], [-12253681.6406, 5555320.255900003], [-12253695.929299999, 5555296.499399997], [-12253717.3718, 5555260.162299998], [-12253737.3013, 5555233.656800002], [-12253767.0915, 5555203.0414], [-12253813.879099999, 5555157.145199999], [-12253880.4838, 5555094.5879999995], [-12253942.865, 5555033.391199999], [-12254020.7941, 5554961.114500001], [-12254039.208700001, 5554944.439800002], [-12254061.797600001, 5554930.626699999], [-12254091.459800001, 5554911.265600003], [-12254126.8071, 5554884.934900001], [-12254159.3358, 5554859.979199998], [-12254190.4463, 5554836.4130000025], [-12254208.813000001, 5554823.959700003], [-12254229.968, 5554812.942199998], [-12254262.385400001, 5554797.833800003], [-12254304.6478, 5554780.0217999965], [-12254403.1901, 5554744.553999998], [-12254452.429, 5554729.633100003], [-12254490.4067, 5554718.806599997], [-12254525.5482, 5554710.761699997], [-12254581.7644, 5554698.731799997], [-12254628.168, 5554686.592600003], [-12254668.9333, 5554677.202299997], [-12254791.2421, 5554647.626400001], [-12254834.8103, 5554638.267300002], [-12254871.3688, 5554628.8301], [-12254910.762400001, 5554616.6096], [-12254944.4858, 5554609.9542], [-12254974.0031, 5554603.251699999], [-12255002.1503, 5554593.7192], [-12255064.067200001, 5554573.310400002], [-12255116.1248, 5554557.011500001], [-12255165.3146, 5554546.3068], [-12255204.6761, 5554536.899599999], [-12255237.028900001, 5554527.412299998], [-12255251.3167, 5554525.369900003], [-12255255.2842, 5554524.8028], [-12255266.482900001, 5554526.3358], [-12255281.841699999, 5554532.134900004], [-12255297.216, 5554537.144900002], [-12255304.1923, 5554539.4186], [-12255318.1808, 5554542.387800001], [-12255335.0023, 5554542.575099997], [-12255353.2732, 5554538.559199996], [-12255381.3893, 5554531.839400001], [-12255416.5294, 5554523.7902000025], [-12255440.3917, 5554521.243000001], [-12255485.2981, 5554517.523800001], [-12255513.3974, 5554512.209100001], [-12255540.0952, 5554506.880199999], [-12255564.0368, 5554497.2993], [-12255588.0394, 5554482.091300003], [-12255603.661899999, 5554463.976899996], [-12255639.2686, 5554413.729099996], [-12255709.2809, 5554294.930799998], [-12255739.3415, 5554238.993000001], [-12255765.0251, 5554198.483199999], [-12255789.197999999, 5554167.8024], [-12255807.6081, 5554151.126199998], [-12255835.7686, 5554140.184500001], [-12255865.2839, 5554133.4793], [-12255918.613699999, 5554128.444700003], [-12256013.9834, 5554125.281900004], [-12256127.5916, 5554120.914399996], [-12256214.5188, 5554120.4706000015], [-12256265.0302, 5554116.8094], [-12256308.5471, 5554111.663699999], [-12256395.6746, 5554092.932599999], [-12256442.0894, 5554079.378300004], [-12256467.383200001, 5554074.0295], [-12256491.2135, 5554074.293700002], [-12256513.5954, 5554078.761200003], [-12256569.5134, 5554093.445100002], [-12256643.5776, 5554115.363899998], [-12256706.49, 5554131.5308], [-12256752.672, 5554139.0735], [-12256796.0819, 5554143.7722999975], [-12256853.5095, 5554148.624300003], [-12256909.5511, 5554152.054200001], [-12256957.1515, 5554158.203100003], [-12257011.683400001, 5554171.463600002], [-12257085.7955, 5554189.158799998], [-12257112.3385, 5554197.890799999], [-12257137.509100001, 5554203.794399999], [-12257173.910500001, 5554208.413400002], [-12257214.5021, 5554214.486000001], [-12257243.8793, 5554220.434900001], [-12257290.078, 5554226.5682], [-12257333.5037, 5554229.855999999], [-12257358.7521, 5554228.726099998], [-12257367.1934, 5554226.005500004], [-12257377.113, 5554216.265600003], [-12257388.449900001, 5554205.136699997], [-12257396.9681, 5554195.381200001], [-12257405.4406, 5554189.847900003], [-12257419.4737, 5554188.594499998], [-12257433.4764, 5554190.154200003], [-12257452.0902, 5554198.400200002], [-12257453.0098, 5554198.807999998], [-12257493.4643, 5554217.539300002], [-12257521.332, 5554233.317299999], [-12257539.4793, 5554240.549000002], [-12257553.467799999, 5554243.516599998], [-12257566.083700001, 5554243.654100001], [-12257580.133200001, 5554240.994499996], [-12257591.4388, 5554232.676399998], [-12257607.0571, 5554214.559299998], [-12257628.4658, 5554179.623400003], [-12257648.6871, 5554124.979999997], [-12257666.2099, 5554060.461300001], [-12257689.2642, 5554003.035499997], [-12257709.5143, 5553945.5803999975], [-12257719.524, 5553927.401299998], [-12257729.489500001, 5553913.442900002], [-12257743.5836, 5553906.564199999], [-12257757.6622, 5553901.090599999], [-12257791.3508, 5553897.237199999], [-12257846.0954, 5553890.7993], [-12257881.215599999, 5553884.1489999965], [-12257931.8015, 5553873.445500001], [-12257968.3544, 5553863.996600002], [-12258011.9905, 5553847.589500003], [-12258051.4077, 5553832.5451000035], [-12258076.7152, 5553825.7853000015], [-12258104.796500001, 5553821.871200003], [-12258163.745900001, 5553815.4771], [-12258245.1392, 5553807.920400001], [-12258299.8528, 5553804.293799996], [-12258371.3878, 5553800.848200001], [-12258417.706799999, 5553795.722999997], [-12258471.05, 5553789.266599998], [-12258531.3707, 5553785.699299999], [-12258591.6758, 5553783.5383], [-12258622.5302, 5553782.464599997], [-12258639.3961, 5553778.427000001], [-12258654.8908, 5553771.5612], [-12258671.818, 5553761.896700002], [-12258681.7655, 5553749.343199998], [-12258694.5484, 5553734.008299999], [-12258708.881900001, 5553704.621299997], [-12258731.778099999, 5553661.262400001], [-12258760.296, 5553616.554899998], [-12258778.819400001, 5553588.621699996], [-12258788.9183, 5553562.004100002], [-12258794.247200001, 5553549.405500002], [-12258853.2009, 5553450.163999997], [-12258911.1306, 5553286.797899999], [-12258916.803399999, 5553270.799699999], [-12258999.6962, 5553122.590899996], [-12259055.1868, 5553045.8235], [-12259143.3695, 5552993.828900002], [-12259169.6822, 5552957.033699997], [-12259328.2236, 5552812.451800004], [-12259438.2382, 5552748.9296], [-12259600.9329, 5552608.611500002], [-12259696.211199999, 5552510.637900002], [-12259782.334800001, 5552422.076899998], [-12259793.9197, 5552387.037299998], [-12259776.430300001, 5552317.932899997], [-12259778.9963, 5552208.256300002], [-12259721.179, 5551976.980899997], [-12259741.8299, 5551880.157799996], [-12259789.078200001, 5551786.433399998], [-12259796.5924, 5551738.696999997], [-12259818.0915, 5551693.920999996], [-12259833.7753, 5551668.774099998], [-12259853.589200001, 5551650.702799998], [-12259887.596099999, 5551615.9048999995], [-12259942.7136, 5551572.8948], [-12259975.184500001, 5551550.740000002], [-12260006.3283, 5551521.536700003], [-12260047.58, 5551464.316100001], [-12260078.8419, 5551423.863899998], [-12260100.070500001, 5551404.400899999], [-12260122.5526, 5551399.0163], [-12260143.5441, 5551402.051600002], [-12260196.6637, 5551415.273599997], [-12260248.337000001, 5551432.697700001], [-12260281.8519, 5551444.304700002], [-12260307.0625, 5551445.9794000015], [-12260382.7084, 5551449.5942], [-12260449.9166, 5551455.933399998], [-12260525.5338, 5551462.358599998], [-12260552.0856, 5551469.672600001], [-12260571.632199999, 5551476.911600001], [-12260589.8498, 5551477.1039], [-12260637.5723, 5551470.577], [-12260653.0613, 5551463.709899999], [-12260681.237399999, 5551449.9441], [-12260696.8455, 5551431.825999998], [-12260726.466400001, 5551413.8565], [-12260753.137699999, 5551409.9199], [-12260788.2611, 5551401.853100002], [-12260822.0722, 5551385.333300002], [-12260848.7722, 5551378.5830999985], [-12260875.4131, 5551377.458499998], [-12260918.797699999, 5551383.541500002], [-12261001.5092, 5551381.601199999], [-12261114.9495, 5551389.827500001], [-12261179.3254, 5551398.9428], [-12261274.5615, 5551405.569399998], [-12261351.5356, 5551416.2233000025], [-12261421.5033, 5551426.802199997], [-12261455.004900001, 5551439.8103], [-12261503.980999999, 5551447.355300002], [-12261573.905299999, 5551462.1523], [-12261624.311999999, 5551466.8994999975], [-12261648.223299999, 5551458.7108], [-12261686.1644, 5551449.264300004], [-12261714.178, 5551450.9624999985], [-12261736.4685, 5551463.853399999], [-12261804.5682, 5551519.4135000035], [-12261836.4946, 5551549.280699998], [-12261885.2526, 5551577.9169000015], [-12261915.9235, 5551593.707400002], [-12261943.3537, 5551601.523199998], [-12261946.6677, 5551602.466600001], [-12261980.2438, 5551608.4419], [-12262057.249, 5551616.276299998], [-12262090.8375, 5551621.067699999], [-12262110.4308, 5551623.862499997], [-12262125.7885, 5551629.648699999], [-12262135.5111, 5551638.187600002], [-12262145.249499999, 5551645.320699997], [-12262164.8694, 5551645.525200002], [-12262177.5398, 5551640.032499999], [-12262184.634100001, 5551631.667199999], [-12262189.1304, 5551603.586800002], [-12262193.7557, 5551562.849699996], [-12262195.389899999, 5551540.365199998], [-12262204.104, 5551510.923], [-12262225.6053, 5551464.735799998], [-12262258.4781, 5551403.199500002], [-12262272.8694, 5551366.784100004], [-12262287.2463, 5551331.7749999985], [-12262308.6163, 5551298.245300002], [-12262345.4729, 5551257.8455], [-12262362.566100001, 5551231.303199999], [-12262375.3523, 5551214.560599998], [-12262393.933899999, 5551179.595700003], [-12262419.433699999, 5551153.139600001], [-12262465.968600001, 5551125.496600002], [-12262492.7543, 5551110.305299997], [-12262542.179200001, 5551074.255099997], [-12262567.6779, 5551047.799400002], [-12262590.3313, 5551025.533500001], [-12262603.6195, 5551006.563500002], [-12262605.978500001, 5551003.195500001], [-12262620.237399999, 5550979.436399996], [-12262637.632199999, 5550923.365699999], [-12262641.938000001, 5550913.5669], [-12262656.0955, 5550899.650399998], [-12262675.859299999, 5550885.793300003], [-12262691.3605, 5550877.515799999], [-12262698.4683, 5550867.745300002], [-12262707.0645, 5550849.553499997], [-12262722.768199999, 5550821.589500003], [-12262785.4956, 5550718.177599996], [-12262836.5636, 5550658.237899996], [-12262889.0183, 5550599.718199998], [-12262913.0277, 5550581.684900001], [-12262949.6774, 5550560.9695999995], [-12263001.7839, 5550536.196099997], [-12263059.5242, 5550508.667300001], [-12263103.179200001, 5550488.024099998], [-12263179.3663, 5550438.185599998], [-12263197.6974, 5550427.125200003], [-12263216.0294, 5550416.064800002], [-12263245.5558, 5550406.525799997], [-12263263.7575, 5550408.119000003], [-12263282.0174, 5550404.087300003], [-12263294.7291, 5550394.374899998], [-12263318.7518, 5550374.936300002], [-12263338.455400001, 5550366.701399997], [-12263359.5603, 5550358.480899997], [-12263381.9802, 5550358.712099999], [-12263415.5819, 5550361.868799999], [-12263435.1698, 5550364.883400001], [-12263452.0134, 5550362.243699998], [-12263491.3928, 5550348.585600004], [-12263543.381099999, 5550335.057499997], [-12263584.132, 5550324.225299999], [-12263621.995000001, 5550321.801100001], [-12263650.0621, 5550317.871200003], [-12263676.7719, 5550309.706699997], [-12263706.2983, 5550300.166299999], [-12263730.147300001, 5550297.598499998], [-12263758.1152, 5550303.5088], [-12263816.7107, 5550329.420199998], [-12263871.0302, 5550362.317000002], [-12263903.0879, 5550379.519100003], [-12263948.858, 5550426.391000003], [-12263968.3044, 5550443.463500001], [-12263986.4206, 5550453.491400003], [-12264012.958999999, 5550462.1994], [-12264045.031399999, 5550477.995899998], [-12264063.1342, 5550489.429700002], [-12264071.4275, 5550500.763400003], [-12264081.0088, 5550523.361000001], [-12264090.6468, 5550540.3336], [-12264098.9256, 5550553.0735], [-12264111.451299999, 5550561.6395], [-12264122.6478, 5550563.159199998], [-12264142.3224, 5550557.734499998], [-12264152.2456, 5550546.586400002], [-12264170.7758, 5550515.838399999], [-12264187.861, 5550489.295400001], [-12264203.2287, 5550469.4767], [-12264210.5802, 5550459.997100003], [-12264227.6087, 5550439.077399999], [-12264232.025899999, 5550418.029600002], [-12264233.8539, 5550375.862300001], [-12264235.6683, 5550335.1010000035], [-12264247.3614, 5550287.409699999], [-12264253.3224, 5550252.317199998], [-12264254.0048, 5550184.828500003], [-12264253.1731, 5550128.573799998], [-12264260.4212, 5550104.7434], [-12264277.6623, 5550062.733800001], [-12264306.1268, 5550019.434299998], [-12264321.8529, 5549988.658200003], [-12264327.7985, 5549954.9728000015], [-12264326.6675, 5549928.243900001], [-12264317.1431, 5549900.0249999985], [-12264290.8905, 5549863.198700003], [-12264261.8361, 5549826.344499998], [-12264246.6788, 5549800.881200001], [-12264231.565000001, 5549771.199500002], [-12264209.729600001, 5549713.327500001], [-12264202.0753, 5549682.057599999], [-12264196.2733, 5549658.3532000035], [-12264186.0742, 5549558.4186], [-12264185.0011, 5549526.068499997], [-12264179.553100001, 5549510.5471], [-12264171.2466, 5549500.620099999], [-12264140.5779, 5549484.840999998], [-12264069.306699999, 5549465.835199997], [-12264052.5787, 5549457.227899998], [-12264020.5244, 5549440.029299997], [-12263998.2771, 5549422.928900003], [-12263980.2632, 5549403.061099999], [-12263966.465300001, 5549381.8298999965], [-12263955.4569, 5549362.032399997], [-12263954.3548, 5549332.4943], [-12263958.800900001, 5549308.637900002], [-12263963.4608, 5549263.692599997], [-12263962.4021, 5549229.937899999], [-12263939.511500001, 5549138.313299999], [-12263919.8368, 5549005.950300001], [-12263919.1767, 5548958.332999997], [-12263918.2195, 5548889.239100002], [-12263926.0239, 5548810.584899999], [-12263936.2253, 5548748.688299999], [-12263942.447999999, 5548710.931199998], [-12263950.1669, 5548640.7148], [-12263950.523, 5548605.569499999], [-12263948.1921, 5548559.150399998], [-12263941.486200001, 5548529.558399998], [-12263936.3967, 5548478.893600002], [-12263927.4321, 5548395.854999997], [-12263925.571899999, 5548303.048799999], [-12263924.613499999, 5548259.456299998], [-12263918.064399999, 5548214.402500004], [-12263912.789099999, 5548182.014899999], [-12263904.5548, 5548165.060599998], [-12263890.632, 5548156.482799999], [-12263866.8588, 5548152.022699997], [-12263817.8558, 5548148.708999999], [-12263782.846900001, 5548146.946000002], [-12263757.6887, 5548141.065200001], [-12263746.5378, 5548135.3279], [-12263742.4214, 5548126.8499], [-12263732.9157, 5548097.231200002], [-12263708.1138, 5548056.2070999965], [-12263690.2881, 5548018.067199998], [-12263665.3014, 5547995.318300001], [-12263629.4074, 5547942.935699999], [-12263593.429, 5547898.987300001], [-12263549.1316, 5547846.517800003], [-12263503.5473, 5547782.789800003], [-12263471.6287, 5547752.941200003], [-12263435.479899999, 5547725.859700002], [-12263377.0316, 5547687.304399997], [-12263310.2798, 5547638.822700001], [-12263247.7597, 5547587.571099997], [-12263183.6963, 5547550.362199999], [-12263122.3192, 5547524.427299999], [-12263051.2807, 5547484.334899999], [-12263017.8636, 5547464.308899999], [-12263002.556200001, 5547454.310800001], [-12262987.4633, 5547423.229500003], [-12262956.9629, 5547391.989500001], [-12262939.012600001, 5547366.5], [-12262909.8413, 5547342.302299999], [-12262847.1964, 5547303.700099997], [-12262805.5337, 5547268.1272], [-12262790.2986, 5547251.101300001], [-12262779.423799999, 5547218.657700002], [-12262769.9806, 5547183.417800002], [-12262761.6617, 5547174.897], [-12262739.438000001, 5547156.394100003], [-12262707.4514, 5547133.572300002], [-12262682.3543, 5547122.066299997], [-12262662.7432, 5547121.863399997], [-12262629.01, 5547132.760600001], [-12262612.2008, 5547132.585699998], [-12262556.2438, 5547124.976899996], [-12262493.3548, 5547110.268399999], [-12262436.1413, 5547088.5896999985], [-12262402.6251, 5547078.402900003], [-12262381.6425, 5547075.373999998], [-12262349.411, 5547076.444899999], [-12262342.4368, 5547073.5612], [-12262331.463100001, 5547050.9551], [-12262319.3792, 5547000.225100003], [-12262308.9999, 5546919.994599998], [-12262292.772599999, 5546863.6008], [-12262280.6745, 5546814.2773], [-12262279.7817, 5546765.070900001], [-12262300.2333, 5546683.757600002], [-12262280.558699999, 5546554.237199999], [-12262218.2931, 5546437.043899998], [-12262215.9767, 5546432.684799999], [-12262161.8019, 5546388.548500001], [-12262068.3959, 5546345.408399999], [-12262000.2606, 5546296.909000002], [-12261835.454300001, 5546250.211400002], [-12261724.9965, 5546230.7861], [-12261576.3705, 5546244.692400001], [-12261547.1188, 5546228.924999997], [-12261529.2621, 5546195.005000003], [-12261540.836, 5546025.056000002], [-12261418.1775, 5545832.622599997], [-12261335.941300001, 5545793.811300002], [-12261298.5079, 5545756.875100002], [-12261230.2925, 5545716.8059], [-12261123.969999999, 5545704.444700003], [-12261031.4023, 5545716.119099997], [-12260919.4783, 5545703.696900003], [-12260869.2655, 5545683.490500003], [-12260873.982, 5545500.830899999], [-12260887.293499999, 5545433.5101], [-12261040.8543, 5545214.478799999], [-12261056.656, 5545176.700499997], [-12261078.1731, 5544994.2271], [-12261066.7884, 5544877.464500003], [-12261095.0613, 5544852.464599997], [-12261341.9701, 5544812.898699999], [-12261387.9841, 5544698.1455999985], [-12261444.8038, 5544621.4494], [-12261454.9585, 5544587.828900002], [-12261494.104, 5544325.451899998], [-12261482.8905, 5544191.835100003], [-12261363.9368, 5543915.1655], [-12261357.579300001, 5543853.271300003], [-12261382.4236, 5543753.7641], [-12261471.725200001, 5543515.823399998], [-12261534.6786, 5543387.211300001], [-12261550.8411, 5543314.315700002], [-12261524.7791, 5543262.0537], [-12261490.1263, 5543227.968500003], [-12261395.691599999, 5543152.5097], [-12261348.6069, 5543140.936800003], [-12261091.2952, 5543060.8325999975], [-12261076.09, 5543050.795599997], [-12261056.5614, 5543043.564800002], [-12261042.6485, 5543034.988499999], [-12261030.282, 5543012.376999997], [-12261020.6752, 5542984.4636999965], [-12261016.6934, 5542972.892499998], [-12261008.7328, 5542930.656900004], [-12261007.7589, 5542889.901000001], [-12261011.1174, 5542836.544100001], [-12261021.2116, 5542808.548699997], [-12261051.3481, 5542738.615099996], [-12261067.5419, 5542662.9152000025], [-12261072.3151, 5542608.169399999], [-12261071.517, 5542550.556900002], [-12261076.1722, 5542507.049699999], [-12261083.466, 5542479.027099997], [-12261100.604600001, 5542446.8923999965], [-12261109.3277, 5542416.075000003], [-12261118.5941, 5542333.280199997], [-12261120.3606, 5542298.174800001], [-12261116.4243, 5542272.8434000015], [-12261108.3036, 5542246.0638], [-12261096.070799999, 5542210.811700001], [-12261071.3554, 5542164.188100003], [-12261050.7959, 5542121.8235], [-12261035.866799999, 5542076.709399998], [-12261019.6544, 5542020.342500001], [-12261004.6818, 5541979.442400001], [-12260979.9087, 5541938.439400002], [-12260964.7292, 5541917.205300003], [-12260931.586, 5541873.304799996], [-12260909.438000001, 5541849.188600004], [-12260892.947, 5541819.512500003], [-12260873.9069, 5541765.926399998], [-12260856.2238, 5541716.5678], [-12260842.6808, 5541672.874200001], [-12260831.7904, 5541643.258000001], [-12260808.316300001, 5541612.1032000035], [-12260777.9606, 5541569.638099998], [-12260758.6567, 5541541.3376], [-12260750.522599999, 5541515.964599997], [-12260742.197, 5541508.851899996], [-12260728.2421, 5541504.490400001], [-12260696.074099999, 5541501.341600001], [-12260661.1063, 5541498.161399998], [-12260600.9704, 5541491.9070999995], [-12260574.402800001, 5541488.815700002], [-12260497.4688, 5541482.383699998], [-12260463.944899999, 5541475.004299998], [-12260426.2821, 5541461.962099999], [-12260420.173999999, 5541460.005099997], [-12260408.1428, 5541456.150799997], [-12260368.9316, 5541457.1401999965], [-12260347.9635, 5541454.108400002], [-12260294.9452, 5541436.687600002], [-12260244.7578, 5541416.487499997], [-12260216.849, 5541407.763300002], [-12260153.9735, 5541395.855499998], [-12260061.746399999, 5541379.422700003], [-12260032.4382, 5541370.682700001], [-12260007.359000001, 5541359.177699998], [-12259994.8947, 5541346.400899999], [-12259986.599, 5541336.479599997], [-12259973.0459, 5541294.190800004], [-12259954.042399999, 5541237.7973000035], [-12259932.2695, 5541178.564599998], [-12259913.0725, 5541140.429899998], [-12259897.8829, 5541120.6021], [-12259871.5236, 5541097.843999997], [-12259831.138, 5541077.747699998], [-12259807.4148, 5541070.4701000005], [-12259771.0946, 5541063.060000002], [-12259729.1593, 5541056.993299998], [-12259666.183600001, 5541054.9164], [-12259643.771499999, 5541056.082000002], [-12259608.6425, 5541068.349699996], [-12259591.8301, 5541069.574600004], [-12259576.461199999, 5541066.600400001], [-12259554.1394, 5541059.338500001], [-12259540.2157, 5541052.1655], [-12259537.5048, 5541043.708300002], [-12259537.6697, 5541028.257299997], [-12259539.322900001, 5541004.3945999965], [-12259541.304200001, 5540949.6307], [-12259536.5552, 5540869.5097], [-12259523.318300001, 5540797.726400003], [-12259522.4847, 5540785.0891999975], [-12259520.7758, 5540696.335000001], [-12259520.401700001, 5540676.888800003], [-12259538.0371, 5540466.373800002], [-12259586.0012, 5540299.731700003], [-12259613.1777, 5540113.204700001], [-12259587.002999999, 5539941.562399998], [-12259508.5216, 5539818.525300004], [-12259455.145, 5539704.184699997], [-12259335.9151, 5539596.162600003], [-12259288.9572, 5539536.668799996], [-12259256.4441, 5539435.193300001], [-12259143.3379, 5539226.206299998], [-12259088.2592, 5539193.2206000015], [-12259050.7568, 5539166.131800003], [-12259016.054, 5539139.074100003], [-12258974.3394, 5539113.345899999], [-12258950.6673, 5539101.854699999], [-12258921.3079, 5539098.729999997], [-12258865.2674, 5539103.745399997], [-12258848.4882, 5539102.160499997], [-12258844.364799999, 5539095.093500003], [-12258838.9614, 5539076.777099997], [-12258830.9853, 5539037.365999997], [-12258821.4298, 5539014.7924000025], [-12258808.9841, 5539000.613300003], [-12258785.3577, 5538984.910099998], [-12258770.039, 5538977.722999997], [-12258753.2754, 5538974.734099999], [-12258729.484299999, 5538974.478299998], [-12258688.868, 5538976.8478000015], [-12258645.454599999, 5538979.189499997], [-12258600.5951, 5538985.727600001], [-12258561.3651, 5538989.5185], [-12258529.101300001, 5538996.192199998], [-12258493.978799999, 5539008.452299997], [-12258460.2245, 5539023.536200002], [-12258441.9559, 5539030.361299999], [-12258412.506299999, 5539035.6608000025], [-12258329.7403, 5539053.024099998], [-12258284.7894, 5539067.986400001], [-12258243.9508, 5539090.9641999975], [-12258228.463, 5539099.678400002], [-12258227.993099999, 5539099.935999997], [-12258193.263799999, 5539118.960600004], [-12258141.1796, 5539146.486199997], [-12258110.2839, 5539155.9821000025], [-12258072.3306, 5539171.019400001], [-12258027.333999999, 5539190.1941], [-12258007.650600001, 5539198.406400003], [-12257985.1062, 5539212.206600003], [-12257972.389, 5539223.304899998], [-12257955.4128, 5539239.973999999], [-12257946.8947, 5539251.117799997], [-12257935.441, 5539274.869800001], [-12257926.9228, 5539286.013300002], [-12257909.9922, 5539298.468900003], [-12257874.8665, 5539310.728], [-12257842.495900001, 5539327.230599999], [-12257818.4911, 5539346.631800003], [-12257795.8552, 5539368.858400002], [-12257756.197700001, 5539411.966799997], [-12257710.986499999, 5539450.800800003], [-12257677.1241, 5539475.714100003], [-12257668.635, 5539484.048199996], [-12257658.640700001, 5539502.1985], [-12257654.137699999, 5539530.2399], [-12257643.9922, 5539562.4344], [-12257626.6496, 5539612.807800002], [-12257603.5262, 5539679.974600002], [-12257591.9335, 5539716.366499998], [-12257580.4476, 5539742.928099997], [-12257574.4999, 5539775.168799996], [-12257568.399500001, 5539821.452399999], [-12257561.067, 5539852.273500003], [-12257553.885499999, 5539869.049999997], [-12257535.432300001, 5539892.727399997], [-12257526.897300001, 5539905.275899999], [-12257519.6705, 5539926.264899999], [-12257515.1676, 5539954.307800002], [-12257507.559999999, 5540010.409199998], [-12257494.5368, 5540049.5967999995], [-12257480.2056, 5540080.342200004], [-12257463.1658, 5540102.629799999], [-12257434.929499999, 5540124.7958], [-12257406.753600001, 5540141.343500003], [-12257378.637600001, 5540152.2727999985], [-12257339.3564, 5540160.270499997], [-12257300.028099999, 5540172.4824], [-12257271.8666, 5540187.625799999], [-12257253.5645, 5540197.2588], [-12257233.7707, 5540215.301200002], [-12257181.417399999, 5540266.700199999], [-12257144.7664, 5540290.178599998], [-12257108.053399999, 5540319.274099998], [-12257057.1747, 5540363.665100001], [-12257002.0214, 5540415.0336000025], [-12256958.1706, 5540456.692699999], [-12256909.9379, 5540515.159599997], [-12256860.333999999, 5540570.8024], [-12256820.682, 5540612.507600002], [-12256809.330699999, 5540626.430399999], [-12256799.3643, 5540641.771300003], [-12256796.681499999, 5540650.189000003], [-12256793.5657, 5540659.968999997], [-12256786.1998, 5540693.601499997], [-12256777.5703, 5540714.577], [-12256756.2681, 5540742.438100003], [-12256734.043, 5540763.262199998], [-12256725.1508, 5540771.594300002], [-12256684.1742, 5540806.261600003], [-12256647.5189, 5540829.738600001], [-12256624.8466, 5540854.774099998], [-12256589.5293, 5540883.885600001], [-12256574.024799999, 5540893.547200002], [-12256544.5528, 5540900.245800003], [-12256522.0485, 5540909.831100002], [-12256507.9276, 5540920.9142], [-12256502.2203, 5540930.683499999], [-12256496.4673, 5540944.667499997], [-12256483.7468, 5540955.766199999], [-12256461.181200001, 5540970.968999997], [-12256442.860199999, 5540982.005400002], [-12256399.1896, 5541006.809], [-12256364.057300001, 5541019.064000003], [-12256320.5401, 5541029.8213], [-12256277.131099999, 5541030.746699996], [-12256221.077300001, 5541035.745899998], [-12256183.1908, 5541043.755500004], [-12256153.7022, 5541051.858400002], [-12256124.2293, 5541058.555699997], [-12256106.0475, 5541056.950000003], [-12256092.1114, 5541051.176700003], [-12256078.2521, 5541038.380000003], [-12256071.3457, 5541029.875799999], [-12256065.7775, 5541027.004900001], [-12256057.3787, 5541026.9111], [-12256041.9041, 5541033.764399998], [-12256029.243700001, 5541039.242899999], [-12256020.7834, 5541044.768200003], [-12256013.6912, 5541053.117600001], [-12256012.1062, 5541069.957400002], [-12256009.229600001, 5541076.949299999], [-12256003.599, 5541079.697300002], [-12255986.8489, 5541075.296999998], [-12255972.942699999, 5541066.714900002], [-12255960.3291, 5541067.978799999], [-12255947.7155, 5541069.2443], [-12255944.854600001, 5541074.831799999], [-12255943.2694, 5541091.671599999], [-12255948.5283, 5541122.634199999], [-12255948.2344, 5541149.321599998], [-12255940.7557, 5541192.788099997], [-12255931.1534, 5541205.965499997], [-12255926.5403, 5541212.296300001], [-12255915.0789, 5541236.051899999], [-12255903.5239, 5541268.233599998], [-12255892.1404, 5541284.964500003], [-12255882.2641, 5541291.878600001], [-12255871.0654, 5541291.755500004], [-12255843.1153, 5541287.230300002], [-12255826.2861, 5541289.853299998], [-12255803.7961, 5541298.032899998], [-12255785.5208, 5541304.853600003], [-12255767.229899999, 5541313.079999998], [-12255749.0013, 5541315.685900003], [-12255701.390999999, 5541316.563000001], [-12255676.1471, 5541320.496699996], [-12255643.7654, 5541336.993500002], [-12255598.722199999, 5541358.970700003], [-12255545.1552, 5541392.089299999], [-12255511.3419, 5541411.380999997], [-12255494.512600001, 5541414.002499998], [-12255463.7317, 5541412.254799999], [-12255442.7335, 5541412.020800002], [-12255423.0579, 5541418.8257], [-12255392.0119, 5541440.957400002], [-12255322.8904, 5541487.950400002], [-12255264.9508, 5541536.4728000015], [-12255250.811999999, 5541548.959600002], [-12255233.858, 5541562.818000004], [-12255208.4727, 5541579.393299997], [-12255174.736200001, 5541591.659999996], [-12255142.3356, 5541609.560099997], [-12255098.7686, 5541624.526799999], [-12255069.1831, 5541641.055200003], [-12255026.7971, 5541675.7026999965], [-12254991.565499999, 5541696.3807], [-12254923.9957, 5541729.341200002], [-12254894.3793, 5541748.6774], [-12254871.714499999, 5541772.306500003], [-12254847.6972, 5541791.7051], [-12254825.1896, 5541801.2880000025], [-12254802.7443, 5541805.250100002], [-12254773.3771, 5541802.112099998], [-12254727.242899999, 5541795.9745000005], [-12254696.461, 5541794.2236], [-12254669.7688, 5541802.353799999], [-12254636.0923, 5541809.0], [-12254605.216699999, 5541815.677599996], [-12254579.9706, 5541819.6083], [-12254558.9881, 5541817.9684000015], [-12254533.820799999, 5541814.875299998], [-12254501.6072, 5541815.9177], [-12254451.148400001, 5541820.969300002], [-12254406.2097, 5541833.108499996], [-12254333.2887, 5541843.526299998], [-12254264.6458, 5541846.9673999995], [-12254232.48, 5541843.794699997], [-12254218.5272, 5541839.422200002], [-12254197.7028, 5541823.734499998], [-12254189.366, 5541818.021300003], [-12254175.43, 5541812.244400002], [-12254146.0794, 5541807.698799998], [-12254108.3599, 5541800.247400001], [-12254073.378800001, 5541798.447899997], [-12253906.7581, 5541799.375100002], [-12253850.794300001, 5541795.932599999], [-12253815.7643, 5541798.344999999], [-12253779.2884, 5541804.957000002], [-12253741.3762, 5541814.5682], [-12253731.5489, 5541817.060099997], [-12253686.6893, 5541822.170999996], [-12253670.2618, 5541824.336900003], [-12253637.613, 5541828.639300004], [-12253592.7056, 5541837.963299997], [-12253539.3669, 5541850.002700001], [-12253498.5794, 5541866.397399999], [-12253457.7752, 5541884.198299997], [-12253439.5133, 5541889.609999999], [-12253400.3156, 5541889.163699999], [-12253384.9322, 5541887.584600002], [-12253350.0781, 5541874.5449], [-12253327.853, 5541858.838299997], [-12253276.4858, 5541820.321800001], [-12253247.2466, 5541805.939999998], [-12253220.776, 5541794.398699999], [-12253188.6259, 5541789.818499997], [-12253163.4911, 5541783.9120000005], [-12253127.2364, 5541770.855300002], [-12253083.9833, 5541757.718999997], [-12253047.6975, 5541747.4714], [-12253015.5316, 5541744.294200003], [-12252972.1193, 5541745.204000004], [-12252934.306200001, 5541746.176200002], [-12252913.3237, 5541744.531400003], [-12252891.0054, 5541737.253300004], [-12252877.0068, 5541737.092600003], [-12252851.745099999, 5541742.423100002], [-12252802.5096, 5541762.9344], [-12252734.9954, 5541790.258699998], [-12252688.5429, 5541812.205700003], [-12252650.4584, 5541837.058300003], [-12252627.8358, 5541856.467799999], [-12252598.0702, 5541888.438299999], [-12252566.8886, 5541921.799099997], [-12252534.4344, 5541943.9054000005], [-12252521.659400001, 5541959.212800004], [-12252508.804200001, 5541981.544], [-12252505.8441, 5541995.559100002], [-12252506.4277, 5542067.216300003], [-12252500.5243, 5542093.8423999995], [-12252480.5412, 5542127.332000002], [-12252447.7498, 5542178.938100003], [-12252392.286, 5542254.168799996], [-12252373.8473, 5542275.030699998], [-12252359.6383, 5542293.132100001], [-12252335.711199999, 5542304.0967999995], [-12252299.182799999, 5542314.917999998], [-12252257.1042, 5542321.458400004], [-12252193.928100001, 5542336.187100001], [-12252177.129, 5542335.993600003], [-12252156.1607, 5542332.942699999], [-12252137.9454, 5542334.1382], [-12252107.049899999, 5542342.211199999], [-12252063.489500001, 5542355.760300003], [-12252039.6415, 5542359.700900003], [-12252006.0754, 5542356.503200002], [-12251985.025899999, 5542360.476300001], [-12251938.682500001, 5542372.586599998], [-12251897.954, 5542383.3565], [-12251830.5133, 5542403.6536], [-12251798.183899999, 5542414.520199999], [-12251779.952, 5542417.118699998], [-12251761.7681, 5542415.505000003], [-12251710.114599999, 5542402.2632], [-12251661.3566, 5542380.625299998], [-12251625.1833, 5542360.5374], [-12251559.6907, 5542333.084899999], [-12251531.739500001, 5542328.546700001], [-12251482.8537, 5542318.146899998], [-12251449.318500001, 5542312.138599999], [-12251427.1304, 5542313.638400003], [-12251396.0712, 5542315.735799998], [-12251337.1107, 5542329.102300003], [-12251285.197999999, 5542338.3347999975], [-12251220.7185, 5542344.611500002], [-12251171.6543, 5542349.661499999], [-12251135.319600001, 5542343.619000003], [-12251068.0893, 5542345.647600003], [-12250979.7929, 5542353.051299997], [-12250941.8641, 5542363.848899998], [-12250923.549899999, 5542373.470200002], [-12250885.3284, 5542409.554300003], [-12250849.9388, 5542442.862599999], [-12250814.6458, 5542467.740400001], [-12250789.235, 5542485.709399998], [-12250770.839499999, 5542502.354999997], [-12250753.957899999, 5542509.182800002], [-12250696.428, 5542519.7513], [-12250626.1831, 5542540.0066], [-12250589.6202, 5542553.629500002], [-12250555.906, 5542563.071199998], [-12250509.6249, 5542569.555799998], [-12250484.392099999, 5542572.069799997], [-12250464.856800001, 5542566.222099997], [-12250438.4205, 5542551.862899996], [-12250395.2319, 5542533.093000002], [-12250374.3796, 5542520.203900002], [-12250360.4122, 5542517.230999999], [-12250336.5143, 5542525.380400002], [-12250308.3826, 5542536.290799998], [-12250243.8027, 5542550.990500003], [-12250191.8878, 5542560.216799997], [-12250159.5739, 5542569.672899999], [-12250131.524799999, 5542573.558700003], [-12250074.140700001, 5542571.480099998], [-12250001.4547, 5542560.7927], [-12249935.803, 5542547.376100004], [-12249910.6345, 5542544.270499997], [-12249886.802299999, 5542546.800300002], [-12249847.454, 5542558.9824], [-12249800.9593, 5542583.7249], [-12249783.9452, 5542601.7907000035], [-12249769.7644, 5542617.078900002], [-12249740.216699999, 5542629.375299998], [-12249714.8848, 5542640.317000002], [-12249676.935899999, 5542652.514799997], [-12249653.0868, 5542656.4494], [-12249633.4702, 5542657.622900002], [-12249619.5029, 5542654.648400001], [-12249593.1003, 5542637.4782000035], [-12249563.9299, 5542617.464400001], [-12249533.2782, 5542604.456299998], [-12249499.7766, 5542595.632600002], [-12249455.0918, 5542585.270000003], [-12249415.923999999, 5542581.997199997], [-12249389.3409, 5542580.279100001], [-12249355.708, 5542582.691799998], [-12249333.2248, 5542589.450900003], [-12249312.1097, 5542599.036200002], [-12249283.8779, 5542618.372599997], [-12249244.463, 5542636.171800002], [-12249219.0566, 5542651.505199999], [-12249215.52, 5542653.640299998], [-12249196.5166, 5542665.109499998], [-12249182.4002, 5542674.777599998], [-12249164.0514, 5542687.205300003], [-12249154.1519, 5542695.5189], [-12249111.6555, 5542737.165100001], [-12249080.5084, 5542766.3028], [-12249069.191599999, 5542776.003799997], [-12249046.444699999, 5542805.240000002], [-12249027.9789, 5542827.501400001], [-12249016.6133, 5542841.4164], [-12249006.7135, 5542849.7304000035], [-12248984.131299999, 5542864.9174000025], [-12248934.1879, 5542899.826700002], [-12248924.832600001, 5542906.3662], [-12248879.6668, 5542936.740500003], [-12248845.850200001, 5542954.605800003], [-12248802.0337, 5542989.211400002], [-12248772.2837, 5543018.365400001], [-12248765.6534, 5543026.751100004], [-12248738.1686, 5543061.516099997], [-12248726.8353, 5543072.622100003], [-12248698.5678, 5543094.767300002], [-12248668.8845, 5543118.301600002], [-12248645.351599999, 5543129.030000001], [-12248640.001600001, 5543141.565800004], [-12248459.2566, 5543201.5154], [-12248355.967500001, 5543291.615900002], [-12248278.4124, 5543337.059299998], [-12248160.4849, 5543362.348499998], [-12248051.4096, 5543349.8046], [-12247867.396200001, 5543280.155299999], [-12247748.0361, 5543308.232000001], [-12247693.4817, 5543303.362499997], [-12247455.289099999, 5543197.930500001], [-12247400.2039, 5543141.004000001], [-12247291.607099999, 5543068.097900003], [-12247234.3388, 5543056.1677], [-12247121.9296, 5543088.534000002], [-12247062.949000001, 5543140.821599998], [-12247048.3839, 5543149.4695999995], [-12247039.933699999, 5543153.583700001], [-12247017.465, 5543158.9322], [-12246966.9938, 5543163.943899997], [-12246965.7237, 5543164.110699996], [-12246937.5422, 5543167.803599998], [-12246912.3058, 5543170.308600001], [-12246884.2033, 5543178.3994999975], [-12246856.0841, 5543187.895000003], [-12246820.8959, 5543202.924999997], [-12246782.8402, 5543223.540899999], [-12246757.4015, 5543242.905000001], [-12246733.3631, 5543262.2848000005], [-12246712.1757, 5543277.485200003], [-12246689.5879, 5543292.666500002], [-12246665.6174, 5543306.427900001], [-12246640.296799999, 5543315.9564], [-12246592.4571, 5543335.049199998], [-12246541.8158, 5543354.106200002], [-12246508.0604, 5543366.342699997], [-12246471.5387, 5543375.735399999], [-12246408.3302, 5543391.829999998], [-12246352.1896, 5543402.388800003], [-12246303.101, 5543408.8191], [-12246242.7938, 5543416.515500002], [-12246203.505800001, 5543423.064499997], [-12246172.6345, 5543428.308700003], [-12246148.782200001, 5543432.233999997], [-12246126.3289, 5543436.176700003], [-12246106.642099999, 5543442.962800004], [-12246086.9219, 5543452.558499999], [-12246062.9659, 5543464.912199996], [-12246036.1089, 5543485.662900001], [-12245921.5912, 5543575.601099998], [-12245843.7655, 5543642.097900003], [-12245806.9701, 5543673.968500003], [-12245780.0941, 5543696.122900002], [-12245765.973299999, 5543705.785999998], [-12245750.4688, 5543714.028700002], [-12245734.9819, 5543720.865000002], [-12245711.110399999, 5543726.193899997], [-12245649.4351, 5543731.060500003], [-12245594.7773, 5543734.6083], [-12245552.704, 5543739.713799998], [-12245517.6318, 5543744.905000001], [-12245482.524799999, 5543752.906000003], [-12245448.7839, 5543763.735200003], [-12245396.8411, 5543774.339500003], [-12245344.9495, 5543780.729599997], [-12245295.8743, 5543785.7491], [-12245273.489, 5543784.069799997], [-12245272.9346, 5543139.643399999], [-12245272.3268, 5543018.193999998], [-12245271.68, 5542889.063299999], [-12245269.672899999, 5542488.537900001], [-12245269.4368, 5541973.634599999], [-12245269.367800001, 5541823.999399997], [-12245269.1996, 5541148.2729], [-12245269.014600001, 5540745.1076000035], [-12245268.9379, 5540578.423], [-12245268.8946, 5540483.832000002], [-12245270.1067, 5539809.626500003], [-12245268.4144, 5539259.0288999975], [-12245267.5574, 5538754.819300003], [-12245270.0519, 5538476.780199997], [-12245271.4768, 5538318.104800001], [-12245271.4122, 5538297.1756], [-12245270.0541, 5537860.282200001], [-12245272.0367, 5537697.4108000025], [-12245269.5154, 5537559.7641], [-12245270.953499999, 5537326.683499999], [-12245275.7691, 5537161.048600003], [-12245277.221900001, 5537041.711199999], [-12245274.954300001, 5536998.155599996], [-12245311.3825, 5536994.388999999], [-12245361.8715, 5536985.178900003], [-12245398.3341, 5536978.6049000025], [-12245426.4357, 5536969.1206], [-12245458.8374, 5536951.262400001], [-12245488.492899999, 5536929.158699997], [-12245511.151999999, 5536906.970700003], [-12245528.2485, 5536881.905500002], [-12245538.2974, 5536860.965499997], [-12245541.283, 5536845.557499997], [-12245541.692499999, 5536811.862899996], [-12245537.819699999, 5536785.138400003], [-12245536.7099, 5536761.254000001], [-12245539.6787, 5536747.25], [-12245545.3772, 5536738.895000003], [-12245567.985199999, 5536720.917099997], [-12245596.2225, 5536700.200499997], [-12245627.3083, 5536675.307300001], [-12245692.3312, 5536621.3411], [-12245782.8583, 5536541.010399997], [-12245830.9718, 5536496.666199997], [-12245862.0734, 5536470.368500002], [-12245877.7015, 5536450.9016999975], [-12245889.1318, 5536431.383299999], [-12245894.982900001, 5536410.3945999965], [-12245900.833700001, 5536389.405699998], [-12245905.3544, 5536362.7839], [-12245912.5022, 5536350.233800001], [-12245923.796799999, 5536341.947899997], [-12245946.3845, 5536325.374499999], [-12245971.7876, 5536307.430100001], [-12245994.4101, 5536288.0493], [-12246031.21, 5536253.3961], [-12246055.206, 5536228.379299998], [-12246075.1389, 5536207.598200001], [-12246102.0938, 5536177.037600003], [-12246123.434999999, 5536147.813199997], [-12246141.9272, 5536122.765500002], [-12246152.008299999, 5536099.020300001], [-12246162.175099999, 5536068.255400002], [-12246163.7058, 5536064.366099998], [-12246173.722199999, 5536038.911499999], [-12246178.2586, 5536010.887199998], [-12246181.4291, 5535980.0385000035], [-12246188.7972, 5535949.239699997], [-12246196.147599999, 5535919.844899997], [-12246220.7103, 5535855.561099999], [-12246239.5066, 5535805.245800003], [-12246252.5888, 5535764.690300003], [-12246272.682, 5535722.815499999], [-12246286.9932, 5535696.314000003], [-12246304.2199, 5535660.020800002], [-12246326.9925, 5535628.006899998], [-12246352.5959, 5535593.218800001], [-12246382.3796, 5535559.885700002], [-12246403.7184, 5535530.663599998], [-12246426.3719, 5535508.474399999], [-12246456.1555, 5535475.1417], [-12246478.807799999, 5535452.954499997], [-12246497.2812, 5535429.312200002], [-12246520.068300001, 5535395.894000001], [-12246551.215599999, 5535365.385799997], [-12246579.5154, 5535339.053599998], [-12246619.021499999, 5535311.455600001], [-12246669.82, 5535275.569399998], [-12246722.0165, 5535239.698899999], [-12246768.5669, 5535207.973200001], [-12246812.3367, 5535174.808600001], [-12246849.043200001, 5535147.175099999], [-12246878.7232, 5535122.2641], [-12246912.682300001, 5535090.386299998], [-12246942.3445, 5535066.877499998], [-12246961.7408, 5535049.7808], [-12246984.763799999, 5535029.4859], [-12247005.9647, 5535011.4925], [-12247031.5147, 5534980.915600002], [-12247052.8669, 5534950.288599998], [-12247077.05, 5534916.887999997], [-12247098.3187, 5534893.279600002], [-12247115.4062, 5534868.2168999985], [-12247128.2647, 5534845.910899997], [-12247139.757399999, 5534820.7809000015], [-12247155.4801, 5534792.892800003], [-12247182.4941, 5534756.720200002], [-12247220.749, 5534716.4701000005], [-12247280.2526, 5534654.015900001], [-12247334.026700001, 5534602.722099997], [-12247399.1417, 5534538.932599999], [-12247465.604, 5534479.369000003], [-12247498.1271, 5534450.279700004], [-12247513.7308, 5534432.218999997], [-12247523.7562, 5534412.6862], [-12247532.433699999, 5534388.926700003], [-12247539.7115, 5534365.1499999985], [-12247555.3487, 5534344.281300001], [-12247572.385, 5534323.429799996], [-12247602.0261, 5534301.326200001], [-12247631.5992, 5534284.835900001], [-12247663.9542, 5534269.7831000015], [-12247693.5286, 5534253.292999998], [-12247728.7465, 5534232.658500001], [-12247751.309999999, 5534217.488899998], [-12247795.070799999, 5534184.323100001], [-12247819.1492, 5534159.3445999995], [-12247843.2944, 5534128.751900002], [-12247859.013799999, 5534100.865599997], [-12247866.2586, 5534079.8977999985], [-12247869.3387, 5534056.070500001], [-12247871.055399999, 5534029.420900002], [-12247874.1521, 5534004.192199998], [-12247881.4291, 5533980.4164], [-12247888.6394, 5533962.2553], [-12247897.2654, 5533942.706600003], [-12247904.442200001, 5533927.351999998], [-12247920.028, 5533910.693999998], [-12247941.2912, 5533887.0867], [-12247962.6546, 5533855.0572], [-12247979.8055, 5533824.381200001], [-12247994.1746, 5533792.269100003], [-12247995.4492, 5533789.179099999], [-12248002.817400001, 5533771.317699999], [-12248022.7815, 5533739.273000002], [-12248052.636300001, 5533698.922799997], [-12248092.313900001, 5533655.883699998], [-12248113.609299999, 5533629.469300002], [-12248125.0318, 5533609.9553999975], [-12248132.2909, 5533587.583899997], [-12248138.202, 5533560.9859], [-12248144.1118, 5533534.387599997], [-12248150.139899999, 5533497.964400001], [-12248154.7674, 5533461.5271999985], [-12248162.3104, 5533415.297600001], [-12248168.3039, 5533381.682599999], [-12248182.7889, 5533339.747000001], [-12248194.5096, 5533294.9727], [-12248200.486299999, 5533262.761100002], [-12248202.2173, 5533234.711000003], [-12248196.988699999, 5533203.770400003], [-12248195.8565, 5533181.300099999], [-12248187.7647, 5533155.939400002], [-12248179.6061, 5533136.191299997], [-12248167.251899999, 5533116.394900002], [-12248150.785500001, 5533089.530000001], [-12248138.5147, 5533062.7163999975], [-12248129.1237, 5533028.918799996], [-12248126.5601, 5533009.239699997], [-12248122.4648, 5533000.769500002], [-12248111.3595, 5532993.618299998], [-12248093.3446, 5532979.3693], [-12248076.862599999, 5532953.907700002], [-12248063.0935, 5532935.4978], [-12248057.699000001, 5532918.590599999], [-12248057.9482, 5532897.541199997], [-12248061.0285, 5532873.718500003], [-12248064.0921, 5532851.298900001], [-12248068.5216, 5532831.702500001], [-12248067.3559, 5532812.039300002], [-12248061.928, 5532797.939999998], [-12248053.753800001, 5532779.595899999], [-12248052.438000001, 5532772.5634], [-12248059.5635, 5532761.420000002], [-12248073.6822, 5532750.360799998], [-12248090.664, 5532733.722099997], [-12248107.612399999, 5532719.8895], [-12248125.9089, 5532710.283299997], [-12248140.0275, 5532699.223899998], [-12248145.7037, 5532692.274300002], [-12248148.667, 5532678.2749999985], [-12248147.4681, 5532661.418200001], [-12248145.037999999, 5532630.512100004], [-12248141.4915, 5532575.7346], [-12248131.4514, 5532478.776299998], [-12248131.867800001, 5532443.694700003], [-12248133.4987, 5532424.065099999], [-12248142.1226, 5532404.519400001], [-12248154.941100001, 5532385.0254999995], [-12248173.3209, 5532368.402999997], [-12248198.6917, 5532351.865000002], [-12248215.5735, 5532343.6448], [-12248231.022300001, 5532338.2151999995], [-12248249.3176, 5532328.609499998], [-12248280.3157, 5532309.330899999], [-12248314.1614, 5532285.876000002], [-12248359.3258, 5532251.328299999], [-12248393.2025, 5532225.067599997], [-12248417.1417, 5532211.318400003], [-12248446.6582, 5532199.037600003], [-12248473.4106, 5532183.9199], [-12248495.933899999, 5532171.556599997], [-12248512.797699999, 5532164.739600003], [-12248526.9641, 5532149.470799997], [-12248539.7324, 5532134.184699997], [-12248565.217799999, 5532107.823100001], [-12248590.687800001, 5532082.865800001], [-12248620.5671, 5532039.715800002], [-12248656.1069, 5531991.0178999975], [-12248684.5045, 5531954.867299996], [-12248715.6328, 5531924.362999998], [-12248739.67, 5531902.195100002], [-12248765.253600001, 5531867.4133], [-12248789.4399, 5531832.6162], [-12248815.1224, 5531789.417499997], [-12248833.7305, 5531753.150799997], [-12248846.5968, 5531729.4463], [-12248862.1436, 5531715.598200001], [-12248886.129700001, 5531697.637900002], [-12248903.042399999, 5531686.6127], [-12248929.7425, 5531675.701399997], [-12248950.8007, 5531668.934600003], [-12248981.6463, 5531662.283500001], [-12249013.873300001, 5531657.052299999], [-12249050.3127, 5531650.4663999975], [-12249078.3953, 5531640.9750000015], [-12249114.9324, 5531625.970399998], [-12249151.470800001, 5531610.965899996], [-12249173.9921, 5531598.6032000035], [-12249189.522300001, 5531586.1565999985], [-12249198.273, 5531577.5803999975], [-12249201.7283, 5531574.193300001], [-12249206.499499999, 5531569.516999997], [-12249229.1195, 5531548.734200001], [-12249295.655299999, 5531481.851499997], [-12249339.504, 5531437.773800001], [-12249369.180599999, 5531411.4608], [-12249394.5805, 5531392.113899998], [-12249418.5153, 5531378.362899996], [-12249436.7917, 5531370.159500003], [-12249462.1091, 5531357.828500003], [-12249484.6626, 5531342.657300003], [-12249498.711, 5531337.2097999975], [-12249515.457899999, 5531340.215000004], [-12249527.9769, 5531345.974399999], [-12249548.7702, 5531361.6567], [-12249584.879, 5531383.130999997], [-12249629.3622, 5531406.1065], [-12249653.0343, 5531414.805799998], [-12249678.1546, 5531419.310599998], [-12249704.6732, 5531423.832500003], [-12249735.354, 5531431.209899999], [-12249761.8236, 5531439.940200001], [-12249789.6423, 5531452.898100004], [-12249821.623300001, 5531468.709700003], [-12249884.2195, 5531497.510499999], [-12249932.931699999, 5531517.7289], [-12249973.254, 5531537.8478000015], [-12250020.371100001, 5531574.886699997], [-12250042.548, 5531591.987899996], [-12250057.7831, 5531604.7962], [-12250063.3303, 5531612.399800003], [-12250074.3019, 5531627.4419], [-12250101.8435, 5531664.251999997], [-12250121.0283, 5531698.156900004], [-12250133.466, 5531710.932499997], [-12250147.2698, 5531726.531199999], [-12250165.2532, 5531743.581100002], [-12250184.5684, 5531766.261399999], [-12250199.7379, 5531784.6818], [-12250217.753800001, 5531798.927500002], [-12250237.249200001, 5531806.171099998], [-12250258.1919, 5531809.223399997], [-12250280.566, 5531809.485100001], [-12250296.0293, 5531802.649899997], [-12250314.3224, 5531793.039800003], [-12250358.1111, 5531755.661799997], [-12250400.4202, 5531725.282700002], [-12250432.875599999, 5531700.4014], [-12250468.174899999, 5531671.3429000005], [-12250504.8904, 5531640.898599997], [-12250531.735, 5531617.3549000025], [-12250550.0761, 5531603.536499999], [-12250553.8308, 5531599.1206], [-12250571.3435, 5531578.524899997], [-12250596.854600001, 5531549.352899998], [-12250632.3167, 5531506.262900002], [-12250650.7389, 5531485.428599998], [-12250674.8506, 5531456.2399], [-12250697.581, 5531425.632700004], [-12250724.7006, 5531378.236400001], [-12250753.1862, 5531333.663599998], [-12250781.5739, 5531297.507600002], [-12250804.2217, 5531273.916599996], [-12250812.7254, 5531264.192000002], [-12250817.0824, 5531250.2104], [-12250821.4395, 5531236.229000002], [-12250830.0079, 5531220.8928999975], [-12250855.533300001, 5531190.3178], [-12250875.4495, 5531161.079999998], [-12250900.9261, 5531134.714900002], [-12250920.728799999, 5531115.299999997], [-12250944.6937, 5531098.739100002], [-12250972.885200001, 5531079.422399998], [-12251006.654, 5531061.572700001], [-12251029.155000001, 5531050.607500002], [-12251050.2901, 5531036.820900001], [-12251068.629999999, 5531023.000399999], [-12251088.2534, 5531019.0195999965], [-12251112.0235, 5531019.295400001], [-12251127.4525, 5531015.264700003], [-12251142.8981, 5531009.831299998], [-12251156.993099999, 5531000.170599997], [-12251168.3257, 5530987.6734], [-12251178.2909, 5530972.353399999], [-12251188.191599999, 5530962.646300003], [-12251202.2546, 5530955.7927], [-12251213.4723, 5530953.116700001], [-12251223.325199999, 5530947.617600001], [-12251231.8434, 5530936.490599997], [-12251236.183699999, 5530923.912199996], [-12251237.792399999, 5530905.6888], [-12251239.3997, 5530887.466700003], [-12251242.3419, 5530874.871399999], [-12251249.4786, 5530862.324299999], [-12251270.597, 5530849.940899998], [-12251298.6417, 5530843.249700002], [-12251322.396200001, 5530844.928499997], [-12251340.5246, 5530849.3473000005], [-12251362.7829, 5530859.428499997], [-12251378.1149, 5530863.814499997], [-12251397.7061, 5530862.6391], [-12251419.7664, 5530863.856399998], [-12251429.8485, 5530864.412799999], [-12251459.1789, 5530867.559799999], [-12251481.4541, 5530876.236699998], [-12251499.5022, 5530887.670900002], [-12251517.5503, 5530899.104999997], [-12251548.005199999, 5530926.117700003], [-12251566.1169, 5530931.940899998], [-12251581.4978, 5530932.118600003], [-12251594.0982, 5530930.860600002], [-12251612.3713, 5530922.652800001], [-12251634.8077, 5530917.298900001], [-12251647.4727, 5530910.428499997], [-12251674.2794, 5530889.689099997], [-12251701.055100001, 5530871.757200003], [-12251729.1488, 5530860.855999999], [-12251758.6073, 5530852.7761999965], [-12251783.935800001, 5530839.036899999], [-12251806.4357, 5530828.0704], [-12251829.015700001, 5530810.088500001], [-12251850.2143, 5530790.688199997], [-12251871.3482, 5530776.899099998], [-12251885.507199999, 5530761.627999999], [-12251902.5579, 5530737.969700001], [-12251931.1325, 5530684.9772000015], [-12251972.7225, 5530594.25], [-12252009.8765, 5530524.519100003], [-12252025.6573, 5530489.621200003], [-12252035.8451, 5530454.660899997], [-12252041.8387, 5530419.651100002], [-12252046.338, 5530393.0418], [-12252050.949000001, 5530356.614], [-12252052.6521, 5530329.973899998], [-12252051.5257, 5530306.108000003], [-12252050.3044, 5530290.6598000005], [-12252043.4894, 5530275.146200001], [-12252039.4074, 5530265.277500004], [-12252042.3484, 5530252.684500001], [-12252050.9133, 5530237.348700002], [-12252065.1668, 5530213.659199998], [-12252069.6339, 5530189.857500002], [-12252071.2881, 5530167.4274], [-12252066.0483, 5530136.498800002], [-12252060.8564, 5530101.360699996], [-12252048.7069, 5530063.338100001], [-12252031.1083, 5530012.624799997], [-12252017.5287, 5529977.390500002], [-12251999.8022, 5529937.902000003], [-12251987.5079, 5529912.505099997], [-12251976.5162, 5529895.541199997], [-12251971.0205, 5529887.060099997], [-12251971.148400001, 5529875.836000003], [-12251976.8368, 5529867.484200001], [-12251997.9999, 5529850.8913], [-12252020.5943, 5529831.506999999], [-12252044.664900001, 5529805.127300002], [-12252065.9091, 5529781.519900002], [-12252081.576200001, 5529756.444499999], [-12252093.064399999, 5529729.918200001], [-12252100.439399999, 5529696.330799997], [-12252104.9857, 5529665.516099997], [-12252116.5706, 5529630.573200002], [-12252129.6328, 5529588.633100003], [-12252137.0233, 5529553.643600002], [-12252141.474, 5529531.246200003], [-12252140.459800001, 5529497.5612], [-12252140.700199999, 5529476.519900002], [-12252140.7805, 5529469.505599998], [-12252138.1766, 5529452.640500002], [-12252136.890999999, 5529442.804099999], [-12252135.6051, 5529432.968999997], [-12252135.6686, 5529427.357299998], [-12252135.8446, 5529411.926299997], [-12252135.941300001, 5529403.509300001], [-12252136.004900001, 5529397.897699997], [-12252140.4074, 5529379.709899999], [-12252141.8859, 5529372.712800004], [-12252147.6053, 5529361.553300001], [-12252149.035799999, 5529358.763800003], [-12252153.2938, 5529353.201899998], [-12252160.363699999, 5529346.267200001], [-12252161.7774, 5529344.881800003], [-12252166.002999999, 5529342.123499997], [-12252170.228799999, 5529339.366700001], [-12252178.6657, 5529335.254199997], [-12252185.6712, 5529333.931100003], [-12252206.7206, 5529327.158299997], [-12252244.658300001, 5529310.758000001], [-12252272.7786, 5529297.0506], [-12252289.7303, 5529281.813000001], [-12252301.0893, 5529266.509999998], [-12252308.2718, 5529249.757600002], [-12252308.335099999, 5529244.195900001], [-12252308.4954, 5529230.1193], [-12252312.897, 5529211.930299997], [-12252317.235100001, 5529199.3543], [-12252318.7925, 5529185.341799997], [-12252314.7738, 5529169.862599999], [-12252306.5306, 5529157.141900003], [-12252295.602400001, 5529134.569499999], [-12252277.8926, 5529093.681999996], [-12252268.3948, 5529068.318700001], [-12252264.4084, 5529050.034900002], [-12252266.014800001, 5529031.814999998], [-12252273.3083, 5529005.244000003], [-12252293.2947, 5528968.996299997], [-12252308.991999999, 5528941.118100002], [-12252329.0261, 5528900.663199998], [-12252350.5541, 5528851.809100002], [-12252377.9131, 5528781.977799997], [-12252400.8394, 5528733.138599999], [-12252416.5198, 5528706.663599998], [-12252429.2914, 5528689.976099998], [-12252439.2692, 5528673.255999997], [-12252445.1, 5528652.278999999], [-12252455.044300001, 5528638.3653], [-12252471.9625, 5528625.931999996], [-12252483.2892, 5528613.436499998], [-12252487.6263, 5528600.859700002], [-12252492.123599999, 5528574.257399999], [-12252498.177000001, 5528533.6435], [-12252505.5175, 5528502.865500003], [-12252514.335099999, 5528465.089299999], [-12252523.026, 5528438.5342999995], [-12252524.6633, 5528417.510700002], [-12252522.1541, 5528392.230499998], [-12252525.1888, 5528371.222599998], [-12252529.6215, 5528350.230499998], [-12252542.4256, 5528330.739100002], [-12252560.9012, 5528304.296300001], [-12252583.8553, 5528252.655000001], [-12252599.8374, 5528199.5304000005], [-12252604.27, 5528178.5385000035], [-12252614.3569, 5528152.0013], [-12252625.827100001, 5528126.882100001], [-12252643.0305, 5528089.2029], [-12252667.365899999, 5528038.9821000025], [-12252690.224399999, 5527995.755800001], [-12252720.1191, 5527948.404100001], [-12252749.933899999, 5527908.064300001], [-12252778.2234, 5527878.928900003], [-12252807.9268, 5527848.408500001], [-12252826.3525, 5527826.174000002], [-12252847.6368, 5527798.361900002], [-12252884.645, 5527739.869199999], [-12252915.9202, 5527693.9366], [-12252952.7859, 5527648.066600002], [-12252985.3457, 5527611.965899996], [-12253017.795400001, 5527585.684299998], [-12253043.176199999, 5527566.336199999], [-12253068.6215, 5527541.377599999], [-12253113.7761, 5527504.018200003], [-12253147.605999999, 5527479.155000001], [-12253195.4936, 5527447.437700003], [-12253241.997299999, 5527414.301200002], [-12253311.022, 5527367.395000003], [-12253358.8917, 5527337.0788], [-12253385.6061, 5527323.355499998], [-12253399.6624, 5527316.501900002], [-12253423.6596, 5527295.733499996], [-12253439.208700001, 5527280.480499998], [-12253442.114, 5527270.696099997], [-12253442.2089, 5527262.279700004], [-12253436.681699999, 5527256.606799997], [-12253420.0205, 5527246.5999], [-12253407.630800001, 5527229.626900002], [-12253398.0527, 5527211.2842999995], [-12253385.664, 5527194.311399996], [-12253369.1287, 5527173.0836], [-12253344.1919, 5527153.163199998], [-12253326.2607, 5527131.9199], [-12253313.9187, 5527110.740500003], [-12253304.388500001, 5527088.190300003], [-12253293.6339, 5527050.197300002], [-12253285.7234, 5527008.027599998], [-12253281.0971, 5526984.670400001], [-12253275.1437, 5526954.608000003], [-12253267.1532, 5526919.4526999965], [-12253260.5141, 5526888.519500002], [-12253256.7014, 5526854.813299999], [-12253255.5403, 5526833.762199998], [-12253247.392900001, 5526812.630400002], [-12253237.8148, 5526794.287299998], [-12253228.2381, 5526775.945699997], [-12253221.472199999, 5526756.2315], [-12253217.5002, 5526736.550399996], [-12253215.0857, 5526702.861699998], [-12253211.1138, 5526683.180500001], [-12253204.3478, 5526663.466799997], [-12253196.295, 5526633.920900002], [-12253193.7225, 5526614.255599998], [-12253196.786, 5526590.447700001], [-12253199.9461, 5526558.224100001], [-12253194.7831, 5526520.2971], [-12253186.8573, 5526479.5336000025], [-12253173.309799999, 5526441.510399997], [-12253158.3806, 5526402.069700003], [-12253150.2955, 5526375.329099998], [-12253143.5772, 5526351.409699999], [-12253138.225200001, 5526330.3116], [-12253130.1099, 5526306.376599997], [-12253117.7378, 5526288.003300004], [-12253091.5332, 5526256.8495000005], [-12253065.393199999, 5526220.086199999], [-12253029.5015, 5526180.4081000015], [-12253001.8375, 5526154.848899998], [-12252978.3334, 5526132.140299998], [-12252956.164099999, 5526115.057400003], [-12252929.8026, 5526097.927500002], [-12252904.965, 5526069.595700003], [-12252883.0184, 5526032.879699998], [-12252870.710900001, 5526008.8972999975], [-12252865.311900001, 5525992.005900003], [-12252861.3257, 5525973.728299998], [-12252863.0254, 5525947.101099998], [-12252867.4235, 5525928.9201000035], [-12252873.3158, 5525902.339599997], [-12252876.364799999, 5525879.935500003], [-12252879.4773, 5525851.921999998], [-12252879.874699999, 5525816.865900002], [-12252887.2585, 5525781.8895], [-12252897.454300001, 5525745.542199999], [-12252920.385, 5525695.3156], [-12252934.6929, 5525666.0286], [-12252940.4882, 5525647.862000003], [-12252939.3137, 5525628.215800002], [-12252936.741, 5525608.552699998], [-12252927.2446, 5525583.200599998], [-12252917.7322, 5525559.2522], [-12252915.1607, 5525539.589000002], [-12252912.6516, 5525514.316600002], [-12252912.9844, 5525484.870999999], [-12252907.6967, 5525458.1642], [-12252892.9291, 5525404.705200002], [-12252887.5613, 5525385.011399999], [-12252868.5703, 5525334.308600001], [-12252859.0747, 5525308.958899997], [-12252845.5136, 5525272.342500001], [-12252833.224, 5525246.960199997], [-12252823.6961, 5525224.4130000025], [-12252815.4707, 5525210.2958], [-12252794.7653, 5525187.622400001], [-12252771.2802, 5525163.514600001], [-12252760.243999999, 5525150.766800001], [-12252756.2276, 5525135.2962], [-12252757.816100001, 5525118.486000001], [-12252759.3558, 5525105.881300002], [-12252776.4745, 5525075.2271], [-12252789.415199999, 5525043.120999999], [-12252795.1962, 5525026.359300002], [-12252799.7212, 5524996.962099999], [-12252802.850499999, 5524967.547899999], [-12252807.3599, 5524939.554300003], [-12252810.4724, 5524911.543700002], [-12252811.0726, 5524901.730800003], [-12252839.1028, 5524728.169100001], [-12252836.9442, 5524672.054200001], [-12252836.4945, 5524668.202399999], [-12252825.4805, 5524573.765699998], [-12252786.7225, 5524541.0713], [-12252782.785, 5524518.589599997], [-12252843.2972, 5524358.023500003], [-12252838.4236, 5524171.4749], [-12252815.2915, 5524116.525600001], [-12252787.3489, 5523992.815800004], [-12252741.973000001, 5523927.7984], [-12252683.310899999, 5523802.337700002], [-12252833.7425, 5523721.328599997], [-12252928.9573, 5523654.016099997], [-12252994.2039, 5523622.204700001], [-12253026.5123, 5523607.149400003], [-12253053.2312, 5523592.030100003], [-12253074.442, 5523569.839100003], [-12253095.651700001, 5523547.646399997], [-12253125.2449, 5523525.548699997], [-12253143.5659, 5523511.736199997], [-12253161.8857, 5523497.924000002], [-12253170.442699999, 5523482.597900003], [-12253176.2058, 5523467.240699999], [-12253175.0136, 5523449.000699997], [-12253171.2031, 5523415.307300001], [-12253169.995299999, 5523398.468999997], [-12253157.627700001, 5523380.100199997], [-12253139.798799999, 5523350.454499997], [-12253126.1756, 5523319.454000004], [-12253108.4257, 5523282.798900001], [-12253097.5975, 5523251.831200004], [-12253082.721900001, 5523208.198200002], [-12253063.9868, 5523135.079000004], [-12253049.3963, 5523066.213299997], [-12253044.1719, 5523033.907200001], [-12253040.171, 5523017.037199996], [-12253026.5812, 5522983.234700002], [-12253012.9924, 5522949.430699997], [-12253004.8796, 5522925.504699998], [-12252996.814399999, 5522897.372599997], [-12252991.3686, 5522884.693400003], [-12252972.0803, 5522860.639899999], [-12252955.6338, 5522832.4130000025], [-12252949.0616, 5522795.885899998], [-12252936.9957, 5522750.884499997], [-12252931.6624, 5522728.393399999], [-12252932.0431, 5522694.749200001], [-12252933.804200001, 5522662.525399998], [-12252937.026999999, 5522624.707999997], [-12252943.2339, 5522570.102799997], [-12252940.9307, 5522526.616099998], [-12252938.329300001, 5522503.6098000035], [-12252935.851300001, 5522481.696999997], [-12252929.2467, 5522447.974200003], [-12252928.1513, 5522421.326200001], [-12252929.8979, 5522390.503300004], [-12252928.8661, 5522358.2478], [-12252922.325, 5522318.919799998], [-12252909.069899999, 5522255.683300003], [-12252897.2589, 5522188.256999999], [-12252889.385400001, 5522143.306699999], [-12252884.194600001, 5522108.200999998], [-12252883.1316, 5522078.749600001], [-12252884.924800001, 5522043.723399997], [-12252891.0998, 5521991.924400002], [-12252901.3856, 5521947.1822], [-12252914.4489, 5521903.874600001], [-12252917.528, 5521878.675999999], [-12252919.3537, 5521840.8464], [-12252924.035799999, 5521797.442599997], [-12252928.591, 5521765.2531], [-12252941.5274, 5521733.158699997], [-12252964.3201, 5521694.1668], [-12253011.065499999, 5521637.225100003], [-12253046.5406, 5521588.565700002], [-12253076.3332, 5521548.252300002], [-12253100.5217, 5521509.277999997], [-12253130.5668, 5521446.539300002], [-12253152.230700001, 5521383.705799997], [-12253190.813900001, 5521307.048299998], [-12253230.7766, 5521231.806500003], [-12253257.9319, 5521177.447700001], [-12253276.547899999, 5521137.008500002], [-12253289.482099999, 5521104.916299999], [-12253296.702399999, 5521083.972000003], [-12253295.7794, 5521041.9108000025], [-12253281.3958, 5520954.8401999995], [-12253269.7106, 5520876.213600002], [-12253255.184500001, 5520801.758699998], [-12253247.1205, 5520773.633100003], [-12253233.422600001, 5520749.650399998], [-12253214.3269, 5520708.784999996], [-12253207.5809, 5520687.682899997], [-12253206.611299999, 5520649.826899998], [-12253208.513799999, 5520604.995099999], [-12253209.035799999, 5520558.748000003], [-12253212.3988, 5520508.325900003], [-12253217.061999999, 5520466.331100002], [-12253221.5849, 5520436.9472], [-12253226.169, 5520401.960199997], [-12253226.4384, 5520378.134099998], [-12253232.610100001, 5520326.346000001], [-12253238.7491, 5520277.358999997], [-12253246.2533, 5520231.191600002], [-12253255.123300001, 5520187.843699999], [-12253258.5574, 5520177.423799999], [-12253265.2466, 5520157.123300001], [-12253272.4825, 5520134.780100003], [-12253281.0205, 5520120.860799998], [-12253293.8269, 5520099.9826000035], [-12253307.9977, 5520081.923799999], [-12253316.5348, 5520068.0044], [-12253320.8674, 5520055.4397], [-12253309.9781, 5520030.087399997], [-12253288.0604, 5519991.997900002], [-12253263.3796, 5519951.071800001], [-12253230.4002, 5519903.044100001], [-12253200.1502, 5519860.6554000005], [-12253172.567499999, 5519829.5079], [-12253147.8245, 5519794.188600004], [-12253134.048700001, 5519777.2139], [-12253125.9235, 5519754.697300002], [-12253119.1774, 5519733.5973000005], [-12253112.6063, 5519697.0825999975], [-12253103.2577, 5519659.136100002], [-12253099.3213, 5519636.667999998], [-12253099.6699, 5519605.8389], [-12253098.5902, 5519577.796499997], [-12253093.4148, 5519541.298100002], [-12253086.8916, 5519500.581200004], [-12253078.892099999, 5519466.855599999], [-12253065.3077, 5519433.064499997], [-12253046.153, 5519397.810500003], [-12253035.2336, 5519375.262100004], [-12253024.315299999, 5519352.715499997], [-12253018.8886, 5519338.638599999], [-12253014.873399999, 5519323.177699998], [-12253019.5376, 5519281.186999999], [-12253022.6623, 5519251.791100003], [-12253024.3121, 5519229.387999997], [-12253027.4068, 5519202.795900002], [-12253031.912, 5519174.818300001], [-12253032.354899999, 5519135.5836], [-12253031.4176, 5519094.930600002], [-12253025.2271, 5519024.789499998], [-12253026.9882, 5518992.577100001], [-12253024.5123, 5518964.520999998], [-12253023.432500001, 5518936.4804000035], [-12253023.7489, 5518908.4570999965], [-12253029.698800001, 5518876.293499999], [-12253031.3953, 5518849.685199998], [-12253030.221, 5518830.053800002], [-12253030.537, 5518802.029200003], [-12253036.3757, 5518779.673600003], [-12253040.8029, 5518758.703599997], [-12253041.0244, 5518739.086400002], [-12253039.9758, 5518708.244599998], [-12253034.7393, 5518677.354800001], [-12253030.8342, 5518652.0858], [-12253032.4528, 5518632.486000001], [-12253042.4483, 5518612.980800003], [-12253053.824900001, 5518594.8923999965], [-12253066.487599999, 5518586.628799997], [-12253083.4016, 5518572.808200002], [-12253096.143, 5518557.538599998], [-12253104.6314, 5518547.824299999], [-12253104.7427, 5518538.016800001], [-12253093.7297, 5518523.878700003], [-12253079.877, 5518513.910899997], [-12253046.5081, 5518500.9201000035], [-12253024.324099999, 5518486.654600002], [-12252947.0173, 5518407.3006], [-12252880.785500001, 5518336.480099998], [-12252839.308899999, 5518299.574199997], [-12252817.2688, 5518272.698200002], [-12252802.1004, 5518255.709399998], [-12252789.7719, 5518234.549099997], [-12252778.9817, 5518200.795400001], [-12252771.0478, 5518161.469899997], [-12252764.5434, 5518119.356799997], [-12252752.3884, 5518082.784699999], [-12252715.340300001, 5518024.911600001], [-12252682.319600001, 5517974.598200001], [-12252678.2763, 5517968.438000001], [-12252638.357099999, 5517917.536700003], [-12252598.3266, 5517876.444200002], [-12252565.1512, 5517846.638800003], [-12252534.7042, 5517822.471000001], [-12252495.911600001, 5517795.403700002], [-12252457.103500001, 5517769.737000003], [-12252425.3561, 5517737.146300003], [-12252392.213, 5517704.539800003], [-12252364.6081, 5517676.199699998], [-12252342.5077, 5517654.9287], [-12252292.6265, 5517620.727600001], [-12252248.1712, 5517600.6022000015], [-12252206.4285, 5517587.5132], [-12252175.7922, 5517580.154700004], [-12252147.932300001, 5517574.231200002], [-12252129.813900001, 5517571.221199997], [-12252121.5319, 5517562.718800001], [-12252119.074900001, 5517533.264700003], [-12252119.5537, 5517491.2355], [-12252121.3815, 5517453.423900001], [-12252117.6556, 5517412.747599997], [-12252109.661600001, 5517379.027999997], [-12252104.3963, 5517350.9441], [-12252090.7865, 5517319.964100003], [-12252084.172899999, 5517287.6613000035], [-12252081.731800001, 5517256.807300001], [-12252080.703200001, 5517224.570100002], [-12252074.0574, 5517195.070500001], [-12252066.0324, 5517164.153099999], [-12252060.8781, 5517126.263700001], [-12252057.121, 5517088.390100002], [-12252051.7922, 5517065.911200002], [-12252047.7479, 5517053.254000001], [-12252028.4263, 5517033.417599998], [-12251993.6989, 5517017.605999999], [-12251943.7589, 5516989.009800002], [-12251897.9275, 5516967.466499999], [-12251879.9384, 5516953.248499997], [-12251849.383299999, 5516938.885799997], [-12251786.656, 5516929.758299999], [-12251690.2931, 5516931.450099997], [-12251650.8449, 5516930.995700002], [-12251638.637600001, 5516930.8554000035], [-12251606.543, 5516929.082900003], [-12251574.417399999, 5516930.114699997], [-12251549.3193, 5516927.022600003], [-12251528.3947, 5516925.3807], [-12251497.7607, 5516918.021200001], [-12251464.3501, 5516909.228399999], [-12251457.5264, 5516907.088600002], [-12251436.524799999, 5516900.500799999], [-12251411.524799999, 5516889.003399998], [-12251390.8082, 5516869.148900002], [-12251371.4553, 5516852.1127], [-12251347.8666, 5516839.2302], [-12251315.8856, 5516827.6516999975], [-12251281.000300001, 5516825.846600004], [-12251234.9452, 5516823.912199996], [-12251188.9069, 5516820.577200003], [-12251116.3433, 5516816.935599998], [-12251070.1923, 5516823.406400003], [-12251008.7004, 5516828.297700003], [-12250965.3739, 5516831.998400003], [-12250895.425, 5516843.796099998], [-12250839.435899999, 5516855.7544], [-12250801.6941, 5516859.520499997], [-12250782.1163, 5516862.094400004], [-12250775.1679, 5516859.210699998], [-12250750.0875, 5516854.7163999975], [-12250733.3985, 5516848.9179000035], [-12250711.2559, 5516831.847499996], [-12250676.710099999, 5516800.623300001], [-12250637.7817, 5516786.1581000015], [-12250608.5447, 5516778.812600002], [-12250589.1618, 5516764.576399997], [-12250567.0515, 5516744.704999998], [-12250536.6624, 5516716.328900002], [-12250481.2742, 5516676.454000004], [-12250414.7019, 5516637.849399999], [-12250332.7573, 5516600.4663999975], [-12250284.204300001, 5516573.279700004], [-12250250.8294, 5516561.681400001], [-12250207.6174, 5516555.573200002], [-12250161.5967, 5516550.831699997], [-12250140.6565, 5516550.587200001], [-12250102.9316, 5516552.948100001], [-12250068.0307, 5516552.5402000025], [-12250048.5508, 5516546.7075999975], [-12250030.500300001, 5516538.089599997], [-12250006.9473, 5516522.403099999], [-12249983.394299999, 5516506.715400003], [-12249961.1549, 5516498.048900001], [-12249941.6438, 5516495.019100003], [-12249917.8294, 5516501.744999997], [-12249888.4321, 5516508.405500002], [-12249863.253800001, 5516512.313000001], [-12249836.795400001, 5516506.399400003], [-12249785.3057, 5516491.785499997], [-12249735.3099, 5516468.781999998], [-12249714.4998, 5516457.3301], [-12249700.6873, 5516444.558799997], [-12249682.767099999, 5516424.733199999], [-12249675.9511, 5516410.6435], [-12249658.3256, 5516365.603799999], [-12249632.4718, 5516307.859499998], [-12249618.9043, 5516274.075800002], [-12249610.8378, 5516247.362999998], [-12249605.4836, 5516227.685699999], [-12249604.3324, 5516206.657899998], [-12249604.7088, 5516174.4397], [-12249596.7905, 5516135.119800001], [-12249578.0966, 5516062.049599998], [-12249558.1871, 5515973.5559], [-12249540.9559, 5515894.9004999995], [-12249531.544, 5515863.9690999985], [-12249529.079300001, 5515858.701800004], [-12249521.9838, 5515851.4130000025], [-12249514.8884, 5515844.123000003], [-12249503.1463, 5515835.3046], [-12249492.8158, 5515828.011299998], [-12249473.5386, 5515818.4168], [-12249353.933699999, 5515773.138599999], [-12249346.935899999, 5515772.128700003], [-12249326.029, 5515769.0898], [-12249299.6219, 5515758.9723000005], [-12249263.5086, 5515743.136399999], [-12249224.5703, 5515730.068599999], [-12249193.926199999, 5515724.1044000015], [-12249177.7081, 5515722.982299998], [-12249145.1025, 5515720.726099998], [-12249103.2587, 5515717.430399999], [-12249065.651700001, 5515709.981700003], [-12249039.1788, 5515705.4661], [-12249013.496199999, 5515696.931199998], [-12249008.583700001, 5515695.298900001], [-12248993.310800001, 5515688.112999998], [-12248965.5253, 5515676.578100003], [-12248932.204, 5515660.773400001], [-12248901.692499999, 5515643.602600001], [-12248862.7717, 5515629.133199997], [-12248823.74, 5515610.6677], [-12248814.1786, 5515606.144500002], [-12248693.3146, 5515555.681100003], [-12248640.435600001, 5515541.045199998], [-12248618.1849, 5515533.776900001], [-12248602.9288, 5515525.191], [-12248586.3599, 5515509.5858], [-12248564.2897, 5515486.910099998], [-12248540.8246, 5515464.217299998], [-12248524.2725, 5515447.2102999985], [-12248492.4651, 5515421.617200002], [-12248470.2959, 5515407.345700003], [-12248445.3036, 5515395.842200004], [-12248421.7228, 5515382.954000004], [-12248398.158599999, 5515368.665299997], [-12248366.3847, 5515340.2700999975], [-12248335.9412, 5515317.495399997], [-12248312.4426, 5515297.603799999], [-12248289.0444, 5515269.308300003], [-12248268.4547, 5515239.646899998], [-12248253.3488, 5515218.4548999965], [-12248239.6229, 5515198.678499997], [-12248224.451200001, 5515183.089400001], [-12248203.7124, 5515166.033200003], [-12248182.957, 5515150.3772], [-12248167.7193, 5515140.389600001], [-12248150.986, 5515138.790100001], [-12248121.7077, 5515135.6391], [-12248093.8077, 5515133.906000003], [-12248067.320500001, 5515130.787900001], [-12248040.816300001, 5515129.071699999], [-12248021.2419, 5515131.640500002], [-12248004.3771, 5515141.245200001], [-12247993.0601, 5515153.716300003], [-12247987.3774, 5515162.0546], [-12247980.2162, 5515177.377700001], [-12247970.213, 5515196.870700002], [-12247954.6272, 5515216.295199998], [-12247936.182799999, 5515241.2902000025], [-12247917.7214, 5515267.685599998], [-12247900.6728, 5515292.697800003], [-12247884.92, 5515326.129500002], [-12247858.066399999, 5515353.825800002], [-12247822.772599999, 5515387.024400003], [-12247787.5266, 5515416.0217999965], [-12247756.5351, 5515439.466200002], [-12247745.2028, 5515453.339299999], [-12247715.3737, 5515496.409599997], [-12247699.7868, 5515515.834700003], [-12247685.6114, 5515533.876800001], [-12247672.8319, 5515551.935800001], [-12247660.0702, 5515568.594700001], [-12247651.611, 5515575.497199997], [-12247637.6026, 5515579.531900004], [-12247612.4434, 5515582.032499999], [-12247592.8677, 5515584.5999], [-12247569.1055, 5515587.117399998], [-12247553.128899999, 5515591.228600003], [-12247532.6951, 5515596.487899996], [-12247499.1111, 5515603.090099998], [-12247454.326299999, 5515612.359200001], [-12247413.795699999, 5515616.076700002], [-12247376.024, 5515622.627499998], [-12247321.3839, 5515638.782300003], [-12247276.5154, 5515655.055200003], [-12247228.805100001, 5515675.495399997], [-12247155.833999999, 5515706.838600002], [-12247113.458, 5515724.4624999985], [-12247074.14, 5515741.4668999985], [-12247008.230999999, 5515769.973899998], [-12246839.3738, 5515843.001400001], [-12246810.4808, 5515857.861699998], [-12246797.902800001, 5515867.8376], [-12246759.8772, 5515895.397200003], [-12246727.385400001, 5515927.226800002], [-12246692.167100001, 5515953.420500003], [-12246662.5339, 5515979.679499999], [-12246649.7188, 5516000.538900003], [-12246617.124400001, 5516040.773400001], [-12246584.598000001, 5516075.404299997], [-12246549.1783, 5516118.4058], [-12246512.5808, 5516143.180699997], [-12246490.1612, 5516149.915600002], [-12246457.986499999, 5516155.1303], [-12246435.6347, 5516156.259900004], [-12246406.589200001, 5516133.494099997], [-12246373.338, 5516112.0757], [-12246334.5721, 5516084.988499999], [-12246280.5176, 5516052.111000001], [-12246215.1953, 5516027.504600003], [-12246173.5196, 5516010.1866], [-12246135.8968, 5516004.127300002], [-12246080.009, 5516007.6516999975], [-12246052.0732, 5516008.713200003], [-12246021.430300001, 5516002.737800002], [-12245974.2386, 5515979.749600001], [-12245902.496399999, 5515908.829599999], [-12245854.163800001, 5515864.812899999], [-12245812.6416, 5515834.8882], [-12245773.8948, 5515806.398199998], [-12245736.5447, 5515777.925499998], [-12245707.4335, 5515760.760700002], [-12245675.4804, 5515747.762999997], [-12245633.7055, 5515738.848399997], [-12245633.366, 5515738.807899997], [-12245580.7298, 5515732.599299997], [-12245529.1665, 5515724.965300001], [-12245485.962299999, 5515718.834399998], [-12245446.8936, 5515716.9564], [-12245404.9495, 5515722.047799997], [-12245398.8792, 5515723.420199998], [-12245375.5511, 5515728.693499997], [-12245332.1934, 5515735.168200001], [-12245301.4324, 5515738.996100001], [-12245280.4943, 5515738.739500001], [-12245265.1567, 5515737.150799997], [-12245255.4362, 5515732.829499997], [-12245227.898, 5515725.475599997], [-12245227.6921, 5515685.214500003], [-12245227.8533, 5513635.820200004], [-12245227.8672, 5513457.967699997], [-12245227.8677, 5513457.952100001], [-12245227.8331, 5511191.961900003], [-12245227.832899999, 5511191.950999998], [-12245227.8353, 5508958.884999998], [-12245227.8349, 5508958.876900002], [-12245227.8244, 5506698.182999998], [-12245227.8246, 5506698.178900003], [-12245227.7681, 5504455.611000001], [-12245227.7852, 5502414.683200002], [-12245255.6143, 5500141.8631], [-12245256.649500001, 5497872.683200002], [-12245227.7415, 5495552.586099997], [-12245227.7187, 5493241.808200002], [-12245227.6725, 5490993.828900002], [-12245227.67, 5490862.046499997], [-12245276.6623, 5488159.2038], [-12245269.2611, 5485996.4098000005], [-12246640.371399999, 5486027.887000002], [-12248915.1989, 5486012.572800003], [-12251086.0735, 5486022.2742], [-12253418.8478, 5486035.534500003], [-12254946.3905, 5486044.815800004], [-12255639.2022, 5486052.507100001], [-12255679.5308, 5486052.0308], [-12257910.6599, 5486025.409599997], [-12258473.9615, 5486030.0211], [-12258483.4148, 5486029.971600004], [-12260075.9915, 5486021.5176], [-12262385.9594, 5486027.731700003], [-12264597.932500001, 5486023.036399998], [-12266876.7399, 5486023.0864999965], [-12269108.714499999, 5486009.115599997], [-12271667.0088, 5485995.105499998], [-12273905.9333, 5485983.487899996], [-12276180.0485, 5485984.149899997], [-12278398.807500001, 5485981.043200001], [-12280642.000799999, 5485999.593199998], [-12282839.515999999, 5485999.5942], [-12285088.320700001, 5485991.7870000005], [-12287299.7598, 5485966.652400002], [-12289536.265700001, 5485975.755400002], [-12291770.687199999, 5485977.439199999], [-12294046.596900001, 5485977.718900003], [-12296257.5547, 5485996.3125], [-12298454.4969, 5486002.227499999], [-12300889.5843, 5486001.730099998], [-12302990.377700001, 5486006.979500003], [-12305230.2093, 5486006.9102], [-12307497.8894, 5486003.6467999965], [-12309768.857099999, 5486003.5896999985], [-12310595.9683, 5486005.133199997], [-12312077.499499999, 5485989.471600004], [-12314247.3815, 5485986.303800002], [-12314886.4696, 5486003.666199997], [-12316466.0541, 5485990.886100002], [-12318618.9716, 5485996.928300001], [-12318790.4833, 5485996.932800002], [-12321030.245099999, 5485992.200800002], [-12323266.7247, 5486004.5370000005], [-12324744.308600001, 5485984.593599997], [-12325268.555, 5485984.559900001], [-12325302.5456, 5485984.528099999], [-12325860.7824, 5485984.178000003], [-12326388.3872, 5485983.838200003], [-12326419.019299999, 5485983.875600003], [-12326977.2562, 5485984.671800002], [-12327508.772599999, 5485984.831200004], [-12327537.026700001, 5485984.885899998], [-12328096.797600001, 5485985.522600003], [-12328628.873599999, 5485986.1477999985], [-12328656.5681, 5485986.129100002], [-12329216.3361, 5485985.304200001], [-12329748.1246, 5485984.691200003], [-12329776.2397, 5485984.763099998], [-12330336.1402, 5485985.906300001], [-12330868.7699, 5485987.003700003], [-12330896.044, 5485987.019400001], [-12331455.9474, 5485987.0123], [-12331989.9749, 5485987.2914], [-12332015.291299999, 5485987.3156], [-12332574.635200001, 5485987.773900002], [-12333108.944, 5485988.212300003], [-12333133.9823, 5485988.202100001], [-12333693.326200001, 5485987.997100003], [-12334229.3049, 5485987.728399999], [-12334253.6412, 5485987.731299996], [-12334813.958999999, 5485987.771899998], [-12335348.539900001, 5485987.813600004], [-12335374.274, 5485987.820699997], [-12335934.592, 5485987.861100003], [-12336470.8275, 5485987.2651999965], [-12336494.0442, 5485987.268100001], [-12337053.4993, 5485986.6149], [-12337590.8573, 5485986.019100003], [-12337612.954599999, 5485986.039300002], [-12338108.912999999, 5485985.829000004], [-12338670.560600001, 5485972.302500002], [-12338712.8168, 5485972.304300003], [-12339229.6819, 5485972.666199997], [-12339788.806400001, 5485973.059799999], [-12339829.383200001, 5485973.0876], [-12340346.199000001, 5485972.696500003], [-12340347.9275, 5485972.6954], [-12340916.0042, 5485972.261399999], [-12340957.140700001, 5485972.228799999], [-12341476.5263, 5485972.594800003], [-12342037.0482, 5485972.988200001], [-12342076.5059, 5485973.011799999], [-12342577.2617, 5485973.2183], [-12342597.567200001, 5485973.226800002], [-12343157.8947, 5485973.456600003], [-12343196.5698, 5485973.471500002], [-12343718.3331, 5485972.618100002], [-12344278.7688, 5485971.701800004], [-12344316.4916, 5485971.639600001], [-12344785.885400001, 5485967.859200001], [-12344839.2227, 5485967.429700002], [-12345398.3842, 5485962.924999997], [-12345441.9823, 5485962.5735], [-12345957.585900001, 5485963.986400001], [-12346516.7628, 5485965.521600001], [-12346573.3732, 5485965.6778], [-12347044.9071, 5485969.446099997], [-12347075.949000001, 5485969.693999998], [-12347635.9454, 5485974.171800002], [-12347698.292, 5485974.672200002], [-12348195.9882, 5485973.566], [-12348756.006099999, 5485972.3226], [-12348818.773400001, 5485972.1853], [-12349290.3103, 5485973.4771], [-12349316.048999999, 5485973.547499999], [-12349875.2632, 5485976.306500003], [-12349940.971, 5485976.634400003], [-12350434.455400001, 5485982.240699999], [-12350993.6446, 5485988.5929000005], [-12351063.2643, 5485989.3816], [-12351465.2261, 5485989.957699999], [-12351484.9151, 5485989.9859], [-12352043.52, 5485990.896600001], [-12352181.4945, 5485991.121299997], [-12352602.1217, 5485993.039499998], [-12353160.7235, 5485995.583300002], [-12353304.8423, 5485996.238200001], [-12353691.6545, 5485998.342600003], [-12353719.325199999, 5485998.493199997], [-12354278.5669, 5486001.527800001], [-12354434.890999999, 5486002.380199999], [-12354837.784400001, 5486003.037299998], [-12355397.0324, 5486003.948299997], [-12355548.4704, 5486004.197700001], [-12355928.5164, 5486005.1511999965], [-12355956.2493, 5486005.2206000015], [-12356513.821600001, 5486006.618299998], [-12356669.8685, 5486007.011], [-12357071.3713, 5486007.7880000025], [-12357628.9464, 5486008.862800002], [-12357792.6752, 5486009.177599996], [-12358186.4969, 5486010.170500003], [-12358207.5724, 5486010.2236], [-12358743.2925, 5486011.572899997], [-12358913.2493, 5486011.999499999], [-12359300.0854, 5486013.199299999], [-12359856.881299999, 5486014.929399997], [-12360033.542, 5486015.476300001], [-12360413.677099999, 5486016.542999998], [-12360446.557, 5486016.635300003], [-12360972.287999999, 5486018.113300003], [-12361159.9791, 5486018.637999997], [-12361530.899, 5486019.2487], [-12361868.5767, 5486019.800399996], [-12362287.3532, 5486019.7535], [-12362457.0594, 5486019.740800001], [-12362462.412, 5486019.736100003], [-12363021.2458, 5486019.664999999], [-12363405.762699999, 5486019.615599997], [-12363580.0795, 5486019.593999997], [-12364138.9132, 5486019.514300004], [-12364524.0392, 5486019.4604], [-12364698.0158, 5486019.447499998], [-12365255.665199999, 5486020.548299998], [-12365643.305399999, 5486021.317400001], [-12365813.317699999, 5486021.7136999965], [-12366370.967, 5486023.025799997], [-12366762.7106, 5486023.945100002], [-12366928.6193, 5486023.997400001], [-12366932.8652, 5486024.001400001], [-12367376.077, 5486024.448799998], [-12367376.055, 5486181.176399998], [-12367375.7942, 5486482.174400002], [-12367375.306400001, 5487044.606299996], [-12367375.077, 5487307.411799997], [-12367375.0359, 5487532.740400001], [-12367377.9404, 5488099.5502], [-12367378.9814, 5488438.048299998], [-12367379.444600001, 5488663.865699999], [-12367382.3493, 5489230.745499998], [-12367383.3904, 5489569.569600001], [-12367371.722, 5489772.610600002], [-12367371.688000001, 5489781.265299998], [-12367369.3977, 5490337.818000004], [-12367368.5461, 5490678.8598000035], [-12367368.186700001, 5490900.508000001], [-12367365.8622, 5491465.789399996], [-12367364.9919, 5491810.852600001], [-12367364.648, 5492028.109200001], [-12367364.645100001, 5492028.561899997], [-12367362.196899999, 5492592.8697], [-12367361.2524, 5492942.537199996], [-12367360.9023, 5493154.853399999], [-12367358.4542, 5493719.226300001], [-12367357.482, 5494074.335500002], [-12367357.1843, 5494275.5009], [-12367357.1503, 5494281.300800003], [-12367353.820799999, 5494846.329599999], [-12367352.4745, 5495205.196000002], [-12367352.0348, 5495409.387699999], [-12367348.705400001, 5495974.486100003], [-12367347.3404, 5496336.092600003], [-12367346.943599999, 5496523.440099999], [-12367346.912700001, 5496537.622299999], [-12367342.3528, 5497103.015100002], [-12367340.440299999, 5497468.4706000015], [-12367339.8801, 5497666.048100002], [-12367335.3198, 5498231.506099999], [-12367333.3641, 5498601.131300002], [-12367332.8904, 5498771.9278], [-12367332.825199999, 5498794.630099997], [-12367325.3213, 5499364.243900001], [-12367322.094700001, 5499736.870899998], [-12367321.2155, 5499930.635300003], [-12367313.708700001, 5500500.32], [-12367310.482099999, 5500872.993000001], [-12367309.866, 5501020.960199997], [-12367309.7392, 5501051.466300003], [-12367310.6494, 5501613.0891999975], [-12367311.0778, 5501998.038999997], [-12367311.167100001, 5502174.8895], [-12367312.077, 5502736.581600003], [-12367312.5087, 5503122.424699999], [-12367312.5764, 5503270.540399998], [-12367312.5883, 5503298.463799998], [-12367312.608, 5503860.100100003], [-12367312.616, 5504248.580600001], [-12367312.614799999, 5504421.516400002], [-12367312.6328, 5504983.2223000005], [-12367312.639600001, 5505374.989399999], [-12367312.6389, 5505520.6679000035], [-12367312.6419, 5505544.712300003], [-12367312.4679, 5506107.869000003], [-12367312.3823, 5506501.5022], [-12367312.3655, 5506670.818700001], [-12367312.1918, 5507234.045000002], [-12367312.1059, 5507628.149800003], [-12367312.0833, 5507771.346299998], [-12367312.0802, 5507797.055100001], [-12367311.8386, 5508361.093800001], [-12367311.7184, 5508754.767800003], [-12367311.695799999, 5508924.9595], [-12367311.454, 5509489.0634], [-12367311.3341, 5509881.520400003], [-12367311.3085, 5510022.570799999], [-12367311.305100001, 5510052.998999998], [-12367310.828499999, 5510615.630000003], [-12367310.593899999, 5511008.8440999985], [-12367310.5529, 5511177.984999999], [-12367310.076200001, 5511740.681199998], [-12367309.8388, 5512136.341499999], [-12367309.8038, 5512274.346199997], [-12367309.7974, 5512303.105099998], [-12367309.0918, 5512867.167199999], [-12367308.74, 5513264.103500001], [-12367308.6772, 5513430.896300003], [-12367307.9747, 5513995.023699999], [-12367307.7438, 5514315.531099997], [-12367307.730999999, 5514391.866400003], [-12367307.5878, 5514526.6679000035], [-12367307.2114, 5514878.148599997], [-12367306.5184, 5515440.990699999], [-12367306.502, 5515519.733999997], [-12367305.9891, 5516003.672899999], [-12367305.2928, 5516566.5845], [-12367305.2801, 5516647.723899998], [-12367305.1431, 5516779.5414], [-12367304.779, 5517129.954499997], [-12367304.098299999, 5517693.497699998], [-12367304.0855, 5517775.347400002], [-12367303.5846, 5518256.932700001], [-12367302.9036, 5518820.5451000035], [-12367302.8878, 5518903.105700001], [-12367302.748, 5519032.9668999985], [-12367302.3622, 5519384.495499998], [-12367301.6382, 5519948.5842999965], [-12367301.622000001, 5520030.730999999], [-12367301.0934, 5520512.6000000015], [-12367300.3724, 5521076.758400001], [-12367300.3563, 5521158.487199999], [-12367300.2257, 5521286.940099999], [-12367299.8586, 5521640.930299997], [-12367299.1808, 5522205.171499997], [-12367299.165, 5522286.066799998], [-12367298.667100001, 5522769.413199998], [-12367297.9894, 5523333.724100001], [-12367297.9704, 5523413.773000002], [-12367297.8179, 5523541.4661], [-12367297.392099999, 5523898.169699997], [-12367296.6032, 5524462.6417], [-12367296.587299999, 5524541.294399999], [-12367296.0029, 5525027.161600001], [-12367295.2137, 5525591.703000002], [-12367295.197900001, 5525668.937600002], [-12367295.0207, 5525796.545299999], [-12367294.5206, 5526155.020499997], [-12367293.6142, 5526718.208300002], [-12367293.598299999, 5526795.448100001], [-12367292.9243, 5527281.590899996], [-12367292.4235, 5527699.942900002], [-12367292.2551, 5527922.422200002], [-12367291.863400001, 5528263.550800003], [-12367290.7929, 5528827.089599997], [-12367290.422899999, 5529155.776500002], [-12367290.2327, 5529390.792999998], [-12367289.15, 5529951.9038999975], [-12367289.147, 5529954.444899999], [-12367288.9349, 5530215.557499997], [-12367288.6488, 5530520.313600004], [-12367287.6584, 5531085.793300003], [-12367287.4528, 5531343.552299999], [-12367287.1603, 5531651.502700001], [-12367286.1857, 5532208.552299999], [-12367286.1736, 5532217.0524], [-12367285.9461, 5532471.4485], [-12367285.610100001, 5532783.308499999], [-12367284.499400001, 5533349.352799997], [-12367284.2842, 5533599.4108000025], [-12367283.9362, 5533915.683700003], [-12367282.8536, 5534465.755400002], [-12367282.8255, 5534481.794], [-12367282.6075, 5534727.612400003], [-12367282.2344, 5535046.2114999965], [-12367281.0651, 5535610.663800001], [-12367280.8409, 5535856.6598000005], [-12367280.4679, 5536175.159900002], [-12367279.3265, 5536723.509400003], [-12367279.2984, 5536739.681999996], [-12367279.061999999, 5536985.886200003], [-12367278.664, 5537304.191799998], [-12367277.420699999, 5537868.801399998], [-12367277.1497, 5538131.557800002], [-12367276.7922, 5538433.380900003], [-12367275.5797, 5538981.818999998], [-12367275.548700001, 5538998.060800001], [-12367275.318599999, 5539219.6677], [-12367274.7661, 5539562.641000003], [-12367273.271499999, 5540127.139600001], [-12367273.0418, 5540348.774099998], [-12367272.489, 5540691.789800003], [-12367271.313000001, 5541061.178800002], [-12367271.1821, 5541478.452200003], [-12367271.1204, 5541759.531900004], [-12367271.1307, 5542324.791199997], [-12367271.131000001, 5542605.364], [-12367271.1346, 5542889.899099998], [-12367271.1503, 5543455.228399999], [-12367271.1557, 5543733.008699998], [-12367271.161600001, 5544020.406000003], [-12367271.0858, 5544585.636399999], [-12367271.066599999, 5544861.704000004], [-12367271.047699999, 5545150.784500003], [-12367270.969, 5545716.085100003], [-12367270.9527, 5545987.9498], [-12367270.933400001, 5546281.303400002], [-12367270.8952, 5546846.3576000035], [-12367270.8851, 5547114.500299998], [-12367270.8752, 5547411.468599997], [-12367270.8369, 5547976.592799999], [-12367270.8299, 5548230.3539], [-12367270.817200001, 5548541.769500002], [-12367270.9489, 5549106.964100003], [-12367270.9791, 5549380.821699999], [-12367271.015700001, 5549672.215499997], [-12367271.1442, 5550237.476099998], [-12367271.1711, 5550497.799900003], [-12367271.210900001, 5550802.793300003], [-12367271.0181, 5551368.258699998], [-12367270.9798, 5551615.0757], [-12367270.9208, 5551933.720200002], [-12367270.7247, 5552499.2557], [-12367270.6778, 5552781.170900002], [-12367270.630800001, 5553064.787600003], [-12367271.362300001, 5553629.291100003], [-12367271.812800001, 5553866.563900001], [-12367272.3785, 5554193.781900004], [-12367273.11, 5554758.355599999], [-12367273.5419, 5554983.207800001], [-12367273.430399999, 5555322.916599996], [-12367273.4507, 5555890.460600004], [-12367273.493, 5556111.224699996], [-12367273.8422, 5556458.248400003], [-12367274.3541, 5557025.858999997], [-12367274.582, 5557240.571699999], [-12367274.5262, 5557593.717600003], [-12367274.3024, 5558159.284199998], [-12367274.2733, 5558369.450999998], [-12367274.1835, 5558724.986000001], [-12367273.9597, 5559290.623099998], [-12367273.930599999, 5559498.835600004], [-12367274.1438, 5559856.377899997], [-12367274.6838, 5560421.4991], [-12367274.911600001, 5560669.622199997], [-12367275.294599999, 5560986.7685], [-12367275.998599999, 5561551.959700003], [-12367276.2914, 5561794.170900002], [-12367277.0579, 5562117.2951000035], [-12367278.6956, 5562683.729999997], [-12367279.309999999, 5562922.695200004], [-12367280.1787, 5563250.352399997], [-12367281.819600001, 5563816.858000003], [-12367282.4214, 5564052.1723000035], [-12367283.2129, 5564383.551200002], [-12367284.5721, 5564949.571099997], [-12367285.0875, 5565184.519199997], [-12367285.832600001, 5565515.709200002], [-12367287.192, 5566081.799999997], [-12367287.697900001, 5566313.100400001], [-12367287.7845, 5566674.336300001], [-12367284.555100001, 5567241.642499998], [-12367284.219700001, 5567444.377499998], [-12367282.9643, 5567809.0537], [-12367282.9618, 5567862.837700002], [-12367282.9775, 5567930.033299997], [-12367282.4465, 5568377.009300001], [-12367282.405000001, 5568576.487099998], [-12367282.0864, 5568944.961000003], [-12367282.4408, 5569514.135600001], [-12367282.4828, 5569709.564199999], [-12367282.6345, 5570083.4152000025], [-12367282.9889, 5570652.6565999985], [-12367283.0308, 5570842.447800003], [-12367282.7878, 5571221.747699998], [-12367284.1304, 5571785.305699997], [-12367284.2342, 5571972.076499999], [-12367284.658, 5572350.0132], [-12367285.6, 5572913.385700002], [-12367285.7066, 5573100.457800001], [-12367286.1272, 5573477.971900001], [-12367286.5528, 5574044.920900002], [-12367286.5979, 5574229.715000004], [-12367286.7926, 5574612.923], [-12367287.215, 5575179.938600004], [-12367287.2599, 5575359.669799998], [-12367287.2636, 5575413.211300001], [-12367287.415, 5575748.251500003], [-12367287.7444, 5576311.134499997], [-12367287.7802, 5576491.932499997], [-12367287.934799999, 5576874.300399996], [-12367288.2644, 5577437.253600001], [-12367288.3033, 5577625.071999997], [-12367288.4085, 5578000.328400001], [-12367288.264899999, 5578565.149099998], [-12367288.1183, 5579130.000600003], [-12367288.113, 5579236.244599998], [-12367288.018, 5579695.553099997], [-12367287.877700001, 5580249.783299997], [-12367287.856800001, 5580366.619400002], [-12367287.539099999, 5580813.359700002], [-12367287.024500001, 5581379.4573], [-12367287.003899999, 5581490.948100001], [-12367286.673799999, 5581945.237199999], [-12367286.1629, 5582509.204400003], [-12367286.1598, 5582518.792300001], [-12367286.1361, 5582615.2217999995], [-12367285.7728, 5583072.751100004], [-12367285.2253, 5583634.177599996], [-12367285.2077, 5583737.016099997], [-12367285.4476, 5584202.7114999965], [-12367285.7319, 5584771.4287], [-12367285.7413, 5584788.348899998], [-12367285.7856, 5584870.726099998], [-12367285.944899999, 5585343.762000002], [-12367286.112, 5585916.092600003], [-12367286.1563, 5586013.3989999965], [-12367286.185899999, 5586488.4113000035], [-12367286.6279, 5587058.470399998], [-12367286.6279, 5587061.1061], [-12367286.6691, 5587147.934199996], [-12367286.572, 5587631.310099997], [-12367286.5316, 5588201.528300002], [-12367286.569600001, 5588281.840599999], [-12367286.5346, 5588771.825800002], [-12367286.7662, 5589329.1521999985], [-12367286.3682, 5589341.750399999], [-12367286.804299999, 5589416.1853], [-12367286.9577, 5589910.2148], [-12367287.059500001, 5590478.388800003], [-12367287.0875, 5590505.3522000015], [-12367286.9139, 5591045.931699999], [-12367286.9452, 5591073.463500001], [-12367286.774500001, 5591600.394900002], [-12367286.3625, 5591613.169], [-12367286.793200001, 5591631.7117], [-12367288.0326, 5592165.362300001], [-12367289.3495, 5592717.422499999], [-12367289.381099999, 5592760.504199997], [-12367290.5213, 5593269.093800001], [-12367291.8661, 5593828.157499999], [-12367291.9071, 5593896.892499998], [-12367292.005800001, 5594474.045699999], [-12367292.0982, 5595033.306100003], [-12367292.0984, 5595044.952200003], [-12367292.221900001, 5595613.862899996], [-12367292.3289, 5596100.525399998], [-12367292.3454, 5596177.676700003], [-12367292.3453, 5596182.792099997], [-12367292.2584, 5596751.468900003], [-12367292.1717, 5597315.628799997], [-12367292.174800001, 5597320.173100002], [-12367292.115899999, 5597889.039399996], [-12367292.068300001, 5598373.455899999], [-12367292.0599, 5598451.673500001], [-12367292.0599, 5598457.923900001], [-12367291.7813, 5599026.848899998], [-12367291.5088, 5599587.551100001], [-12367291.5089, 5599595.796300001], [-12367291.221099999, 5600164.866899997], [-12367290.985, 5600646.953400001], [-12367290.945799999, 5600723.7245000005], [-12367290.945700001, 5600733.955799997], [-12367290.6116, 5601303.093800001], [-12367290.2865, 5601862.868299998], [-12367290.286600001, 5601872.249700002], [-12367290.076200001, 5602441.376400001], [-12367289.9049, 5602921.013899997], [-12367289.8779, 5602998.288800001], [-12367289.8748, 5603010.517099999], [-12367289.5871, 5603579.933499999], [-12367289.314399999, 5604134.868799999], [-12367289.3145, 5604149.368299998], [-12367289.0271, 5604718.856600001], [-12367288.7907, 5605195.637900002], [-12367288.7513, 5605274.145900004], [-12367288.7515, 5605288.367700003], [-12367288.3523, 5605857.177000001], [-12367287.9839, 5606404.686399996], [-12367287.984000001, 5606426.017300002], [-12367287.582, 5606994.898400001], [-12367287.2747, 5607494.111199997], [-12367287.2334, 5607678.439999998], [-12367285.9014, 5608633.410099998], [-12367284.0021, 5609773.459600002], [-12367283.5154, 5609945.326300003], [-12367280.7703, 5610918.755099997], [-12367277.5384, 5612064.200000003], [-12367277.0949, 5612221.7070999965], [-12367274.3066, 5613209.785599999], [-12367271.0746, 5614355.516900003], [-12367270.671, 5614498.652999997], [-12367267.8394, 5615501.389300004], [-12367264.6077, 5616647.411399998], [-12367264.0833, 5616776.168899998], [-12367259.9255, 5617796.162299998], [-12367255.2433, 5618945.055399999], [-12367254.7994, 5619054.251100004], [-12367250.561099999, 5620094.099200003], [-12367245.876, 5621243.284999996], [-12367245.668200001, 5621486.458300002], [-12367244.669300001, 5622057.806299999], [-12367244.0959, 5622385.8510000035], [-12367243.5558, 5622629.173299998], [-12367242.2848, 5623200.5896999985], [-12367241.553399999, 5623529.611900002], [-12367241.4404, 5623772.028999999], [-12367240.5279, 5624342.445900001], [-12367240.000799999, 5624672.214299999], [-12367239.9584, 5624888.851199999], [-12367239.9588, 5624912.960199997], [-12367239.946899999, 5625002.411399998], [-12367259.7599, 5625024.166699998], [-12367298.9109, 5625072.9921], [-12367332.339499999, 5625114.997699998], [-12367347.1838, 5625138.840300001], [-12367357.108, 5625162.650300004], [-12367373.9758, 5625187.919], [-12367396.6237, 5625216.271200001], [-12367415.2818, 5625244.571800001], [-12367436.186, 5625278.6963], [-12367444.4858, 5625287.998199999], [-12367451.4648, 5625304.264600001], [-12367456.0081, 5625318.446199998], [-12367461.9617, 5625330.064199999], [-12367471.4388, 5625344.945299998], [-12367481.811, 5625358.073799998], [-12367494.903900001, 5625374.2148], [-12367511.4333, 5625389.351800002], [-12367530.932799999, 5625400.158699997], [-12367556.5298, 5625410.039999999], [-12367576.1323, 5625412.8401999995], [-12367584.2044, 5625410.940300003], [-12367589.376899999, 5625410.300700001], [-12367604.137699999, 5625410.3983], [-12367622.8587, 5625415.617799997], [-12367667.868700001, 5625432.038199998], [-12367681.1596, 5625438.3028], [-12367701.4487, 5625448.693000004], [-12367722.8445, 5625461.194899999], [-12367730.6105, 5625470.374300003], [-12367735.8567, 5625479.872299999], [-12367743.3816, 5625496.7946000025], [-12367749.3224, 5625514.2831000015], [-12367754.642099999, 5625527.381700002], [-12367764.8225, 5625544.1162], [-12367773.5162, 5625553.143299997], [-12367787.390700001, 5625561.930600002], [-12367804.984000001, 5625570.508199997], [-12367845.2619, 5625589.560099997], [-12367866.6879, 5625596.991599999], [-12367873.642900001, 5625598.9833], [-12367879.5153, 5625600.063500002], [-12367884.207899999, 5625601.9683], [-12367890.1294, 5625605.448899999], [-12367896.7155, 5625608.915799998], [-12367904.4787, 5625611.424599998], [-12367912.6052, 5625612.191699997], [-12367921.7597, 5625611.203199998], [-12367935.0638, 5625605.059699997], [-12367948.726, 5625596.907799996], [-12367954.3322, 5625591.456200004], [-12367958.069699999, 5625585.642499998], [-12367966.0328, 5625578.4081000015], [-12367980.487, 5625569.972999997], [-12367995.8005, 5625558.0515], [-12368011.168499999, 5625548.7971], [-12368024.3256, 5625535.452299997], [-12368031.436900001, 5625525.567100003], [-12368035.499400001, 5625516.144900002], [-12368038.7971, 5625508.339100003], [-12368042.9277, 5625502.250600003], [-12368047.609000001, 5625497.085000001], [-12368053.6683, 5625494.292199999], [-12368062.8281, 5625493.570200004], [-12368074.8008, 5625493.857799999], [-12368084.6386, 5625493.788999997], [-12368095.6755, 5625493.829000004], [-12368107.344700001, 5625498.792099997], [-12368118.5423, 5625506.700000003], [-12368127.4966, 5625515.454599999], [-12368136.730999999, 5625531.407499999], [-12368150.446899999, 5625551.937899999], [-12368159.9581, 5625568.418899998], [-12368168.9453, 5625578.773800001], [-12368187.3446, 5625587.734099999], [-12368201.0158, 5625593.056400001], [-12368209.4437, 5625595.551200002], [-12368216.2003, 5625594.344999999], [-12368225.224399999, 5625593.492299996], [-12368232.5754, 5625595.342200004], [-12368245.4736, 5625601.880800001], [-12368252.0054, 5625602.680399999], [-12368258.759300001, 5625601.3407000005], [-12368269.5684, 5625603.252999999], [-12368286.08, 5625610.918099999], [-12368305.0711, 5625622.801200002], [-12368312.1379, 5625630.260499999], [-12368317.6177, 5625638.152400002], [-12368319.0996, 5625645.593099996], [-12368321.539, 5625654.3483000025], [-12368325.3803, 5625660.139399998], [-12368332.8215, 5625666.390100002], [-12368347.4778, 5625674.360100001], [-12368366.5257, 5625682.506499998], [-12368386.5659, 5625687.1635000035], [-12368402.1574, 5625688.843699999], [-12368412.975, 5625691.156000003], [-12368426.5538, 5625691.943700001], [-12368436.1479, 5625692.946599998], [-12368448.7882, 5625693.353500001], [-12368463.8025, 5625699.314599998], [-12368477.1326, 5625707.445200004], [-12368488.7158, 5625714.677900001], [-12368500.6713, 5625727.105999999], [-12368509.8301, 5625739.324699998], [-12368520.278099999, 5625756.053300001], [-12368526.328200001, 5625765.801399998], [-12368529.983199999, 5625775.465499997], [-12368530.1206, 5625788.670900002], [-12368530.567200001, 5625823.483499996], [-12368530.2994, 5625829.892800003], [-12368527.257, 5625837.160099998], [-12368524.543, 5625847.489100002], [-12368523.3212, 5625859.255099997], [-12368521.9536, 5625876.894400001], [-12368523.3737, 5625887.805200003], [-12368526.6109, 5625896.544200003], [-12368535.9547, 5625911.294500001], [-12368538.7523, 5625918.041100003], [-12368547.004700001, 5625924.942100003], [-12368555.514800001, 5625931.437700003], [-12368562.7797, 5625935.557300001], [-12368572.260200001, 5625937.496799998], [-12368581.5725, 5625937.704999998], [-12368588.8719, 5625937.020999998], [-12368595.4139, 5625931.816200003], [-12368600.917, 5625927.833499998], [-12368606.0406, 5625924.792800002], [-12368614.636300001, 5625922.480800003], [-12368621.490600001, 5625919.537799999], [-12368627.246, 5625914.882799998], [-12368634.3796, 5625912.6010000035], [-12368643.0136, 5625912.156199999], [-12368654.4716, 5625913.254000001], [-12368666.526700001, 5625917.541699998], [-12368689.2052, 5625927.614], [-12368705.8451, 5625935.009099998], [-12368717.5781, 5625943.038999997], [-12368732.352699999, 5625956.743199997], [-12368748.215300001, 5625971.625699997], [-12368763.5792, 5625988.119599998], [-12368777.754, 5625998.500600003], [-12368789.367800001, 5626007.200000003], [-12368798.2742, 5626013.553900003], [-12368810.503600001, 5626019.839100003], [-12368814.182500001, 5626024.166000001], [-12368822.378899999, 5626034.803800002], [-12368828.2802, 5626043.754500002], [-12368837.6986, 5626062.105599999], [-12368844.217500001, 5626081.717299998], [-12368851.972, 5626109.709100001], [-12368862.2719, 5626132.647699997], [-12368873.2227, 5626152.0612], [-12368886.375, 5626170.917099997], [-12368899.831, 5626187.973499998], [-12368904.8803, 5626193.505000003], [-12368907.9004, 5626199.676100001], [-12368911.245099999, 5626205.071900003], [-12368921.9753, 5626222.013899997], [-12368931.3217, 5626237.874399997], [-12368939.9776, 5626251.187299997], [-12368946.8015, 5626259.718900003], [-12368957.7618, 5626281.907700002], [-12368970.9599, 5626302.982900001], [-12368985.9956, 5626329.3571000025], [-12368994.4748, 5626340.789899997], [-12369001.524799999, 5626353.853299998], [-12369005.2599, 5626367.385499999], [-12369009.9857, 5626383.832500003], [-12369014.1361, 5626398.156800002], [-12369014.8237, 5626405.747900002], [-12369014.6576, 5626417.092600003], [-12369011.6317, 5626425.160599999], [-12369004.8963, 5626440.376800001], [-12369001.0765, 5626455.132700004], [-12368997.5519, 5626464.812200002], [-12368992.001600001, 5626479.470299996], [-12368987.8806, 5626492.498000003], [-12368984.1436, 5626498.312600002], [-12368981.6658, 5626507.1699], [-12368980.4761, 5626513.999200001], [-12368980.9648, 5626531.334700003], [-12368984.261300001, 5626549.412799999], [-12368991.9373, 5626573.538199998], [-12369001.8223, 5626601.620800003], [-12369007.946899999, 5626617.372299999], [-12369014.3466, 5626628.714900002], [-12369027.0549, 5626651.802500002], [-12369036.2456, 5626665.489200003], [-12369043.7193, 5626679.745300002], [-12369055.223299999, 5626689.514700003], [-12369065.5819, 5626695.305], [-12369080.7531, 5626702.329999998], [-12369103.456799999, 5626708.8473000005], [-12369123.140999999, 5626714.161700003], [-12369139.2951, 5626717.499799997], [-12369153.2962, 5626719.601300001], [-12369163.3611, 5626720.674000002], [-12369172.1639, 5626722.456100002], [-12369178.689, 5626725.224600002], [-12369186.2966, 5626730.959600002], [-12369196.1351, 5626737.587800004], [-12369209.1162, 5626743.8948], [-12369215.6852, 5626748.7973000035], [-12369226.050099999, 5626756.1831], [-12369229.9819, 5626761.140000001], [-12369230.9037, 5626768.721299998], [-12369232.3454, 5626772.6197], [-12369236.9754, 5626778.416299999], [-12369244.5068, 5626784.579599999], [-12369250.6819, 5626791.027400002], [-12369258.1273, 5626801.291699998], [-12369265.320799999, 5626811.731899999], [-12369270.2393, 5626819.145199999], [-12369273.2986, 5626827.194600001], [-12369276.8751, 5626835.5748], [-12369281.255199999, 5626841.632799998], [-12369285.4756, 5626848.206200004], [-12369292.921, 5626858.470700003], [-12369300.6023, 5626867.790899999], [-12369309.3379, 5626878.711599998], [-12369317.387600001, 5626889.3904], [-12369320.36, 5626897.356399998], [-12369321.3942, 5626902.1171], [-12369321.3846, 5626905.789399996], [-12369320.5891, 5626912.637599997], [-12369321.3346, 5626915.781900004], [-12369326.8066, 5626921.134099998], [-12369335.8343, 5626925.558799997], [-12369347.306200001, 5626928.822499998], [-12369357.5522, 5626930.403800003], [-12369362.934700001, 5626931.402599998], [-12369369.5539, 5626934.5961000025], [-12369378.0352, 5626941.423], [-12369382.696, 5626944.571599998], [-12369389.820500001, 5626947.498400003], [-12369397.3421, 5626949.050700001], [-12369405.211199999, 5626950.937200002], [-12369417.7963, 5626954.5195999965], [-12369426.5031, 5626959.890100002], [-12369435.1054, 5626964.3235], [-12369444.022599999, 5626971.6538999975], [-12369452.1084, 5626979.9406], [-12369463.7948, 5626993.618699998], [-12369468.811, 5627001.627599999], [-12369470.989799999, 5627008.243299998], [-12369472.9915, 5627014.521499999], [-12369476.3455, 5627020.344400004], [-12369482.423799999, 5627026.196500003], [-12369488.4846, 5627031.194799997], [-12369493.8243, 5627034.244000003], [-12369500.518199999, 5627036.923500001], [-12369511.3878, 5627039.858099997], [-12369521.562800001, 5627042.123800002], [-12369533.1929, 5627044.7863000035], [-12369541.553100001, 5627045.723200001], [-12369550.8405, 5627046.213799998], [-12369557.4037, 5627046.6756], [-12369562.2793, 5627047.855700001], [-12369566.851599999, 5627050.8352999985], [-12369572.4713, 5627055.074100003], [-12369580.7476, 5627060.1972], [-12369599.3331, 5627069.9745000005], [-12369610.2291, 5627074.189499997], [-12369625.01, 5627081.056500003], [-12369631.7655, 5627086.7236], [-12369640.9401, 5627094.1338], [-12369650.7654, 5627100.079000004], [-12369656.8016, 5627103.881999999], [-12369664.0711, 5627109.709200002], [-12369669.4795, 5627116.0874999985], [-12369678.0755, 5627128.4629999995], [-12369688.107900001, 5627136.196999997], [-12369695.167100001, 5627140.064499997], [-12369708.9276, 5627142.853299998], [-12369720.7956, 5627144.656900004], [-12369734.7887, 5627146.330799997], [-12369745.798700001, 5627147.8103], [-12369760.5646, 5627149.809799999], [-12369772.4913, 5627150.330899999], [-12369789.7706, 5627150.3992], [-12369802.6338, 5627146.801799998], [-12369810.2477, 5627143.872699998], [-12369816.6868, 5627143.739100002], [-12369834.592500001, 5627145.452399999], [-12369849.5474, 5627145.141900003], [-12369871.2966, 5627141.771399997], [-12369893.760499999, 5627132.7566], [-12369905.18, 5627132.311099999], [-12369920.675, 5627138.035599999], [-12369940.9288, 5627152.835199997], [-12369960.022300001, 5627171.8288], [-12369966.9472, 5627195.245099999], [-12369970.4581, 5627207.490099996], [-12369973.486299999, 5627218.902999997], [-12369975.0378, 5627236.084200002], [-12369975.094, 5627251.695500001], [-12369976.2805, 5627264.080700003], [-12369979.2207, 5627290.938299999], [-12369986.2829, 5627318.483000003], [-12369999.0927, 5627341.347199999], [-12370020.6926, 5627365.3320999965], [-12370047.1475, 5627388.564599998], [-12370071.4868, 5627403.6963], [-12370095.719, 5627413.617700003], [-12370117.1309, 5627428.484499998], [-12370139.644299999, 5627449.518299997], [-12370157.6142, 5627470.646499999], [-12370160.5067, 5627478.160400003], [-12370162.3534, 5627483.859999999], [-12370166.1445, 5627487.1171], [-12370174.051199999, 5627490.022100002], [-12370181.309799999, 5627493.740999997], [-12370188.4519, 5627498.262800001], [-12370197.2086, 5627503.6853], [-12370208.7487, 5627508.6494999975], [-12370220.3248, 5627515.347900003], [-12370231.5681, 5627525.255500004], [-12370235.794, 5627530.238499999], [-12370240.471, 5627537.747400001], [-12370245.5854, 5627547.115500003], [-12370250.129, 5627561.0326000005], [-12370252.1829, 5627570.330899999], [-12370252.3594, 5627578.867600001], [-12370252.424899999, 5627588.474100001], [-12370252.9809, 5627596.068899997], [-12370254.774, 5627612.0449], [-12370255.736299999, 5627626.436999999], [-12370255.6325, 5627640.717799999], [-12370254.9858, 5627654.475900002], [-12370252.9712, 5627666.394500002], [-12370251.2727, 5627674.303199999], [-12370248.857, 5627679.691100001], [-12370246.023400001, 5627684.153800003], [-12370242.732900001, 5627685.823600002], [-12370241.874, 5627689.311099999], [-12370240.2531, 5627694.549199998], [-12370236.7879, 5627700.626400001], [-12370237.684799999, 5627705.411799997], [-12370241.0407, 5627713.3488000035], [-12370245.4547, 5627720.996799998], [-12370250.0181, 5627729.442299999], [-12370251.5268, 5627738.084899999], [-12370253.4721, 5627754.992299996], [-12370256.8309, 5627763.062700003], [-12370261.9648, 5627773.364600003], [-12370266.716400001, 5627784.475199997], [-12370269.111499999, 5627790.964299999], [-12370270.2185, 5627799.482000001], [-12370272.746, 5627812.373800002], [-12370275.2658, 5627818.4597999975], [-12370277.9461, 5627825.877099998], [-12370281.4157, 5627832.877700001], [-12370288.8882, 5627842.810900003], [-12370298.3868, 5627849.360299997], [-12370309.1868, 5627852.9789], [-12370317.0868, 5627856.316], [-12370327.2824, 5627859.520199999], [-12370332.5591, 5627863.595299996], [-12370340.0068, 5627869.760499999], [-12370352.1449, 5627876.340400003], [-12370360.8267, 5627880.429899998], [-12370365.9705, 5627882.201800004], [-12370372.374699999, 5627883.178900003], [-12370377.9563, 5627885.539300002], [-12370381.735399999, 5627887.168899998], [-12370387.8792, 5627887.895000003], [-12370390.7045, 5627888.690099999], [-12370394.081, 5627891.4384], [-12370397.771499999, 5627892.8989999965], [-12370401.2917, 5627894.362800002], [-12370405.5474, 5627898.459200002], [-12370407.9364, 5627902.850699998], [-12370412.7221, 5627907.875399999], [-12370421.5208, 5627913.5], [-12370431.647300001, 5627917.473999999], [-12370440.439100001, 5627918.657399997], [-12370448.0134, 5627918.585100003], [-12370457.023400001, 5627917.970399998], [-12370464.1865, 5627918.5898], [-12370471.803100001, 5627920.566299997], [-12370481.171, 5627924.8979], [-12370491.6466, 5627929.291599996], [-12370500.325, 5627933.2102999985], [-12370511.7402, 5627937.755400002], [-12370519.9169, 5627942.111500002], [-12370529.807500001, 5627947.030000001], [-12370538.5798, 5627951.373899996], [-12370547.4729, 5627953.323799998], [-12370560.0192, 5627954.941299997], [-12370572.4822, 5627956.645900004], [-12370587.8539, 5627959.058600001], [-12370602.775600001, 5627960.2848000005], [-12370617.153099999, 5627959.899700001], [-12370629.2991, 5627958.621600002], [-12370637.270399999, 5627957.174400002], [-12370648.6364, 5627955.229199998], [-12370659.080699999, 5627953.986599997], [-12370665.221, 5627954.541699998], [-12370673.9649, 5627957.519400001], [-12370681.6754, 5627964.0205999985], [-12370690.2827, 5627972.723499998], [-12370697.638799999, 5627978.548500001], [-12370708.9441, 5627985.999399997], [-12370719.921500001, 5627994.055200003], [-12370731.4341, 5628003.295400001], [-12370739.155299999, 5628010.308600001], [-12370744.9869, 5628016.507100001], [-12370749.8577, 5628025.629600003], [-12370752.388500001, 5628032.751100004], [-12370753.142, 5628036.237199999], [-12370753.2835, 5628038.9673999995], [-12370751.1829, 5628040.292300001], [-12370749.5166, 5628042.035099998], [-12370748.835900001, 5628046.1489999965], [-12370748.2577, 5628051.114799999], [-12370746.1427, 5628055.856399998], [-12370743.847, 5628060.089299999], [-12370742.9496, 5628070.186300002], [-12370745.354899999, 5628075.346000001], [-12370751.971900001, 5628082.467799999], [-12370759.3236, 5628087.2579], [-12370766.7746, 5628094.536399998], [-12370777.032200001, 5628103.177599996], [-12370782.2144, 5628106.130599998], [-12370786.5288, 5628106.641800001], [-12370790.5165, 5628107.159999996], [-12370793.601, 5628108.790100001], [-12370796.3611, 5628110.5363000035], [-12370800.0843, 5628114.066299997], [-12370803.8576, 5628117.376599997], [-12370809.827100001, 5628121.515799999], [-12370822.1111, 5628125.413599998], [-12370839.582, 5628129.859399997], [-12370853.558699999, 5628133.9406], [-12370864.883000001, 5628136.218699999], [-12370873.2669, 5628138.557999998], [-12370878.881299999, 5628141.337800004], [-12370883.4305, 5628142.664099999], [-12370890.7967, 5628143.542099997], [-12370902.3631, 5628143.044399999], [-12370910.5483, 5628142.043200001], [-12370921.1887, 5628140.2359], [-12370929.749400001, 5628137.979999997], [-12370937.673999999, 5628136.5572], [-12370946.1463, 5628135.287100002], [-12370950.252, 5628133.615999997], [-12370958.3704, 5628133.6652000025], [-12370973.3022, 5628136.523800001], [-12370985.1532, 5628140.539800003], [-12370996.2687, 5628148.506999999], [-12371007.968600001, 5628158.375], [-12371015.9893, 5628166.843999997], [-12371022.7111, 5628175.722999997], [-12371027.4814, 5628182.456200004], [-12371033.5293, 5628195.6127], [-12371039.061, 5628207.523000002], [-12371045.7037, 5628227.0352], [-12371050.2322, 5628246.558399998], [-12371051.8441, 5628260.1369], [-12371055.4558, 5628273.940700002], [-12371060.4054, 5628281.711099997], [-12371068.842, 5628290.876599997], [-12371083.3529, 5628304.319200002], [-12371099.0659, 5628318.003700003], [-12371112.5381, 5628326.2632], [-12371127.0408, 5628332.899599999], [-12371145.423999999, 5628340.656199999], [-12371152.6449, 5628342.506999999], [-12371158.589, 5628346.920299999], [-12371173.6791, 5628362.619400002], [-12371184.833, 5628374.5308], [-12371186.486, 5628376.315899998], [-12371198.1672, 5628388.931999996], [-12371208.8173, 5628402.1884], [-12371220.6197, 5628419.691299997], [-12371234.5078, 5628441.554700002], [-12371245.8785, 5628463.871100001], [-12371251.349100001, 5628477.502700001], [-12371253.18, 5628482.402400002], [-12371252.8146, 5628490.417599998], [-12371253.6567, 5628505.347400002], [-12371254.6155, 5628519.4738000035], [-12371255.867800001, 5628541.334899999], [-12371257.064399999, 5628547.7157000005], [-12371264.4242, 5628562.642700002], [-12371265.762699999, 5628564.3068], [-12371274.6648, 5628575.373899996], [-12371278.1559, 5628579.077], [-12371286.6337, 5628588.0691], [-12371299.319899999, 5628596.879000001], [-12371315.2026, 5628605.888800003], [-12371334.52, 5628613.759099998], [-12371352.7931, 5628622.585199997], [-12371375.7364, 5628632.114500001], [-12371393.688299999, 5628638.278300002], [-12371406.2221, 5628639.750699997], [-12371428.442400001, 5628640.086300001], [-12371453.1442, 5628638.234399997], [-12371468.849100001, 5628632.300099999], [-12371481.3523, 5628625.8992], [-12371488.9776, 5628621.601999998], [-12371499.5779, 5628619.6450999975], [-12371509.0232, 5628619.714100003], [-12371515.4245, 5628620.514300004], [-12371521.443599999, 5628622.123099998], [-12371528.5067, 5628622.776000001], [-12371536.4923, 5628623.009000003], [-12371544.4669, 5628622.708400004], [-12371558.804, 5628627.746299997], [-12371567.0004, 5628631.711900003], [-12371579.4429, 5628635.188000001], [-12371592.1625, 5628639.192100003], [-12371602.7826, 5628644.5748], [-12371611.6744, 5628649.993900001], [-12371618.4943, 5628658.125500001], [-12371626.4363, 5628669.036200002], [-12371631.7993, 5628677.4651999995], [-12371640.7465, 5628685.552299999], [-12371649.0485, 5628694.587099999], [-12371652.475200001, 5628699.453199998], [-12371658.107, 5628708.010200001], [-12371662.5422, 5628716.592200004], [-12371664.678199999, 5628723.354000002], [-12371663.866999999, 5628729.1098000035], [-12371660.851, 5628737.581100002], [-12371657.1954, 5628747.266999997], [-12371655.3264, 5628759.718199998], [-12371657.822900001, 5628771.0101], [-12371663.510400001, 5628782.235100001], [-12371670.0283, 5628788.6382], [-12371679.692499999, 5628792.8398], [-12371688.2468, 5628794.795900002], [-12371702.8057, 5628797.693599999], [-12371708.2185, 5628797.846299998], [-12371716.3812, 5628798.076200001], [-12371741.5185, 5628797.9494], [-12371779.9516, 5628797.5436], [-12371793.116999999, 5628797.400700003], [-12371808.2797, 5628797.349699996], [-12371816.9219, 5628797.168200001], [-12371825.123599999, 5628794.994199999], [-12371836.2724, 5628793.825900003], [-12371842.868, 5628794.668700002], [-12371846.1419, 5628795.0869999975], [-12371856.5933, 5628798.7381], [-12371866.3631, 5628801.602600001], [-12371877.030299999, 5628802.846699998], [-12371887.946600001, 5628803.2848000005], [-12371898.3257, 5628803.4673999995], [-12371906.577300001, 5628803.694499999], [-12371916.0646, 5628805.7641], [-12371927.358199999, 5628811.532899998], [-12371942.6246, 5628822.823600002], [-12371962.227, 5628844.300399996], [-12371981.0231, 5628865.392800003], [-12371993.131900001, 5628878.351499997], [-12372003.8444, 5628888.136100002], [-12372014.2048, 5628893.790899999], [-12372024.1934, 5628894.382100001], [-12372027.359299999, 5628893.114200003], [-12372031.8938, 5628893.686399996], [-12372038.0517, 5628895.559], [-12372052.816300001, 5628901.921999998], [-12372065.638799999, 5628904.455200002], [-12372078.555399999, 5628905.118100002], [-12372088.6379, 5628903.838399999], [-12372100.9307, 5628900.110100001], [-12372112.5447, 5628895.728399999], [-12372120.314100001, 5628891.961599998], [-12372134.2656, 5628884.861599997], [-12372147.5301, 5628876.708400004], [-12372158.4597, 5628871.406900004], [-12372166.9384, 5628869.760799997], [-12372171.595800001, 5628869.387500003], [-12372182.740899999, 5628868.494099997], [-12372196.9507, 5628867.394500002], [-12372209.6673, 5628864.858199999], [-12372221.7609, 5628864.337099999], [-12372231.4669, 5628864.1329], [-12372239.5411, 5628862.228100002], [-12372244.7897, 5628858.781000003], [-12372248.9385, 5628853.622100003], [-12372249.760400001, 5628848.399700001], [-12372251.0398, 5628845.9705], [-12372253.2918, 5628845.522699997], [-12372255.998300001, 5628847.7346], [-12372257.6031, 5628854.507600002], [-12372260.257399999, 5628860.590999998], [-12372267.067, 5628868.1888], [-12372278.2969, 5628870.888700001], [-12372291.759100001, 5628872.207000002], [-12372305.1655, 5628870.857199997], [-12372307.514, 5628870.691], [-12372318.580400001, 5628869.907700002], [-12372331.785, 5628871.631700002], [-12372344.6466, 5628876.032200001], [-12372349.8934, 5628878.858099997], [-12372352.2234, 5628882.1457], [-12372361.3594, 5628886.4912], [-12372374.789099999, 5628892.614699997], [-12372390.0031, 5628901.370200001], [-12372405.007, 5628912.799199998], [-12372418.1496, 5628924.267300002], [-12372430.0926, 5628935.627400003], [-12372433.830400001, 5628942.622199997], [-12372434.6402, 5628949.545400001], [-12372433.3257, 5628956.646899998], [-12372429.077399999, 5628963.409500003], [-12372423.9153, 5628970.992200002], [-12372421.1846, 5628973.986000001], [-12372419.4515, 5628980.162100002], [-12372419.8244, 5628991.632299997], [-12372419.738, 5629006.582199998], [-12372421.3242, 5629018.827600002], [-12372424.439199999, 5629027.837700002], [-12372431.9891, 5629039.023500003], [-12372445.2676, 5629050.622500002], [-12372458.101599999, 5629053.6888], [-12372471.5167, 5629052.739100002], [-12372480.3497, 5629048.949500002], [-12372489.2654, 5629042.755800001], [-12372493.5444, 5629037.4602999985], [-12372498.7036, 5629029.743900001], [-12372501.1897, 5629021.416699998], [-12372506.191100001, 5629012.502700001], [-12372507.5967, 5629003.3972999975], [-12372507.9276, 5628993.780699998], [-12372507.7768, 5628986.576800004], [-12372506.351300001, 5628975.662600003], [-12372505.2867, 5628969.2786], [-12372502.1084, 5628963.606600001], [-12372498.9445, 5628958.601599999], [-12372495.217799999, 5628952.1401999965], [-12372493.5329, 5628947.9048999995], [-12372494.4106, 5628945.3505000025], [-12372498.2636, 5628945.135799997], [-12372504.1864, 5628948.481200002], [-12372514.8532, 5628962.403999999], [-12372527.7533, 5628981.351199999], [-12372536.3402, 5628997.586599998], [-12372539.4004, 5629010.3347999975], [-12372543.8438, 5629012.910599999], [-12372549.9545, 5629012.515000001], [-12372559.96, 5629013.9058], [-12372572.6191, 5629014.973499998], [-12372580.4749, 5629015.3418999985], [-12372592.0213, 5629020.437299997], [-12372599.8279, 5629024.810500003], [-12372604.9669, 5629028.8396999985], [-12372611.6217, 5629035.372699998], [-12372621.864799999, 5629048.1032000035], [-12372629.2903, 5629059.691799998], [-12372632.5792, 5629064.293700002], [-12372633.882, 5629069.338200003], [-12372634.3926, 5629074.666100003], [-12372637.570799999, 5629080.338200003], [-12372638.336199999, 5629085.126800001], [-12372639.6138, 5629088.9705], [-12372644.1022, 5629093.680699997], [-12372647.354600001, 5629096.548500001], [-12372649.9397, 5629099.296599999], [-12372650.4111, 5629102.756899998], [-12372651.9771, 5629107.662199996], [-12372654.668200001, 5629115.4802], [-12372658.0129, 5629122.750399999], [-12372659.3771, 5629130.729699999], [-12372661.756000001, 5629142.691699997], [-12372665.179, 5629153.697400004], [-12372670.4244, 5629162.796099998], [-12372673.987599999, 5629167.7929000035], [-12372679.3842, 5629171.416199997], [-12372686.1442, 5629176.612400003], [-12372691.0453, 5629181.981299996], [-12372694.6309, 5629188.045199998], [-12372698.726, 5629193.030699998], [-12372702.2445, 5629195.8928999975], [-12372708.317200001, 5629200.0358000025], [-12372719.9996, 5629205.261600003], [-12372730.197, 5629209.451200001], [-12372742.569400001, 5629215.863600001], [-12372753.0356, 5629220.180799998], [-12372764.9307, 5629222.866400003], [-12372774.9562, 5629225.190700002], [-12372786.0312, 5629226.825599998], [-12372798.7075, 5629228.693700001], [-12372808.9878, 5629230.4789], [-12372818.9081, 5629234.1401999965], [-12372831.840300001, 5629241.875500001], [-12372839.2513, 5629246.390500002], [-12372842.9419, 5629251.117600001], [-12372844.1342, 5629257.2321000025], [-12372846.783599999, 5629263.048900001], [-12372849.840300001, 5629269.257399999], [-12372855.2875, 5629275.2820999995], [-12372861.2469, 5629280.361699998], [-12372871.611, 5629286.1489999965], [-12372879.95, 5629290.511200003], [-12372889.8214, 5629298.177599996], [-12372898.5075, 5629306.402800001], [-12372903.513700001, 5629310.434699997], [-12372908.4979, 5629313.399300002], [-12372911.5616, 5629313.601599999], [-12372915.0299, 5629314.062200002], [-12372919.0832, 5629317.046499997], [-12372928.1373, 5629323.795999996], [-12372943.8803, 5629338.679200001], [-12372957.8638, 5629352.1316], [-12372976.792399999, 5629366.680799998], [-12372978.8629, 5629368.1027000025], [-12373002.4366, 5629384.291199997], [-12373017.948800001, 5629394.508000001], [-12373032.309, 5629406.884499997], [-12373040.947700001, 5629412.841600001], [-12373047.8101, 5629416.567400001], [-12373054.910500001, 5629418.953299999], [-12373060.686900001, 5629421.634300001], [-12373074.9716, 5629430.408500001], [-12373080.7958, 5629435.357500002], [-12373090.631099999, 5629441.289300002], [-12373099.9346, 5629447.2326000035], [-12373112.0612, 5629454.5842999965], [-12373122.0409, 5629461.0471], [-12373129.0951, 5629467.571500003], [-12373137.524, 5629476.2026999965], [-12373143.3872, 5629483.019400001], [-12373149.748599999, 5629488.223899998], [-12373158.478500001, 5629492.177000001], [-12373173.8986, 5629497.990800001], [-12373186.3486, 5629501.731899999], [-12373197.0364, 5629503.908399999], [-12373208.3807, 5629505.670699999], [-12373213.572, 5629505.827799998], [-12373218.7465, 5629505.184600003], [-12373220.5913, 5629504.344700001], [-12373221.7432, 5629502.184600003], [-12373223.851, 5629501.205799997], [-12373228.0066, 5629502.7195999995], [-12373235.1408, 5629506.706500001], [-12373241.452, 5629509.509400003], [-12373251.2203, 5629512.239299998], [-12373257.523, 5629514.641900003], [-12373264.136500001, 5629519.173600003], [-12373271.304299999, 5629524.761399999], [-12373277.524500001, 5629529.568400003], [-12373284.1746, 5629535.3325999975], [-12373291.4216, 5629539.877599999], [-12373296.8636, 5629543.606600001], [-12373299.957899999, 5629544.9934], [-12373303.388700001, 5629546.202100001], [-12373306.4157, 5629548.444600001], [-12373310.735100001, 5629551.428499997], [-12373319.6423, 5629557.988499999], [-12373328.2232, 5629565.238700002], [-12373330.4718, 5629566.899700001], [-12373333.294300001, 5629567.5233], [-12373335.2768, 5629568.6774], [-12373341.0189, 5629574.535400003], [-12373347.2082, 5629581.409400001], [-12373353.5605, 5629587.938000001], [-12373358.5381, 5629592.856700003], [-12373363.9718, 5629598.214100003], [-12373368.002999999, 5629600.130999997], [-12373373.8816, 5629601.341300003], [-12373381.9551, 5629605.7086], [-12373390.3477, 5629612.604999997], [-12373400.3783, 5629621.4692], [-12373409.178399999, 5629628.757600002], [-12373416.8726, 5629634.067199998], [-12373426.4342, 5629639.6044000015], [-12373431.8041, 5629642.115900002], [-12373434.8982, 5629643.562899999], [-12373448.298999999, 5629648.217699997], [-12373456.0618, 5629650.456], [-12373467.9746, 5629653.941], [-12373475.247499999, 5629658.191799998], [-12373483.7914, 5629659.612599999], [-12373489.3817, 5629659.761100002], [-12373495.3232, 5629657.633100003], [-12373498.981800001, 5629654.485600002], [-12373502.632, 5629650.938000001], [-12373506.986200001, 5629649.244099997], [-12373512.438000001, 5629649.128600001], [-12373519.660500001, 5629650.9777000025], [-12373528.634, 5629653.8576000035], [-12373539.2369, 5629658.304799996], [-12373548.0943, 5629661.987899996], [-12373555.056400001, 5629664.1096], [-12373560.9269, 5629664.919500001], [-12373564.3213, 5629668.1844], [-12373571.982, 5629671.892999999], [-12373582.9782, 5629676.064900003], [-12373600.15, 5629682.908500001], [-12373607.253899999, 5629686.746799998], [-12373614.4132, 5629690.615099996], [-12373626.4049, 5629697.835500002], [-12373632.201299999, 5629701.450099997], [-12373635.4459, 5629703.917499997], [-12373639.1888, 5629704.772500001], [-12373645.9871, 5629705.429099999], [-12373656.2904, 5629708.280699998], [-12373671.3066, 5629713.8354], [-12373688.2127, 5629720.684900001], [-12373705.5514, 5629729.126699999], [-12373714.8416, 5629734.402400002], [-12373721.8881, 5629740.526500002], [-12373728.3964, 5629752.668499999], [-12373732.9417, 5629760.046700001], [-12373743.8859, 5629774.363799997], [-12373755.9021, 5629789.058499999], [-12373768.4278, 5629802.674500003], [-12373779.8224, 5629813.111299999], [-12373783.0474, 5629814.644699998], [-12373786.752799999, 5629820.038699999], [-12373791.640999999, 5629824.7403], [-12373798.2326, 5629828.204300001], [-12373805.735199999, 5629830.7146999985], [-12373811.7978, 5629834.323700003], [-12373816.3827, 5629843.569799997], [-12373819.3269, 5629850.7151999995], [-12373821.473299999, 5629857.877700001], [-12373821.9932, 5629863.6061], [-12373819.3328, 5629869.936099999], [-12373814.901700001, 5629874.301600002], [-12373809.2344, 5629876.824500002], [-12373803.85, 5629880.142300002], [-12373796.383200001, 5629885.639799997], [-12373788.4947, 5629890.078500003], [-12373779.5312, 5629894.006099999], [-12373772.5539, 5629897.490999997], [-12373769.6107, 5629903.0261999965], [-12373769.2614, 5629911.7097999975], [-12373769.787, 5629917.705200002], [-12373773.3137, 5629927.240999997], [-12373777.0502, 5629934.102799997], [-12373781.8673, 5629941.742600001], [-12373790.4217, 5629949.970399998], [-12373796.767099999, 5629954.3741], [-12373811.5883, 5629963.269900002], [-12373752.8958, 5630038.4472], [-12373724.8949, 5630074.406400003], [-12373712.7051, 5630090.059500001], [-12373561.395100001, 5630284.386100002], [-12373557.4864, 5630287.393399999], [-12373452.467799999, 5630368.270499997], [-12373408.7709, 5630480.984499998], [-12373416.9008, 5630522.981200002], [-12373209.6186, 5630625.626999997], [-12373156.2052, 5630664.9287], [-12373042.4594, 5630750.065200001], [-12372988.5269, 5630803.9794000015], [-12372949.6471, 5630844.025700003], [-12372920.0909, 5630874.472499996], [-12372824.3123, 5630950.254799999], [-12372725.370900001, 5631134.985600002], [-12372663.602, 5631212.906099997], [-12372634.8247, 5631237.3565], [-12372601.9783, 5631265.260799997], [-12372430.319699999, 5631269.868900001], [-12372423.7515, 5631263.048299998], [-12372399.031100001, 5631237.3816], [-12372365.1483, 5631202.197899997], [-12372324.4748, 5631197.557899997], [-12372278.124, 5631210.2412], [-12372080.1647, 5631180.702600002], [-12372065.64, 5631155.206900001], [-12372050.969700001, 5631129.4617], [-12371855.7015, 5631157.1228], [-12371842.636300001, 5631158.9705], [-12371780.137, 5631177.261500001], [-12371670.9252, 5631170.118600003], [-12371463.773400001, 5631229.843000002], [-12371464.534, 5631237.438600004], [-12371472.2744, 5631314.706299998], [-12371512.2683, 5631440.236199997], [-12371517.308899999, 5631474.090499997], [-12371622.863699999, 5631701.703000002], [-12371622.2948, 5631708.239399999], [-12371613.3955, 5631809.516500004], [-12371589.638500001, 5632079.8266], [-12371601.296500001, 5632113.814499997], [-12371662.5403, 5632079.4098000005], [-12371759.030299999, 5632048.909999996], [-12371773.0634, 5632086.583899997], [-12371778.6237, 5632171.989799999], [-12371842.093899999, 5632179.821500003], [-12371814.6345, 5632247.155299999], [-12371864.7056, 5632285.398699999], [-12371931.7941, 5632336.6457], [-12371907.17, 5632350.910499997], [-12371894.4698, 5632378.555600002], [-12371890.3849, 5632387.443599999], [-12371918.6921, 5632399.356700003], [-12371904.8974, 5632447.623999998], [-12371897.4516, 5632473.679799996], [-12371933.9783, 5632555.100100003], [-12371976.7455, 5632613.122500002], [-12372095.4024, 5632791.592299998], [-12372155.1379, 5632947.9723000005], [-12372153.2104, 5633008.443099998], [-12372152.2072, 5633029.328699999], [-12372151.619800001, 5633041.558300003], [-12372109.3518, 5633137.928199999], [-12372174.154199999, 5633181.811499998], [-12372190.5161, 5633252.978500001], [-12372173.738, 5633311.6723000035], [-12372157.0524, 5633470.592600003], [-12372155.0297, 5633489.890799999], [-12372119.2804, 5633523.346500002], [-12372114.477, 5633527.8391999975], [-12372129.428399999, 5633579.338399999], [-12372226.4011, 5633646.269699998], [-12372060.9379, 5633833.981700003], [-12371911.5194, 5634098.950300001], [-12371868.826299999, 5634174.6504999995], [-12371866.5874, 5634176.313699998], [-12371827.6802, 5634205.207999997], [-12371800.2477, 5634225.5766], [-12371726.5187, 5634375.572400004], [-12371670.6585, 5634489.216600001], [-12371535.456500001, 5634615.766599998], [-12371292.3825, 5634670.078500003], [-12371274.3677, 5634674.1083], [-12371180.028900001, 5634695.187399998], [-12371095.4605, 5634742.242700003], [-12370944.908599999, 5634991.1862], [-12370925.0037, 5635064.423299998], [-12370904.498599999, 5635139.862199999], [-12370930.651, 5635218.346299998], [-12370924.1527, 5635245.657399997], [-12370953.0549, 5635448.554899998], [-12371047.566, 5635500.603399999], [-12371115.239, 5635603.192400001], [-12371256.874400001, 5635665.0436], [-12371272.4877, 5635666.488700002], [-12371372.716400001, 5635675.763999999], [-12371421.6655, 5635812.505999997], [-12371425.0302, 5635821.914099999], [-12371373.524500001, 5635894.413099997], [-12371373.6216, 5636116.514899999], [-12371326.2909, 5636191.832500003], [-12371290.8718, 5636322.376500003], [-12371273.0693, 5636341.076200001], [-12371232.646499999, 5636383.530500002], [-12371099.8933, 5636522.962300003], [-12370993.944600001, 5636725.382200003], [-12371049.131299999, 5636906.3917], [-12371091.020399999, 5636954.327799998], [-12371169.9434, 5637044.645499997], [-12371113.370299999, 5637306.956200004], [-12371157.4277, 5637466.244599998], [-12371040.1172, 5637507.413199998], [-12370945.1607, 5637461.998300001], [-12370866.4264, 5637408.229599997], [-12370839.6, 5637304.112800002], [-12370767.6229, 5637359.070200004], [-12370706.243700001, 5637393.9375], [-12370661.9134, 5637438.9821000025], [-12370646.059, 5637455.091700003], [-12370630.2424, 5637471.163099997], [-12370601.4758, 5637526.515299998], [-12370577.856800001, 5637568.8478000015], [-12370499.6765, 5637600.159100004], [-12370446.8966, 5637606.6699], [-12370364.6348, 5637683.0123], [-12370223.8994, 5637673.784000002], [-12370138.3627, 5637726.4089], [-12370122.0724, 5637736.432599999], [-12369998.756099999, 5637706.744900003], [-12369937.799899999, 5637718.0879999995], [-12369803.6295, 5637652.442000002], [-12369768.615, 5637644.815099999], [-12369650.320700001, 5637577.671099998], [-12369569.8363, 5637544.2289], [-12369549.179499999, 5637535.6472999975], [-12369503.7061, 5637570.058200002], [-12369482.4649, 5637586.131999999], [-12369417.9412, 5637634.958999999], [-12369371.6684, 5637825.273699999], [-12369367.203200001, 5637843.637999997], [-12369344.7874, 5637935.831600003], [-12369293.8173, 5637949.900700003], [-12369261.5605, 5637967.8451000005], [-12369235.2172, 5638054.371600002], [-12369198.5486, 5638103.230300002], [-12369154.798700001, 5638161.521899998], [-12369137.064399999, 5638229.1499999985], [-12369105.6449, 5638349.076300003], [-12369094.6107, 5638391.194300003], [-12369040.4889, 5638418.297399998], [-12369002.8583, 5638437.141999997], [-12368932.006900001, 5638472.622699998], [-12368770.4871, 5638491.883699998], [-12368750.3847, 5638494.281000003], [-12368660.9363, 5638504.947400004], [-12368434.324000001, 5638508.004699998], [-12368325.935600001, 5638493.187899999], [-12368284.512699999, 5638522.744400002], [-12368252.5338, 5638573.431500003], [-12368218.689399999, 5638582.316500001], [-12368194.5599, 5638586.3543], [-12368186.383200001, 5638590.8495000005], [-12368064.6932, 5638664.981899999], [-12368047.2774, 5638674.773900002], [-12368038.1107, 5638679.928199999], [-12368037.1248, 5638680.4826000035], [-12368013.5121, 5638693.759800002], [-12367997.267099999, 5638681.026100002], [-12367997.070799999, 5638680.8873], [-12367996.311999999, 5638680.350599997], [-12367995.291299999, 5638679.628700003], [-12367978.1224, 5638667.483499996], [-12367936.1272, 5638637.780100003], [-12367887.6485, 5638578.385899998], [-12367866.8607, 5638560.770300001], [-12367855.2857, 5638550.961800002]]]]}}]}